date,sr_proxy,dy_from,dy_to,dy_net,price_earnings,price_book,price_sales,price_cash_flow,LS,YS,CS,VIX,Market_Return,attention_based_intensity,sentiment_direction,exposure_based_intensity,engagement_based_intensity
2010-03-26,-0.15356738744753,1.4951623957632,1.73448575209991,0.239323356336709,12.7271,2.4287,5.289,-8.2704,0.6903000000000001,2.0962,-1.2513999999999998,0.010588597922124,0.0133378278968869,4.0,0.0,0.0,0.0
2010-04-26,-0.02985304277489,1.52604507957928,2.05834771994133,0.532302640362046,11.7661,2.2453,4.8896,-7.6459,0.5994000000000002,1.9591,-1.2284999999999997,0.0159000467623403,-0.0047149107005575,1.0,0.0,0.0,0.0
2010-04-30,-0.01566721864318,1.52805912658018,2.09832683184764,0.570267705267458,11.2335,2.1088,4.9004,-7.6628,0.4814,1.9161,-1.2136,0.0147088527346456,0.0007593600900728,2.0,0.0,0.0,0.0
2010-05-10,0.05159149070636,1.52371792470088,2.07011289486257,0.546394970161686,10.9613,2.0577,4.7817,-7.4771,0.6303999999999998,1.8783,-1.2560999999999996,0.0184358623473902,0.0038513990070292,2.0,-1.0986122886681098,-8.69165057315339,-4.875197323201151
2010-05-11,0.04072894242257,1.52321200797477,2.05833606252599,0.535124054551215,10.9613,2.0577,4.7817,-7.4771,0.3061,1.8439,-1.2606000000000006,0.0174681977425858,-0.0191475476370612,1.0,0.0,0.0,0.0
2010-05-12,0.04785068129683,1.52413999837758,2.06355890413164,0.539418905754066,11.283,2.1181,4.922,-7.6966,0.6671999999999998,1.8437,-1.2809000000000004,0.0176164470324889,0.0030697960934329,1.0,0.0,0.0,0.0
2010-05-13,0.05340666931505,1.52457590149777,2.056706867567,0.532130966069228,11.3325,2.1274,4.9436,-7.7303,0.6169,1.8336,-1.2913999999999994,0.0166919265404229,0.0204221571709553,2.0,-1.0986122886681098,-8.555259392222693,-3.091042453358316
2010-05-20,0.03221380666248,1.52191827890425,1.96701179276569,0.445093513861444,10.9118,2.0485,4.7601,-7.4434,0.7458,1.6418,-1.2513999999999998,0.0204731635219317,-0.0123907368350817,3.0,-0.6931471805599453,-6.74993119378857,0.0
2010-05-24,0.03658334393514,1.47725294830892,1.69806143863593,0.220808490327012,11.2583,2.1135,4.9112,-7.6797,0.4630232000000001,1.6176,-1.2421000000000002,0.0189310607237793,0.034206089506469,1.0,0.0,0.0,0.0
2010-05-25,0.07933865926791,1.47969428697851,1.75391885990676,0.274224572928247,11.1345,2.0903,4.8572,-7.5953,0.4120999999999999,1.5569,-1.267,0.0208843770534219,-0.0191820427152222,1.0,-0.6931471805599453,-9.005405040310642,-2.833213344056216
2010-05-26,0.0426448631405999,1.47922439427034,1.73761019332415,0.258385799053809,11.184,2.0996,4.8788,-7.629,0.8126,1.5295999999999998,-1.2431,0.0206341784310822,0.001205314580372,1.0,0.0,0.0,0.0
2010-05-27,0.02937057303437,1.47928620906015,1.73701164702248,0.25772543796233,10.8129,2.0299,4.7169,-7.3759,1.0259000000000005,1.5116,-1.2489999999999997,0.0194794805351878,0.0114074119835114,4.0,0.6931471805599453,7.107425474110705,0.0
2010-05-28,0.0232568621337099,1.48056811857018,1.7469141809802,0.26634606241002,10.7139,2.0113,4.6737,-7.3084,0.7101999999999999,1.5218999999999998,-1.2474000000000005,0.0187428014185372,-5.685578118441725e-05,1.0,0.6931471805599453,6.352629396319567,0.0
2010-05-31,-0.01560228246427,1.48017704251991,1.75315083624583,0.272973793725918,10.5407,1.9788,4.5982,-7.1902,0.991,1.5097999999999998,-1.2371000000000003,0.0177143549072692,-0.0242470120175593,4.0,1.3862943611198906,9.22876950744455,5.6240175061873385
2010-06-01,-0.05211098013767,1.48004752527559,1.75206784284467,0.272020317569085,10.4665,1.9648,4.5658,-7.1396,0.5860000000000001,1.4889,-1.2076999999999996,0.0184450896616132,-0.0092489075967936,4.0,0.0,0.306108249754891,-0.0566188939995079
2010-06-02,-0.03467288513871,1.47248388474454,1.76759482349601,0.295110938751471,10.417,1.9556,4.5442,-7.1058,1.5197999999999998,1.4907,-1.2134999999999998,0.0176874995652407,0.0012218599237598,3.0,0.0,1.3399984686042357,2.5301632413761213
2010-06-03,-0.02927468596644,1.47180375353894,1.76042267737377,0.288618923834826,10.4417,1.9602,4.555,-7.1227,1.4899391999999998,1.4632999999999998,-1.2308000000000003,0.0167356695582145,-0.0073250564302949,4.0,0.0,0.7798512537372574,0.2900157957980011
2010-06-07,0.0267895116426199,1.47177366367836,1.73693948706964,0.265165823391279,10.1943,1.9138,4.4471,-6.9539,1.2261,1.5096,-1.2464000000000004,0.0151837976538696,-0.0165300264208774,4.0,-0.4054651081081644,-2.341478039871542,-4.962844630259907
2010-06-08,0.07080410334217,1.47287956446189,1.71140863799165,0.238529073529751,10.1448,1.9045,4.4255,-6.9202,1.2239052148148153,1.5211,-1.2294999999999998,0.0153392740113017,0.0008826673840509,3.0,0.6931471805599453,6.3080984415095305,0.0
2010-06-09,0.06000042243552,1.47856160484103,1.66693282284572,0.188371218004693,10.3922,1.9509,4.5334,-7.0889,1.2464710518518516,1.5421,-1.1582000000000003,0.0145523955824289,0.0274342470525637,3.0,-0.6931471805599453,-9.066008001086264,-5.0238805208462765
2010-06-10,0.04230683088214,1.48166575977408,1.68443345102422,0.202767691250132,10.2438,1.923,4.4686,-6.9877,1.2864728,1.5156999999999998,-1.1236000000000002,0.0162963652499272,-0.0082737115678597,1.0,0.0,0.0,0.0
2010-06-11,0.03065291084786,1.47983140411663,1.66405767011738,0.184226266000751,10.318,1.937,4.501,-7.0383,1.2432857481481483,1.4086,-1.0817000000000003,0.0156659415995931,0.0028687670696774,2.0,0.0,1.4153374108860266,3.295836866004329
2010-06-18,-0.01968597917367,1.47200180172033,1.67899692481328,0.206995123092951,10.318,1.937,4.501,-7.0383,1.843614251851852,1.3539,-1.0162999999999998,0.014177427791594,-0.0185373617488373,3.0,0.6931471805599453,8.093156697722637,4.574710978503383
2010-06-21,-0.0693827899681999,1.47212723287903,1.68596815971269,0.213840926833661,10.5902,1.9881,4.6198,-7.224,1.929794785185185,1.3099000000000005,-1.0034,0.0147099298297615,0.0286278882607344,1.0,0.6931471805599453,6.815639990074331,0.6931471805599453
2010-06-22,-0.11650218065204,1.46755831490858,1.70128198916187,0.233723674253291,10.5654,1.9834,4.609,-7.2071,1.9433,1.3187000000000002,-1.0015999999999998,0.0166219442780185,0.000961563062261,1.0,-0.6931471805599453,-6.871091294610546,0.0
2010-06-23,-0.11858924157991,1.46859731775883,1.69532994057548,0.226732622816647,10.4912,1.9695,4.5766,-7.1564,1.4348999999999998,1.3309000000000002,-0.9807,0.0157436004993688,-0.0072989543920529,1.0,-0.6931471805599453,-8.138856750696325,-4.624972813284271
2010-06-24,-0.11629462763159,1.46911814466863,1.69691505345153,0.227796908782899,10.5654,1.9834,4.609,-7.2071,1.3631000000000002,1.3157,-0.9792,0.0151093752872932,-0.0012175330129862,3.0,1.0986122886681098,7.104144092987527,0.0
2010-06-25,-0.1125265086141,1.4719642564233,1.71726869791685,0.245304441493549,10.5654,1.9834,4.609,-7.2071,0.6878000000000002,1.2577000000000005,-1.0115999999999996,0.0143435300381815,-0.0054411038921804,1.0,0.0,0.0,0.0
2010-06-28,-0.1133506518941299,1.45554376310683,1.63242759364552,0.176883830538693,10.5407,1.9788,4.5982,-7.1902,1.7544,1.2629,-1.0418999999999996,0.0137407774785747,-0.0068941595894642,1.0,0.6931471805599453,6.333279628139691,0.0
2010-06-29,-0.14975800057802,1.45366763370678,1.59639186138018,0.142724227673391,10.1943,1.9138,4.4471,-6.9539,1.7885999999999995,1.1895000000000002,-1.0847000000000002,0.0132567883112097,-0.0436255315590052,1.0,0.6931471805599453,6.38856140554563,0.0
2010-06-30,-0.15881204593507,1.46191557056661,1.68456004704917,0.222644476482567,10.0458,1.8859,4.3823,-6.8526,1.6433195581281592,1.1772999999999998,-1.0869,0.0187286048411733,-0.0118884242166146,1.0,-0.6931471805599453,-7.213768308118642,-1.791759469228055
2010-07-01,-0.13115530251986,1.46121438756892,1.68562346665039,0.224409079081468,9.9963,1.8766,4.3607,-6.8189,1.4690999999999996,1.2131000000000003,-1.0833999999999997,0.0181044145794717,-0.0103006634383371,2.0,-0.6931471805599453,-8.22040309993373,-3.6635616461296463
2010-07-05,-0.04266064202519,1.45864818468896,1.65127342660567,0.192625241916711,10.0458,1.8859,4.3823,-6.8526,0.943879482797978,1.1594000000000002,-1.0936999999999997,0.0165385479579175,-0.0079859733169129,1.0,-0.6931471805599453,-7.172424577124845,0.0
2010-07-14,-0.11613805254598,1.45526734531782,1.66576424803631,0.210496902718484,10.516,1.9741,4.5874,-7.1733,1.2117,1.4044,-1.1465999999999998,0.0151994913450633,0.0081915199895306,1.0,0.6931471805599453,6.93828448401696,0.0
2010-07-15,-0.14542487611597,1.4645950747429,1.75370710327546,0.289112028532564,10.3427,1.9416,4.5118,-7.0552,2.1885000000000003,1.4295000000000002,-1.1212999999999995,0.0146444024775592,-0.0188517995422534,2.0,-0.6931471805599453,-6.4457198193855785,0.0
2010-07-19,-0.17123124187225,1.45857509868046,1.72004602222628,0.261470923545825,10.3675,1.9463,4.5226,-7.0721,1.1382,1.4446,-1.1173000000000002,0.01437150135338,0.0208796219272882,1.0,0.0,0.0,0.0
2010-07-23,-0.0908262941337599,1.46444063655537,1.68730289055215,0.222862253996772,10.6892,2.0067,4.6629,-7.2915,1.0149,1.4529,-1.0136999999999996,0.0146621320878794,0.003748031920927,2.0,-0.6931471805599453,-7.130098510125578,-1.3862943611198906
2010-07-29,-0.22642578018803,1.46730001084381,1.68045548719727,0.213155476353461,10.7881,2.0252,4.7061,-7.359,0.9093,1.4737000000000002,-0.9641999999999996,0.0141573236226194,0.0054727909191187,1.0,0.0,0.0,0.0
2010-08-02,-0.1969441480812999,1.46896085244922,1.67438749706829,0.205426644619073,10.8129,2.0299,4.7169,-7.3759,0.950406787096774,1.4661,-0.9714000000000004,0.0129691742015927,0.0131877145604937,1.0,0.0,0.0,0.0
2010-08-03,-0.18013417406528,1.4695334356996,1.6759720702235,0.206438634523902,10.6397,1.9974,4.6413,-7.2577,0.933512929032258,1.4715000000000005,-0.9681999999999996,0.0130278349859394,-0.0171770787749716,1.0,0.6931471805599453,6.766191714660351,0.0
2010-08-05,-0.20429164638131,1.46445338054349,1.82470771641662,0.360254335873122,10.4665,1.9648,4.5658,-7.1396,0.8974,1.466,-0.9753000000000004,0.0129750125128008,-0.0067557045615913,2.0,0.6931471805599453,6.946013991099227,0.0
2010-08-06,-0.20078812712089,1.47128732793664,1.62576735470222,0.154480026765576,10.5407,1.9788,4.5982,-7.1902,0.9078359149290292,1.4607,-1.0017,0.0125517648311557,0.0142582213866937,1.0,0.6931471805599453,7.412764017426562,1.6094379124341005
2010-08-12,-0.12961807503213,1.47313054276542,1.71691084400194,0.24378030123652,10.1943,1.9138,4.4471,-6.9539,1.0381,1.3945,-1.0347,0.0142890799931876,-0.01235677424145,1.0,-0.6931471805599453,-6.448889394146858,0.0
2010-08-13,-0.13311127732955,1.46646846413747,1.82138999534641,0.35492153120894,10.219,1.9184,4.4578,-6.9708,0.9003636350258988,1.3982,-0.9793000000000004,0.014139467483602,0.0120510704077796,2.0,-1.0986122886681098,-7.965545573129992,-2.079441541679836
2010-08-16,-0.1425883181698,1.47441634923992,1.7185635098515,0.244147160611581,10.3675,1.9463,4.5226,-7.0721,0.6938,1.4504,-0.9432,0.0139571934184772,0.0208829684642521,2.0,0.0,0.0,0.0
2010-08-19,-0.11388713397039,1.47373330147857,1.80678995691351,0.333056655434943,10.3427,1.9416,4.5118,-7.0552,0.8631,1.4601000000000002,-0.9099,0.0134224470591729,0.008097491521152,1.0,-0.6931471805599453,-6.833031732786201,-0.6931471805599453
2010-08-20,-0.13163413097932,1.46671296774958,1.70111660209067,0.23440363434109,10.2933,1.9323,4.4902,-7.0214,0.8351999999999999,1.4583000000000002,-0.9013,0.0130210914573181,-0.017137210932332,1.0,-0.6931471805599453,-6.602587892189336,-0.6931471805599453
2010-08-23,-0.16760088465488,1.46758270322426,1.69455324258807,0.22697053936381,10.2933,1.9323,4.4902,-7.0214,0.8004999999999998,1.4546,-0.9061,0.013552646652547,-0.0011136623959728,1.0,0.0,0.0,0.0
2010-08-25,-0.19233914130006,1.46907417172948,1.67999286450574,0.210918692776265,10.0953,1.8952,4.4039,-6.8864,0.8285999999999998,1.4497999999999998,-0.9355000000000002,0.0123585970736042,-0.0204802878104342,1.0,0.0,0.0,0.0
2010-08-26,-0.16840924905032,1.46944291640454,1.67933650514592,0.209893588741379,10.1943,1.9138,4.4471,-6.9539,0.7801999999999998,1.4530000000000003,-0.9286999999999996,0.0134736920549294,0.0026542011916159,4.0,0.6931471805599453,6.810142450115136,0.0
2010-08-27,-0.14446479167634,1.46940314364969,1.66989977120423,0.200496627554546,9.3232,1.9445,4.4255,-6.9202,1.21,1.4148999999999998,-0.9232000000000004,0.01284718961091,0.0027850763933265,2.0,0.6931471805599453,6.587550014824796,0.0
2010-08-31,-0.09296493987666,1.47117613662063,1.68348711472639,0.212310978105761,9.2777,1.935,4.4039,-6.8864,0.9587212324202086,1.3583000000000005,-0.9498999999999996,0.0127340719828908,-0.0052409076123893,2.0,0.0,0.0,0.0
2010-09-01,-0.09919031672984,1.47203677364338,1.69756126539688,0.2255244917535,9.2777,1.935,4.4039,-6.8864,0.8989,1.3957999999999997,-0.9444000000000004,0.0122572135303216,-0.0060497972297177,2.0,0.0,0.0,0.0
2010-09-02,-0.09735268355462,1.47636873253198,1.68590335219638,0.209534619664403,9.3232,1.9445,4.4255,-6.9202,0.8839313935858564,1.4218,-0.9084,0.011861125372527,0.012463177491889,2.0,-0.6931471805599453,-7.983440063006542,-1.9459101490553132
2010-09-06,-0.15861966491904,1.47627706073927,1.7134890305733,0.237211969834028,9.4369,1.9682,4.4794,-7.0045,0.9187,1.4245,-0.9077000000000002,0.0114497675529842,0.0152688757907011,1.0,0.0,0.0,0.0
2010-09-07,-0.18182858351879,1.47704285732769,1.71707994612606,0.240037088798372,9.3914,1.9587,4.4578,-6.9708,0.9110000000000004,1.4351999999999998,-0.9024000000000004,0.0119558686555975,0.000783374120834,1.0,-0.6931471805599453,-7.546446273746024,-1.6094379124341005
2010-09-08,-0.17912918049257,1.47762064607403,1.71731763192676,0.239696985852723,9.3005,1.9398,4.4147,-6.9033,0.776,1.4394999999999998,-0.9083,0.0114232109690902,-0.0011391165737295,2.0,0.0,0.0,0.0
2010-09-13,-0.20792503799956,1.4762703710656,1.68315017756583,0.206879806500232,9.2777,1.935,4.4039,-6.8864,0.7381000000000002,1.4973,-0.867,0.0109991303802625,0.0093846765281666,1.0,0.0,0.0,0.0
2010-09-15,-0.19921509370273,1.47453183822286,1.79355960542796,0.319027767205095,9.164,1.9113,4.3499,-6.802,1.0274,1.4993,-0.8549000000000002,0.0104872082168124,-0.0134878777219453,1.0,0.6931471805599453,7.263329617476836,0.6931471805599453
2010-09-16,-0.1765299126955199,1.48834025994418,1.88510280286251,0.396762542918329,9.0276,1.8829,4.2851,-6.7007,1.0514,1.4836,-0.8824999999999998,0.0109537382632017,-0.0190446497043987,1.0,0.6931471805599453,6.981934677156389,0.0
2010-09-20,-0.15793753160036,1.48926342350949,1.88905977308698,0.399796349577491,9.0276,1.8829,4.2851,-6.7007,1.5144,1.4588,-0.8841000000000001,0.0115877011141804,-0.0038462460778694,1.0,0.0,0.0,0.0
2010-09-27,-0.14490902796572,1.49026258689335,1.87431476824803,0.384052181354685,9.0958,1.8971,4.3175,-6.7514,1.0402,1.465,-0.9251999999999998,0.0106874910713655,0.0139543911591344,1.0,-0.6931471805599453,-7.744569809354496,-1.3862943611198906
2010-10-08,-0.1449017454035999,1.4835800708482,1.76254680938618,0.278966738537984,9.346,1.9493,4.4363,-6.937,1.1797999999999995,1.4401000000000002,-0.9808000000000004,0.0113602873859654,0.0308069628816589,1.0,0.0,0.0,0.0
2010-10-11,-0.17478755970805,1.48237138248541,1.76699429440248,0.284622911917071,9.5506,1.9919,4.5334,-7.0889,1.4571,1.5107,-0.9204999999999997,0.0145717885761422,0.0245962133924555,4.0,-0.4054651081081644,0.61473476035917,0.0
2010-10-15,-0.32925677109824,1.48099162215871,1.76301205716707,0.282020435008366,10.6194,2.2148,5.0407,-7.8822,1.0314,1.5318,-0.9477999999999996,0.0142477778883054,0.0312885516804222,3.0,-0.6931471805599453,-6.706862336602747,0.0
2010-10-20,-0.37448997819272,1.50163258266891,1.80246896010144,0.300836377432532,10.4374,2.1769,4.9544,-7.7472,0.5820000000000001,1.7207,-0.8883000000000001,0.0158951573449794,0.0006986575270637,1.0,0.6931471805599453,6.795705775173514,0.0
2010-10-21,-0.33075697889519,1.50213447735466,1.80494913115707,0.302814653802405,10.2555,2.139,4.868,-7.6122,0.9587,1.7371,-0.8965999999999998,0.015067417408724,-0.0068202534308792,1.0,0.0,0.0,0.0
2010-10-26,-0.22774028265088,1.50123753717785,1.79867986881077,0.297442331632914,10.1191,2.1105,4.8032,-7.5109,1.6017,1.7918999999999998,-0.8638000000000003,0.0153360559730097,-0.0032417758879823,1.0,0.6931471805599453,6.638567789166521,0.0
2010-10-28,-0.17016738092239,1.50117046033744,1.81197959609123,0.310809135753786,10.1418,2.1152,4.814,-7.5278,1.4386,1.7832,-0.8769,0.0146284807257326,-0.0014922467890894,2.0,0.6931471805599453,9.02653771890043,4.23410650459726
2010-10-29,-0.13709059064855,1.50128927305074,1.81108427977097,0.309795006720229,9.341,1.9319,4.7061,-7.359,1.3517558880308878,1.7640000000000002,-0.8911999999999995,0.013900853437399,-0.0046032729500069,4.0,0.0,0.0,0.0
2010-11-02,-0.15285248259931,1.50187168791444,1.81621604624519,0.314344358330745,9.5124,1.9673,4.7925,-7.494,0.9488754826254822,1.8579,-0.8204000000000002,0.0148948812553318,-0.0028156632594598,3.0,0.6931471805599453,7.362010551259734,0.6931471805599453
2010-11-05,-0.12701395219366,1.49020084970589,1.68118861485838,0.190987765152486,10.3265,2.1357,5.2026,-8.1354,1.0455,1.9157,-0.8143999999999996,0.0141176602448088,0.0136923037228537,3.0,-0.6931471805599453,-7.711101251840158,-0.6931471805599453
2010-11-10,-0.19158660988088,1.48977283327446,1.78619259661696,0.296419763342498,10.1551,2.1003,5.1163,-8.0004,0.9758,1.9504,-0.8627000000000002,0.0132853917321495,-0.0062857426612961,1.0,0.6931471805599453,7.474204806496124,1.0986122886681098
2010-11-11,-0.20696191915905,1.46288765821024,1.75487950280668,0.291991844596443,10.2194,2.1136,5.1486,-8.051,0.989894141335186,1.9424,-0.8743000000000003,0.0128099310736337,0.0103425743508456,8.0,0.0,0.1090317697379905,0.6931471805599453
2010-11-12,-0.2290742052794,1.469975954679,1.8092901619117,0.339314207232701,10.0265,2.0737,5.0515,-7.8991,1.0745,1.9148,-0.8973999999999998,0.0126289736923028,-0.0529405409040393,2.0,0.6931471805599453,6.354370040797351,0.0
2010-11-15,-0.2283944994814299,1.392093456381,1.34219756425647,-0.0498958921245327,10.7121,2.2155,5.3969,-8.4392,1.4304315354960722,1.9343,-0.9457,0.0206555511380714,0.0096596531529087,11.0,-0.4054651081081644,0.053525606836438,1.8618912930021372
2010-11-16,-0.19752432553028,1.37501393343436,1.24639074432914,-0.12862318910522,10.7121,2.2155,5.3969,-8.4392,1.5197,1.9076,-0.9842999999999996,0.0197279832805568,-0.0405796052256919,4.0,-0.6931471805599453,-7.409136443920128,0.0
2010-11-17,-0.15269226623264,1.35992169183822,1.15545747034785,-0.204464221490367,10.7121,2.2155,5.3969,-8.4392,1.4188,1.8354,-1.0309000000000004,0.0226466419521406,-0.019424006423919,2.0,0.0,-0.3512903715168518,-0.6931471805599453
2010-11-18,-0.1027484552061699,1.35948986459837,1.15820097726986,-0.201288887328512,10.7121,2.2155,5.3969,-8.4392,1.1666499175303198,1.729,-1.0607000000000002,0.0222309995334545,0.0093245974923483,1.0,0.0,0.0,0.0
2010-11-19,-0.0501307301209099,1.35416332877063,1.12727329978975,-0.22689002898088,10.7121,2.2155,5.3969,-8.4392,0.9561751572216096,1.7501000000000002,-1.0439999999999996,0.0211665687053636,0.0080340813418064,1.0,-0.6931471805599453,-6.756932389247553,0.0
2010-11-22,0.02108908614233,1.34308005467956,1.10243196112594,-0.240648093553623,10.7121,2.2155,5.3969,-8.4392,0.3966999999999996,1.6662000000000003,-1.0559000000000005,0.0201287461488264,-0.0014533332819608,10.0,0.4054651081081644,1.9091502051624236,4.962844630259907
2010-11-23,0.02179063962667,1.33539688651438,1.06034149794133,-0.27505538857305,10.7121,2.2155,5.3969,-8.4392,1.3467000000000002,1.5816000000000003,-1.0839999999999996,0.0190119545027074,-0.0196373917484127,24.0,0.2876820724517808,-0.4046869164908315,-0.4544464951484343
2010-11-24,0.05356931320242,0.84244383985347,0.227770862849069,-0.6146729770044,9.4695,1.9585,4.9317,-7.7118,1.0448,1.4731,-1.0824000000000005,0.0190213109256392,0.0111297867815274,35.0,0.0800427076735363,-0.0520745435144989,0.0185089660549593
2010-11-25,0.05605327376589,0.842213534160486,0.230311363188072,-0.611902170972414,9.4052,1.9452,4.8983,-7.6595,0.8217182860502716,1.3874,-1.1027,0.0183071296957074,0.0133116549959426,5.0,1.0986122886681098,9.206031100388085,5.529429087511423
2010-11-26,0.03640734868388,0.842538953745132,0.230910870440782,-0.611628083304351,9.5673,1.9787,4.8201,-7.5373,0.5888999999999998,1.2843999999999998,-1.0768000000000004,0.0178035697869408,-0.0092074095012941,2.0,0.0,0.0,0.0
2010-11-30,0.02061511272428,0.84588683338776,0.233345698621784,-0.612541134765976,9.3016,1.9237,4.6863,-7.328,1.4110000000000005,1.2076000000000002,-1.1471,0.0161951682228208,-0.0162404693381947,2.0,-0.6931471805599453,-6.720220155135295,0.0
2010-12-01,0.01367118974182,0.90460487791524,0.233832172646942,-0.670772705268298,9.5009,1.965,4.7867,-7.485,0.6465000000000001,1.1485000000000003,-1.2361999999999995,0.0161945798771962,0.0011581199920138,2.0,0.0,1.3902807657424352,4.110873864173311
2010-12-02,-0.0225097926361199,0.843658550144174,0.233208070451191,-0.610450479692983,9.6559,1.997,4.8648,-7.6071,1.2572,1.1486,-1.2572,0.0153478292860837,0.0071141294589995,4.0,0.4054651081081644,3.1551733348436897,5.3981627015177525
2010-12-03,-0.0383730335764,0.829381714192001,0.234456518022791,-0.59492519616921,9.5895,1.9833,4.8313,-7.5548,1.3377,1.1599,-1.2559,0.0147249784316334,-0.0004136447968754,1.0,-0.6931471805599453,-8.024207485778577,0.0
2010-12-06,-0.02643934178063,0.832365462037991,0.237401696524566,-0.594963765513425,9.6116,1.9879,4.8425,-7.5722,1.2752999999999997,1.2003000000000004,-1.2393999999999998,0.0139818759202969,0.00517475248144,1.0,-0.6931471805599453,-6.716594773520978,0.0
2010-12-07,-0.02044943443603,0.831447467318351,0.236913080432651,-0.5945343868857,9.5452,1.9741,4.809,-7.5199,1.3302,1.1720000000000002,-1.2456999999999998,0.0133879234787903,0.0065176832524871,1.0,0.0,0.0,0.0
2010-12-08,-0.01610295861009,0.83022690172937,0.236362511662686,-0.593864390066683,9.4123,1.9466,4.742,-7.4152,1.3205999999999998,1.2191999999999998,-1.2215999999999996,0.0129021825837196,-0.0095434190173264,1.0,-0.6931471805599453,-6.887552571664617,0.0
2010-12-09,-0.03554739947341,0.894694905211917,0.23633596203667,-0.658358943175247,9.3237,1.9283,4.6974,-7.3454,1.5865000000000005,1.209,-1.2092000000000005,0.012669027302385,-0.0132865399079902,2.0,-1.0986122886681098,-8.08825472712243,0.0
2010-12-13,-0.0874860256408899,0.896088013967752,0.237901021132446,-0.658186992835306,9.4787,1.9604,4.7755,-7.4675,1.4657,1.0463,-1.2837999999999994,0.0126472652209876,0.0284245664266444,1.0,-0.6931471805599453,-6.483107351457199,0.0
2010-12-15,-0.10678420838161,0.89813400394721,0.235529360184656,-0.662604643762554,9.3459,1.9329,4.7086,-7.3628,1.3351999999999995,0.8877999999999999,-1.331,0.0142562612045012,-0.0053654403425316,1.0,-0.6931471805599453,-7.175489713624222,-0.6931471805599453
2010-12-21,-0.20363560891024,0.89982137332007,0.236052458397713,-0.663768914922357,9.3237,1.9283,4.6974,-7.3454,1.8349,0.7549999999999999,-1.3229000000000002,0.0127272601268601,0.0177870676234181,2.0,0.0,0.0,0.0
2010-12-22,-0.18860622133283,0.902206372801967,0.237791987361113,-0.664414385440854,9.2573,1.9146,4.6639,-7.2931,1.8857,0.6400999999999999,-1.3081000000000005,0.0133559473248385,-0.0090678352195583,2.0,0.0,0.0,0.0
2010-12-24,-0.11780575927171,0.905819975404456,0.239112500351804,-0.666707475052652,9.2573,1.9146,4.6639,-7.2931,1.5586999999999995,0.4742000000000002,-1.2989999999999997,0.0126808856717864,-0.0070515830974615,2.0,-0.6931471805599453,-6.812345094177479,0.0
2010-12-28,-0.08150279397823,0.903000892542247,0.240356469725816,-0.66264442281643,9.1336,1.889,4.6016,-7.1956,1.5822000000000005,0.5463999999999998,-1.2714000000000003,0.0132272783504775,-0.0175588691680239,1.0,-0.6931471805599453,-7.355001921105257,-1.0986122886681098
2010-12-30,-0.1009017188283,0.895619101866141,0.238973540138405,-0.656645561727736,9.4918,1.9631,4.7821,-7.4778,1.4702000000000002,0.6141999999999999,-1.2834000000000003,0.0132730873502853,0.0029206520659306,2.0,-0.6931471805599453,-7.131698510466912,0.0
2010-12-31,-0.08175222173088,0.895078592820785,0.237064087131682,-0.658014505689103,9.4918,1.9631,4.7821,-7.4778,1.545617504750631,0.7029000000000001,-1.2585999999999995,0.0126676853791353,0.0174232250751922,1.0,-0.6931471805599453,-7.112327444710911,0.0
2011-01-04,-0.06127547768689,0.893166369827325,0.237029699396988,-0.656136670430338,9.4918,1.9631,3.8859,12.3756,1.6365999999999996,0.8317999999999999,-1.258,0.0132581411526309,0.0157477782801374,1.0,0.0,0.0,0.0
2011-01-05,-0.0483829152118399,0.895298505848079,0.236831892515171,-0.658466613332907,9.3799,1.9399,3.8401,12.2297,1.6882,0.8882000000000003,-1.2576,0.0135548954166063,-0.0049391788445456,6.0,-0.5108256237659907,-0.6631469853723068,0.6931471805599453
2011-01-06,-0.0643432569804,0.975973204713747,0.242461471735645,-0.733511732978102,9.3127,1.926,3.8126,12.1421,1.598,0.9341,-1.2179000000000002,0.0129966719294973,-0.0050844304708768,2.0,0.0,0.0,0.0
2011-01-07,-0.12416222224308,0.9784232148146,0.246854382174923,-0.731568832639677,9.6261,1.9909,3.9409,12.5507,1.6275,0.9835000000000004,-1.2032000000000005,0.0124907857938352,0.0051577035254135,1.0,0.0,0.0,0.0
2011-01-11,-0.2109916035327199,0.978996785517612,0.247264394813183,-0.731732390704429,9.5366,1.9723,3.9042,12.434,1.4948000000000006,1.0181,-1.1917000000000004,0.0126530093100371,0.0043739579828159,6.0,1.0986122886681098,1.4941127552820197,0.6931471805599453
2011-01-12,-0.21733896330143,0.981427368261682,0.246562634256736,-0.734864734004946,9.6037,1.9862,3.9317,12.5216,1.7432000000000003,1.0732,-1.1930999999999998,0.0121386024542765,0.0061358130635573,2.0,1.0986122886681098,7.301822342137932,0.6931471805599453
2011-01-13,-0.1880351470865,0.982056280015006,0.245215681735111,-0.736840598279896,9.7157,2.0094,3.9776,12.6675,1.6069999999999998,1.1034000000000002,-1.1900999999999995,0.0117443208677473,0.0022687138715191,2.0,1.0986122886681098,7.585281078639126,0.0
2011-01-17,-0.13448282652902,0.977961419656693,0.246003216470685,-0.731958203186009,9.4694,1.9585,3.8768,12.3464,2.3433,1.1444,-1.1359,0.0115353878725662,-0.0308077978250871,4.0,0.4054651081081644,1.6980805118629334,1.3862943611198906
2011-01-18,-0.11317344288252,0.978314314517681,0.245586231481282,-0.732728083036399,9.5366,1.9723,3.9042,12.434,2.0951500000000003,1.141,-1.1466000000000005,0.0147467351518221,0.0008564086866709,1.0,0.0,0.0,0.0
2011-01-19,-0.12413369887477,0.97735040936682,0.245413088772662,-0.731937320594158,9.4694,1.9585,3.8768,12.3464,1.7094,1.0627,-1.1901000000000002,0.0140028729575597,0.0179691380310611,1.0,0.6931471805599453,7.469083884921234,0.0
2011-01-20,-0.13209050487224,0.971757787074972,0.244984104117221,-0.726773682957751,9.2903,1.9214,3.8034,12.1129,2.0367,0.9428,-1.2214,0.0144579826107392,-0.0296006580631251,1.0,-0.6931471805599453,-6.892641641172089,0.0
2011-01-21,-0.11684992299332,0.967982684116197,0.246267470476393,-0.721715213639804,9.447,1.9538,3.8676,12.3172,1.7395999999999994,0.9087999999999998,-1.2088,0.0166431590785624,0.0139599437132078,1.0,0.0,0.0,0.0
2011-01-24,-0.08400071278577,0.947816106112352,0.244515215273962,-0.703300890838389,9.3799,1.9399,3.8401,12.2297,3.9159000000000006,0.8841999999999999,-1.2030999999999996,0.0163566733854494,-0.0072349047263466,2.0,-1.0986122886681098,-7.627544390488503,-1.0986122886681098
2011-01-25,-0.06868062960369,0.945971979811361,0.244394483648279,-0.701577496163082,9.3799,1.9399,3.8401,12.2297,3.786976956737414,0.8164000000000002,-1.1993999999999998,0.0156689728694207,-0.0068072038978597,2.0,0.6931471805599453,6.776506992372183,0.0
2011-01-26,-0.0980609127208999,0.947503949389559,0.244571758951581,-0.702932190437978,9.4023,1.9446,3.8493,12.2589,3.770200000000001,0.7972999999999999,-1.2313000000000005,0.0150174524110791,0.011652774531738,1.0,-0.6931471805599453,-7.344072850573066,0.0
2011-01-27,-0.12283922345774,0.943965040429715,0.245401809185553,-0.698563231244162,9.4918,1.9631,3.8859,12.3756,2.3944,0.7939999999999996,-1.2291,0.0147104343186056,0.0147808722673454,3.0,-0.6931471805599453,-6.805722553416985,0.0
2011-01-28,-0.1095831397568199,0.940068934361711,0.245456341796434,-0.694612592565278,9.4246,1.9492,3.8584,12.288,3.8567999999999993,0.8241999999999998,-1.2239000000000004,0.0147157319354137,0.0013086390206149,1.0,0.0,0.0,0.0
2011-02-10,-0.1892780376885,0.936032308378453,0.256016202533475,-0.680016105844978,9.559,1.977,3.9134,12.4632,1.8156,0.9482,-1.2028999999999996,0.0129867450057697,0.0157715007596692,1.0,0.0,0.0,0.0
2011-02-11,-0.22386778024299,0.867930934747504,0.246781777648272,-0.621149157099232,9.6037,1.9862,3.9317,12.5216,2.5500000000000003,1.0386000000000002,-1.2791999999999994,0.0133244630149706,0.0032468417898234,2.0,0.6931471805599453,6.679599185844383,0.0
2011-02-14,-0.2326669359258,0.865562354470555,0.246784549547789,-0.618777804922766,9.7828,2.0233,4.0051,12.7551,1.7894999999999994,1.0892,-1.3488999999999995,0.0127226361757336,0.0250799756717858,1.0,0.6931471805599453,7.599901959208498,0.0
2011-02-16,-0.22134497934821,0.8577997693981,0.245333367887539,-0.612466401510561,9.7157,2.0094,3.9776,12.6675,1.9136999999999995,1.1290999999999998,-1.3792999999999995,0.0137436311337536,0.0084693746131598,5.0,0.9162907318741552,1.695029842769504,0.0
2011-02-21,-0.23664200108357,0.850783900773692,0.24311675540023,-0.607667145373462,9.6261,1.9909,3.9409,12.5507,3.2761,1.0970999999999995,-1.4163000000000006,0.012469420816381,0.0111296719961826,1.0,-0.6931471805599453,-7.716015266642587,0.0
2011-02-22,-0.24692619255891,0.84767561441989,0.242364264011693,-0.605311350408197,9.4694,1.9585,3.8768,12.3464,2.7174622985283823,1.0638,-1.4465000000000003,0.0123929706895113,-0.0265161199494459,1.0,0.0,0.0,0.0
2011-02-24,-0.20017760566307,0.845136672047897,0.244316180117885,-0.600820491930012,9.4918,1.9631,3.8859,12.3756,2.2185,1.0654999999999997,-1.5356000000000003,0.0138104515822356,0.0055629270073946,2.0,0.6931471805599453,7.909856667269403,0.0
2011-02-25,-0.15495228801089,0.839157905420662,0.24419403471863,-0.594963870702032,9.559,1.977,3.9134,12.4632,2.2450571454061303,1.1244999999999998,-1.4992,0.0132457796645633,-1.3200934904311625e-05,2.0,0.0,0.0,0.0
2011-02-28,-0.11623029833285,0.891215315185435,0.250592523678708,-0.640622791506728,9.5366,1.9723,3.9042,12.434,2.2076,1.145,-1.5313999999999997,0.0126117398282149,0.0091597284593794,5.0,1.791759469228055,8.60392119492606,1.791759469228055
2011-03-02,-0.08582135331604,0.895637821976202,0.258616437594676,-0.637021384381526,9.5813,1.9816,3.9226,12.4924,1.6726,1.2314999999999996,-1.5392000000000006,0.0118848933832203,-0.0017528680606764,1.0,-0.6931471805599453,-7.243512974665481,-2.70805020110221
2011-03-08,-0.13635323123379,0.910641825509528,0.265482613742332,-0.645159211767196,9.8724,2.0418,4.0417,12.8718,1.3615,1.3175,-1.5465999999999998,0.0122374691953844,0.0012444647364784,2.0,1.0986122886681098,7.620705086838262,1.0986122886681098
2011-03-10,-0.13950961503311,0.909898124837154,0.275846866477249,-0.634051258359905,9.7381,2.014,3.9867,12.6967,2.1294,1.3159,-1.5392,0.0111746532254252,-0.0151064315042379,2.0,1.0986122886681098,7.13966033596492,0.0
2011-03-15,-0.18579393859373,0.918526465714213,0.272151333554338,-0.646375132159875,9.559,1.977,3.9134,12.4632,1.7933178052148486,1.2043,-1.6353999999999995,0.0110129676310274,-0.0141832441715958,3.0,-1.0986122886681098,-7.714231144849085,-1.0986122886681098
2011-03-22,-0.05330046528411,0.912887378773938,0.282917557592031,-0.629969821181907,9.7604,2.0186,3.9959,12.7259,3.3242000000000003,1.1778,-1.6188000000000002,0.0107421090431809,0.0034332638597636,1.0,0.0,0.0,0.0
2011-03-23,-0.05927702126483,0.86170903534722,0.267993193545308,-0.593715841801912,9.85,2.0372,4.0326,12.8426,1.8424,1.214,-1.6015,0.0103583084885171,0.009999028365824,1.0,0.6931471805599453,6.880384082186005,0.0
2011-03-24,-0.0817576836524699,0.861046066611747,0.265902971466493,-0.595143095145254,9.8724,2.0418,4.0417,12.8718,1.7417000000000002,1.2031,-1.6322,0.0104315495431493,-0.0006008295427895,1.0,0.0,0.0,0.0
2011-03-25,-0.08794422017434,0.860123998439034,0.264461992595181,-0.595662005843852,9.9843,2.0649,4.0875,13.0177,1.9369,1.1972999999999998,-1.6477,0.0100234637418287,0.0105015379770696,2.0,0.0,0.0,0.0
2011-03-28,-0.1051668727105499,0.860193880767596,0.265253117808269,-0.594940762959327,10.0738,2.0835,4.1242,13.1345,1.2055000000000002,1.1888,-1.6395,0.0101896327326488,0.0020768836576152,1.0,0.0,0.0,0.0
2011-03-30,-0.14462136676194,0.860894900210788,0.2662391728339412,-0.5952330893287844,10.1186,2.0927,4.1425,13.1929,0.5258000000000003,1.2029999999999998,-1.6151000000000004,0.0098660057831405,-0.0007798645203163,2.0,0.6931471805599453,6.682108597449809,0.0
2011-03-31,-0.15908939017585,0.8616890272649332,0.2669126049531684,-0.5955870388511337,9.4463,1.9016,4.0967,13.047,1.4391500000000002,1.2111999999999998,-1.6192000000000002,0.0095077611209735,-0.0094020253150137,4.0,-0.6931471805599453,-7.327780538421631,0.0
2011-04-01,-0.1640354636164299,0.8627544635576639,0.2676944513858464,-0.5960693273190325,9.5097,1.9143,4.1242,13.1345,2.3803,1.2159,-1.6213000000000002,0.0096587862099819,0.0133320132658019,5.0,-0.6931471805599453,-0.9474862936978544,0.0
2011-04-08,-0.10855569161757,0.8762697303509862,0.2754560854702167,-0.6023971644592546,9.6154,1.9356,4.17,13.2805,1.1252,1.1864000000000003,-1.6356000000000002,0.010049248368249,0.0073243972199321,1.0,0.0,0.0,0.0
2011-04-13,-0.14909650118535,0.8900308872899599,0.2822963942361417,-0.6090866453747087,9.7844,1.9696,4.2434,13.514,1.5241999999999996,1.1702999999999997,-1.6741000000000006,0.0092623036976525,0.009562033978737,1.0,0.0,0.0,0.0
2011-04-18,-0.17096846275571,0.9046185855595176,0.2889573012035014,-0.6165019380432156,9.869,1.9867,4.28,13.6307,1.484,1.189,-1.5869999999999995,0.0088855195251875,0.0022276242030034,1.0,0.0,0.0,0.0
2011-04-19,-0.15410204888325,0.9074337160624084,0.2901701471319663,-0.6179880654311525,9.6365,1.9399,4.1792,13.3096,2.2441,1.2135999999999996,-1.5669000000000004,0.0086357212270625,-0.0192490880722076,2.0,-0.6931471805599453,-7.011213987350367,0.0
2011-04-20,-0.14302830629795,0.910171947794509,0.2913224675798453,-0.619457391531322,9.6365,1.9399,4.1792,13.3096,1.9494,1.2057000000000002,-1.5779999999999994,0.0103844528515928,0.0026626376560745,2.0,-0.6931471805599453,-6.876264611890766,-1.0986122886681098
2011-04-22,-0.13709908697103,0.9153444079969988,0.2934099657614171,-0.6223150840297657,9.5942,1.9314,4.1609,13.2513,1.7758000000000005,1.1997,-1.5839000000000003,0.0098436115245575,-0.0053505196647005,1.0,0.0,0.0,0.0
2011-04-25,-0.13025833361861,0.9220681890864202,0.2958649827267011,-0.6262846391279693,9.4886,1.9101,4.115,13.1053,1.727581494368203,1.1564,-1.5868999999999995,0.0096399939390676,-0.0152513186340783,2.0,-0.6931471805599453,-7.0967213784947605,0.0
2011-04-28,-0.1078080152397999,0.920015742160122,0.30203191423604,-0.617983827924082,9.6999,1.9526,4.2067,13.3972,1.7271999999999998,1.1537000000000002,-1.6249000000000002,0.0101630942495859,-0.0132008168368891,3.0,0.6931471805599453,6.988413181999592,1.3862943611198906
2011-05-06,-0.05413492552716,0.943808630746773,0.311695555499334,-0.632113075247439,9.011,1.8353,4.1975,13.368,1.9161,1.1236000000000002,-1.5978000000000003,0.0117791056533143,-0.0029698659798595,1.0,0.0,0.0,0.0
2011-05-09,-0.06240973673725,0.955146987206518,0.305788857420676,-0.649358129785842,8.9913,1.8313,4.1884,13.3388,2.2304468750000006,1.1117,-1.5900000000000003,0.0113011328097552,0.0029893616546052,1.0,0.6931471805599453,7.049254841255837,0.6931471805599453
2011-05-10,-0.089827976243,0.886964902579498,0.275085907200223,-0.611878995379275,8.9913,1.8313,4.1884,13.3388,2.2928,1.0947999999999998,-1.5738,0.010856561570158,0.0063070497358079,1.0,0.0,0.0,0.0
2011-05-11,-0.10099457149534,0.887078486376106,0.27554512706828,-0.611533359307826,8.9323,1.8193,4.1609,13.2513,1.7841,1.0940000000000003,-1.5679999999999996,0.0105921972570695,-0.0024987655999,1.0,-0.6931471805599453,-6.799055862058796,-0.6931471805599453
2011-05-13,-0.10194251833144,0.955229196520856,0.304534301263463,-0.650694895257393,9.011,1.8353,4.1975,13.368,1.7188000000000003,0.9496000000000002,-1.5662999999999996,0.0107458597809068,0.0094305029494385,1.0,0.0,0.0,0.0
2011-05-17,-0.11448126966343,0.951553568790399,0.302763963202291,-0.648789605588107,8.8536,1.8033,4.1242,13.1345,2.1516999999999995,0.9341,-1.5720000000000005,0.0105777798032181,0.0012999314333166,1.0,-0.6931471805599453,-6.597145701886651,0.0
2011-05-18,-0.11515490665964,0.953130872712631,0.301626475913672,-0.651504396798958,8.9716,1.8273,4.1792,13.3096,2.0066902866715006,0.9561000000000002,-1.5701999999999998,0.0101615454990681,0.0069855655015524,5.0,-1.3862943611198906,-7.706162970199576,0.0
2011-05-19,-0.10867949517363,0.954630403088493,0.301515082614581,-0.653115320473912,8.9913,1.8313,4.1884,13.3388,1.910722921113528,0.9463000000000004,-1.5830999999999995,0.0100111943689733,-0.0046044065091361,1.0,0.0,0.0,0.0
2011-05-24,-0.12155627876408,0.95345018914013,0.30232336182937,-0.65112682731076,8.7355,1.7792,4.0692,12.9594,3.1358808621033734,0.8477000000000001,-1.5816,0.0131119221152271,-0.0027114806949377,1.0,0.0,0.0,0.0
2011-05-25,-0.12805657233733,0.953279926745055,0.303844474684916,-0.649435452060139,8.5781,1.7472,3.9959,12.7259,2.7256000000000005,0.8458000000000001,-1.5755000000000003,0.012520234581698,-0.0091908190476761,2.0,1.0986122886681098,7.180831199044556,0.0
2011-05-26,-0.1302049281630599,0.953644397528579,0.300755384014919,-0.65288901351366,8.6765,1.7672,4.0417,12.8718,2.0777,0.8498999999999999,-1.5684999999999998,0.0122999882931201,-0.0019035219066925,1.0,0.0,0.0,0.0
2011-05-30,-0.08645675686111,0.956968408278044,0.320383964962066,-0.636584443315978,8.9716,1.8273,4.1792,13.3096,1.6126,0.8970000000000002,-1.5890999999999995,0.0116644561872966,-0.0013241494109887,4.0,1.0986122886681098,7.8724551500639794,0.0
2011-05-31,-0.05718025025413,0.88004109461947,0.273549687930576,-0.606491406688894,8.9716,1.8273,4.1792,13.3096,2.3786,0.8884000000000003,-1.6060999999999996,0.0111624837311226,0.013619343429692,1.0,-0.6931471805599453,-8.133587417660967,-0.6931471805599453
2011-06-01,-0.06344203991792,0.882856188125451,0.272876531898297,-0.609979656227154,8.8142,1.7953,4.1059,13.0761,1.8080000000000005,0.8860000000000001,-1.6185999999999998,0.0115110265537133,3.644949813086384e-05,2.0,0.0,0.0,0.0
2011-06-02,-0.06681993498175,0.884136637506555,0.27134796781221,-0.612788669694344,8.7355,1.7792,4.0692,12.9594,1.7760999999999996,0.8771999999999998,-1.6148000000000002,0.0110118792188445,-0.0140918978379209,1.0,-0.6931471805599453,-6.583409222158765,0.0
2011-06-07,-0.0785187641491099,0.884154080148678,0.269452309490028,-0.61470177065865,8.7158,1.7752,4.0601,12.9302,1.6763000000000003,0.8701999999999996,-1.6678000000000002,0.0112831988877274,0.0059499620010337,1.0,0.0,0.0,0.0
2011-06-08,-0.09644418393001,0.883535589872072,0.269524660011096,-0.614010929860975,8.6962,1.7712,4.0509,12.901,1.9789,0.8696000000000002,-1.6649999999999996,0.0109580283058551,0.0021796001340144,2.0,0.0,0.0,0.0
2011-06-10,-0.12320881348539,0.883295604061476,0.265696567899293,-0.617599036162183,8.6962,1.7712,4.0509,12.901,2.0163,0.8877000000000002,-1.6731999999999996,0.0114978278379862,0.0006648808562523,1.0,0.6931471805599453,6.706862336602747,0.0
2011-06-14,-0.12669655386122,0.850284630807616,0.238208803646425,-0.612075827161191,8.7552,1.7832,4.0784,12.9886,1.9539,0.8683999999999998,-1.6686000000000003,0.0105600542796011,0.0109241275745262,1.0,0.0,0.0,0.0
2011-06-15,-0.12371616531316,0.901079730160778,0.267723227197049,-0.633356502963729,8.4011,1.7111,3.9134,12.4632,3.2739,0.7358000000000002,-1.6446,0.0106977860521845,-0.0090550269325202,1.0,0.0,0.0,0.0
2011-06-16,-0.10618036260574,0.904618939062251,0.271317897699877,-0.633301041362374,8.4207,1.7151,3.9226,12.4924,3.9199,0.5260000000000002,-1.6720999999999997,0.0106678211185238,-0.0153262559044247,1.0,-0.6931471805599453,-7.01301578963963,-0.6931471805599453
2011-06-20,-0.09745160502343,0.902908790708281,0.275657545316365,-0.627251245391916,8.3814,1.7071,3.9043,12.434,1.4714999999999998,0.3913000000000002,-1.7158999999999995,0.0111651496779394,-0.0081933243830043,2.0,1.0986122886681098,7.45876269238096,0.0
2011-06-21,-0.10248082104822,0.902521338142963,0.274774830660251,-0.627746507482712,8.4601,1.7231,3.9409,12.5508,2.2843313224074606,0.3541000000000003,-1.7399,0.0110129735434454,0.0095791409914935,1.0,0.6931471805599453,6.705639094860003,0.0
2011-06-22,-0.10748212058489,0.9017067745421,0.272876969611088,-0.628829804931012,8.5191,1.7351,3.9684,12.6383,3.1539000000000006,0.3605999999999998,-1.6847000000000003,0.0109689632361901,0.0010717920344767,4.0,0.0,0.3600911552702461,0.0
2011-06-23,-0.09226338639233,0.900669682142919,0.272438750968534,-0.628230931174384,8.6175,1.7552,4.0142,12.7843,3.1977,0.3450999999999999,-1.6714000000000002,0.0105178939244616,0.0145866715477769,1.0,0.6931471805599453,7.1372784372603855,0.0
2011-06-24,-0.08237852207329,0.899694885313023,0.274464931452541,-0.625229953860482,8.8142,1.7953,4.1059,13.0761,2.9560999999999997,0.3163,-1.7444999999999995,0.0110864400776569,0.0213320911331962,1.0,0.0,0.0,0.0
2011-06-30,-0.19829749087547,0.909313236234955,0.261939161852688,-0.647374074382267,8.7749,1.7872,4.0876,13.0178,3.048,0.4729999999999998,-1.7561,0.0115801881835762,0.0122367938059309,2.0,-0.6931471805599453,-7.943427767876373,-4.709530201312334
2011-07-01,-0.2391150378038599,0.979778649235636,0.301545256884813,-0.678233392350823,8.6175,1.7552,4.0142,12.7843,3.0039875041974478,0.5274999999999999,-1.7643,0.0117185565971922,-0.000983077313764,1.0,0.0,0.0,0.0
2011-07-05,-0.24383595869886,0.982465169891661,0.299015458645204,-0.683449711246457,8.6765,1.7672,4.0417,12.8718,3.0302,0.6080999999999999,-1.7519000000000005,0.0123097032392034,0.0012566678854861,6.0,1.0986122886681098,7.898782356970309,0.0
2011-07-06,-0.2079474925661,0.982329505424252,0.297802584184523,-0.684526921239729,8.5978,1.7512,4.0051,12.7551,3.153961289869548,0.6406999999999998,-1.7297000000000002,0.0117528602372012,-0.002088564239135,3.0,-0.4054651081081644,-0.0600848107371997,0.8472978603872037
2011-07-07,-0.17818244741683,0.981935234314209,0.298180353747219,-0.683754880566991,8.4798,1.7271,3.9501,12.58,3.169800000000001,0.6052,-1.7592,0.011256264063928,-0.0057851132645847,2.0,0.0,0.0,0.0
2011-07-13,-0.18286695550123,0.9852990711251,0.296762218745444,-0.688536852379656,8.5388,1.7392,3.9776,12.6675,2.0409999999999995,0.6150000000000002,-1.7569,0.011165325099876,0.0147366892657778,1.0,-0.6931471805599453,-6.816735880594968,-0.6931471805599453
2011-07-15,-0.12894686555664,0.981858466630797,0.297572837104416,-0.684285629526381,8.6568,1.7632,4.0326,12.8427,2.5007,0.6347999999999998,-1.7803999999999998,0.0112599913460545,0.0034543342510788,2.0,-1.0986122886681098,-8.170185652879642,-0.6931471805599453
2011-07-18,-0.11939699909517,0.982411067014253,0.297358131313502,-0.685052935700751,8.5781,1.7472,3.9959,12.7259,2.1548,0.6008,-1.7584,0.0108321596929735,-0.0012350855955736,1.0,0.0,0.0,0.0
2011-07-20,-0.11931385651096,0.985516540528548,0.296565941833462,-0.688950598695086,8.5978,1.7512,4.0051,12.7551,2.1011,0.5483000000000002,-1.7226999999999997,0.0102418995058841,-0.0009937066071099,2.0,0.0,0.1501405619958583,0.0
2011-07-22,-0.1628344477466199,0.989049306121133,0.297075427941446,-0.691973878179686,8.5781,1.7472,3.9959,12.7259,2.5532,0.4590000000000001,-1.7725,0.0100366781865876,0.001768568072932,3.0,0.0,0.242414405133354,0.0
2011-07-26,-0.12936075783719,0.986197736379502,0.293312202238857,-0.692885534140645,8.4404,1.7191,3.9318,12.5216,2.2356,0.4346000000000005,-1.7642999999999995,0.0133464247391343,0.0052969722714175,2.0,0.6931471805599453,6.8690144506657065,0.0
2011-07-27,-0.10260765900517,0.983833132586097,0.290195756791765,-0.693637375794332,8.4207,1.7151,3.9226,12.4924,2.889200000000001,0.4088999999999996,-1.7566000000000006,0.0128093482867218,0.0075429942505813,4.0,0.4054651081081644,0.8800340077854748,0.0
2011-08-05,-0.10899689350607,0.958023016268328,0.350681341065686,-0.607341675202643,8.0863,1.647,3.7668,11.9962,2.5722,0.4531999999999998,-1.8438,0.0100827981233342,-0.0216999051541453,4.0,0.0,0.0,0.0
2011-08-08,-0.09883589870662,0.95901890708361,0.353989732929058,-0.605029174154552,7.9289,1.6149,3.6935,11.7627,2.0035,0.4702000000000002,-1.8953999999999995,0.0119068408376322,-0.0386628322591011,1.0,0.6931471805599453,6.993932975223189,0.0
2011-08-11,-0.06487306337471,1.03546314974225,0.285560780752437,-0.749902368989815,8.1846,1.667,3.8126,12.1421,2.2557,0.4885000000000001,-1.9597999999999995,0.0152834654245933,0.01260355461089,1.0,-0.6931471805599453,-6.489204931325317,0.0
2011-08-12,-0.0432924042892,0.947140886057449,0.284217035274508,-0.66292385078294,8.1453,1.659,3.7943,12.0838,1.7913,0.5154000000000001,-1.9821,0.0150257004680939,0.0045084981119023,1.0,-0.6931471805599453,-6.984716320118265,0.0
2011-08-16,0.01240827209399,0.960576537839024,0.282995287368175,-0.677581250470849,8.1846,1.667,3.8126,12.1421,3.6214999999999993,0.4967999999999999,-1.9447000000000003,0.0141957654508473,-0.0071076621838397,3.0,0.0,0.0,0.0
2011-08-18,-0.0812114914933899,0.958696340532277,0.283514286750319,-0.675182053781958,8.224,1.675,3.8309,12.2005,1.9237999999999995,0.4121000000000001,-1.9282,0.0130458797529702,-0.0161953402339358,1.0,0.0,0.0,0.0
2011-08-22,-0.10239343030277,0.940655066960838,0.288832166733681,-0.651822900227157,8.0272,1.635,3.7393,11.9086,2.108650340203003,0.3917999999999999,-1.9327,0.0131904182728116,-0.0073244646856336,1.0,-0.6931471805599453,-7.323170717943469,0.0
2011-08-23,-0.09289150737527,0.941996479830803,0.288360064296262,-0.653636415534541,8.0863,1.647,3.7668,11.9962,2.1384,0.4079000000000001,-1.9299,0.0127797574110728,0.0150523110482385,1.0,-0.6931471805599453,-7.333023014386481,-0.6931471805599453
2011-08-25,-0.02454284122826,0.950233814211766,0.28530141283044,-0.664932401381326,8.224,1.675,3.8309,12.2005,2.2078988233879,0.4159000000000001,-1.9256999999999995,0.0125513952155981,0.0287703849627867,2.0,0.0,0.0,0.0
2011-08-26,0.0021234737384759,0.948105186796302,0.285083071155903,-0.663022115640399,7.6403,1.6914,3.8126,12.1421,2.233202006892478,0.4142999999999999,-1.9235,0.0150106646613825,-0.0011757170099553,13.0,0.0,-1.9712993830601329,0.0
2011-08-29,-0.0042918566100318,0.945975451542327,0.285583487836842,-0.660391963705485,7.4934,1.6589,3.7393,11.9086,2.1995000000000005,0.4014999999999999,-1.8927,0.0142516446198452,-0.013790062843566,2.0,-1.0986122886681098,-7.146772179452637,0.0
2011-08-31,-0.08473200339876,0.910556704940927,0.299284260064836,-0.611272444876092,7.6036,1.6833,3.7943,12.0838,2.2172,0.2606000000000006,-1.9370999999999992,0.0135886863390861,0.000290225725581,2.0,0.0,-0.5459086244211558,0.0
2011-09-01,-0.11501411045863,0.891579281909027,0.277896234272096,-0.613683047636931,7.5852,1.6792,3.7851,12.0546,2.0522,0.2571000000000003,-1.9514,0.0129288066553972,-0.0044103751441904,1.0,0.0,0.0,0.0
2011-09-02,-0.14417895111308,0.900124272122003,0.276554858480114,-0.623569413641888,7.5301,1.667,3.7576,11.967,1.9449,0.2468000000000003,-1.9529999999999996,0.0124021756461353,-0.0109207386602658,1.0,0.6931471805599453,7.255591274253665,0.6931471805599453
2011-09-05,-0.12240287661066,0.934683832141584,0.272755877706902,-0.661927954434682,7.4934,1.6589,3.7393,11.9086,2.2456000000000005,0.2297999999999995,-1.9759,0.0123379259143092,-0.0197892665235057,1.0,-0.6931471805599453,-6.955592608396297,-0.6931471805599453
2011-09-06,-0.07870811076426,0.928511587722099,0.263453510335564,-0.665058077386536,7.475,1.6549,3.7301,11.8795,3.3865,0.2130999999999998,-2.0203,0.0133525476073308,-0.0033196892322502,1.0,0.6931471805599453,8.990441550826862,5.198497031265826
2011-09-07,-0.04481931481392,0.92882312304192,0.25570125891473,-0.673121864127191,7.5669,1.6752,3.7759,12.0254,2.1404,0.2705999999999999,-2.011,0.0127570652557285,0.0182758353744612,5.0,-0.6931471805599453,-6.666956792429207,-0.6931471805599453
2011-09-08,-0.02195024911315,0.954700922915451,0.251627682953412,-0.703073239962039,7.622,1.6874,3.8034,12.113,2.0256,0.2644000000000002,-2.026,0.0134461785576397,-0.0068382667945732,1.0,0.0,0.0,0.0
2011-09-16,-0.06861751406531,1.36829825079944,1.28437581301605,-0.0839224377833923,7.5301,1.667,3.7576,11.967,1.8827000000000005,0.1550999999999995,-2.0576,0.0113476858090666,0.0013254330659853,1.0,0.6931471805599453,7.530479995245536,0.0
2011-09-27,-0.04458687970622,1.3818081180033,1.3159753261766,-0.0658327918267041,7.3465,1.6264,3.666,11.6751,2.1447,0.3889,-2.213,0.0152445559575291,0.0090973680542889,4.0,0.0,0.0,0.0
2011-09-28,-0.06904293706921,1.38325942222494,1.31503920463555,-0.0682202175893902,7.3281,1.6223,3.6568,11.6459,2.2877000000000005,0.3971,-2.2086,0.0147379944680801,-0.00956589161808,1.0,-0.6931471805599453,-7.077498053569231,0.0
2011-09-30,-0.04343380737038,1.38471814215151,1.33043885215949,-0.0542792899920217,7.3097,1.6183,3.6476,11.6168,3.356294237704547,0.3875999999999999,-2.2676,0.0140763684314956,-0.0025919872073094,2.0,-1.0986122886681098,-7.688455356549944,-1.6094379124341005
2011-10-10,-0.01806318158102,1.38394989401664,1.3292073711476,-0.0547425228690395,7.3281,1.6223,3.6568,11.646,2.347,0.3445,-2.3523,0.0134076419743001,-0.0061364897166749,6.0,-0.6931471805599453,-1.6901312959461563,-1.0986122886681098
2011-10-11,0.0093538441643701,1.43643282183378,1.52961271333631,0.0931798915025381,7.4383,1.6467,3.7118,11.8211,2.2672000000000003,0.3854000000000002,-2.3635999999999995,0.0129142055962119,0.0015890731046734,10.0,0.6931471805599453,7.074116816197362,0.0
2011-10-12,0.02183312123904,1.44149904625752,1.55156456864262,0.110065522385107,7.5669,1.6752,3.7759,12.0254,2.4020999999999995,0.5964999999999998,-2.3322,0.0123139707063935,0.0299839008476174,4.0,1.0986122886681098,7.463363045520021,0.0
2011-10-13,0.04560643840318,1.43807554622188,1.55694410225248,0.118868556030601,7.5852,1.6792,3.7851,12.0546,2.7620000000000005,0.6726000000000001,-2.292,0.0150739282871486,0.0077344744972878,2.0,0.6931471805599453,7.342779189331845,1.0986122886681098
2011-10-17,0.01619459751678,1.44047598850413,1.59596603398141,0.15549004547728,7.622,1.6874,3.8034,12.113,3.2830999999999992,0.6617000000000002,-2.2619,0.0138135755717814,0.003705838888286,1.0,-0.6931471805599453,-7.01571242048723,0.0
2011-10-18,-0.01708246321538,1.4398414921678,1.57106763676498,0.13122614459718,7.6587,1.6955,3.8218,12.1713,2.7061999999999995,0.6233999999999997,-2.2718000000000003,0.013185349431181,-0.0235990774562697,3.0,-0.6931471805599453,-6.480044561926653,0.0
2011-10-19,-0.06147817566593,1.44213942551044,1.57296296545973,0.130823539949292,7.6771,1.6996,3.8309,12.2005,2.4991638018972124,0.6328,-2.0457,0.0146271275251155,-0.0025091396334522,1.0,-0.6931471805599453,-7.080026499922591,0.0
2011-10-20,-0.11144686877965,1.44167564808338,1.56968075787641,0.128005109793025,7.6403,1.6914,3.8126,12.1421,2.4548999999999994,0.6246,-1.9408,0.0139151761354027,-0.0196002008580808,3.0,0.0,-0.2549726969157487,-0.6931471805599453
2011-10-21,-0.11058327828812,1.44203378437777,1.57686353416921,0.134829749791448,7.622,1.6874,3.8034,12.113,2.6721,0.6448,-1.8989000000000005,0.0146280453743214,-0.0060624355192544,1.0,-0.6931471805599453,-6.663132695990803,0.0
2011-10-24,-0.07403634716358,1.44171260491839,1.57715727176285,0.135444666844456,7.6954,1.7036,3.8401,12.2297,3.8079,0.6387,-1.8841000000000008,0.0140283116362788,0.022638525240116,1.0,0.6931471805599453,6.2766434893416445,0.0
2011-10-25,-0.0289317986665799,1.44061520085695,1.56598854039929,0.12537333954234,7.7873,1.724,3.8859,12.3756,3.9973,0.6645999999999996,-1.8628000000000005,0.0151162512679188,0.0164601870490486,3.0,0.0,0.0,0.0
2011-10-26,0.02771500391218,1.44978883123849,1.65023455636856,0.200445725130067,7.824,1.7321,3.9043,12.434,2.4793,0.6789000000000001,-1.8972,0.0152449101723372,0.0073630435653511,1.0,0.0,0.0,0.0
2011-10-27,0.04113919342206,1.45114654392322,1.66342438190526,0.212277837982045,7.8974,1.7484,3.9409,12.5508,2.4871,0.6759,-1.8865000000000005,0.0146426824352573,0.0033451985855892,2.0,-1.0986122886681098,-8.102889134640868,-1.791759469228055
2011-10-28,0.01976669423718,1.45208303864239,1.6704584327131,0.21837539407071,7.4377,1.6663,3.9409,12.5508,2.631,0.6480999999999999,-1.9197,0.0139416852093262,0.0153988845293024,8.0,-1.3862943611198906,-7.993619994827744,-2.079441541679836
2011-10-31,-0.04097594265451,1.45158190588421,1.66809895492835,0.216517049044137,7.4723,1.674,3.9592,12.6092,1.9273,0.6374999999999997,-1.9299,0.0141074007134763,-0.0020883678259329,1.0,0.0,0.0,0.0
2011-11-01,-0.12072606668227,1.44933305946922,1.65297241706837,0.203639357599151,7.4377,1.6663,3.9409,12.5508,2.8852,0.6511,-1.9416,0.0134270533091475,0.0007164454085701,2.0,-0.6931471805599453,-4.983606621708336,0.0
2011-11-03,-0.18388530043783,1.44280522984254,1.58696816721512,0.144162937372575,7.4723,1.674,3.9592,12.6092,2.7618,0.7343999999999999,-1.9128,0.0129164026737364,0.0015889239961284,1.0,0.0,0.0,0.0
2011-11-04,-0.17503091865893,1.44231987306641,1.59048718592749,0.148167312861075,7.5069,1.6818,3.9776,12.6675,2.8163,0.7465000000000002,-1.9100999999999997,0.0123159966173752,0.0080232596966576,1.0,0.0,0.0,0.0
2011-11-11,-0.1243521757383999,1.43933706929237,1.56083628404695,0.121499214754579,7.4204,1.6624,3.9318,12.5216,3.2024000000000004,1.0484,-1.8687,0.0120735999283351,0.0006241155542037,2.0,1.0986122886681098,7.105786129481271,0.0
2011-11-14,-0.11568289241342,1.44242239495677,1.58777470526964,0.145352310312869,7.5242,1.6857,3.9867,12.6967,3.525499999999999,1.0875000000000004,-1.8995999999999995,0.0115308714894235,0.0190153116636162,3.0,0.6931471805599453,6.582025138892826,0.0
2011-11-21,-0.10690255001608,1.43739836679692,1.57205668041942,0.134658313622501,7.3512,1.6469,3.8951,12.4048,3.1804,1.0218000000000005,-1.8807,0.0140139795565877,-0.0005927530322411,2.0,-0.6931471805599453,-6.736966958001855,0.0
2011-11-22,-0.12429270148108,1.44216911370092,1.61137038113425,0.169201267433332,7.2993,1.6353,3.8676,12.3173,3.206500000000001,0.9982000000000002,-1.9143000000000003,0.0133241941548138,-0.0010377495232498,3.0,1.0986122886681098,8.062747901086354,1.3862943611198906
2011-11-23,-0.0959829549956799,1.44296903564525,1.61060256744402,0.167633531798765,7.3339,1.643,3.8859,12.3756,3.0309000000000004,0.9431000000000004,-1.9509,0.0126895094957042,-0.0073049959908964,5.0,1.3862943611198906,8.490438454107418,0.6931471805599453
2011-11-24,-0.04413718149525,1.44185438126631,1.60315619610045,0.161301814834145,7.4031,1.6585,3.9226,12.4924,3.1317,0.9687,-1.9167,0.0123241772302636,0.0010386806144078,1.0,0.0,0.0,0.0
2011-11-28,-0.0063965170630286,1.44233364964471,1.61339098439205,0.171057334747335,7.3166,1.6391,3.8768,12.3465,3.151,0.96,-1.8675,0.011484808681773,0.0011798648429204,1.0,-0.6931471805599453,-6.818924065275521,0.0
2011-11-30,-0.02186892716947,1.44400698677338,1.62254282179615,0.178535835022773,7.2475,1.6236,3.8401,12.2297,3.1098,0.9061000000000003,-1.9245,0.0112104715597166,-0.0332867696976073,6.0,-1.0986122886681098,-9.87508807801443,-5.459585514144159
2011-12-01,-0.03307193523242,1.45989318326294,1.5726212062564,0.112728022993457,7.4031,1.6585,3.9226,12.4924,2.8902000000000005,0.9971,-1.887,0.0150637176890588,0.0226462633920645,2.0,-0.6931471805599453,-6.736966958001855,0.0
2011-12-02,-0.04851703573091,1.4603176283792,1.56684544867172,0.106527820292518,7.3512,1.6469,3.8951,12.4048,2.6187000000000005,0.9343,-1.8155,0.0159700757442203,-0.0110357592136969,5.0,0.9162907318741552,2.1497845605379267,0.9808292530117262
2011-12-05,-0.06126819512477,1.45990210373173,1.56373858802889,0.103836484297158,7.4031,1.6585,3.9226,12.4924,2.0041,0.9472,-1.838,0.0155422587694721,-0.0116897902947883,2.0,0.6931471805599453,6.93537044601511,0.0
2011-12-06,-0.0776618493395299,1.45994708310412,1.56248426956649,0.102537186462368,7.2648,1.6275,3.8493,12.2589,2.3134,0.9181,-1.8010000000000002,0.0152053060720275,-0.0031439344877099,1.0,0.0,0.0,0.0
2011-12-07,-0.0886937171926399,1.45922586192245,1.54288269589778,0.0836568339753248,7.2129,1.6159,3.8218,12.1713,2.9185,0.9061,-1.761,0.0144632667748504,0.0029300449092106,5.0,-1.0986122886681098,-7.951911381854188,0.0
2011-12-08,-0.07225211944391,1.45901031827716,1.5410883499593,0.0820780316821426,7.1956,1.612,3.8126,12.1421,3.4185,0.912,-1.7460999999999998,0.0137668226208911,-0.0012482441487353,1.0,0.0,0.0,0.0
2011-12-09,-0.09136520373073,1.45778260034893,1.54009220178548,0.0823096014365516,7.2129,1.6159,3.8218,12.1713,3.8156394736842105,0.8860999999999999,-1.7596999999999996,0.0131007454425834,-0.006264699967625,2.0,0.6931471805599453,7.510977752014095,0.0
2011-12-12,-0.06795055275105,1.45704234723628,1.5409875198757,0.0839451726394134,7.1264,1.5965,3.7759,12.0254,4.606,0.8986000000000001,-1.7486999999999997,0.0126404085362335,-0.010300048840854,3.0,0.6931471805599453,7.487173694213739,0.0
2011-12-13,-0.03705731735319,1.45759871486786,1.54144062801562,0.0838419131477568,7.1783,1.6081,3.8034,12.113,2.8431999999999995,0.9141000000000004,-1.7502,0.0124956488984072,-0.0189229094540275,2.0,0.6931471805599453,7.597396320212795,0.6931471805599453
2011-12-14,-0.02234168682716,1.45772418043976,1.54429376875186,0.0865695883121007,7.0918,1.5888,3.7576,11.967,3.0860000000000003,0.8966000000000003,-1.7578,0.0133551879578466,-0.0089634214622069,1.0,-0.6931471805599453,-6.459904454377535,0.0
2011-12-15,-0.02534513682194,1.45403888274191,1.50080885931962,0.0467699765777043,7.1091,1.5926,3.7668,11.9962,3.9202,0.9228999999999998,-1.7393999999999998,0.0130339251705221,-0.0216045886428952,1.0,0.6931471805599453,6.447305862541213,0.0
2011-12-16,-0.02067822826267,1.4545236003674,1.50738730011437,0.0528636997469698,7.2129,1.6159,3.8218,12.1713,3.8003704000000007,0.8909999999999996,-1.7547,0.0141912504831857,0.0199496599132551,1.0,0.0,0.0,0.0
2011-12-20,-0.01000199219314,1.45633027676827,1.49861405415355,0.0422837773852807,7.1783,1.6081,3.8034,12.113,2.7793000000000005,0.9012000000000002,-1.7521,0.0141508230398884,-0.0010396546847575,1.0,-0.6931471805599453,-7.048386408721883,-1.6094379124341005
2011-12-22,-0.01299937338615,1.45534545623063,1.43457981691385,-0.0207656393167805,7.1783,1.6081,3.8034,12.113,3.5186,0.8343000000000003,-1.7123999999999997,0.0132999237295322,-0.0022163622778963,6.0,-1.0986122886681098,-7.946971357693591,-1.0986122886681098
2011-12-23,-0.03559959116862,1.45464272488167,1.42949518591473,-0.025147538966936,7.2129,1.6159,3.8218,12.1713,3.3384,0.8200000000000003,-1.7137999999999995,0.0126834174172968,0.0084202997983693,1.0,-0.6931471805599453,-6.356107660695892,0.0
2011-12-27,-0.09284477760166,1.45760793151018,1.44615299395583,-0.0114549375543498,7.2129,1.6159,3.8218,12.1713,3.255560808882823,0.8101000000000003,-1.7362000000000002,0.0120006487347804,-0.0109749822712208,2.0,-0.6931471805599453,-9.510667161961042,-1.0986122886681098
2011-12-29,-0.07760905076415,1.45563821767434,1.44841425166285,-0.0072239660114887,7.2648,1.6275,3.8493,12.2589,3.236528162024688,0.7848000000000002,-1.7498,0.0114628689047548,0.0016336780674652,5.0,-0.6931471805599453,-5.214935757608986,0.0
2011-12-30,-0.0789630004385,1.4555764210212,1.44643274908184,-0.0091436719393553,7.3339,1.643,3.8859,12.3756,3.2258,0.7662,-1.75,0.0109778532148164,0.0118254888602669,1.0,0.0,0.0,0.0
2012-01-06,-0.09312454936315,1.45605685275696,1.45271295207994,-0.0033439006770272,7.4045,1.6588,3.144,4.6787,3.513100000000001,0.7624999999999997,-1.7304,0.0114753848487979,0.0069311642194422,1.0,-0.6931471805599453,-6.732210706467206,0.0
2012-01-11,-0.13688364450828,1.45357580847213,1.40809043851608,-0.0454853699560505,7.5256,1.686,3.1954,4.7552,3.76,0.6755,-1.4813,0.015688462980395,-0.0042518461438119,2.0,-0.6931471805599453,-6.630683385642372,-1.0986122886681098
2012-01-19,-0.24828135599361,1.45313134883256,1.4012357716304,-0.0518955772021596,7.5429,1.6898,3.2028,4.7661,2.6674,0.6705000000000001,-1.4756999999999998,0.0184023380361963,0.013015533573867,2.0,-1.0986122886681098,-7.327123292259293,0.0
2012-01-20,-0.1934576214658299,1.4508025043723,1.40477848216367,-0.0460240222086314,7.5429,1.6898,3.2028,4.7661,2.639337800661941,0.6704999999999997,-1.4707,0.0178681506724278,0.0099857975515327,2.0,-1.0986122886681098,-7.883069351305753,-1.3862943611198906
2012-02-03,-0.1772745546724,1.44732180114492,1.3467375619514,-0.100584239193513,7.6294,1.7092,3.2395,4.8208,2.3577000000000004,0.7008000000000001,-1.4005,0.0160083173558347,0.0076886658877457,4.0,-0.6931471805599453,-0.7375989431307791,1.0986122886681098
2012-02-06,-0.14754531545356,1.44349050858865,1.32636075682287,-0.117129751765781,7.6294,1.7092,3.2395,4.8208,2.3533960927037767,0.7509999999999999,-1.363,0.0153585710078141,0.0003136301948183,2.0,-0.6931471805599453,-6.565264970035361,0.0
2012-02-09,-0.09385462621579,1.44400323061288,1.32168036070872,-0.122322869904157,7.6467,1.7131,3.2468,4.8317,2.0453,0.6718999999999999,-1.3626,0.0159921410763761,0.0008767076720346,1.0,0.6931471805599453,6.901737206656574,1.791759469228055
2012-02-13,-0.13944407197402,1.4467458038139,1.35104019511311,-0.0957056087007879,7.5602,1.6937,3.2101,4.7771,1.9987000000000004,0.6565000000000003,-1.3787000000000005,0.0143852541109729,-5.357329636090924e-05,2.0,-1.0986122886681098,-9.079889942592118,-5.062595033026967
2012-02-16,-0.15877017120287,1.43798395706905,1.27105669513241,-0.166927261936633,7.5948,1.7015,3.2248,4.7989,2.2207,0.6104999999999996,-1.3674000000000004,0.012754779640296,-0.0041672001945345,1.0,0.0,0.0,0.0
2012-02-27,-0.16292001785155,1.44468610825555,1.32528467032601,-0.119401437929549,7.6813,1.7208,3.2615,4.8536,2.4318000000000004,0.6254,-1.3485,0.0107899145115958,0.0030405093527559,1.0,0.0,0.0,0.0
2012-03-12,-0.18070464143144,1.4460625655837,1.34434568761032,-0.101716877973385,7.491,1.6782,3.1807,4.7333,3.6352,0.6981000000000002,-1.4639000000000002,0.010525301881531,-0.0018886738761256,1.0,0.6931471805599453,7.418780882750794,3.258096538021482
2012-03-20,-0.1767769129274599,1.45233634842578,1.37549387139622,-0.0768424770295528,7.4737,1.6743,3.1734,4.7224,3.350999999999999,0.7289999999999996,-1.4765,0.0120334066630496,-0.0139316394876107,2.0,-0.6931471805599453,-6.548219102762372,0.0
2012-03-23,-0.1379062376061099,1.4582528969632,1.41502721884277,-0.043225678120435,7.4391,1.6666,3.1587,4.7005,3.340297566589494,0.6989999999999998,-1.5753000000000004,0.0112472991109305,-0.0111032986006138,3.0,0.0,-1.676879193229633,-3.80666248977032
2012-04-20,-0.18770318362981,1.46353905105769,1.46948131113004,0.0059422600723515,7.4135,1.6138,3.249,4.8349,2.130642928915157,0.7902999999999998,-1.6511999999999998,0.011893248989893,0.0117978665251703,1.0,0.0,0.0,0.0
2012-04-26,-0.16307598605697,1.45593966185772,1.41856284123528,-0.0373768206224339,7.3631,1.6028,3.2269,4.8021,2.78885,0.7477999999999998,-1.6651000000000002,0.0109418246185986,-0.0008795576176359,2.0,-1.0986122886681098,-7.674152921281675,0.0
2012-05-02,-0.1641665497346099,1.45487354083357,1.41695999558056,-0.0379135452530166,7.138,1.5076,3.2416,4.824,2.0376,0.7669000000000001,-1.662,0.0101425019537669,0.0174242921463259,1.0,0.6931471805599453,7.033506484287697,0.0
2012-05-04,-0.14602932877202,1.45584490111789,1.42229796720657,-0.0335469339113157,7.0894,1.4973,3.2196,4.7912,1.4383000000000004,0.7641,-1.6557999999999995,0.0107130643400712,0.0048789020295831,1.0,-0.6931471805599453,-6.928537818164665,0.0
2012-05-17,-0.0609926715245199,1.45437265098251,1.41429557126024,-0.0400770797222676,7.0085,1.4802,3.1828,4.7365,1.8287,1.0678999999999998,-1.6226000000000005,0.0099954938192225,0.0138387225641523,2.0,1.0986122886681098,10.323808431876278,3.610917912644224
2012-05-18,-0.06085187532351,1.45272428246849,1.4006411193423,-0.0520831631261887,6.879,1.4529,3.124,4.649,2.5244,1.0337,-1.6394999999999995,0.0105533029822545,-0.0145516207641751,4.0,-0.6931471805599453,-7.0925737159746784,-2.833213344056216
2012-05-21,-0.05844680918302,1.4522417720798,1.40101201021937,-0.0512297618604274,6.8466,1.4461,3.1093,4.6271,2.5601000000000003,1.0936,-1.5863,0.0111453308319277,0.0016109720029744,2.0,0.0,0.0,0.0
2012-05-24,-0.08241068672266,1.45781519022759,1.44636545089013,-0.0114497393374686,6.7819,1.4324,3.0799,4.5833,2.4944,1.146,-1.6088999999999998,0.0104242079524086,-0.0052876304946352,1.0,0.0,0.0,0.0
2012-06-01,-0.12925455380625,1.46107544504648,1.42580815587534,-0.0352672891711356,6.8628,1.4495,3.1167,4.638,4.476699999999999,1.1715,-1.6241,0.0099810942689139,0.0005065670498387,1.0,-0.6931471805599453,-6.760414691083428,0.0
2012-06-06,-0.16717788917168,1.43017266493749,1.38421699635754,-0.0459556685799589,6.7981,1.4358,3.0873,4.5943,1.2928999999999995,1.1976,-1.6114000000000002,0.0121937325806413,-0.0010217526867108,2.0,0.6931471805599453,6.652863029353347,0.0
2012-06-08,-0.1243442862960999,1.44435265758154,1.48436284804626,0.0400101904647234,6.7333,1.4221,3.0579,4.5505,1.2653000000000003,1.1837,-1.5725000000000002,0.0113708484355157,-0.0051078057710975,3.0,0.6931471805599453,6.823286122355687,0.0
2012-06-11,-0.10004116273766,1.44632577568991,1.49285022118905,0.0465244454991438,6.7495,1.4255,3.0652,4.5614,3.87818125,1.2392,-1.5096999999999996,0.0110082212207205,0.0106420833188964,1.0,0.6931471805599453,8.642768014324304,4.219507705176107
2012-06-12,-0.06669249014463,1.44971545503658,1.51682001564617,0.067104560609587,6.7495,1.4255,3.0652,4.5614,4.3621,1.2632999999999996,-1.4845000000000006,0.011061099409086,-0.0069914270778923,1.0,0.0,0.0,0.0
2012-06-13,-0.07350107884768,1.44971123378466,1.5184348782827,0.0687236444980388,6.7982,1.4358,3.0873,4.5944,1.8224,1.2794,-1.4686,0.0108348638976262,0.0126427379639091,1.0,0.6931471805599453,6.583409222158765,0.0
2012-06-18,-0.08468770114586,1.44917991103044,1.50404166046949,0.0548617494390518,6.3936,1.3504,2.9036,4.3209,1.3167999999999995,1.3156,-1.5035000000000005,0.0107502541683551,0.003981054391108,1.0,0.0,0.0,0.0
2012-06-27,-0.1143429009831299,1.44874654772097,1.47350781118116,0.0247612634601913,6.3774,1.3469,2.8962,4.3099,1.5879,1.136,-1.6633,0.0108881753749604,-0.0023126835465108,2.0,0.6931471805599453,7.07326971745971,1.0986122886681098
2012-06-28,-0.08120360205109,1.4494584851361,1.47971864669488,0.0302601615587805,6.345,1.3401,2.8815,4.2881,1.8996,1.1057,-1.653,0.0104680391044823,-0.0095591327649149,1.0,0.6931471805599453,6.996681488176539,0.0
2012-07-02,-0.03971120436615,1.44991507469459,1.48027243980883,0.0303573651142448,6.3774,1.3469,2.8962,4.3099,3.6299,1.1166,-1.6528,0.0109290689186636,0.0003050629008098,2.0,0.0,0.1043796426022343,0.0
2012-07-03,-0.03961288977752,1.45008337961697,1.48138309739441,0.0312997177774381,6.345,1.3401,2.8815,4.2881,2.7838000000000003,1.0942999999999996,-1.6678000000000002,0.0104771948680653,0.0013839689431174,1.0,-0.6931471805599453,-6.665683717782408,0.0
2012-07-06,-0.1034548637319199,1.45125694859736,1.48985983313527,0.0386028845379103,6.3288,1.3367,2.8742,4.2771,2.2898097488316624,1.1357999999999997,-1.6237,0.0100710398682319,0.0100458885786807,2.0,-1.0986122886681098,-8.293049139768444,-3.737669618283368
2012-07-11,-0.1370468952758199,1.45065340591536,1.48577902732008,0.0351256214047198,6.1022,1.2888,2.7713,4.124,1.39202131189481,1.1069999999999998,-1.6622000000000003,0.0118887937903092,0.0050444595450986,1.0,-0.6931471805599453,-7.716460800176355,0.0
2012-07-12,-0.12440133303272,1.45148314270291,1.48782762483187,0.0363444821289647,6.0699,1.282,2.7566,4.1021,1.3277,1.1281,-1.6317999999999997,0.0114653913973097,0.0046357762696613,1.0,-0.6931471805599453,-7.15305163493748,0.0
2012-07-24,-0.08170245755639,1.43871864643926,1.40744538506728,-0.0312732613719811,5.9566,1.2581,2.7051,4.0255,3.9694836230956354,1.1257,-1.5990000000000002,0.0108465215447606,0.0024193159593846,1.0,0.0,0.0,0.0
2012-07-31,-0.09232710881089,1.43780368401791,1.39570039672937,-0.0421032872885412,6.0699,1.282,2.7566,4.1021,1.3401941822377728,1.0007,-1.6257,0.0096204238119711,-0.0029808629924712,1.0,0.6931471805599453,7.118826249062078,0.0
2012-08-13,-0.1658821999942999,1.3423063331207,1.08552251200629,-0.256783821114406,6.167,1.3025,2.8007,4.1677,2.6828,0.883,-1.6985,0.0087626244697783,-0.0152090370789164,2.0,0.0,0.0,0.0
2012-08-14,-0.17755796771495,1.34265815755138,1.09976978587381,-0.242888371677567,6.1993,1.3093,2.8154,4.1896,1.2624000000000004,0.8792000000000004,-1.6905,0.0097853944551348,0.0030136027479983,1.0,0.0,0.0,0.0
2012-08-15,-0.16824175012154,1.33749353442994,1.07775925400144,-0.259734280428504,6.1508,1.2991,2.7933,4.1568,1.7949000000000002,0.8794999999999997,-1.6507999999999998,0.0094737840130197,-0.0110667167232989,2.0,0.0,0.8678259215298748,0.6931471805599453
2012-08-17,-0.13497500635237,1.33805028156287,1.07489172898028,-0.263158552582591,6.1993,1.3093,2.8154,4.1896,1.5238,0.7864,-1.6761999999999997,0.009507531115254,0.0012746365179747,1.0,0.0,0.0,0.0
2012-08-20,-0.10581562761951,1.32538079950936,1.03662848439678,-0.288752315112582,6.2155,1.3128,2.8227,4.2006,1.1601000000000004,0.7136999999999998,-1.6660000000000004,0.009183377296747,-0.00375854807662,2.0,0.6931471805599453,6.926577033222725,0.0
2012-08-21,-0.08215397640789,1.32344642000677,1.03098269615334,-0.292463723853426,6.1993,1.3093,2.8154,4.1896,1.102,0.7248000000000001,-1.6696,0.0089656739740997,0.0053540471903446,1.0,0.0,0.0,0.0
2012-08-22,-0.08267832088061,1.32453459615451,1.03779730167239,-0.28673729448212,6.1993,1.3093,2.8154,4.1896,1.2887,0.7521999999999998,-1.6458999999999997,0.0088387889286281,-0.0049962491345816,1.0,0.6931471805599453,7.084226422097916,0.0
2012-08-23,-0.07875544741805,1.30682724163306,0.982925881565625,-0.323901360067434,6.167,1.3025,2.8007,4.1677,1.053,0.7418,-1.6796000000000002,0.0087197446730531,0.0025402883222884,1.0,0.0,0.0,0.0
2012-08-24,-0.08590995782185,1.31176496791162,0.999699092927753,-0.312065874983863,6.167,1.3025,2.8007,4.1677,0.8689,0.7082999999999999,-1.7234000000000005,0.0084940194941844,-0.0099725546684554,2.0,-0.6931471805599453,-6.588926477533519,0.0
2012-09-03,-0.07335542760526,1.32157751582726,1.05574473767871,-0.265832778148551,5.9337,1.2958,2.7713,4.124,2.5005,0.8607,-1.6318,0.0095523725245529,0.0056615378796474,1.0,-0.6931471805599453,-6.439350371100098,0.0
2012-09-04,-0.06612505717936,1.32043991285112,1.05173200772685,-0.268707905124267,5.8864,1.2855,2.7492,4.0912,1.1195000000000004,0.8757000000000001,-1.6433000000000004,0.0093816691356696,-0.0075548838957306,1.0,0.6931471805599453,7.122866658599083,1.3862943611198906
2012-09-06,-0.09155030218464,1.31818108447611,1.04320876890637,-0.274972315569741,5.8392,1.2752,2.7272,4.0584,1.5807000000000002,0.8784000000000001,-1.6155999999999997,0.0091128616664036,0.0069625689532442,1.0,-0.6931471805599453,-7.028201432058005,-0.6931471805599453
2012-09-17,-0.2586383730901599,1.32921317014831,1.07872114667597,-0.250492023472344,5.9022,1.2889,2.7566,4.1021,1.0066000000000002,0.8519999999999999,-1.5953,0.0119025702418747,-0.0215825871762662,1.0,0.0,0.0,0.0
2012-09-18,-0.24208814378979,1.33079662066799,1.08329478095913,-0.247501839708859,5.8235,1.2717,2.7198,4.0474,1.4198999999999995,0.7938999999999998,-1.6754000000000002,0.0132841789224118,-0.0091623661804263,2.0,1.0986122886681098,7.693937325509272,0.0
2012-09-21,-0.0804304367059,1.21970416840583,1.08971135596657,-0.129992812439262,5.7605,1.258,2.6904,4.0037,1.654,0.7536999999999998,-1.6420999999999997,0.0136135578161065,0.0009147169100449,1.0,-0.6931471805599453,-6.799055862058796,-0.6931471805599453
2012-09-27,-0.02109090678286,1.29723950920652,1.27441548165162,-0.0228240275548923,5.8707,1.282,2.7419,4.0802,0.9816000000000004,0.7103000000000002,-1.6694,0.0119858608246894,0.0256884285382472,1.0,-0.6931471805599453,-6.522092798170152,0.0
2012-09-28,-0.0209088427298399,1.28441476511841,1.23359246607956,-0.0508222990388441,5.9022,1.2889,2.7566,4.1021,1.1151,0.7286000000000001,-1.6644,0.0140144388839392,0.0144099331749369,1.0,-0.6931471805599453,-6.78332520060396,0.0
2012-10-26,-0.1220338934631899,1.27369523175522,1.25583123991203,-0.017863991843182,6.0438,1.3199,2.8227,4.2006,0.7957876388358147,0.7061000000000002,-1.5184999999999995,0.0097963846741696,-0.0169739155390935,2.0,0.6931471805599453,6.912742820493176,0.0
2012-10-30,-0.10713255760307,1.27095563740789,1.24980463505446,-0.0211510023534365,5.9966,1.3095,2.8007,4.1677,0.8980999999999999,0.7197,-1.5358,0.0104952639595594,0.0016519103358767,1.0,0.0,0.0,0.0
2012-11-07,-0.11360675532873,1.2334382271508,1.16292062480846,-0.0705176023423424,5.8922,1.2627,2.8521,4.2443,0.8506999999999998,0.7328999999999999,-1.5730000000000004,0.0098236660825187,-0.0001277385132647,1.0,0.0,0.0,0.0
2012-11-14,-0.11457897737189,1.23946255580656,1.23276793544779,-0.0066946203587712,5.877,1.2595,2.8448,4.2334,0.8860999999999999,0.7248999999999999,-1.6118,0.0106549484185408,0.0036702136192152,1.0,0.6931471805599453,7.426549072397305,0.6931471805599453
2012-11-15,-0.08705817511627,1.25179819955435,1.22485846898025,-0.0269397305741024,5.8315,1.2497,2.8227,4.2006,0.9133999999999998,0.7172999999999998,-1.6145000000000005,0.0102866685219413,-0.0123010801154528,1.0,0.0,0.0,0.0
2012-11-16,-0.0619278738769,1.25084758395374,1.22116320806906,-0.0296843758846748,5.8163,1.2465,2.8154,4.1896,0.9152223563565278,0.7118000000000002,-1.6345,0.0106408152923866,-0.0076959303353509,1.0,0.6931471805599453,6.546785410760524,0.0
2012-11-20,-0.07356176686535,1.24763386382526,1.21968009322452,-0.0279537706007402,5.8163,1.2465,2.8154,4.1896,0.9615999999999998,0.7056,-1.6368999999999998,0.0100958236981963,-0.0040035772153386,1.0,-0.6931471805599453,-6.78897174299217,0.0
2012-11-23,-0.05611396178356,1.25049450473831,1.21755368040079,-0.032940824337516,5.8466,1.253,2.8301,4.2115,1.6845,0.7286000000000001,-1.6004999999999998,0.0099124961168907,0.0058239168123499,1.0,0.0,0.0,0.0
2012-11-28,-0.0932683799650399,1.25412022042385,1.21373989539958,-0.0403803250242618,5.877,1.2595,2.8448,4.2334,1.5652999999999997,0.7164000000000001,-1.61,0.0100807907662128,-0.0088996241025336,1.0,-0.6931471805599453,-6.838405200847344,0.0
2012-12-04,-0.09530749735894,1.24944526441844,1.23436417040041,-0.0150810940180293,5.8315,1.2497,2.8227,4.2006,1.3834,0.7123999999999997,-1.6309,0.010057798678588,0.0078152121703469,1.0,0.0,0.0,0.0
2012-12-06,-0.07261867507067,1.26524528999033,1.19936582306737,-0.065879466922961,5.953,1.2758,2.8815,4.2881,1.0863,0.7005999999999997,-1.6355000000000004,0.0131087948735786,-0.0013149006214474,2.0,0.0,0.0,0.0
2012-12-11,-0.14676122626519,1.25657619583653,1.1698110004546,-0.0867651953819313,5.9985,1.2855,2.9036,4.3209,1.4883999999999995,0.6941999999999999,-1.6416999999999995,0.0127485718909686,-0.0043602602125023,1.0,-0.6931471805599453,-7.132497551660044,0.0
2012-12-12,-0.19429754363046,1.24933280298073,1.15465262244698,-0.0946801805337465,6.0744,1.3018,2.9403,4.3756,1.2419000000000002,0.685,-1.6436000000000002,0.0122350359911516,0.0038591196752983,2.0,-1.0986122886681098,-8.1886891244442,0.0
2012-12-17,-0.23018783040375,1.31267201866879,1.26315690927044,-0.0495151093983515,6.2111,1.3311,3.0065,4.474,1.6781,0.7330000000000001,-1.6338000000000004,0.0174093142550564,0.0045080449263998,1.0,0.0,0.0,0.0
2012-12-19,-0.1675219902319,1.30855285486922,1.23497554762826,-0.0735773072409696,6.2263,1.3343,3.0138,4.485,1.9478,0.7502,-1.641,0.0156596302801529,-0.0001040533882683,1.0,0.0,0.0,0.0
2012-12-20,-0.15395579076065,1.30553457163008,1.22162923413899,-0.0839053374910887,6.1807,1.3246,2.9918,4.4522,2.2568000000000006,0.7446000000000002,-1.6406,0.0148478942379328,0.0028236343032075,2.0,1.0986122886681098,7.7823903355874595,1.0986122886681098
2012-12-21,-0.17328188998951,1.30554705526669,1.21454400574251,-0.0910030495241831,6.0896,1.3051,2.9477,4.3865,2.354458163187089,0.7429999999999999,-1.6631999999999998,0.0141204798886577,-0.0069617000470438,3.0,0.4054651081081644,0.8175645860467617,0.0
2012-12-26,-0.17717684696394,1.30550910813908,1.18479635840342,-0.120712749735657,6.1959,1.3278,2.9991,4.4631,2.547,0.7384,-1.7017000000000002,0.0146400574028958,0.0024910096772483,3.0,-1.3862943611198906,-8.866863661202087,0.0
2012-12-28,-0.09880616157795,1.29538370060018,1.15238583354519,-0.142997867054991,6.2263,1.3343,3.0138,4.485,1.734178724328209,0.7736000000000001,-1.7132,0.0133775801666002,0.0123245902571103,2.0,0.6931471805599453,9.181838011503473,5.703782474656201
2013-01-08,-0.16681800922686,1.30064591277198,1.09066766580345,-0.209978246968528,6.2924,1.3485,2.6957,4.0964,1.6411999999999995,0.9114,-1.6774,0.0124326867276268,-0.0040750399375744,4.0,-1.3862943611198906,-8.831857935197906,-0.6931471805599453
2013-01-15,-0.1146675818777,1.30258761116719,1.10202372402276,-0.20056388714443,6.4748,1.3876,2.7738,4.2151,1.3333,0.9258000000000002,-1.6908999999999996,0.014869345565447,0.0060128416198494,1.0,-0.6931471805599453,-6.8001700683022,0.0
2013-01-16,-0.0921492929191,1.30285363731854,1.10887580106349,-0.193977836255051,6.49,1.3909,2.7803,4.225,1.1357,0.9396999999999998,-1.6873999999999998,0.0142367287093465,-0.006982711464567,1.0,0.0,0.0,0.0
2013-01-17,-0.08102882056018,1.30962488213835,1.12743345535028,-0.182191426788068,6.3684,1.3648,2.7282,4.1459,1.5948999999999995,0.9436,-1.6925000000000003,0.0137141546516801,-0.0107044192864362,4.0,0.4054651081081644,0.3755170273454832,0.6931471805599453
2013-01-18,-0.0871316076176599,1.31095699323607,1.13782447192589,-0.17313252131018,6.414,1.3746,2.7478,4.1756,1.5387,0.9535,-1.7027,0.0134871575342061,0.0139772578664061,5.0,1.6094379124341005,9.35409433562088,0.0
2013-01-22,-0.14350288659618,1.31741686958089,1.18178164340327,-0.135635226177624,6.4596,1.3843,2.7673,4.2053,1.2063,0.9342,-1.7206,0.0129876445403674,-0.0056347277027599,1.0,0.0,0.0,0.0
2013-01-24,-0.11368807727241,1.33187357524296,1.18476084625727,-0.147112728985688,6.4596,1.3843,2.7673,4.2053,1.1947,0.8904999999999998,-1.6898999999999995,0.011952484749154,-0.0079217303426668,1.0,-0.6931471805599453,-7.799753318287247,-0.6931471805599453
2013-01-25,-0.08796728162106,1.33223265502705,1.18745684887663,-0.144775806150418,6.4292,1.3778,2.7543,4.1855,1.2182,0.8813999999999997,-1.6828,0.01169863445286,-0.0049169628582097,1.0,-0.6931471805599453,-8.148734808937169,0.0
2013-01-28,-0.08661029754583,1.33752300307331,1.18559336718934,-0.151929635883971,6.5204,1.3974,2.7933,4.2448,1.4039867298264483,0.8907000000000003,-1.6572999999999998,0.0112977479894152,0.0238058992677219,4.0,0.6931471805599453,8.08886878916199,1.3862943611198906
2013-01-29,-0.0705655994327,1.3320106193859,1.17753320251875,-0.154477416867152,6.5204,1.3974,2.7933,4.2448,1.5326999999999995,0.8840000000000003,-1.6501,0.013154341102954,0.005301063400763,3.0,0.0,0.1480112836248373,-1.0986122886681098
2013-01-30,-0.06420792270098,1.32623898490734,1.15608988140923,-0.170149103498115,6.6724,1.4299,2.8584,4.3438,2.0078000000000005,0.8626,-1.6462999999999997,0.0126334520954008,0.0099118128277488,2.0,0.0,-0.555866748369502,-0.6931471805599453
2013-01-31,-0.06883234964788,1.32778171237873,1.16025648752595,-0.167525224852778,6.6876,1.4332,2.865,4.3537,1.5098500000000006,0.8626999999999998,-1.6363,0.0124369714641869,0.0012361845800308,1.0,-0.6931471805599453,-7.433666540166168,-0.6931471805599453
2013-02-01,-0.07474396944968,1.33121294497479,1.155827177138,-0.17538576783679,6.7636,1.4495,2.8975,4.4031,1.0269,0.8673000000000002,-1.6362,0.0118699906789384,0.0139864515812364,2.0,-1.0986122886681098,-8.087332926473351,-1.6094379124341005
2013-02-04,-0.09977534922024,1.33696794075551,1.13130129467477,-0.205666646080734,6.794,1.456,2.9105,4.4229,1.2254,0.8639999999999999,-1.6350000000000002,0.0121592687245443,0.0037687984014969,1.0,0.0,0.0,0.0
2013-02-06,-0.1782595211992799,1.33506320461257,1.11836758901464,-0.216695615597927,6.718,1.4397,2.878,4.3735,1.223493099563442,0.8546,-1.6444,0.0111706036964627,0.000553454719899,1.0,0.0,0.0,0.0
2013-02-21,-0.1039239821085499,1.3497820806235,1.1692929538037,-0.180489126819799,6.3532,1.3615,2.7217,4.136,1.0440407407407406,0.9323,-1.6216000000000004,0.0105714835158181,-0.0301632245196836,1.0,-0.6931471805599453,-7.491645473605133,0.0
2013-02-25,-0.07507168474513,1.34952031260651,1.16813108067309,-0.18138923193342,6.2924,1.3485,2.6957,4.0964,1.2215626466412224,0.9328,-1.5833999999999997,0.0133703883152118,0.0050237358681366,3.0,0.0,0.0,0.0
2013-02-27,-0.03577801394058,1.34300845877609,1.15029641102237,-0.19271204775372,6.3532,1.3615,2.7217,4.136,2.3517,0.9088999999999996,-1.5875000000000004,0.0130170064048533,0.0086307870012101,1.0,-0.6931471805599453,-7.076653815443951,0.0
2013-03-05,-0.05540755325782,1.3577546150476,0.995166829884465,-0.362587785163131,6.3532,1.3615,2.7217,4.136,2.339700000000001,0.8540999999999999,-1.5982999999999996,0.0173274969560994,0.023003334015442,1.0,0.6931471805599453,6.723832440821209,0.0
2013-03-12,-0.07953104028395,1.34817056636915,0.96599007803423,-0.382180488334916,6.2772,1.3453,2.6891,4.0865,1.1544625000000002,0.8459000000000003,-1.5936999999999997,0.0149312710626989,-0.0104360167700354,1.0,-0.6931471805599453,-7.720017940432244,-1.3862943611198906
2013-03-13,-0.1074451008941,1.34783157549811,0.965924334086835,-0.381907241411276,6.2772,1.3453,2.6891,4.0865,1.2402999999999995,0.8508999999999998,-1.5985999999999998,0.0145605667257592,-0.0099491588105848,2.0,1.0986122886681098,8.260492856573185,1.3862943611198906
2013-03-18,-0.02202792977578,1.34915408631322,0.97501924255268,-0.374134843760544,6.186,1.3257,2.6501,4.0271,1.1702999999999997,0.8819000000000004,-1.5682,0.0129039665148762,-0.0169908724413359,2.0,1.0986122886681098,9.142703723260372,1.0986122886681098
2013-03-19,0.0044787757044733,1.34814878779503,0.974858389165639,-0.373290398629387,6.2012,1.329,2.6566,4.037,1.2933833366593492,0.8674,-1.5781,0.0134349886955485,0.0077457613026465,4.0,-0.6931471805599453,-0.7767534833545647,-0.6931471805599453
2013-03-20,0.0259726509246999,1.34176850033371,0.980439093279833,-0.36132940705388,6.338,1.3583,2.7152,4.1261,1.5378999999999996,0.9061,-1.5950000000000002,0.0130114217646507,0.0262058780465626,1.0,-0.6931471805599453,-7.43543801981455,0.0
2013-03-21,0.01891645510954,1.34124450691001,0.977651669318963,-0.363592837591052,6.338,1.3583,2.7152,4.1261,1.8156,0.9235000000000002,-1.5856000000000003,0.0148874528003315,0.002959316329588,2.0,-0.6931471805599453,-7.792761720816526,-1.0986122886681098
2013-03-22,-0.01106463938265,1.33886065574972,0.971424629514067,-0.367436026235648,6.3532,1.3615,2.7217,4.136,1.3892999999999995,0.9499999999999996,-1.5861999999999998,0.0141597328739426,0.0017349741698726,1.0,-0.6931471805599453,-7.444248649496705,0.0
2013-03-27,-0.11584857070167,1.33257485342778,0.950349695853502,-0.382225157574273,6.262,1.342,2.6826,4.0766,1.6073000000000004,0.9367,-1.6176,0.0128592552516729,0.0015612337175987,4.0,-1.3862943611198906,-8.398860004454372,0.0
2013-03-28,-0.1597041597949099,1.35213399067211,0.949038839918497,-0.403095150753614,5.8775,1.2462,2.611,3.9678,1.4406999999999996,0.9148999999999998,-1.6182000000000003,0.01226293259091,-0.028632755690956,2.0,0.6931471805599453,6.955592608396297,0.0
2013-03-29,-0.15428471981646,1.35054948886336,0.944661149846854,-0.405888339016509,5.9361,1.2586,2.6371,4.0074,1.3342,0.9092000000000002,-1.6295000000000002,0.0148228858774524,0.0001426360348881,15.0,0.0,0.0,0.0
2013-04-02,-0.08133468816927,1.35200488957788,0.950878294714104,-0.401126594863773,5.9508,1.2617,2.6438,4.0175,1.2725,0.8886000000000003,-1.6677999999999995,0.0133802857607357,-0.0029828792425341,1.0,-0.6931471805599453,-8.540128162698734,-3.044522437723423
2013-04-10,-0.0046395989513142,1.35440191435394,0.972587359715197,-0.381814554638747,5.9658,1.2649,2.6503,4.0274,1.1191,0.9401000000000002,-1.6397999999999997,0.0114498987742351,0.00015768544751,1.0,0.0,0.0,0.0
2013-04-11,-0.02076319148741,1.35639900435213,0.974168300728112,-0.38223070362402,5.9805,1.268,2.6568,4.0373,1.1266000000000005,0.9432999999999998,-1.6416999999999995,0.0109556182961326,-0.0029570307660735,2.0,0.0,0.0,0.0
2013-04-12,-0.0319346417811699,1.35409002306692,0.970861118607426,-0.383228904459494,5.9658,1.2649,2.6503,4.0274,1.1371045774953186,0.902,-1.6416999999999995,0.0105466824251423,-0.0057713847803633,1.0,0.0,0.0,0.0
2013-04-15,-0.03863217141187,1.35502826132939,0.976930877785664,-0.378097383543729,5.9219,1.2556,2.6307,3.9977,1.3464,0.8658000000000001,-1.6566999999999998,0.0102967953477206,-0.0113191335392137,3.0,0.0,0.0,0.0
2013-04-16,-0.0505688976085299,1.35320400710548,0.973053322962184,-0.3801506841433,5.9219,1.2556,2.6307,3.9977,1.9879,0.8210000000000002,-1.6868999999999996,0.0105387652453442,0.0058965786731874,1.0,0.0,0.0,0.0
2013-04-17,-0.06732425240864,1.35669084098465,0.981586440657092,-0.375104400327554,5.9219,1.2556,2.6307,3.9977,1.9507000000000003,0.8334000000000001,-1.6742999999999997,0.0102820677696196,-0.0004785079393743,1.0,0.0,0.0,0.0
2013-04-18,-0.07069668555088,1.35699819536568,0.981808143772506,-0.375190051593175,5.9512,1.2618,2.6438,4.0175,1.3558999999999997,0.8487999999999998,-1.6541,0.0098857828171116,0.0017333892090727,1.0,0.0,0.0,0.0
2013-04-19,-0.06645702063605,1.35903437392254,0.980893890310894,-0.378140483611649,6.0245,1.2774,2.6763,4.067,1.3034000000000003,0.8325,-1.6669000000000005,0.0095349786855328,0.0211797226224055,1.0,0.0,0.0,0.0
2013-04-22,-0.06221553508069,1.35958094299543,0.982243169709861,-0.377337773285572,6.0098,1.2743,2.6698,4.0571,1.6404999999999998,0.7972000000000001,-1.6605,0.0113566818634878,-0.0011027875697608,1.0,0.6931471805599453,8.029758520440822,0.0
2013-04-23,-0.06846275962023,1.35958452423331,0.979916996970474,-0.379667527262837,5.9658,1.2649,2.6503,4.0274,1.6261,0.7311000000000001,-1.6942999999999997,0.0108768794350982,-0.0260393363918653,1.0,0.0,0.0,0.0
2013-04-24,-0.09684229732597,1.35604647514623,0.975249891420636,-0.380796583725592,6.0098,1.2743,2.6698,4.0571,1.1877999999999995,0.6674000000000002,-1.7124,0.0133134435417252,0.0153448865158889,1.0,0.0,0.0,0.0
2013-04-25,-0.1230910787311,1.3544424858516,0.974325268040015,-0.380117217811581,5.9805,1.268,2.6568,4.0373,1.9252,0.6537999999999999,-1.7172999999999998,0.0135567720233632,-0.0086069403175592,3.0,0.0,0.0,0.0
2013-04-26,-0.1460730241447499,1.3523595213014,0.974151730319792,-0.378207790981612,5.9365,1.2587,2.6372,4.0076,0.7971999999999997,0.6523999999999996,-1.6974000000000005,0.0131917263399111,-0.0097756910872499,2.0,0.0,0.0,0.0
2013-05-02,-0.16300316043576,1.34974887210689,0.959590485374542,-0.390158386732349,5.7861,1.1917,2.6503,4.0274,0.8283,0.6786000000000003,-1.7017999999999995,0.0129463388174255,-0.0017412548186506,2.0,0.0,0.0,0.0
2013-05-03,-0.14122101713157,1.35421982134209,0.968601617586591,-0.3856182037555,5.8004,1.1946,2.6568,4.0373,0.9862704803538916,0.7370999999999999,-1.6875999999999998,0.0123491736487862,0.0143275154907094,3.0,-0.6931471805599453,-8.017637159908478,0.0
2013-05-06,-0.1013975399327099,1.35445764272533,0.96715150755556,-0.387306135169772,5.8288,1.2004,2.6698,4.0571,1.7047999999999996,0.7214999999999998,-1.6789999999999998,0.012610211383613,0.0115714384521616,5.0,0.0,0.0,0.0
2013-05-07,-0.0983376500815,1.35633862213878,0.974248757409151,-0.382089864729631,5.8146,1.1975,2.6633,4.0472,1.525939921785889,0.7065999999999999,-1.6958000000000002,0.0125572447184759,0.0019741468922944,2.0,0.6931471805599453,7.558516743045645,0.0
2013-05-08,-0.0758946142648099,1.35730108687967,0.976664084008928,-0.380637002870741,5.8288,1.2004,2.6698,4.0571,1.3197,0.6907999999999999,-1.6974,0.0119899905191575,0.0047859525183726,1.0,0.0,0.0,0.0
2013-05-09,-0.06134526890722,1.35911736175165,0.971540751711873,-0.387576610039774,5.8146,1.1975,2.6633,4.0472,1.2677,0.6914000000000002,-1.6776,0.0115470452905814,-0.0059514324282856,1.0,0.0,0.0,0.0
2013-05-10,-0.08041587158166,1.35962607963629,0.971047364843181,-0.38857871479311,5.843,1.2034,2.6763,4.067,1.2704,0.7117,-1.6832000000000005,0.0112111224644538,0.0061877932210032,2.0,0.6931471805599453,7.571473648851271,0.0
2013-05-13,-0.11373055888478,1.36223432071726,0.985346234110562,-0.3768880866067,5.8288,1.2004,2.6698,4.0571,1.7747000000000002,0.6589999999999998,-1.6803,0.0109056931455711,-0.002188137394774,2.0,1.0986122886681098,8.330140460246382,1.3862943611198906
2013-05-14,-0.1309896242316,1.36315169930726,0.985737611165426,-0.377414088141831,5.8004,1.1946,2.6568,4.0373,1.5299,0.6960999999999999,-1.6744,0.0104812464485548,-0.0111732003630189,3.0,0.0,0.0,0.0
2013-05-15,-0.13325025289003,1.36422836074972,0.988681672166377,-0.375546688583343,5.7719,1.1887,2.6438,4.0175,1.2481,0.6808000000000001,-1.6724999999999994,0.0106820496973072,0.0035062342769824,2.0,-0.6931471805599453,-7.493873886783559,-0.6931471805599453
2013-05-16,-0.1252764542476,1.36609708565334,0.997878896248366,-0.368218189404971,5.8146,1.1975,2.6633,4.0472,1.9729,0.6814,-1.6725000000000003,0.0103058714977555,0.0120668854174876,5.0,0.0,1.0482809953167502,0.6931471805599453
2013-05-17,-0.10593518301433,1.36712178840016,0.998837100699805,-0.368284687700355,5.9141,1.218,2.7089,4.1165,1.6702000000000004,0.6715,-1.6735000000000002,0.0106006143094391,0.0137008623886236,1.0,0.0,0.0,0.0
2013-05-21,-0.0914635183193599,1.36459285981256,0.996112685184427,-0.368480174628133,5.971,1.2297,2.7349,4.1561,1.255532272304833,0.6328,-1.6795999999999998,0.0108338839245456,0.0022270969662141,10.0,-0.1823215567939546,-0.494668712965202,-0.6931471805599453
2013-05-22,-0.0998791257304599,1.36573350966601,1.00262459360674,-0.363108916059267,5.9141,1.218,2.7089,4.1165,1.4754000000000005,0.6359999999999997,-1.6896,0.0104108398267787,-0.001176772787967,12.0,-0.6931471805599453,-7.430114138561801,0.0
2013-05-23,-0.13336252572273,1.36547602436574,1.00340317944205,-0.362072844923687,5.9141,1.218,2.7089,4.1165,1.8147,0.6313,-1.6796000000000002,0.0100103586776921,-0.0116801638930583,4.0,-0.6931471805599453,-6.97166860472579,0.0
2013-05-24,-0.17256516450076,1.36589796409702,1.00445080538521,-0.361447158711814,5.9141,1.218,2.7089,4.1165,1.8224,0.6360999999999999,-1.6652000000000005,0.0103337581476592,0.0056378046880638,2.0,-0.6931471805599453,-7.97728198675515,0.0
2013-05-28,-0.18605429018956,1.36590663334576,1.00153559934715,-0.364371033998615,5.9567,1.2268,2.7284,4.1462,1.1138000000000003,0.6517,-1.6427,0.0097193133089878,0.012240544042589,5.0,-0.6931471805599453,-8.163086375583216,0.0
2013-05-29,-0.16281624134132,1.3694285719354,1.00859239864556,-0.360836173289842,5.9852,1.2326,2.7414,4.166,0.5904000000000003,0.6608,-1.6293999999999995,0.0101219670051071,0.0011620261202711,2.0,-0.6931471805599453,-6.942156705699469,0.0
2013-05-30,-0.1335451966559299,1.36996184178974,1.0083923589095,-0.361569482880246,5.971,1.2297,2.7349,4.1561,0.9961777727569604,0.6365000000000003,-1.6094,0.0097428763827784,-0.0027006978851487,3.0,1.0986122886681098,8.30622521603216,0.6931471805599453
2013-05-31,-0.11303628796257,1.37196696505529,1.01045702932328,-0.361509935732007,5.9425,1.2239,2.7219,4.1363,1.5566000000000004,0.6425000000000001,-1.6035,0.0094335113311599,-0.0074286709206168,2.0,0.0,0.0,0.0
2013-06-03,-0.12506647370645,1.37120417848571,1.00493516072732,-0.366269017758392,5.9852,1.2326,2.7414,4.166,2.338,0.6301000000000001,-1.6037999999999997,0.0094171189611373,-0.0005839324821721,8.0,-0.916290731874155,-1.980716446775442,0.6931471805599453
2013-06-04,-0.1419571627859699,1.37470548101964,1.02090970134867,-0.353795779670966,5.9994,1.2356,2.7479,4.1759,1.6679000000000004,0.6316000000000002,-1.5865999999999998,0.0090966199501793,-0.0117402699592021,2.0,-0.6931471805599453,-6.645090969505644,0.0
2013-06-05,-0.15432962894954,1.37779442173819,1.03484028231915,-0.342954139419045,5.9852,1.2326,2.7414,4.166,1.4818999999999996,0.5951,-1.5866999999999996,0.0095689679422973,-0.0006537031192559,2.0,0.6931471805599453,7.580699752224563,0.6931471805599453
2013-06-06,-0.14369101945097,1.37746083383546,1.03232258780879,-0.34513824602667,5.8999,1.2151,2.7024,4.1066,2.0682,0.5190000000000001,-1.5931000000000002,0.0092355830149278,-0.0127724927879881,2.0,-0.6931471805599453,-7.43543801981455,0.0
2013-06-07,-0.12289323579348,1.3764331325782,1.0286227151998,-0.347810417378395,5.9283,1.2209,2.7154,4.1264,2.5355000000000003,0.4107000000000003,-1.5891999999999995,0.0098165137824669,-0.0140186189430639,4.0,-0.6931471805599453,-8.149601735736155,0.0
2013-06-13,-0.09998350912086,1.38250938625107,1.04139744148086,-0.34111194477021,5.8857,1.2122,2.6958,4.0967,2.4245000000000005,0.2852999999999999,-1.6075000000000004,0.0104630073603591,-0.0286963348299895,1.0,0.0,0.0,0.0
2013-06-17,-0.07076040796944,1.37823098671059,1.01002026297405,-0.368210723736544,5.8572,1.2063,2.6828,4.0769,2.0388999999999995,0.3359999999999998,-1.6214999999999995,0.0130584931754836,-0.0026983131777615,2.0,-0.6931471805599453,-8.899867211223587,-2.19722457733622
2013-06-18,-0.06646551695852,1.3812072144658,1.02264106967877,-0.35856614478703,5.9141,1.218,2.7089,4.1165,2.2604,0.2377999999999995,-1.6182,0.0124706993575084,0.0014255572908137,7.0,0.0,-0.2462805357536127,0.0
2013-06-19,-0.05229850611229,1.37182434671045,1.00918713335796,-0.362637213352492,5.8999,1.2151,2.7024,4.1066,2.7568,0.169,-1.5539,0.0119030018372255,-0.007361380475527,4.0,0.0,1.2413847358656491,-0.2876820724517809
2013-06-20,-0.04405282515068,1.37041504999581,1.00646943780777,-0.363945612188039,5.7719,1.1887,2.6438,4.0175,1.4391000000000007,-0.4886999999999997,-1.5038999999999998,0.0116167275710481,-0.0281193459812403,5.0,1.3862943611198906,9.036106025364846,2.70805020110221
2013-06-21,-0.04571871123588,1.36172981316299,0.949514921682957,-0.412214891480035,5.7151,1.177,2.6177,3.9779,4.781,-0.5730000000000004,-1.5941,0.0142552279400593,-0.0052565409087534,2.0,-0.6931471805599453,-8.531884740159228,-1.0986122886681098
2013-06-24,-0.08248715362493,1.37326407655759,0.961793251031319,-0.411470825526268,5.5445,1.1419,2.5396,3.8592,0.9867999999999996,-0.7744999999999997,-1.5947000000000005,0.0136522692210797,-0.0544490368555772,10.0,0.0,0.4438642410427004,0.0
2013-06-25,-0.09190957524928,1.47483434335672,1.40874219914099,-0.0660921442157281,5.6298,1.1594,2.5786,3.9186,0.5849000000000002,-0.7744999999999997,-1.5947000000000005,0.0215999252252992,-0.0019002015280848,10.0,0.0,-0.3151024370142277,0.4054651081081644
2013-06-26,-0.07925369604317,1.47922372873612,1.48689369533486,0.0076699665987367,5.317,1.095,2.4354,3.7009,2.5398000000000005,-0.3837000000000001,-1.6092000000000004,0.0203872355736557,-0.0040976758198096,8.0,0.9162907318741552,2.0136518268062216,1.6094379124341005
2013-06-27,-0.04356003844715,1.47836981694755,1.4953276282543,0.016957811306745,5.4165,1.1155,2.481,3.7701,5.0309,-0.3593000000000002,-1.6111,0.0192926666908272,-0.000759706283457,8.0,1.0986122886681098,9.579901925737992,1.3862943611198906
2013-06-28,-0.0021410732636017,1.47445547480944,1.45554655250381,-0.0189089223056293,5.7151,1.177,2.6177,3.9779,4.5981,-0.2586999999999997,-1.6114999999999997,0.0182285115190971,0.0148597149592815,17.0,-1.5040773967762742,-1.3582885469599668,-0.7259370033829361
2013-07-01,0.0132032851255399,1.47202575079214,1.43173902698276,-0.0402867238093787,5.7293,1.1799,2.6243,3.9879,2.1726999999999985,-0.0421999999999997,-1.5894999999999997,0.0178538622984363,0.0080695920639453,4.0,0.0,0.2530447688610823,0.0
2013-07-02,0.03582231619349,1.46769920504761,1.42286053279361,-0.0448386722540042,5.7151,1.177,2.6178,3.978,2.0125,0.0135,-1.5889999999999995,0.0170725218168102,0.0056564668502758,16.0,-0.3364722366212129,-1.2369318354659191,-1.1786549963416462
2013-07-03,-0.0070592302160485,1.46637289694555,1.4190368231514,-0.0473360737941506,5.6014,1.1536,2.5657,3.8989,2.5863,0.1236999999999999,-1.5788000000000002,0.0162544323482338,-0.0061447473756297,8.0,0.5108256237659907,0.5467028751536387,2.7488721956224653
2013-07-04,-0.0464178371995,1.46466238550019,1.41417753772586,-0.0504848477743229,5.5588,1.1448,2.5461,3.8692,2.047434895682602,0.1183,-1.5948000000000002,0.0155272596239408,0.0059144760681615,11.0,1.791759469228055,9.71202433782489,2.3978952727983707
2013-07-05,-0.08229173820802,1.46248686055582,1.4192249675232,-0.0432618930326205,5.6157,1.1565,2.5722,3.9087,1.4663,0.1622000000000003,-1.5811999999999995,0.0148380668169566,0.0005486760773596,8.0,1.6094379124341005,11.17160348734305,5.71042701737487
2013-07-08,-0.11153972144669,1.45235781792449,1.3258966983742,-0.126461119550283,5.6157,1.1565,2.5722,3.9087,1.3058999999999998,0.1659999999999999,-1.5761999999999996,0.0140862688547067,-0.0246772554866119,2.0,0.6931471805599453,7.263329617476836,0.0
2013-07-09,-0.12950883660031,1.45091295518801,1.3114108163626,-0.139502138825409,5.6157,1.1565,2.5722,3.9087,1.0420000000000005,0.1383999999999998,-1.5857,0.0155179579182063,0.0036602995149568,14.0,-0.4054651081081644,-1.5416404983519223,-1.0986122886681098
2013-07-10,-0.12908037919552,1.461135139574,1.35832922628075,-0.102805913293255,5.5872,1.1507,2.5591,3.889,1.2546,0.1587,-1.5412000000000003,0.0147585290821746,0.0214786869729914,5.0,0.0,0.0,0.0
2013-07-11,-0.1059715958249299,1.44671177236978,1.28287582097509,-0.163835951394691,5.6583,1.1653,2.5917,3.9384,1.1900999999999995,0.1586999999999996,-1.5812000000000004,0.0155535336533559,0.0317905430453784,4.0,0.0,0.0,0.0
2013-07-12,-0.0841360470651799,1.44857995862672,1.28439433697339,-0.164185621653331,5.6299,1.1595,2.5787,3.9186,1.3438656250000005,0.1307,-1.5713000000000004,0.0178264426104191,-0.0162946765858489,6.0,-0.6931471805599453,-8.390949464841986,0.0
2013-07-15,-0.06506423063039,1.43259318947852,1.20373042991871,-0.228862759559812,5.6014,1.1536,2.5657,3.8989,1.8742,0.0625,-1.5612000000000004,0.0176431560544162,0.0097120071211262,4.0,0.0,0.0,0.0
2013-07-16,-0.06379949234203,1.43473280790539,1.21758193686432,-0.217150871041066,5.6157,1.1565,2.5722,3.9087,1.4274999999999998,0.0770000000000004,-1.5723999999999996,0.0169636968918323,0.0030690114777218,4.0,0.0,1.2103714209754104,4.158883083359672
2013-07-17,-0.11221032404201,1.4359868080483,1.22376391341784,-0.212222894630466,5.6157,1.1565,2.5722,3.9087,1.4910985791723386,0.1324,-1.5422999999999996,0.016085907262888,-0.0101191869651513,5.0,0.4054651081081644,2.5458443980986405,4.832305758571839
2013-07-18,-0.16984634130888,1.43671846404552,1.22579407602644,-0.210924388019081,5.5872,1.1507,2.5591,3.889,1.5876527139002303,0.1990000000000003,-1.5209999999999997,0.0155841775353171,-0.0105823590409714,3.0,0.0,0.0,0.0
2013-07-19,-0.1942860129071,1.43745618080293,1.22990596279709,-0.207550218005843,5.6157,1.1565,2.5722,3.9087,1.6757999999999995,0.2065999999999999,-1.5160999999999998,0.0151609489594592,-0.0153128804488247,6.0,0.6931471805599453,6.786716950605081,0.0
2013-07-22,-0.16378724962413,1.43672078316314,1.21805176001901,-0.218669023144133,5.5872,1.1507,2.5591,3.889,1.7277,0.1053000000000001,-1.497,0.0151913108196917,0.0060609430025886,4.0,0.0,0.0,0.0
2013-07-23,-0.13702262006875,1.43832827951945,1.22710479964857,-0.211223479870877,5.5872,1.1507,2.5591,3.889,1.8919435447431865,0.0959000000000003,-1.5668999999999995,0.0145347289727584,0.0193226546683558,3.0,0.0,0.0,0.0
2013-07-24,-0.08794482705452,1.43943607973412,1.22764467203996,-0.211791407694159,5.573,1.1478,2.5526,3.8791,2.0044,0.1013999999999999,-1.5619,0.0150798622364977,-0.0051736537778612,2.0,0.0,0.0,0.0
2013-07-25,-0.03271387592813,1.4385124725175,1.21184818590875,-0.226664286608754,5.5588,1.1448,2.5461,3.8692,1.5559999999999996,0.0663999999999997,-1.6369000000000002,0.0144077651904117,-0.0059958206538244,11.0,-0.4054651081081644,-1.057941248937182,-0.6931471805599453
2013-07-26,-0.01050570273985,1.4383924624681,1.20448058743028,-0.233911875037819,5.5588,1.1448,2.5461,3.8692,1.7206,0.0825,-1.6216000000000004,0.0138232768171827,-0.0051210124552989,7.0,0.0,-0.6532968606729556,0.2513144282809061
2013-07-29,-0.03007758844029,1.43794672971691,1.19848144198007,-0.239465287736845,5.5303,1.139,2.5331,3.8494,2.2394000000000003,0.1389,-1.6142,0.0132501765491058,-0.0173280726162579,5.0,0.0,-1.161643207159448,0.0
2013-07-30,-0.07111786039355,1.43693326985466,1.18516651581769,-0.251766754036964,5.5588,1.1448,2.5461,3.8692,1.8894,0.2987999999999999,-1.6142999999999996,0.0137707348718215,0.0069373533873111,4.0,0.6931471805599453,7.781138509845015,0.0
2013-07-31,-0.10577375288731,1.44591173217086,1.25732898162551,-0.188582750545357,5.5303,1.139,2.5331,3.8494,1.7904999999999998,0.2713999999999998,-1.5888,0.0132728731026312,0.0018750650282468,4.0,0.6931471805599453,10.697565451674514,4.290459441148391
2013-08-01,-0.09944095824284,1.45750734236779,1.33717176313521,-0.12033557923258,5.5588,1.1448,2.5461,3.8692,2.1094,0.3052999999999999,-1.6049000000000002,0.0126487509359351,0.0175342174396755,4.0,0.0,0.0,0.0
2013-08-02,-0.0798102051652499,1.45539500410842,1.33477575449351,-0.120619249614919,5.5588,1.1448,2.5461,3.8692,1.5495,0.3128999999999999,-1.5918000000000003,0.0132567568090507,0.0001729709489497,4.0,0.6931471805599453,9.449121024069791,4.04305126783455
2013-08-05,-0.06445370917257,1.45574945342756,1.33391010189402,-0.121839351533546,5.573,1.1478,2.5526,3.8791,1.541948020058793,0.3498999999999999,-1.5948000000000002,0.0126218122691327,0.0103253473342261,2.0,0.0,0.0,0.0
2013-08-06,-0.05859063978491,1.4571263604304,1.3468330556555,-0.110293304774897,5.5446,1.1419,2.5396,3.8593,1.5303,0.3448000000000002,-1.5999,0.0124597644522252,0.0048742720223629,3.0,0.0,0.0,0.0
2013-08-07,-0.09055077053352,1.45733614586563,1.34792245139845,-0.109413694467181,5.5303,1.139,2.5331,3.8494,1.5162000000000004,0.3792000000000004,-1.5749,0.0119801854684062,-0.0066818223911413,4.0,0.6931471805599453,7.411556287811163,0.0
2013-08-08,-0.13189144817427,1.45726367366853,1.3457657624264,-0.111497911242129,5.5446,1.1419,2.5396,3.8593,1.7518503056948551,0.4262000000000001,-1.5317000000000005,0.0116446823177828,-0.0009204059722911,3.0,0.0,0.0,0.0
2013-08-09,-0.16860709198794,1.45746047098341,1.35272826870906,-0.104732202274358,5.5588,1.1448,2.5461,3.8692,2.0395000000000003,0.4514,-1.5465,0.0111397647939968,0.0035829997351832,6.0,0.6931471805599453,9.325274910068282,2.079441541679836
2013-08-12,-0.17527427760981,1.45795646032325,1.36365151536002,-0.0943049449632332,5.6157,1.1565,2.5722,3.9087,1.9882222071619369,0.4519999999999999,-1.5358999999999998,0.0107262768822315,0.023618667386418,3.0,0.6931471805599453,7.667158255319148,0.0
2013-08-13,-0.17408418558318,1.45861600101879,1.36279118012407,-0.0958248208947157,5.6157,1.1565,2.5722,3.9087,1.9424,0.5158999999999998,-1.5619999999999998,0.0126916443587407,0.0023163744876049,3.0,-0.6931471805599453,-7.618251097876695,-1.3862943611198906
2013-08-14,-0.15886059634921,1.45854271368053,1.36119188364566,-0.09735083003487,5.6014,1.1536,2.5657,3.8989,1.7266220745946947,0.5009999999999999,-1.5705999999999998,0.0121195738527898,-0.0028619043458055,2.0,0.0,0.0,0.0
2013-08-15,-0.1436309383134699,1.45851161359998,1.35861957501501,-0.0998920385849671,5.6157,1.1565,2.5722,3.9087,1.5067,0.4796,-1.6270000000000002,0.0116107786009956,-0.0087312490526034,1.0,0.0,0.0,0.0
2013-08-16,-0.14813580986555,1.50666941017888,1.6330546407141,0.12638523053522,5.6157,1.1565,2.5722,3.9087,1.4396000000000004,0.3106,-1.6371000000000002,0.0114517070777153,-0.0064708302151901,10.0,-0.6931471805599453,-0.824266813060981,-0.6931471805599453
2013-08-19,-0.17387966696362,1.50532243284915,1.62514118519933,0.119818752350182,5.5872,1.1507,2.5591,3.889,1.501651281397992,0.3807999999999998,-1.598,0.011154299072711,0.0082570411644402,5.0,0.0,0.0,0.0
2013-08-20,-0.19677300787146,1.50506189843475,1.62653477141759,0.121472872982836,5.573,1.1478,2.5526,3.8791,1.5363170091866365,0.4385999999999996,-1.5581000000000005,0.0109886829741831,-0.006256097257113,2.0,0.0,0.0,0.0
2013-08-21,-0.18482657159198,1.50374922602354,1.61922849737753,0.115479271353986,5.573,1.1478,2.5526,3.8791,1.5534000000000003,0.3822999999999998,-1.5979,0.0107236162346019,0.000176574626395,4.0,0.0,0.0,0.0
2013-08-22,-0.15431809822618,1.50278202856041,1.62065053260846,0.117868504048043,5.5588,1.1448,2.5461,3.8692,2.0209,0.3962999999999996,-1.6160000000000003,0.0102885363762705,-0.0028197507382072,1.0,0.0,0.0,0.0
2013-08-23,-0.11926287857611,1.50105690924504,1.62562157641602,0.124564667170977,5.5303,1.139,2.5331,3.8494,1.8934,0.3875000000000002,-1.6345999999999998,0.0099337125756731,-0.0046870289864093,1.0,0.0,0.0,0.0
2013-08-26,-0.09917696536595,1.49984563939241,1.61764868647194,0.117803047079529,5.5872,1.1507,2.5591,3.889,1.891,0.3713999999999999,-1.6817000000000002,0.0096857854187719,0.0187856456920139,2.0,0.0,0.0,0.0
2013-08-27,-0.09739516516699,1.50282259696737,1.6762396070546,0.173417010087234,5.5446,1.1419,2.5396,3.8593,1.4879000000000002,0.3694999999999999,-1.6829,0.011046222665218,0.0033775892869343,2.0,0.0,0.0,0.0
2013-08-28,-0.10191642248384,1.50107499679046,1.65290099525559,0.151825998465132,5.5161,1.136,2.5266,3.8395,1.9634,0.4262999999999999,-1.6461000000000006,0.0106343346335619,-0.0010777985037142,2.0,0.0,0.0,0.0
2013-08-29,-0.11480230927694,1.49974805823451,1.64957633003385,0.149828271799339,5.5019,1.1331,2.5201,3.8296,1.1833999999999998,0.4139000000000004,-1.6383,0.0102137883704034,-0.0019406807712796,11.0,-1.6094379124341005,-9.93051889158716,-1.0986122886681098
2013-08-30,-0.13041369494386,1.49688354951217,1.61317830982869,0.116294760316517,5.3746,1.164,2.5396,3.8593,1.9097000000000004,0.4330000000000003,-1.6208,0.0098432104781471,0.0005505756276029,13.0,-1.3862943611198906,-1.0743057413129886,1.5040773967762742
2013-09-02,-0.14984417756312,1.49481359790083,1.41217596389272,-0.0826376340081152,5.3608,1.161,2.5331,3.8494,2.3231,0.4094999999999995,-1.6256000000000004,0.0094835219144513,3.145231043699681e-05,1.0,0.0,0.0,0.0
2013-09-03,-0.1766458268092799,1.49405828108301,1.58579761749144,0.0917393364084329,5.4297,1.1759,2.5657,3.8989,1.8356,0.4230999999999998,-1.6258,0.0091543982130254,0.0116849129842062,4.0,-0.6931471805599453,-8.859931469616097,-0.6931471805599453
2013-09-04,-0.17960315391062,1.49418450225793,1.58497536745512,0.0907908651971872,5.4159,1.173,2.5591,3.889,1.8395000000000008,0.4206999999999996,-1.6112000000000002,0.0095789684901948,0.0021201072229084,4.0,-0.6931471805599453,-7.4489161025442,0.0
2013-09-05,-0.16699400447812,1.49370165950093,1.58447016048718,0.0907685009862496,5.3884,1.167,2.5461,3.8692,1.9718,0.4386999999999998,-1.6212,0.0092627967418732,-0.0024413854040528,4.0,0.0,0.0,0.0
2013-09-06,-0.15525512121909,1.49339826731416,1.5841668970684,0.0907686297542409,5.3884,1.167,2.5461,3.8692,2.0447,0.3791999999999995,-1.6257,0.00899009161532,0.0082408993173013,3.0,0.0,-0.8078447463201744,-0.6931471805599453
2013-09-09,-0.15273838912608,1.49264261354855,1.60511663587686,0.11247402232831,5.6226,1.2177,2.6568,4.0374,1.9379453751048583,0.4568999999999996,-1.6162,0.0090752346119087,0.0333277715118445,3.0,0.6931471805599453,6.932447891572509,0.0
2013-09-10,-0.15859781723268,1.49083586254062,1.61536826532155,0.12453240278093,5.4848,1.1879,2.5917,3.9384,1.8379,0.4681000000000002,-1.6111999999999993,0.013687443427412,0.011445131111567,4.0,0.0,0.0,0.0
2013-09-11,-0.1854989948278199,1.48990443837406,1.6142338203436,0.124329381969544,5.4986,1.1909,2.5982,3.9483,1.3228999999999995,0.5571000000000002,-1.5616000000000003,0.0135028217713642,0.001466316513742,2.0,0.0,0.0,0.0
2013-09-12,-0.2060952942666399,1.48968631706456,1.61313265165355,0.123446334588987,5.5813,1.2088,2.6373,4.0077,1.7696,0.5586000000000002,-1.5718999999999994,0.012856247644347,0.0063764525159966,1.0,0.0,0.0,0.0
2013-09-13,-0.23135121970259,1.48895133370425,1.61474724910378,0.125795915399529,5.4986,1.1909,2.5982,3.9483,1.6978,0.5791,-1.5603999999999996,0.0124100314438972,-0.0086326307690152,5.0,0.0,0.0,0.0
2013-09-16,-0.26933645684605,1.48886007309696,1.6202936177723,0.131433544675337,5.4848,1.1879,2.5917,3.9384,1.2252000000000005,0.5471999999999997,-1.5812,0.0121598792779024,-0.0021559595585216,3.0,-0.6931471805599453,-7.284134806195205,-0.6931471805599453
2013-09-17,-0.30445600579485,1.48846409961358,1.61877496862472,0.130310869011142,5.4159,1.173,2.5591,3.889,1.8613000000000004,0.5028999999999999,-1.6211000000000002,0.0116318022298064,-0.0207575507096704,2.0,-0.6931471805599453,-6.882437470997847,0.0
2013-09-18,-0.29126789267373,1.48858557411795,1.62013188621547,0.131546312097518,5.3884,1.167,2.5461,3.8692,1.8799,0.5003000000000002,-1.6281,0.0129362729071552,0.0028743037065313,9.0,-0.2876820724517809,-0.9377496950322306,-0.6931471805599453
2013-09-23,-0.24396158289545,1.48872345007582,1.62133726515792,0.132613815082101,5.3884,1.167,2.5461,3.8692,2.3501,0.4557000000000002,-1.6539,0.0123562220715696,0.0132309632892031,3.0,-0.6931471805599453,-7.735870319952567,0.0
2013-09-24,-0.18166593963142,1.48327579622124,1.55168249552668,0.0684066993054475,5.3608,1.161,2.5331,3.8494,0.9063999999999997,0.4608000000000003,-1.6539,0.0124970857123829,-0.0061026591795672,3.0,0.0,0.0,0.0
2013-09-25,-0.110085029663,1.48319054029129,1.54749585131175,0.0643053110204628,5.347,1.158,2.5266,3.8395,1.0226118740127164,0.5777000000000001,-1.6422999999999996,0.012082103710802,-0.0040925639832805,8.0,-1.3862943611198906,-8.731336360533149,-1.0986122886681098
2013-09-26,-0.06486213953153,1.47918449347219,1.47774427612327,-0.0014402173489194,5.3057,1.1491,2.5071,3.8098,1.2810348591365428,0.5476000000000001,-1.6723999999999997,0.0116146414102048,-0.0196160733082226,6.0,-1.0986122886681098,-7.810758116529357,0.0
2013-09-27,-0.0554524623909,1.48029409536175,1.48150335771965,0.0012092623579036,5.3194,1.1521,2.5136,3.8197,1.4774000000000005,0.6015000000000006,-1.6622999999999992,0.0127419772956556,0.0019546624769697,3.0,-0.6931471805599453,-7.9748769005588755,0.0
2013-09-30,-0.0798429766948,1.48115419962221,1.45135436630217,-0.0297998333200398,5.3194,1.1521,2.5202,3.8298,1.671566794323088,0.6217000000000001,-1.6670999999999996,0.0121599952084981,0.0067539080714338,3.0,-0.6931471805599453,-7.469083884921234,0.0
2013-10-08,-0.09573534788356,1.48077090594551,1.49875989667337,0.0179889907278576,5.3332,1.155,2.5267,3.8397,1.8831,0.5893999999999999,-1.6712000000000002,0.0117969149788884,0.010763759045516,8.0,-1.3862943611198906,-9.023287640806329,-1.9459101490553132
2013-10-09,-0.0823888390363,1.48118456355313,1.50284933605979,0.0216647725066628,5.3335,1.1551,2.5202,3.8298,1.9978,0.6034000000000002,-1.6399,0.0117657616342832,0.0061542590922103,3.0,-0.6931471805599453,-6.913737350659685,0.0
2013-10-10,-0.0650787957546299,1.48108415008608,1.49262135656169,0.0115372064756094,5.3335,1.1551,2.5202,3.8298,1.9244,0.6157000000000004,-1.6698999999999993,0.0114064999980296,-0.0094669930332296,5.0,1.3862943611198906,8.353497098745448,1.3862943611198906
2013-10-11,-0.0557109933462,1.48264447734665,1.5051936884908,0.0225492111441554,5.3749,1.1641,2.5398,3.8595,1.8631598193248895,0.6158000000000006,-1.67,0.0113296896842881,0.0168441947471658,4.0,0.0,0.0,0.0
2013-10-14,-0.07909894159809,1.48448148525476,1.52289071111762,0.0384092258628608,5.3611,1.1611,2.5333,3.8496,1.7202000000000002,0.6307,-1.6352000000000002,0.0120645652666435,0.0043113253562543,3.0,0.6931471805599453,7.602900462204755,0.0
2013-10-15,-0.11055172051893,1.48378490260268,1.47246556695816,-0.011319335644516,5.3058,1.1491,2.5071,3.8099,1.6800000000000002,0.6384000000000003,-1.6423999999999994,0.0115971276118222,-0.001950713908239,5.0,-1.0986122886681098,-8.14177220465645,-1.9459101490553132
2013-10-16,-0.14305197462484,1.48371802066313,1.47207898006072,-0.0116390406024012,5.3335,1.1551,2.5202,3.8298,1.6246999999999998,0.6557999999999997,-1.6349,0.0111105461103284,-0.0182262483925663,4.0,0.6931471805599453,7.83002808253384,0.0
2013-10-17,-0.15568721990494,1.4831350459925,1.46844656275856,-0.0146884832339351,5.3335,1.1551,2.5202,3.8298,1.7948999999999995,0.6557999999999997,-1.6374000000000004,0.0121235965168699,-0.0020686439049635,11.0,1.6094379124341005,9.131513591430211,0.6931471805599453
2013-10-18,-0.1544522187452399,1.48232813892296,1.47198590097053,-0.0103422379524356,5.3058,1.1491,2.5071,3.8099,2.0595000000000003,0.6691000000000003,-1.6310000000000002,0.0115967379350966,0.0023905146606777,3.0,0.0,0.0,0.0
2013-10-21,-0.16093369903302,1.48282284687003,1.49063275119583,0.0078099043258002,5.3335,1.1551,2.5202,3.8298,1.7663000000000002,0.6688999999999998,-1.6260000000000003,0.0111137191363357,0.0160332911059404,1.0,0.0,0.0,0.0
2013-10-22,-0.14265082682801,1.48399078579584,1.49864770922648,0.0146569234306391,5.3058,1.1491,2.5071,3.8099,2.0601,0.6885999999999997,-1.6160000000000003,0.0117746863027464,-0.0083718798146703,3.0,0.0,0.0,0.0
2013-10-23,-0.11194875868582,1.4840756843687,1.49835493801346,0.0142792536447613,5.3058,1.1491,2.5071,3.8099,1.8197,0.7072999999999996,-1.6074000000000002,0.0115711168771329,-0.0125384031600619,2.0,0.0,0.0,0.0
2013-10-24,-0.08619701214545,1.48454809326142,1.51013255308781,0.0255844598263861,5.2644,1.1401,2.4875,3.7802,1.883,0.6922999999999999,-1.6050000000000004,0.01176982481984,-0.0086419430473272,3.0,0.6931471805599453,7.117205503164344,0.0
2013-10-25,-0.0932659524443299,1.48865925505124,1.58395812946726,0.0952988744160261,5.2229,1.1312,2.468,3.7504,1.8487000000000005,0.6470000000000002,-1.6049999999999995,0.0115869105097552,-0.0145988062158357,6.0,-1.0986122886681098,-8.500047032581268,0.0
2013-10-28,-0.10516808647091,1.48481184496931,1.50774145660233,0.0229296116330238,5.1953,1.1252,2.4549,3.7305,1.2679500000000008,0.6201999999999996,-1.6433,0.0120206219733717,0.0004284217085031,1.0,-0.6931471805599453,-6.907755278982137,0.0
2013-10-29,-0.11610406725609,1.48981123841965,1.59747212254508,0.107660884125439,5.2506,1.1371,2.481,3.7702,1.0015814814814807,0.5978999999999997,-1.6400000000000006,0.0114813841331359,-0.0023482598135675,7.0,-1.3862943611198906,-8.435983135990694,-0.6931471805599453
2013-10-30,-0.09266453418916,1.48669371882935,1.52383914209086,0.0371454232615123,5.2644,1.1401,2.4875,3.7802,0.796451851851852,0.3973,-1.6560000000000006,0.0110124834062341,0.0147340464626601,11.0,-1.9459101490553132,-9.604474863741965,0.0
2013-10-31,-0.06478931391032,1.48613230096422,1.52894430621875,0.0428120052545331,5.1813,1.0872,2.4941,3.7901,0.6743999999999999,0.3604000000000003,-1.6927000000000003,0.011519909135431,-0.008762800206739,6.0,-0.6931471805599453,-8.28374674710613,0.0
2013-11-01,-0.0478330817717,1.48730168373167,1.53120760908168,0.0439059253500096,5.2085,1.0929,2.5071,3.8099,1.5065999999999995,0.3508999999999997,-1.717700000000001,0.0113731244067471,0.0037043500843001,8.0,-1.3862943611198906,-9.324650718153594,0.0
2013-11-04,-0.04221579885563,1.48811435324796,1.53610754443437,0.0479931911864098,5.2085,1.0929,2.5071,3.8099,1.498035026978418,0.3683999999999998,-1.6934000000000005,0.0109435585256893,3.349463481416848e-05,3.0,0.0,0.0,0.0
2013-11-05,-0.0598395991886799,1.4886396801234,1.52869278905494,0.0400531089315432,5.1949,1.0901,2.5006,3.8,1.5579,0.4238000000000004,-1.6758999999999995,0.0104903931136494,0.0035320317739628,2.0,0.0,0.0,0.0
2013-11-06,-0.08567206079256,1.49230317149066,1.50299280556844,0.0106896340777849,5.1542,1.0815,2.481,3.7702,1.5100999999999996,0.3404000000000002,-1.6859000000000002,0.0101320075596019,-0.008207459555023,5.0,0.0,0.4779991030219329,0.6931471805599453
2013-11-07,-0.11082238907776,1.49265377853778,1.50191065348574,0.0092568749479631,5.1949,1.0901,2.5006,3.8,1.7249,0.4000000000000003,-1.6319999999999997,0.0100968557848362,-0.0047819174107965,2.0,0.0,0.0,0.0
2013-11-08,-0.10982467806717,1.49290666632753,1.50023974010625,0.0073330737787171,5.1813,1.0872,2.4941,3.7901,1.7902705815279365,0.3915000000000002,-1.6307,0.0098378074988687,-0.0109895341111538,3.0,0.6931471805599453,6.968850378341948,0.0
2013-11-11,-0.1132050006517099,1.49315837662945,1.50358410008684,0.0104257234573968,5.1949,1.0901,2.5006,3.8,1.8085000000000004,0.3980000000000006,-1.5958999999999994,0.0101088668024981,0.0015864893670549,2.0,-1.0986122886681098,-8.596558746796978,0.0
2013-11-12,-0.10808353884005,1.49345252090906,1.5072478816986,0.0137953607895449,5.1949,1.0901,2.5006,3.8,1.7144000000000004,0.3681000000000001,-1.6147,0.0097363280667989,0.0081681320883246,9.0,-1.3862943611198906,-9.565494159542975,-1.6094379124341005
2013-11-13,-0.09922126761886,1.49337383682214,1.50580732178944,0.0124334849673005,5.1542,1.0815,2.481,3.7702,1.8858,0.4135,-1.5765000000000002,0.009723157183142,-0.0184269243264108,7.0,-1.6094379124341005,-9.253974408996244,-1.3862943611198906
2013-11-14,-0.08387508858918,1.49351654882181,1.50453892049378,0.0110223716719628,5.1406,1.0787,2.4745,3.7603,2.2733000000000008,0.4104000000000001,-1.5736999999999997,0.0110583183695985,0.005999855169783,3.0,0.0,0.0,0.0
2013-11-15,-0.08472957587805,1.49250800560306,1.50253550207954,0.0100274964764804,5.1406,1.0787,2.4745,3.7603,2.3253000000000004,0.4404000000000003,-1.5119999999999996,0.0107571111468117,0.0166756572225486,4.0,-0.6931471805599453,-8.593598522618644,-2.5649493574615367
2013-11-18,-0.0879138761655,1.49252696608849,1.51038007661825,0.0178531105297597,5.1949,1.0901,2.5006,3.8,1.9601,0.4516999999999997,-1.4906999999999997,0.0115699743420097,0.0283385445098041,3.0,-0.6931471805599453,-6.776506992372183,0.0
2013-11-19,-0.10985744959672,1.49285968992098,1.52603731069954,0.0331776207785595,5.1813,1.0872,2.4941,3.7901,2.3205,0.4443999999999999,-1.5103999999999995,0.0142138177355747,-0.0018650024629769,5.0,-0.6931471805599453,-7.81237820598861,0.0
2013-11-20,-0.13588593349769,1.49283416787255,1.5232637029139,0.0304295350413493,5.1949,1.0901,2.5006,3.8,2.2531,0.4805000000000001,-1.4904000000000002,0.0135219772101498,0.006131293388031,2.0,0.0,0.0,0.0
2013-11-21,-0.15672316436667,1.49172595361721,1.520626601849,0.0289006482317917,5.2763,1.1072,2.5398,3.8595,2.156900000000001,0.5091999999999999,-1.5117000000000005,0.0130062320137016,-0.0003839198810453,8.0,-0.6931471805599453,-4.574363414345334,0.0
2013-11-22,-0.20848822280359,1.49105692554646,1.50611886362476,0.0150619380782984,5.2356,1.0986,2.5202,3.8298,2.3499000000000008,0.4981999999999997,-1.5617,0.0123913812695103,-0.0042652008803685,6.0,0.0,0.7869756591004486,0.0
2013-11-25,-0.26124492344934,1.49096107149665,1.50381978597208,0.0128587144754286,5.1678,1.0844,2.4875,3.7802,2.656600000000001,0.4424999999999999,-1.5967000000000002,0.0119041783722707,-0.0046836441090514,2.0,-1.0986122886681098,-9.219498309760947,-1.9459101490553132
2013-11-26,-0.28573253858152,1.49006564723218,1.49056202173924,0.0004963745070545,5.1406,1.0787,2.4745,3.7603,2.5309,0.4073000000000002,-1.6166999999999998,0.0114751171075783,-0.0013924786443322,1.0,0.0,0.0,0.0
2013-11-27,-0.26015011161046,1.48990654096342,1.49910528905349,0.0091987480900666,5.1406,1.0787,2.4745,3.7603,1.4813,0.3753999999999999,-1.6814999999999998,0.0109893537412072,0.0082100885356002,3.0,0.0,0.0,0.0
2013-11-28,-0.2229143714853,1.49000855449664,1.49954921771832,0.0095406632216812,5.1542,1.0815,2.481,3.7702,2.4712999999999994,0.2755999999999998,-1.7827000000000002,0.0108379360673676,0.0082806672182194,3.0,0.0,0.0,0.0
2013-11-29,-0.17159233557742,1.49104795884791,1.50311248702281,0.012064528174897,5.1542,1.0815,2.481,3.7702,2.0889000000000006,0.3162000000000002,-1.8328,0.0107082671417509,0.0005099241620838,2.0,0.0,0.0,0.0
2013-12-02,-0.1285942681739399,1.48889735778682,1.48026273908221,-0.0086346187046104,5.2491,1.1015,2.5267,3.8397,0.2301999999999999,0.3162000000000002,-1.7177999999999995,0.0102751518302214,-0.0059319825021102,1.0,0.0,0.0,0.0
2013-12-03,-0.11291369816687,1.488805066533,1.47831227875918,-0.0104927877738199,5.1813,1.0872,2.4941,3.7901,0.2874744360902257,0.3008000000000006,-1.7477999999999998,0.0100618483597248,0.0069069612770045,3.0,0.6931471805599453,6.769641976852503,0.0
2013-12-04,-0.12727491066967,1.48917841310979,1.47617475866709,-0.013003654442697,5.1949,1.0901,2.5006,3.8,0.3670999999999997,0.3156999999999996,-1.7328,0.0099167826737418,0.0130038449365503,4.0,1.0986122886681098,8.371704884667631,1.0986122886681098
2013-12-05,-0.14396047424945,1.48949573726173,1.46840481371525,-0.0210909235464778,5.1678,1.0844,2.4875,3.7802,2.1833,0.3357000000000001,-1.6727999999999996,0.0103814050192308,-0.0020889906625942,7.0,-0.4054651081081644,-1.5774642702065602,-0.2876820724517809
2013-12-06,-0.1533124977732899,1.48988659979623,1.46681455735628,-0.0230720424399438,5.1678,1.0844,2.4875,3.7802,1.3219000000000003,0.3492000000000006,-1.6625999999999994,0.0099995122346171,-0.0044400699057121,4.0,-0.6931471805599453,-8.0774471493312,-1.3862943611198906
2013-12-09,-0.14746642103058,1.48999987615448,1.46613491403736,-0.0238649621171194,5.1542,1.0815,2.481,3.7702,0.8911036211573089,0.3567999999999998,-1.6567000000000007,0.0097332855930862,0.0004880111141716,1.0,0.6931471805599453,7.214504414151143,0.0
2013-12-10,-0.13821028457467,1.48999972140386,1.46814836017501,-0.0218513612288538,5.1542,1.0815,2.481,3.7702,0.8470000000000004,0.3960000000000008,-1.6400999999999994,0.0093828886405482,-0.0003163756603017,4.0,0.0,0.2340216694613927,0.0
2013-12-11,-0.14162034428787,1.49001603070236,1.46834202037873,-0.0216740103236315,5.1271,1.0758,2.468,3.7504,0.9021,0.3799999999999999,-1.6400000000000006,0.0090637281822692,-0.0150063896826919,12.0,-1.3862943611198906,-2.2846259932152826,-1.3862943611198906
2013-12-12,-0.1436564272809,1.49054802224826,1.46948886613819,-0.0210591561100686,5.0999,1.0702,2.4549,3.7305,0.5238000000000005,0.3669000000000002,-1.6599999999999993,0.0099929906489703,-0.0006217435249649,2.0,0.0,0.0,0.0
2013-12-13,-0.12890620458479,1.48713970615857,1.39873112172859,-0.0884085844299745,5.0457,1.0588,2.4288,3.6909,1.520599999999999,0.3254999999999999,-1.7001999999999995,0.0096223926871139,-0.0030557864642828,6.0,-0.6931471805599453,-1.8050905980211651,-1.3862943611198906
2013-12-16,-0.1140631292216499,1.50283433853932,1.63636308780344,0.133528749264124,5.005,1.0502,2.4092,3.6611,0.8986000000000001,0.3116999999999992,-1.6874000000000002,0.0093354980514088,-0.0161649226866664,9.0,-1.3862943611198906,-9.161255164285691,-1.3862943611198906
2013-12-17,-0.1035641021637399,1.50298073447251,1.63429491923854,0.131314184766028,4.9914,1.0474,2.4027,3.6512,0.2665000000000006,0.3266,-1.6773999999999996,0.0103875635672555,-0.0045371766680393,7.0,0.4054651081081644,1.125072040364481,0.6931471805599453
2013-12-18,-0.08644037109633,1.50336720615129,1.6359238132699,0.132556607118612,4.9779,1.0445,2.3961,3.6413,2.8884,0.3258000000000001,-1.6898999999999995,0.0100890249998103,-0.0012997273053985,6.0,-1.6094379124341005,-8.31996102188653,0.0
2013-12-19,-0.06562680855424,1.50357475379786,1.63604721916797,0.132472465370105,4.9236,1.0332,2.37,3.6016,2.9654,0.3155000000000001,-1.6997,0.0097177884396118,-0.0095850270682396,10.0,0.8472978603872037,0.2174597515770632,-0.4054651081081644
2013-12-20,-0.06360468380529,1.5018842367405,1.64577424327418,0.143890006533677,4.8422,1.0161,2.3309,3.542,3.1367000000000003,0.3639000000000001,-1.7096999999999998,0.0098588894935197,-0.0204147729308079,10.0,0.9162907318741552,2.4393519864767166,1.791759469228055
2013-12-23,-0.05943541699096,1.50170812843977,1.64764218599174,0.145934057551974,4.8558,1.0189,2.3374,3.552,3.128899999999999,0.3506,-1.7396000000000005,0.0115064324001939,0.0023538153510331,4.0,-0.4054651081081644,-1.7616845551286224,-3.951243718581427
2013-12-24,-0.04787556338408,1.50179361880864,1.66215038846086,0.160356769652219,4.8558,1.0189,2.3374,3.552,0.0975000000000001,0.2971000000000003,-1.7646999999999995,0.0110300638645321,0.0015291882790888,5.0,0.0,-0.3885652706710472,0.9162907318741552
2013-12-25,-0.05172318370472,1.50189465742383,1.65966121861023,0.157766561186402,4.8694,1.0218,2.3439,3.5619,0.75345,0.3094000000000001,-1.7471999999999994,0.0105790390882065,0.0064054377136191,4.0,-0.6931471805599453,-8.81001204797317,0.0
2013-12-26,-0.06056664164044,1.50730224302559,1.81722360096871,0.309921357943119,4.8151,1.0104,2.3178,3.5222,1.394899999999999,0.3067999999999999,-1.7493999999999996,0.0103480514912255,-0.015913901566722,3.0,0.0,0.411930872629813,0.0
2013-12-27,-0.06152369167918,1.5076419341685,1.81311286633233,0.305470932163831,4.8558,1.0189,2.3374,3.552,1.3464,0.3016000000000005,-1.7635999999999994,0.0111637227228944,0.0134882924603578,3.0,-1.0986122886681098,-7.691200097522863,0.0
2013-12-30,-0.0657506121103,1.50660917624979,1.79917496980975,0.292565793559964,4.8151,1.0104,2.3178,3.5222,1.4019999999999992,0.3433999999999999,-1.7642999999999995,0.0114967918297485,-0.001772896400813,7.0,0.4054651081081644,0.6400169030478962,0.0
2013-12-31,-0.09462900532133,1.50722851255751,1.80928562801446,0.302057115456942,4.8558,1.0189,2.3428,3.5602,1.458721686714077,0.3776999999999999,-1.7561999999999998,0.0110151861947962,0.0087571317196184,2.0,-0.6931471805599453,-8.03073492409854,-1.0986122886681098
2014-01-02,-0.11094558575364,1.50712425571174,1.79831352915034,0.291189273438603,4.8558,1.0189,2.1335,-5.1504,1.6497000000000002,0.4154,-1.7161999999999995,0.0109029851421165,-0.0031197330151133,3.0,-0.6931471805599453,-7.0967213784947605,0.0
2014-01-03,-0.1138749963668499,1.50739963178194,1.79824251423923,0.290842882457282,4.8287,1.0132,2.1215,-5.1217,1.9782,0.5108999999999995,-1.7165,0.0105034835044635,-0.0125229333574869,10.0,0.0,0.5302019027291294,1.0986122886681098
2014-01-06,-0.10728427764726,1.50739559255748,1.80253118716507,0.295135594607598,4.8263,1.0127,2.1156,-5.1073,0.2546999999999997,0.5453000000000001,-1.7310999999999996,0.010851273115503,-0.0181300219190125,4.0,-0.6931471805599453,-8.043020885298283,0.0
2014-01-07,-0.12314994610824,1.50633128688013,1.78549003665769,0.279158749777561,4.8263,1.0127,2.1156,-5.1073,2.2642,0.5403000000000002,-1.7559999999999991,0.0119003546810014,0.0007857267863569,3.0,0.6931471805599453,7.410951875583635,0.6931471805599453
2014-01-08,-0.1202605895867,1.50656751618269,1.79005624300652,0.283488726823836,4.8535,1.0184,2.1275,-5.1361,1.7936000000000003,0.5695999999999994,-1.7761000000000005,0.01137209854455,-0.0014551564441065,6.0,0.6931471805599453,1.217313176614722,0.6931471805599453
2014-01-09,-0.11327175747116,1.50589344816052,1.77274502204657,0.26685157388605,4.7991,1.007,2.1037,-5.0785,0.4940999999999995,0.5499,-1.7711000000000006,0.0108956010368865,-0.0082113211936976,3.0,0.6931471805599453,8.000684784514748,0.6931471805599453
2014-01-10,-0.083503677921,1.50622730569239,1.77079078515336,0.264563479460968,4.7991,1.007,2.1037,-5.0785,2.3891,0.5645000000000007,-1.7763999999999998,0.0107741682585435,-0.0070895043677756,2.0,0.6931471805599453,7.183870715062453,0.0
2014-01-13,-0.05089782666433,1.50622768670591,1.75476335352476,0.248535666818859,4.8127,1.0099,2.1096,-5.0929,2.856115047314007,0.6990000000000003,-1.811,0.0105840220896014,-0.0018563903371964,3.0,1.0986122886681098,8.555259392222693,1.791759469228055
2014-01-14,-0.02865384754562,1.50610948817949,1.74329048849897,0.237181000319478,4.7856,1.0042,2.0977,-5.0641,2.9002,0.7045000000000003,-1.826,0.0101799140750517,0.0085611336072668,3.0,0.0,-1.5278011371256504,-1.3862943611198906
2014-01-15,-0.03897081055051,1.50564431786117,1.72920829191728,0.223563974056106,4.704,0.9871,2.062,-4.9778,2.6127000000000007,0.6818,-1.8736000000000008,0.010146994010508,-0.0017253515843727,14.0,1.0986122886681098,2.1733412840147985,0.6931471805599453
2014-01-16,-0.04327905292531,1.50535212420141,1.72486983795399,0.219517713752579,4.6632,0.9785,2.0441,-4.9346,2.4388,0.6987000000000005,-1.8287999999999995,0.0097779081015692,0.0001744480983036,6.0,-0.4054651081081644,1.4577656192216355,2.079441541679836
2014-01-17,-0.04586193495759,1.50484510653858,1.71750515309217,0.21266004655359,4.636,0.9728,2.0322,-4.9059,2.0020999999999995,0.7584999999999997,-1.8124,0.0094229566300015,-0.0093093892136995,21.0,0.2876820724517808,-0.233512333438856,-1.9459101490553132
2014-01-20,-0.06013211543388,1.50491265124019,1.70822110203569,0.203308450795504,4.6224,0.9699,2.0262,-4.8915,2.0031,0.6599999999999997,-1.8233000000000008,0.009576202556336,-0.006854535193721,8.0,-0.6931471805599453,0.2152269932363585,-1.0986122886681098
2014-01-21,-0.08595729447564,1.50471576547007,1.70263892630172,0.19792316083165,4.6224,0.9699,2.0262,-4.8915,1.2626999999999995,0.7397,-1.8333000000000004,0.009499169821811,0.008530977343705,5.0,1.0986122886681098,8.176110342237342,0.0
2014-01-22,-0.10610996450524,1.51565443365465,1.74501262729558,0.229358193640935,4.6632,0.9785,2.0441,-4.9346,1.8128,0.7765,-1.8328,0.0095457775241032,0.0213975339627223,4.0,0.0,0.0,0.0
2014-01-23,-0.10999763891755,1.51559111751513,1.73676673213912,0.221175614623991,4.6224,0.9699,2.0262,-4.8915,2.706399999999999,0.7071000000000001,-1.8226000000000004,0.011405142843857,-0.0046747354075069,2.0,0.0,0.0,0.0
2014-01-24,-0.11116649013798,1.51562310069842,1.73527480997533,0.219651709276911,4.6224,0.9699,2.0262,-4.8915,1.3678999999999997,0.8262999999999998,-1.7931,0.0110196834408309,0.0059620756936817,10.0,-0.916290731874155,-2.311393680315599,-1.6094379124341005
2014-01-27,-0.106988120121,1.51549465555935,1.73558756484639,0.220092909287037,4.568,0.9585,2.0024,-4.8339,2.7633999999999994,0.8984000000000001,-1.7991,0.0107201027504038,-0.0103198514907667,7.0,0.0,0.7726380335937522,2.4849066497880004
2014-01-28,-0.11981756705767,1.51563669547418,1.73832338055924,0.222686685085052,4.6088,0.9671,2.0202,-4.8771,2.4753000000000003,0.9649,-1.7991,0.010803072094511,0.0025605315608432,4.0,0.6931471805599453,7.277938572945661,0.0
2014-01-29,-0.14995402287511,1.51491610041002,1.72696710474239,0.21205100433237,4.6768,0.9814,2.05,-4.949,1.2973,0.9924000000000004,-1.8015,0.0103898946457027,0.0055772205558257,8.0,-0.4054651081081644,-0.7820287415661168,0.0
2014-01-30,-0.17662762040398,1.5145228033348,1.72167758297661,0.207154779641811,4.636,0.9728,2.0322,-4.9059,0.8580999999999999,0.9841000000000002,-1.8015,0.0101302015021205,-0.0082444808730137,8.0,0.0,-0.8106727260087301,0.6931471805599453
2014-02-07,-0.16582393949733,1.51403045255748,1.71404612304236,0.200015670484885,4.6224,0.9699,2.0262,-4.8915,2.234539819684448,1.0280000000000005,-1.8252999999999997,0.0100983245873014,0.0055984332922385,5.0,1.3862943611198906,8.694502206386648,0.0
2014-02-11,-0.12089720689212,1.51275078627441,1.72179760078636,0.209046814511949,4.6904,0.9842,2.056,-4.9634,2.1238999999999995,1.0337,-1.7977,0.0114172950993425,0.0084034388766882,3.0,-0.6931471805599453,-8.781248333236862,-1.6094379124341005
2014-02-12,-0.10990175184962,1.5114656004999,1.73058291041841,0.219117309918508,4.6768,0.9814,2.05,-4.949,2.8399,1.0678,-1.8175,0.0112345520127317,0.0029827064190417,6.0,-0.6931471805599453,-8.460199469896118,-0.6931471805599453
2014-02-13,-0.10964140025379,1.51139102184863,1.73163188082129,0.22024085897266,4.6768,0.9814,2.05,-4.949,2.6964999999999995,1.1178,-1.8125,0.0107954034618965,-0.0054909941223559,1.0,0.0,0.0,0.0
2014-02-14,-0.1218099546779599,1.51126092849968,1.72945788362796,0.218196955128276,4.6632,0.9785,2.0441,-4.9346,3.5048000000000004,1.1267000000000005,-1.7927,0.0105058167599119,0.0082800516435224,2.0,0.0,0.0,0.0
2014-02-17,-0.15421068043489,1.51166107597403,1.72692327589569,0.215262199921657,4.6768,0.9814,2.05,-4.949,2.5916999999999994,1.1500999999999997,-1.7373000000000005,0.010412874132012,0.0092053294149625,2.0,0.0,0.0,0.0
2014-02-18,-0.18896063935605,1.51137826783355,1.72154603231915,0.210167764485604,4.6632,0.9785,2.0441,-4.9346,2.5053,1.1604,-1.6923000000000004,0.0104072536355119,-0.007685581614008,1.0,0.0,0.0,0.0
2014-02-19,-0.19479336473487,1.50859504429357,1.73909791761165,0.230502873318077,4.7312,0.9928,2.0739,-5.0066,2.5055000000000005,1.2003999999999997,-1.6662,0.0102994421298926,0.0110231498044228,3.0,-0.6931471805599453,-8.859363449152088,-0.6931471805599453
2014-02-20,-0.18440175546825,1.50737913908813,1.75060727862583,0.243228139537699,4.6768,0.9814,2.05,-4.949,2.1672,1.2306,-1.6940999999999995,0.0104820559161791,-0.0017620672500209,1.0,0.0,0.0,0.0
2014-02-21,-0.16994344213717,1.50735208420566,1.75189524909147,0.244543164885812,4.6768,0.9814,2.05,-4.949,1.8063,1.2503999999999995,-1.6743000000000006,0.0100848307936696,-0.0117998535479353,1.0,0.0,0.0,0.0
2014-02-24,-0.1646915010875,1.50655756292564,1.76478234247225,0.258224779546609,4.5816,0.9614,2.0083,-4.8483,2.3760000000000003,1.2176,-1.6563999999999997,0.010410938318823,-0.0176633006956725,4.0,1.3862943611198906,8.332789468417959,0.0
2014-02-25,-0.15706483790619,1.50621133417131,1.7559591727291,0.249747838557792,4.5816,0.9614,2.0083,-4.8483,2.3860811293556816,1.1776000000000004,-1.6158,0.011475923061364,-0.0206613924323182,5.0,0.6931471805599453,-0.625675245761253,-2.302585092994045
2014-02-26,-0.14511111906458,1.50558036126755,1.74923532164853,0.243654960380988,4.5408,0.9528,1.9904,-4.8052,2.4274000000000004,1.2236000000000002,-1.5598,0.0127975238572458,0.003452363437276,6.0,-0.6931471805599453,-8.418918622147897,-0.6931471805599453
2014-02-27,-0.13578215698746,1.50503987804686,1.75514516532944,0.250105287282577,4.568,0.9585,2.0024,-4.8339,2.5933,1.2335999999999996,-1.5254000000000003,0.0122427485377379,0.0029839028471476,4.0,-0.6931471805599453,-7.1693500166706,0.0
2014-02-28,-0.10156018382008,1.50523810538762,1.76473928012775,0.259501174740138,4.5408,0.9528,1.9904,-4.8052,2.0346,1.2565,-1.4543,0.0117205286267755,0.0043609962342356,2.0,0.6931471805599453,7.138866999945524,0.0
2014-03-03,-0.05377807998322,1.50503393155849,1.76136657498009,0.256332643421594,4.5272,0.95,1.9845,-4.7908,2.3164,1.2365000000000004,-1.4260000000000002,0.0112842441072446,0.0091651763164817,1.0,0.6931471805599453,6.942156705699469,0.0
2014-03-04,-0.0252759524817899,1.50495212995394,1.7576696861538,0.252717556199854,4.5408,0.9528,1.9904,-4.8052,1.9051,1.2815000000000003,-1.3810000000000002,0.0111747788646425,-0.0018144518650045,6.0,0.6931471805599453,7.085064293952548,0.0
2014-03-05,-0.03061831867779,1.50439960510037,1.74818796398549,0.24378835888512,4.5136,0.9471,1.9785,-4.7764,1.7218999999999998,1.3283,-1.4045000000000003,0.0107203467025061,-0.0089168954842229,1.0,0.0,0.0,0.0
2014-03-06,-0.07009769481642,1.50410806546375,1.74897743996841,0.244869374504656,4.5272,0.95,1.9845,-4.7908,1.881,1.3252000000000002,-1.4303,0.0106759450854725,0.0031580545141913,8.0,0.2876820724517808,-1.1754614906085503,-2.70805020110221
2014-03-07,-0.11030896844822,1.50333954448664,1.73696140939419,0.233621864907549,4.5272,0.95,1.9845,-4.7908,2.4567,1.2948999999999995,-1.4306,0.0102894719845511,-0.0008111746301366,4.0,-0.6931471805599453,-6.966024187106113,0.0
2014-03-10,-0.13730906751218,1.50307788117124,1.73869252441495,0.235614643243707,4.4321,0.93,1.9428,-4.6901,3.1856,1.3705999999999996,-1.4605000000000006,0.0098951635087301,-0.0290103615691483,1.0,0.6931471805599453,7.322510433997394,0.0
2014-03-11,-0.14997769120201,1.50234516674946,1.72726564972403,0.224920482974565,4.3913,0.9214,1.9249,-4.6469,2.3534,1.3788,-1.4272999999999998,0.0132565047526902,0.0010459420455761,9.0,1.0986122886681098,2.62710201910058,1.791759469228055
2014-03-12,-0.13971474053285,1.50129010571128,1.728997015445,0.227706909733728,4.3913,0.9214,1.9249,-4.6469,2.3454,1.4242999999999997,-1.4621000000000004,0.0126248983315771,-0.0017329991040915,5.0,-0.4054651081081644,-0.7448889679579166,-1.0986122886681098
2014-03-13,-0.11850791963622,1.50132523202629,1.73215645545093,0.230831223424636,4.4457,0.9329,1.9487,-4.7045,2.512,1.4143,-1.4621000000000004,0.0120526233609179,0.0106648013419849,3.0,-0.6931471805599453,-7.1592919047975645,0.0
2014-03-14,-0.1069954026831299,1.50089992709124,1.74065799136246,0.239758064271226,4.4049,0.9243,1.9308,-4.6613,1.8115,1.4043,-1.4492000000000005,0.0119829196898658,-0.0073429849381776,5.0,0.4054651081081644,1.0851684460644666,0.0
2014-03-17,-0.09019574563011,1.49916444981635,1.72730439933312,0.228139949516772,4.4185,0.9272,1.9368,-4.6757,1.5387000000000004,1.4939,-1.4841999999999995,0.0116876292004872,0.009599846514928,2.0,0.0,0.0,0.0
2014-03-18,-0.07000787655026,1.49740479981553,1.734658059056,0.23725325924047,4.4321,0.93,1.9428,-4.6901,1.833,1.5314,-1.4768,0.0115686910797597,0.0007523088901271,1.0,0.0,0.0,0.0
2014-03-19,-0.09719792910955,1.49701185002658,1.73606223105373,0.239050381027148,4.4593,0.9357,1.9547,-4.7188,2.1436,1.5314,-1.4968000000000004,0.0110666426631032,-0.0017109269715644,2.0,-0.6931471805599453,-8.147867129923947,0.0
2014-03-20,-0.1214773843411,1.49575583417503,1.73545209546922,0.239696261294193,4.4593,0.9357,1.9547,-4.7188,0.8952999999999998,1.5414,-1.4668,0.0106193297380266,-0.0140742054790132,5.0,-0.4054651081081644,1.3766860459051975,0.6931471805599453
2014-03-21,-0.13668762221118,1.49536789214719,1.72567142080927,0.230303528662081,4.5408,0.9528,1.9904,-4.8052,2.2459,1.5148000000000006,-1.4741,0.0111386534546335,0.0267963011668053,4.0,0.0,-1.2776310350733815,-1.6094379124341005
2014-03-24,-0.12989602615309,1.49481803198243,1.72349520589429,0.22867717391186,4.5952,0.9642,2.0143,-4.8627,2.4432,1.5552,-1.4936999999999996,0.0135996363460171,0.0090717504280002,2.0,0.6931471805599453,7.43307534889858,0.6931471805599453
2014-03-25,-0.13377520424292,1.49413400398566,1.71776340858376,0.223629404598096,4.568,0.9585,2.0024,-4.8339,2.3365829600685024,1.6095999999999997,-1.5193000000000003,0.0132442354298895,0.0004993238426846,8.0,1.6094379124341005,8.598588829620232,0.6931471805599453
2014-03-26,-0.13070196302782,1.4935202484314,1.71137654447129,0.21785629603989,4.6224,0.9699,2.0262,-4.8915,2.0747103645814486,1.6325000000000005,-1.5492999999999997,0.0126107740434362,-0.0017627778693887,2.0,-0.6931471805599453,-8.51699317141357,-1.0986122886681098
2014-03-27,-0.12971335521988,1.49296774005841,1.71218633586835,0.21921859580994,4.5952,0.9642,2.0143,-4.8627,1.878,1.6742000000000004,-1.5476,0.0120400684184465,-0.0083119348454649,23.0,-0.4054651081081644,-2.200269432715945,-0.916290731874155
2014-03-28,-0.13723684877115,1.49283261536786,1.71338517792343,0.220552562555564,4.629,0.9542,2.062,-4.9778,1.7825000000000002,1.6736999999999995,-1.5731000000000002,0.0118046936846553,-0.0023853446723496,20.0,-0.6931471805599453,-0.6217964157571377,0.6931471805599453
2014-03-31,-0.18262905847194,1.49197696008824,1.71013150096596,0.218154540877716,4.6156,0.9515,2.056,-4.9634,0.9328000000000004,1.6770999999999998,-1.6031000000000004,0.0113101054953198,-0.0041256317999547,3.0,1.3862943611198906,8.309922989258318,0.0
2014-04-01,-0.1873275248004,1.49014330748862,1.70988168050878,0.219738373020162,4.6156,0.9515,2.056,-4.9634,2.5875,1.6471,-1.6281,0.0109103724525766,0.0069369607368692,4.0,0.0,0.5214940650829142,-0.6931471805599453
2014-04-02,-0.16005008149566,1.48907844161197,1.70700628532181,0.21792784370984,4.6023,0.9487,2.05,-4.949,2.9008000000000003,1.5721000000000005,-1.6430999999999996,0.0106791067330381,0.0056145994220688,7.0,1.0986122886681098,8.291295851905407,0.0
2014-04-03,-0.11854797372789,1.4835811657076,1.66823831486317,0.184657149155567,4.5755,0.9432,2.0381,-4.9203,2.8976,1.4922,-1.6730999999999998,0.0103934619111699,-0.007451730807702,9.0,0.9162907318741552,1.658426997008901,2.2512917986064958
2014-04-04,-0.08067015437572,1.48124712767835,1.6689262062486,0.18767907857025,4.5889,0.9459,2.0441,-4.9347,2.5295,1.4422,-1.6596000000000002,0.0102696646332755,0.0073754768489546,10.0,1.3862943611198906,2.4717230544206994,0.6931471805599453
2014-04-08,-0.0591040604144499,1.48302996196066,1.71794099842223,0.234911036461573,4.6825,0.9653,2.0858,-5.0354,2.8529,1.4006000000000003,-1.7100999999999995,0.0101349784979152,0.0189815218309812,3.0,0.6931471805599453,7.68017564043659,1.3862943611198906
2014-04-09,-0.06878986803551,1.48285512166961,1.71279826068272,0.229943139013108,4.6558,0.9597,2.0739,-5.0066,2.8953,1.3643,-1.6978999999999995,0.0114275403634273,0.0033081820412812,1.0,0.0,0.0,0.0
2014-04-10,-0.09827938958453,1.47977750283764,1.72884177532099,0.249064272483346,4.7494,0.979,2.1156,-5.1073,1.993,1.2654999999999994,-1.7129000000000003,0.0109811545919124,0.01371067419708,1.0,0.0,0.0,0.0
2014-04-11,-0.12511623788094,1.48106637266858,1.74126944676383,0.260203074095254,4.7093,0.9708,2.0977,-5.0641,1.8419,1.2104999999999997,-1.6882,0.0113673884082175,-0.0017623166216331,9.0,-1.0986122886681098,-10.261371765014845,-4.5217885770490405
2014-04-15,-0.18400121455159,1.48408197270641,1.79199302283667,0.307911050130258,4.629,0.9542,2.062,-4.9778,2.3925,1.1789,-1.6889000000000003,0.0104474030193826,-0.0141448188126824,9.0,0.0,0.2770306794267201,1.0986122886681098
2014-04-16,-0.21681158442783,1.48278713410281,1.78977195801993,0.306984823917123,4.6825,0.9653,2.0858,-5.0354,1.5003000000000002,1.1371000000000002,-1.7138999999999998,0.0110037898046674,0.0016739874825235,5.0,-0.6931471805599453,-8.823058934301647,-2.772588722239781
2014-04-17,-0.21415344925363,1.43316410534897,1.54317074652854,0.110006641179573,4.6558,0.9597,2.0739,-5.0066,1.3696000000000002,1.1789999999999998,-1.7117000000000004,0.010556952686752,-0.0029671713562482,2.0,-0.6931471805599453,-7.239932591320469,0.0
2014-04-18,-0.19803774615982,1.42981240750182,1.5169231384046,0.0871107309027774,4.6424,0.957,2.0679,-4.9922,1.5124,1.0784999999999996,-1.6772,0.0101829079351845,-0.0005418629781637,3.0,-1.0986122886681098,-10.064287505439836,-2.639057329615259
2014-04-21,-0.1593151496016,1.42874977514617,1.51169278578346,0.0829430106372906,4.6023,0.9487,2.05,-4.949,2.7296,1.1397999999999997,-1.6668000000000005,0.0097954591408883,-0.0153342419308089,1.0,0.0,0.0,0.0
2014-04-22,-0.11610710165697,1.42594066543011,1.4825002440421,0.0565595786119897,4.6156,0.9515,2.056,-4.9634,1.4026999999999998,1.1396999999999995,-1.6568000000000005,0.0106304727130742,0.0033851593351981,3.0,-0.6931471805599453,-8.817594036275793,-1.3862943611198906
2014-04-23,-0.0763078996651799,1.42963696141968,1.50098486054594,0.0713478991262602,4.6023,0.9487,2.05,-4.949,1.8896,1.0656,-1.6367000000000005,0.0102549187545057,-0.0026322332431609,2.0,0.0,0.0,0.0
2014-04-24,-0.06860780398248,1.43768348924688,1.55692526103126,0.119241771784373,4.5755,0.9432,2.0381,-4.9203,0.7585999999999999,1.0528000000000004,-1.6471,0.0098976667167763,-0.0050184192034752,4.0,0.0,0.8062934903552655,0.6931471805599453
2014-04-25,-0.06195761100557,1.43994046203826,1.58482291650225,0.144882454463989,4.6156,0.9515,2.056,-4.9634,2.5596,0.9615999999999998,-1.6771000000000005,0.0096703460685553,-0.0100226755276926,1.0,0.0,0.0,0.0
2014-04-28,-0.06187446842135,1.44122999588721,1.60364758586043,0.162417589973222,4.629,0.9542,2.062,-4.9778,2.0754,0.9855999999999998,-1.6764,0.009861933057182,-0.0163528153670533,1.0,-0.6931471805599453,-8.873187904050106,-2.772588722239781
2014-04-29,-0.05601139903369,1.44247767507665,1.61539533015781,0.172917655081157,4.6156,0.9515,2.056,-4.9634,1.2736000000000005,0.9730999999999996,-1.6532,0.0108356257757775,0.0083771466190398,9.0,0.4054651081081644,-1.2943310646692745,-1.791759469228055
2014-04-30,-0.06641453902368,1.44205989356665,1.62897635893304,0.18691646536639,4.5237,0.8898,2.05,-4.949,1.2020999999999995,0.9406000000000004,-1.6326,0.0107135958268341,0.0029737840319841,4.0,-1.0986122886681098,-9.705463352014885,-2.19722457733622
2014-05-06,-0.05952766277783,1.44076235191712,1.59632605809539,0.155563706178274,4.4711,0.8795,2.0262,-4.8915,1.1500999999999997,0.9552000000000004,-1.6525,0.0099180264238209,0.0003378219296319,1.0,0.0,0.0,0.0
2014-05-07,-0.05442986929306,1.44493798750875,1.66696564118374,0.222027653674993,4.4974,0.8846,2.0381,-4.9203,1.9601,0.9624000000000006,-1.6424999999999992,0.0095511695395246,-0.0088928084752044,2.0,-0.6931471805599453,-7.074963197966044,0.0
2014-05-08,-0.06175612678688,1.44396114278726,1.63454003721449,0.190578894427227,4.5106,0.8872,2.0441,-4.9347,1.4443,0.8881999999999999,-1.6225000000000005,0.0096475592331802,0.0025791515522985,3.0,0.0,0.0,0.0
2014-05-09,-0.09197451142819,1.4445495038398,1.65122076810273,0.206671264262924,4.5369,0.8924,2.056,-4.9634,0.9474999999999998,0.7788999999999997,-1.6823000000000006,0.0093361522825525,-0.0020559269850162,3.0,-0.6931471805599453,-7.2305631534092925,0.0
2014-05-13,-0.10940532386503,1.44690347325721,1.67661842212163,0.229714948864417,4.55,0.895,2.062,-4.9778,2.5488,0.7879,-1.6022999999999996,0.0108781693670667,-0.0010444491261507,1.0,0.0,0.0,0.0
2014-05-14,-0.10484826061776,1.44654477528444,1.67588774890561,0.229342973621165,4.5369,0.8924,2.056,-4.9634,1.6988000000000003,0.7685,-1.6024000000000005,0.0104369329467797,-0.0013750911615222,2.0,0.0,0.0,0.0
2014-05-15,-0.1049684228927499,1.44679168288609,1.67239359217039,0.225601909284304,4.5632,0.8976,2.0679,-4.9922,1.531076323997846,0.7883999999999998,-1.5813000000000006,0.0100370180690184,-0.0112628999292354,3.0,0.0,0.0136217682210985,0.0
2014-05-16,-0.12303403199448,1.44850223217086,1.68455054690015,0.236048314729287,4.5763,0.9001,2.0739,-5.0066,1.4714000000000005,0.7782000000000004,-1.5776999999999992,0.0103096429006996,0.0007552799609085,3.0,0.6931471805599453,7.638198244285779,0.6931471805599453
2014-05-19,-0.14621503410611,1.44996244985233,1.6923347490565,0.242372299204174,4.55,0.895,2.062,-4.9778,1.4472000000000005,0.7870999999999997,-1.5987999999999998,0.0099111336655748,-0.0105768125168488,3.0,0.0,0.0,0.0
2014-05-20,-0.1735301039818,1.45203832154725,1.71243245112208,0.260394129574829,4.5632,0.8976,2.0679,-4.9922,1.3274,0.7662999999999998,-1.5877000000000008,0.0101273269163981,0.0014631346077482,2.0,0.0,0.0,0.0
2014-05-21,-0.16535785552158,1.4545902871672,1.73388751407174,0.279297226904532,4.5895,0.9027,2.0798,-5.021,2.0214,0.9274999999999998,-1.5877000000000008,0.0097514304702395,0.0083470397131621,2.0,0.6931471805599453,8.247482004285693,0.6931471805599453
2014-05-22,-0.14137213029558,1.45908322025288,1.79386489849945,0.33478167824657,4.6026,0.9053,2.0858,-5.0354,2.0039,0.9856999999999996,-1.5727000000000002,0.0097513903652139,-0.0018120549582976,6.0,0.0,0.0,0.0
2014-05-23,-0.11260843743796,1.46060379708409,1.80669266620765,0.34608886912356,4.6289,0.9105,2.0977,-5.0641,1.4721000000000002,1.0045000000000002,-1.5823,0.0094187659548897,0.0065505550747548,2.0,0.0,0.0,0.0
2014-05-27,-0.09439171517222,1.47314215737718,1.94890641616727,0.475764258790085,4.6421,0.9131,2.1037,-5.0785,1.0092999999999996,0.9822000000000002,-1.5769000000000002,0.009063437111436,-0.0033910388156286,3.0,-0.6931471805599453,-8.51057131510735,0.0
2014-05-28,-0.11664783189446,1.47354227401429,1.95043451034701,0.476892236332719,4.6947,0.9234,2.1275,-5.1361,1.9324,0.9905,-1.5639000000000003,0.0088422357323846,0.007668969647038,4.0,0.4054651081081644,-0.1036751584169977,0.6931471805599453
2014-05-29,-0.14098069258157,1.47732338485198,1.98948027251051,0.512156887658533,4.6947,0.9234,2.1275,-5.1361,2.2310000000000003,1.0006999999999997,-1.5837000000000003,0.0088963220910408,-0.0047095744817422,2.0,-0.6931471805599453,-8.1886891244442,-0.6931471805599453
2014-05-30,-0.15215639103657,1.47768876105398,1.99423999706196,0.516551236007982,4.6815,0.9208,2.1216,-5.1217,2.6191,0.9723999999999996,-1.5986000000000002,0.0087547812663369,-0.0006779732732331,4.0,0.0,-0.0212948259705728,0.0
2014-06-03,-0.16061205253934,1.47687496038629,1.97510624350295,0.498231283116656,4.7078,0.926,2.1335,-5.1505,1.8763,0.9423,-1.5986000000000002,0.008495361754504,-0.0004448785939867,2.0,-1.0986122886681098,-9.031931152002144,-1.6094379124341005
2014-06-04,-0.1609864976084,1.47771061157623,1.97778479182229,0.50007418024606,4.6947,0.9234,2.1275,-5.1361,2.5768,0.9534000000000002,-1.5885999999999996,0.0082583859170887,-0.0066308582394167,2.0,-0.6931471805599453,-7.781138509845015,0.0
2014-06-05,-0.1533470899433699,1.47794897559425,1.97616182187833,0.498212846284073,4.7736,0.9389,2.1633,-5.2224,1.7762999999999995,1.0233999999999996,-1.5486000000000004,0.0083213218826523,0.0078923855311483,2.0,-0.6931471805599453,-9.30383071506352,-1.791759469228055
2014-06-06,-0.15146029947383,1.47901752537899,1.97779920428846,0.498781678909465,4.7473,0.9338,2.1514,-5.1936,2.0153000000000003,1.0366999999999995,-1.5236999999999998,0.0084627758018402,-0.0053659894789044,3.0,0.0,0.0,0.0
2014-06-09,-0.14481738905903,1.47948908000419,1.97797352924061,0.498484449236421,4.8131,0.9467,2.1811,-5.2656,2.6863,1.0542999999999996,-1.5237000000000007,0.0084084311249009,0.0002689351808546,5.0,1.3862943611198906,8.952346543226227,1.791759469228055
2014-06-10,-0.14352473428254,1.47961571772181,1.97906741112436,0.499451693402556,4.9051,0.9648,2.2229,-5.3663,1.1919,1.0789999999999995,-1.5137,0.0081778215497881,0.0107910998431082,8.0,-0.2876820724517809,-0.6986127416964152,0.5596157879354227
2014-06-11,-0.14617740753515,1.47944394742692,1.97204282100115,0.492598873574233,4.892,0.9622,2.2169,-5.3519,1.4863000000000004,1.0284,-1.5137999999999998,0.0086530782187082,0.0011763905258819,7.0,1.3862943611198906,8.741456115998364,1.3862943611198906
2014-06-12,-0.15023136711589,1.48010876631679,1.97558067569143,0.495471909374631,4.8788,0.9596,2.2109,-5.3375,1.5029000000000003,1.0524,-1.5111999999999997,0.0084058062807488,-0.0015754895128434,7.0,0.4054651081081644,0.5476936231995334,1.0986122886681098
2014-06-13,-0.16249944988905,1.07896675100726,0.837922820799386,-0.241043930207871,4.9183,0.9674,2.2288,-5.3807,1.3363999999999998,1.0381999999999998,-1.5012000000000008,0.0081930878313192,0.0092189042858326,1.0,0.0,0.0,0.0
2014-06-16,-0.16914721534526,1.08669115925799,0.844123633976292,-0.242567525281694,4.9709,0.9778,2.2527,-5.4383,1.411162420310443,1.0182000000000002,-1.5212000000000003,0.0084847195319,0.0073462487120412,11.0,0.6931471805599453,0.2478913189730703,-0.5108256237659907
2014-06-17,-0.18056141770972,1.08980960886222,0.845418033995106,-0.244391574867113,4.9052,0.9648,2.2229,-5.3663,1.4242000000000004,0.9582000000000002,-1.5312,0.008556694814002,-0.0092880424184933,6.0,0.4054651081081644,-0.0065221167117649,-0.5108256237659907
2014-06-18,-0.19534805321643,1.09368345526483,0.853686537866403,-0.239996917398427,4.9183,0.9674,2.2288,-5.3807,1.6671000000000005,0.9005000000000001,-1.5312,0.0088293444101579,-0.0054237937521843,2.0,-0.6931471805599453,-7.480428306074208,0.0
2014-06-19,-0.19529950280229,1.09753737015115,0.853101223804077,-0.244436146347069,4.8789,0.9596,2.211,-5.3375,1.9896,0.8372999999999999,-1.5292000000000003,0.0087374871335101,-0.0155835568066091,7.0,0.0,-1.68853280967885,-2.4849066497880004
2014-06-20,-0.1898418293727,1.01791622580436,0.69964772460518,-0.318268501199175,4.5369,0.8924,2.056,-4.9635,1.9014,0.8380000000000001,-1.4885000000000002,0.0098249564345418,0.0014512117249383,16.0,0.6931471805599453,1.61580325333642,1.55814461804655
2014-06-23,-0.18825362395013,1.00647744424718,0.679722379461811,-0.326755064785371,4.4843,0.882,2.0322,-4.9059,1.7598999999999996,0.8001999999999998,-1.4684999999999997,0.0094751361279864,-0.0011399545894494,1.0,0.0,0.0,0.0
2014-06-24,-0.16969280062416,1.0076937840068,0.67823187327342,-0.329461910733381,4.4975,0.8846,2.0381,-4.9203,1.8311999999999995,0.8351999999999999,-1.4585,0.0091555063140289,0.0047143026121023,4.0,-0.6931471805599453,-9.407386324168518,0.0
2014-06-25,-0.13688667890916,1.01572268414104,0.689188847062188,-0.326533837078852,4.4449,0.8743,2.0143,-4.8628,1.9935,0.8093999999999997,-1.4543,0.0089735073982083,-0.0041528026764883,7.0,0.6931471805599453,7.843848638152472,0.0
2014-06-26,-0.11745801693043,1.01906111409344,0.689973419934754,-0.329087694158684,4.458,0.8769,2.0203,-4.8772,0.6037999999999997,0.8409,-1.4627999999999997,0.0087950051538257,0.0064834969875589,5.0,0.4054651081081644,1.2949870848161669,0.0
2014-06-27,-0.10652142926508,1.02457828988591,0.693945602739311,-0.330632687146601,4.458,0.8769,2.0203,-4.8772,0.7526125000000001,0.8521999999999998,-1.4625000000000004,0.0087615334393823,-0.0010635095784561,3.0,0.0,0.0,0.0
2014-06-30,-0.1197046873447899,1.02722542429498,0.704998215996546,-0.32222720829843,4.458,0.8769,2.0203,-4.8773,1.4945000000000004,0.8841000000000006,-1.4497999999999998,0.0085060201643979,0.0057858039206983,1.0,0.0,0.0,0.0
2014-07-01,-0.13671129053808,1.03834893114518,0.715586306320575,-0.322762624824607,4.458,0.8769,2.0203,-4.8773,1.3823500000000002,0.8940999999999999,-1.4973,0.0084573490588458,0.0010022671397642,4.0,-0.6931471805599453,-7.334981878871814,0.0
2014-07-02,-0.15500387282592,1.03401142619652,0.709422598186414,-0.32458882801011,4.4843,0.882,2.0323,-4.9061,1.2763000000000004,0.9141,-1.4852,0.008226604695479,0.0043977890719428,3.0,0.0,0.0,0.0
2014-07-03,-0.16164435572,1.02550346493531,0.696992455943893,-0.328511008991421,4.4976,0.8847,2.0382,-4.9205,2.3984,0.9231999999999996,-1.4761000000000006,0.0081261861291505,0.0018488127096656,1.0,0.0,0.0,0.0
2014-07-04,-0.17250022832185,1.03140369019303,0.707080402936368,-0.324323287256661,4.4976,0.8847,2.0382,-4.9205,1.2788,0.9475999999999996,-1.4917000000000007,0.0079412606374685,-0.0018696926130754,4.0,0.0,-0.0435712482936401,0.6931471805599453
2014-07-07,-0.17514986717357,0.893913846626787,0.573766165929653,-0.320147680697134,4.5371,0.8924,2.0561,-4.9637,2.1901000000000006,0.9428999999999998,-1.5351999999999997,0.0077815796081148,0.0002680065716491,2.0,0.6931471805599453,7.771488760117616,0.0
2014-07-08,-0.18104752873131,0.888646073942915,0.555298714367201,-0.333347359575714,4.5634,0.8976,2.068,-4.9924,2.3994,0.939,-1.5701999999999998,0.007612217244243,0.0019854767057783,2.0,0.0,0.0,0.0
2014-07-09,-0.18066033917853,0.904244882863619,0.571779262959783,-0.332465619903835,4.4976,0.8847,2.0382,-4.9205,1.1984,0.9004000000000003,-1.5655,0.0074829215465883,-0.0123868378586893,3.0,0.6931471805599453,7.412160334945205,0.0
2014-07-10,-0.18195299395503,0.887652581418626,0.561015985021821,-0.326636596396805,4.5371,0.8924,2.0561,-4.9637,1.2720248,0.9126000000000004,-1.5832999999999997,0.0083425422189844,-0.0001324518257481,3.0,-0.6931471805599453,-7.52294091807237,0.0
2014-07-11,-0.17780314730636,0.889808532446286,0.560959512232712,-0.328849020213574,4.5239,0.8898,2.0501,-4.9493,1.5568223999999995,0.9025999999999996,-1.5833000000000004,0.0081185235928747,0.0042195219243135,2.0,-0.6931471805599453,-8.138272638530186,0.0
2014-07-14,-0.16941727702392,0.894334800582978,0.561810499499899,-0.332524301083079,4.5371,0.8924,2.0561,-4.9637,2.3371,0.8826000000000005,-1.5832999999999997,0.0080206790728721,0.0095707491068974,3.0,0.0,0.0,0.0
2014-07-15,-0.16061205253934,0.903206202207116,0.559409321764768,-0.343796880442347,4.5634,0.8976,2.068,-4.9924,2.1771000000000003,0.8598999999999997,-1.5585000000000004,0.0083774999208853,0.0017940528422917,2.0,-0.6931471805599453,-8.307459327011946,-0.6931471805599453
2014-07-16,-0.15489888255534,0.907006610846422,0.562357031792968,-0.344649579053454,4.5502,0.895,2.0621,-4.978,0.9575,0.8499000000000003,-1.5126,0.0081666996741905,-0.0014892575390046,3.0,-0.6931471805599453,-7.507141079727608,0.0
2014-07-17,-0.14608576862846,0.904301020173576,0.555520238957566,-0.34878078121601,4.5371,0.8924,2.0561,-4.9637,0.6802999999999999,0.8580000000000005,-1.4897,0.007975646754261,-0.0056684007935832,2.0,-0.6931471805599453,-7.526178913346146,0.0
2014-07-18,-0.15727178404646,0.905214517896066,0.559229199177154,-0.345985318718913,4.5371,0.8924,2.0561,-4.9637,0.8178312500000002,0.8249999999999997,-1.4548000000000003,0.007999782464833,0.0016895697415906,3.0,-1.0986122886681098,-8.213381737034572,0.0
2014-07-21,-0.1751413708511,0.920896598439303,0.578805862278259,-0.342090736161044,4.4976,0.8847,2.0382,-4.9205,2.0207,0.8027000000000002,-1.4349999999999996,0.0078241691603823,-0.0022306797602196,3.0,0.6931471805599453,7.685243607975833,0.0
2014-07-22,-0.18485873624135,0.895979303353203,0.543156036211038,-0.352823267142165,4.5108,0.8873,2.0442,-4.9349,1.5246000000000004,0.7919,-1.455,0.0076867334829669,0.0101706462244219,4.0,-0.4054651081081644,1.0472925326036813,-1.0986122886681098
2014-07-23,-0.1778098229883,0.892128602253888,0.537818516093854,-0.354310086160034,4.5239,0.8898,2.0501,-4.9493,1.3690999999999995,0.7869000000000006,-1.4399999999999995,0.0081691658279329,0.0014482533700332,2.0,0.0,0.0,0.0
2014-07-24,-0.16740607611814,0.903346234783976,0.549065374391751,-0.354280860392226,4.5765,0.9002,2.074,-5.0068,1.3678,0.7869000000000006,-1.4499999999999993,0.0079723431394065,0.0127037329638373,3.0,0.0,0.0,0.0
2014-07-25,-0.15798062009291,0.921295219182656,0.568218482118241,-0.353076737064415,4.6291,0.9105,2.0978,-5.0644,1.2998710777878548,0.6612999999999998,-1.4556000000000004,0.0087406873465995,0.0101861231093485,11.0,-0.6931471805599453,-7.396335293800808,0.0
2014-07-28,-0.16278407669195,0.996454747423654,0.633903634130035,-0.362551113293619,4.7344,0.9312,2.1455,-5.1795,1.1566999999999998,0.6615000000000002,-1.4753999999999996,0.0090555218103249,0.0238521056193175,6.0,-1.0986122886681098,-9.793114495054756,-1.3862943611198906
2014-07-29,-0.17665493001193,0.985846802448379,0.636759210740239,-0.34908759170814,4.7212,0.9286,2.1395,-5.1651,1.1350000000000002,0.5707,-1.4661999999999995,0.0115367001189111,0.0024048769483941,1.0,0.0,0.0,0.0
2014-07-30,-0.2094331352388,0.992255097175423,0.640167012130771,-0.352088085044651,4.6949,0.9235,2.1276,-5.1363,1.1484,0.5456999999999996,-1.4362000000000004,0.0110588901994845,-0.0008931282649671,8.0,0.0,-0.084498181396903,0.0
2014-07-31,-0.24015644418717,0.991520864141885,0.635553275667731,-0.355967588474154,4.7344,0.9312,2.1455,-5.1795,1.2768275187209226,0.5407000000000002,-1.4382,0.0106011828070243,0.0092722106391134,6.0,-1.0986122886681098,-8.569406062863171,0.0
2014-08-01,-0.27365198178297,0.98946203144091,0.632425333084435,-0.357036698356476,4.7212,0.9286,2.1395,-5.1651,1.3868,0.5021,-1.4385000000000003,0.0105789909938687,-0.0074126167312575,14.0,-0.2876820724517809,-0.1831024487480099,0.6931471805599453
2014-08-04,-0.29298050853254,0.983574533327178,0.62647497379736,-0.357099559529819,4.7475,0.9338,2.1514,-5.1938,1.5610975466252217,0.5224000000000002,-1.4374000000000002,0.0104322068283292,0.017252030081357,6.0,-1.0986122886681098,-8.689801056022553,-0.6931471805599453
2014-08-05,-0.29737553477262,0.984376017653534,0.629363031415647,-0.355012986237887,4.7212,0.9286,2.1395,-5.1651,1.6034000000000002,0.5270000000000001,-1.4528,0.01139063244378,-0.0015241009810953,4.0,-1.0986122886681098,-8.294049640102028,0.0
2014-08-06,-0.26806443599556,0.988177169696057,0.639051263707023,-0.349125905989034,4.7081,0.9261,2.1336,-5.1507,1.2336,0.5425999999999997,-1.4641000000000002,0.0109136476318954,-0.0011177692655,6.0,-0.4054651081081644,-2.042571941345768,-3.332204510175204
2014-08-07,-0.23470666019989,0.990255848816189,0.644356121488252,-0.345899727327937,4.6291,0.9105,2.0978,-5.0644,1.7542,0.5226000000000006,-1.4440999999999995,0.0104703238630596,-0.0135280581287036,9.0,0.5108256237659907,0.732194911899474,1.3862943611198906
2014-08-08,-0.20853616633756,0.980078059659065,0.643715592575295,-0.33636246708377,4.616,0.9079,2.0918,-5.05,2.2719,0.5075000000000003,-1.4192,0.0109445229060077,0.0030834598038511,2.0,0.6931471805599453,7.937731775260109,0.6931471805599453
2014-08-11,-0.18434228121092,0.993593058571159,0.658590991395184,-0.335002067175975,4.6818,0.9209,2.1216,-5.1219,2.2366,0.5178000000000003,-1.3988999999999994,0.0105327382202406,0.0136813446958123,2.0,-0.6931471805599453,-7.4377951216719325,0.0
2014-08-12,-0.18109183098421,0.996192472317132,0.658516374821871,-0.337676097495261,4.6423,0.9131,2.1038,-5.0788,1.0293,0.5178000000000003,-1.3988999999999994,0.010984007315703,-0.0013759915302307,1.0,0.0,0.0,0.0
2014-08-13,-0.17070264923829,0.998812685140341,0.667416163413767,-0.331396521726575,4.616,0.9079,2.0918,-5.05,0.7722999999999995,0.4912999999999998,-1.4354000000000005,0.0105382442658074,0.0005768964392425,2.0,0.0,0.0,0.0
2014-08-14,-0.15495168113071,1.01557082951954,0.688339156665864,-0.32723167285368,4.616,0.9079,2.0918,-5.05,1.0482999999999998,0.4725999999999999,-1.4804000000000004,0.0101195544352057,-0.0074101622270488,2.0,0.0,0.0,0.0
2014-08-15,-0.1419571627859699,0.987396110848388,0.675149634202878,-0.31224647664551,4.6291,0.9105,2.0978,-5.0644,0.9764613175675668,0.4627999999999996,-1.4902000000000006,0.0100229100640609,0.0091437973542607,2.0,0.6931471805599453,7.377133712833954,0.0
2014-08-18,-0.15702660445505,0.984994810492268,0.662157152930243,-0.322837657562025,4.616,0.9079,2.0918,-5.05,0.6922999999999999,0.4628999999999998,-1.4751000000000003,0.0100591599542419,0.0057015066455141,2.0,0.6931471805599453,8.353025845202325,2.302585092994046
2014-08-19,-0.1704344082001599,1.00539005451352,0.698606879695615,-0.306783174817909,4.6291,0.9105,2.0978,-5.0644,0.4108,0.5041000000000002,-1.4531999999999998,0.0098390199180371,0.002615059120532,3.0,-0.6931471805599453,-7.362645270417825,0.0
2014-08-20,-0.16997621366671,1.00694486323275,0.69595415378909,-0.310990709443658,4.6291,0.9105,2.0978,-5.0644,1.7854,0.5091000000000001,-1.4630999999999998,0.0095112914857529,-0.0022824458509287,2.0,0.6931471805599453,8.008698182988528,1.3862943611198906
2014-08-21,-0.16415805341213,1.00497737976955,0.690869785117445,-0.314107594652101,4.6028,0.9054,2.0859,-5.0356,1.1157999999999997,0.508,-1.4842000000000004,0.0092112964447239,-0.0043631123091927,3.0,-1.0986122886681098,-8.651374372882257,0.0
2014-08-22,-0.15699808108674,1.02853673866705,0.725898697674345,-0.302638040992707,4.616,0.9079,2.0918,-5.05,1.4497,0.4128000000000003,-1.4794,0.0090189750993229,0.0046313546295753,3.0,-1.0986122886681098,-8.490438454107418,0.0
2014-08-25,-0.1607194703306199,1.0359802321744,0.726719553271031,-0.30926067890337,4.6028,0.9054,2.0859,-5.0356,1.209,0.4091999999999998,-1.4830000000000003,0.0088467420465245,-0.0051623282521235,6.0,0.6931471805599453,7.550661243105336,0.0
2014-08-26,-0.15926659918746,1.03733894385012,0.72450335477223,-0.312835589077886,4.5897,0.9028,2.0799,-5.0212,1.7963000000000005,0.4239999999999999,-1.4892000000000003,0.0087367464272758,-0.0099938168076896,4.0,0.0,0.0,0.0
2014-08-27,-0.15680994823195,1.03711543971793,0.719478337115913,-0.317637102602022,4.5897,0.9028,2.0799,-5.0212,0.9440999999999996,0.4087999999999998,-1.4943999999999995,0.0090596099966911,0.0010682496553693,4.0,1.3862943611198906,8.884748726451182,0.0
2014-08-28,-0.14665866351532,1.03883838258632,0.721400328005586,-0.31743805458073,4.5239,0.8898,2.0501,-4.9493,1.2376,0.3831999999999995,-1.4900000000000002,0.0087734136641344,-0.0061957625224646,11.0,0.0,0.0,0.0
2014-08-29,-0.13748688340397,1.03509694627413,0.708347107656539,-0.326749838617591,4.4635,0.8974,2.0621,-4.978,1.1883000000000004,0.3639000000000005,-1.4684,0.0087403820351295,0.0096904963107231,9.0,-2.079441541679836,-10.75321104013817,-1.6094379124341005
2014-09-01,-0.13282968492753,1.04077409381009,0.710215869060357,-0.330558224749732,4.4893,0.9026,2.074,-5.0068,1.1760000000000002,0.4114,-1.4640000000000004,0.0090014155208653,0.0082246987156979,12.0,-1.791759469228055,-9.165552189186048,-0.6931471805599453
2014-09-02,-0.12537234131553,1.03525140974525,0.706356144102611,-0.328895265642635,4.5409,0.913,2.0978,-5.0644,1.1545999999999998,0.4287999999999998,-1.4455,0.0090836619175098,0.0135666252088215,9.0,-1.791759469228055,-9.895808141192258,-0.6931471805599453
2014-09-03,-0.12456883196151,1.05497699109821,0.723601827287893,-0.331375163810318,4.5796,0.9208,2.1157,-5.1075,1.8966000000000005,0.4976000000000002,-1.4304999999999994,0.0097634118757662,0.0099156119493768,7.0,-1.3862943611198906,-8.656955133791396,0.0
2014-09-04,-0.1407943803673099,1.06686617423483,0.736387886629347,-0.33047828760548,4.6312,0.9311,2.1395,-5.1651,1.1229999999999998,0.5294999999999996,-1.4231000000000007,0.0099055217122979,0.0079360850196597,3.0,-0.6931471805599453,-8.649623978596727,0.0
2014-09-05,-0.16392501142426,1.07641825505022,0.736634122246004,-0.339784132804215,4.657,0.9363,2.1514,-5.1938,2.0055,0.5608999999999997,-1.4117000000000006,0.0098537600955723,0.0084476039635781,7.0,-1.3862943611198906,-8.916908467543795,0.0
2014-09-09,-0.20199581867264,1.08025329428433,0.741756534630625,-0.338496759653701,4.6312,0.9311,2.1395,-5.1651,2.0869,0.5649000000000002,-1.3976999999999995,0.0098499417305395,4.083423043788059e-05,7.0,-1.6094379124341005,-8.994420665751292,0.0
2014-09-10,-0.23840256047634,1.04655499896037,0.664133282516565,-0.382421716443806,4.5925,0.9233,2.1216,-5.1219,1.3068,0.5215000000000001,-1.3811,0.0094887774873295,-0.0035402824419064,6.0,-1.0986122886681098,-10.065988981880777,-1.3862943611198906
2014-09-11,-0.26508222680698,1.0472534115505,0.668420930192897,-0.3788324813576,4.5796,0.9208,2.1157,-5.1075,1.0901,0.5318000000000005,-1.3708,0.0092323632834423,-0.0028622148687773,6.0,-0.2876820724517809,-0.2500013597798666,0.0
2014-09-12,-0.27217786983363,1.05513574547322,0.680255527566067,-0.374880217907157,4.6054,0.9259,2.1276,-5.1363,1.0587999999999995,0.4643000000000001,-1.3852000000000002,0.0089755507742893,0.0087307270946599,10.0,-1.0986122886681098,-9.76474259285872,-3.367295829986474
2014-09-15,-0.26172739318986,1.05101652393885,0.67661404765272,-0.374402476286133,4.6054,0.9259,2.1276,-5.1363,0.3435999999999999,0.3946999999999994,-1.3848000000000005,0.0091076134396467,0.0030785130144987,11.0,-1.3862943611198906,-2.787392873745409,-0.6931471805599453
2014-09-16,-0.23723492301626,1.06222053435704,0.684674835937744,-0.377545698419297,4.5796,0.9208,2.1157,-5.1075,1.1097,0.3584,-1.3811,0.0088612503922743,-0.018373166464281,7.0,-1.0986122886681098,-8.418256443556213,0.0
2014-09-17,-0.20668821619933,1.06119836388012,0.685523522291424,-0.375674841588694,4.5925,0.9233,2.1216,-5.1219,1.2962000000000002,0.3892000000000002,-1.4036999999999995,0.0103918869663249,0.0049248131006258,6.0,-1.3862943611198906,-9.415890054889344,-0.6931471805599453
2014-09-18,-0.18014631166882,1.05544106958165,0.687320206544848,-0.368120863036804,4.5925,0.9233,2.1216,-5.1219,1.2334000000000005,0.3208999999999995,-1.4307,0.0100989682289206,0.0034754840586987,4.0,0.0,0.4432500043361441,1.0986122886681098
2014-09-19,-0.1673599532247099,1.02866218168811,0.688903011669888,-0.339759170018221,4.5925,0.9233,2.1216,-5.1219,1.1867,0.2180999999999997,-1.4655000000000005,0.0097738082560685,0.0058221463521102,4.0,0.0,0.0,0.0
2014-09-22,-0.16727195559908,1.02844858789394,0.686637931027315,-0.341810656866623,4.5022,0.9052,2.0799,-5.0212,1.2046,0.2072000000000002,-1.4787,0.0095896798742406,-0.0171393169264941,10.0,0.0,0.6502175663257037,-0.4054651081081644
2014-09-23,-0.15838601605099,1.03672407260167,0.693238636762948,-0.343485435838717,4.5151,0.9078,2.0859,-5.0356,0.9163,0.1873,-1.4592000000000005,0.0107426737970414,0.0086321385892889,8.0,1.3862943611198906,8.3707791729607,0.0
2014-09-24,-0.14446903983757,1.03390496617223,0.685321389051026,-0.3485835771212,4.5667,0.9182,2.1097,-5.0931,1.2421000000000002,0.2596000000000003,-1.4127999999999998,0.0106509715691387,0.0145521021227148,16.0,-0.6931471805599453,-0.91113624529559,0.0
2014-09-25,-0.15584986379232,1.02803992607494,0.673013737841909,-0.355026188233035,4.5796,0.9208,2.1157,-5.1075,1.0235,0.2419000000000002,-1.4437999999999995,0.0111932287398695,0.0006517828923611,7.0,-0.6931471805599453,-1.1671242753177102,0.0
2014-09-26,-0.16290423896695,1.02558484421985,0.667516365515732,-0.358068478704118,4.5796,0.9208,2.1157,-5.1075,0.9801898706868064,0.2107999999999998,-1.4371,0.0107209314865033,0.0011144683637667,4.0,0.0,0.0928501539634624,0.0
2014-09-29,-0.1632319542624,1.01996704558515,0.656959724045761,-0.363007321539389,4.5409,0.913,2.0978,-5.0644,0.9176248421814082,0.1841000000000003,-1.4287999999999994,0.0102907777588344,0.0042474405727643,1.0,0.0,0.0,0.0
2014-09-30,-0.15967624330677,1.01653934936565,0.652048685044815,-0.364490664320839,4.5538,0.9156,2.1044,-5.0803,0.9152161491922444,0.1840000000000001,-1.4388999999999994,0.0099772311183223,0.0026088733808835,1.0,-0.6931471805599453,-8.36287583103188,-0.6931471805599453
2014-10-08,-0.18366500293366,1.01014524173814,0.644443997519626,-0.365701244218518,4.5538,0.9156,2.1044,-5.0803,0.8540000000000001,0.2045999999999996,-1.4282999999999997,0.009636999738767,0.0079736422312297,6.0,-1.3862943611198906,-9.146121799649531,-0.6931471805599453
2014-10-09,-0.19978434730853,1.02476694736441,0.671306571527708,-0.353460375836706,4.5423,0.9132,2.0984,-5.0659,0.9573272000000004,0.2330000000000001,-1.4198999999999993,0.0096196403742807,0.0027564026659616,5.0,-1.0986122886681098,-9.169310022418191,0.0
2014-10-10,-0.19496450494472,1.02847954578971,0.674387426050834,-0.354092119738879,4.5294,0.9107,2.0925,-5.0515,1.1984536,0.2437999999999998,-1.3982,0.0093155972836575,-0.0062264168723205,1.0,0.0,0.0,0.0
2014-10-13,-0.18762428920683,1.02659149807198,0.671391927582486,-0.355199570489489,4.4906,0.9029,2.0746,-5.0083,1.8704,0.2568999999999999,-1.411,0.0092230045110603,-0.0035991650794899,3.0,-1.0986122886681098,-8.255048902752295,0.0
2014-10-14,-0.18594808615863,1.02348693354713,0.663768364267014,-0.359718569280119,4.4906,0.9029,2.0746,-5.0083,0.3243999999999998,0.2267999999999999,-1.4747999999999997,0.0089946527813619,-0.002765432774348,4.0,1.0986122886681098,8.261784679514752,0.6931471805599453
2014-10-15,-0.17969964785873,1.02387425591796,0.664477236039407,-0.359397019878549,4.5165,0.9081,2.0865,-5.0371,1.0446999999999995,0.2212999999999998,-1.5248000000000004,0.0087573235116781,0.0059981439650096,4.0,-1.3862943611198906,-8.663887570567042,0.0
2014-10-16,-0.17522390655514,1.02807029301244,0.672811729918811,-0.355258563093627,4.5423,0.9132,2.0984,-5.0659,0.9133,0.2113999999999998,-1.5047,0.0086942055126807,-0.0072602376046413,7.0,-1.791759469228055,-9.166806369952454,0.0
2014-10-17,-0.16719973685804,1.03070437695002,0.659906675857356,-0.370797701092667,4.5423,0.9132,2.0984,-5.0659,1.7512,0.2307999999999999,-1.4953000000000003,0.0087542365318623,-0.0065202587139934,4.0,0.0,0.0,0.0
2014-10-20,-0.15159502687307,1.04290625584812,0.670020329588162,-0.372885926259963,4.5423,0.9132,2.0984,-5.0659,0.6144000000000003,0.1939000000000001,-1.4920000000000004,0.0087475435558268,0.006617432051998,3.0,0.0,0.0,0.0
2014-10-21,-0.14174293408358,1.04573386688715,0.671643358409059,-0.374090508478092,4.5294,0.9107,2.0925,-5.0515,1.5376999999999996,0.2347999999999999,-1.4137999999999995,0.0087294776295641,-0.0072698789324494,8.0,-0.6931471805599453,-1.2929794963516683,0.6931471805599453
2014-10-22,-0.13867333414954,1.03243294727984,0.651941582532369,-0.380491364747476,4.5165,0.9081,2.0865,-5.0371,1.4031999999999996,0.3365,-1.3531999999999995,0.0087858828749975,-0.0056165643843675,7.0,-0.916290731874155,-1.44099397348188,0.0
2014-10-23,-0.14030523494484,1.04248305283426,0.664989497502216,-0.377493555332039,4.5423,0.9132,2.0984,-5.0659,1.1922999999999997,0.3521000000000001,-1.3211,0.0087113595478512,-0.0104278979950631,5.0,-0.4054651081081644,-1.3759448298194077,0.6931471805599453
2014-10-24,-0.13427405974822,1.03879538403276,0.649330875359715,-0.389464508673044,4.5423,0.9132,2.0984,-5.0659,1.2211,0.3860000000000001,-1.2921,0.0090875984096876,-5.993878427723587e-05,7.0,-1.0986122886681098,-8.260492856573185,0.0
2014-10-27,-0.13290493806945,1.04181089742139,0.643987656481311,-0.397823240940079,4.5036,0.9055,2.0806,-5.0227,0.7518047123481848,0.2902999999999998,-1.3121999999999998,0.0087940444694941,-0.005157307210446,2.0,-0.6931471805599453,-7.647308832356238,0.0
2014-10-28,-0.1367810817584,1.04680067097119,0.651172979163256,-0.395627691807939,4.5423,0.9132,2.0984,-5.0659,0.7101999999999995,0.3058,-1.3162000000000005,0.0086894968064915,0.0204980571093011,2.0,0.0,0.0,0.0
2014-10-29,-0.1296502396815,1.06584479042736,0.677346946917827,-0.388497843509536,4.5681,0.9184,2.1104,-5.0947,1.2062,0.3410000000000002,-1.2748,0.0106109097066031,0.0149269334346433,11.0,0.6931471805599453,7.8407064517494,0.0
2014-10-30,-0.12603687510908,1.01467295102437,0.61917035565482,-0.39550259536955,4.5462,0.884,2.1402,-5.1666,1.2457000000000005,0.4082000000000003,-1.2235999999999998,0.0112086594925854,0.007575854235938,17.0,-0.587786664902119,-0.6744386456161134,0.2231435513142097
2014-10-31,-0.13610987228291,1.07088962332972,0.694578146744055,-0.376311476585665,4.6348,0.9012,2.1819,-5.2674,1.0442999999999998,0.4016000000000002,-1.2212999999999998,0.0109890885319735,0.0120976173479778,5.0,0.6931471805599453,7.404887575616125,0.0
2014-11-03,-0.16552596133054,1.04800134035924,0.675408334867293,-0.37259300549195,4.5968,0.8938,2.164,-5.2242,1.0769999999999995,0.3963999999999998,-1.2288,0.0111915005352892,0.0040633348073688,18.0,-1.203972804325936,-1.5552158274888013,0.4054651081081644
2014-11-04,-0.20486089998711,1.06502054681199,0.691746353741022,-0.373274193070964,4.6095,0.8963,2.17,-5.2386,1.7108000000000003,0.3712,-1.2083,0.010790020315756,0.0002653933834695,11.0,-0.6931471805599453,-1.1684807284884846,-0.6931471805599453
2014-11-05,-0.2616739877343,1.0747756893222,0.707344768359332,-0.367430920962868,4.5335,0.8815,2.1342,-5.1523,1.048,0.3616999999999999,-1.1878000000000002,0.0103495298459248,-0.004710591190971,4.0,0.4054651081081644,1.42793027368284,1.3862943611198906
2014-11-06,-0.29375367387773,1.07210094058707,0.706118069006823,-0.365982871580249,4.5208,0.879,2.1283,-5.1379,1.9223,0.3837000000000001,-1.1772,0.0100627641756244,0.0027285214109786,9.0,0.6931471805599453,0.4728417735588224,-0.4054651081081644
2014-11-07,-0.29652165436392,1.03092278234781,0.636220126547755,-0.394702655800058,4.5208,0.879,2.1283,-5.1379,2.026,0.2984,-1.1964,0.0097180717261948,-0.003176280298442,8.0,-1.0986122886681098,-9.038246335337664,-0.6931471805599453
2014-11-10,-0.28025847938716,1.07484728998576,0.695355877330889,-0.379491412654872,4.6475,0.9037,2.1879,-5.2818,1.7592,0.2767999999999997,-1.1865,0.0094264605185008,0.0226926213233902,11.0,-1.9459101490553132,-10.790740746286987,-1.9459101490553132
2014-11-11,-0.24709793964893,1.41345668326039,1.56978902227843,0.156332339018042,4.8248,0.9381,2.2713,-5.4833,1.1825000000000006,0.2679,-1.1315999999999995,0.0115655399477213,-0.0016183374066898,10.0,-1.0986122886681098,-1.3482186957605509,-0.4054651081081644
2014-11-12,-0.21161062131301,1.413357002767,1.57175307812353,0.158396075356524,4.7615,0.9258,2.2415,-5.4113,1.4852999999999996,0.3475000000000001,-1.0736999999999997,0.0110757908143537,0.0099929338943391,8.0,0.0,0.1579598160539193,0.0
2014-11-13,-0.19705702779418,1.41077222188778,1.59840122546597,0.187629003578188,4.7615,0.9258,2.2415,-5.4113,1.113,0.4231000000000002,-1.0772999999999997,0.0110606673223345,-0.0035621941082304,6.0,-0.4054651081081644,-0.5599901094819981,0.4054651081081644
2014-11-14,-0.20796145081017,1.40696898351713,1.59117593208018,0.184206948563052,4.7868,0.9307,2.2534,-5.4401,0.746,0.4468999999999998,-1.0949000000000004,0.0106619866946014,-0.0027322388346862,5.0,0.4054651081081644,0.2486730073800134,0.0
2014-11-17,-0.22849342095024,1.40821479594165,1.63247473103193,0.224259935090275,4.7488,0.9234,2.2356,-5.3969,1.0014000000000003,0.4608999999999996,-1.0891000000000002,0.0102719470757129,-0.0019443423660412,19.0,-0.1335313926245226,-0.82215773126287,-0.6931471805599453
2014-11-18,-0.26277547525512,1.4082261175273,1.6380796037817,0.229853486254397,4.7108,0.916,2.2177,-5.3537,2.3600000000000003,0.4269000000000003,-1.1445,0.0098964015315705,-0.0071568898137428,10.0,0.5596157879354227,-0.550018981254596,0.6931471805599453
2014-11-19,-0.26361843182064,1.41189625254319,1.65191314008502,0.240016887541828,4.6728,0.9086,2.1998,-5.3106,1.6485,0.4049,-1.1456999999999995,0.0098057430736379,-0.0021926294080465,14.0,0.2231435513142097,0.637506201246652,1.0986122886681098
2014-11-20,-0.25262601117902,1.41182011730857,1.65437938795081,0.242559270642241,4.6601,0.9061,2.1938,-5.2962,2.3557208706971364,0.4266999999999998,-1.1568000000000005,0.0094768583248474,0.0006827573054941,5.0,1.6094379124341005,9.065314599925925,1.0986122886681098
2014-11-21,-0.21791610634953,1.4076359258013,1.63632330564672,0.228687379845419,4.7235,0.9184,2.2236,-5.3681,3.1329,0.3513000000000001,-1.1896999999999998,0.0091499436604665,0.0138199744167497,14.0,-0.6931471805599453,-1.2712057997337354,-0.3746934494414107
2014-11-24,-0.18622421663905,1.38689947151462,1.30731844031885,-0.0795810311957748,4.7235,0.9184,2.2236,-5.3681,3.4856000000000003,0.3246000000000002,-1.1438999999999997,0.009852665279048,0.0183634761375923,6.0,-1.3862943611198906,-8.913281137711804,0.0
2014-11-25,-0.16620263272763,1.38679692849804,1.32132785152972,-0.0654690769683168,4.7741,0.9283,2.2475,-5.4257,1.2544000000000004,0.4074999999999997,-1.1532000000000004,0.0111054472456127,0.0136138416133153,7.0,0.0,0.3208359377241736,1.0986122886681098
2014-11-26,-0.17311014289949,1.38546325817287,1.34815867821164,-0.0373045799612235,4.8374,0.9406,2.2773,-5.4977,1.6052999999999995,0.4487000000000001,-1.1883,0.0114617283553616,0.0142107620012525,4.0,-0.6931471805599453,-8.419800845407588,-1.0986122886681098
2014-11-27,-0.19990208206282,1.38798974256964,1.32588996221835,-0.0620997803512868,4.8501,0.9431,2.2833,-5.512,1.7264000000000004,0.4844000000000004,-1.1956999999999995,0.0118360503163594,0.0099874159427049,19.0,-1.2992829841302609,-0.1994680859580792,-2.03688192726104
2014-11-28,-0.25045338014623,1.46229053486985,1.63213020727752,0.169839672407664,5.116,0.9948,2.4084,-5.8143,1.2931,0.4738000000000002,-1.1854999999999998,0.0117326960529425,0.0197054512371481,31.0,-2.19722457733622,-2.7178969967324766,-0.6931471805599453
2014-12-01,-0.31200134703249,1.47553943344701,1.7463831361357,0.270843702688686,5.078,0.9874,2.3906,-5.7711,1.1904999999999997,0.4815999999999998,-1.2252999999999998,0.0128107906476787,-0.0009994425583812,12.0,0.0,-0.4934338810541215,-1.6094379124341005
2014-12-02,-0.36042674385671,1.47241688510691,1.72150368332819,0.249086798221287,5.2933,1.0292,2.4919,-6.0158,1.2630999999999997,0.4969999999999999,-1.2045000000000003,0.0122150396256336,0.0306396471855778,14.0,-0.6931471805599453,-8.235625719964311,0.0
2014-12-03,-0.38083915860196,1.45703292856767,1.3883584380085,-0.0686744905591665,5.192,1.0095,2.4442,-5.9006,1.8507,0.5562,-1.2550999999999997,0.0151342724765574,0.0057657739375835,8.0,0.0,4.583918287661933,4.174387269895637
2014-12-04,-0.38191455027518,1.44984309978744,1.37255319660398,-0.0772899031834611,5.4073,1.0514,2.5456,-6.1453,1.4558,0.5962999999999998,-1.2756000000000003,0.0144704785737563,0.0422430833946432,19.0,-0.3364722366212129,-1.0204505836245674,-1.7047480922384253
2014-12-05,-0.36755758593361,1.58792113395946,1.98161800065952,0.393696866700068,5.8125,1.1302,2.7363,-6.6058,1.8338,0.5926,-1.2329,0.0191384294906075,0.0130857875823435,48.0,-0.3364722366212129,-1.2678945433642772,-0.4212134650763035
2014-12-08,-0.3545363648611,1.5928368755903,1.56878958847527,-0.0240472871150239,5.8632,1.14,2.7602,-6.6634,2.0646000000000004,0.5703,-1.257,0.018541030037119,0.0277333374299981,20.0,-0.8472978603872037,-1.1394130628040628,-0.4054651081081644
2014-12-09,-0.34544226541238,1.58367093131065,1.85756022790661,0.273889296595964,5.3186,1.0342,2.5038,-6.0445,1.6082999999999998,0.4035000000000002,-1.4072999999999998,0.0195798796866409,-0.0558260304843525,16.0,1.9459101490553128,9.345657668923812,1.0986122886681098
2014-12-10,-0.36879440773385,1.58251977168023,1.86645263189145,0.283932860211226,5.4453,1.0588,2.5634,-6.1885,1.2201,0.3787000000000002,-1.4493999999999998,0.0255954299548282,0.0288953944478063,23.0,-0.6931471805599453,-2.6555607822216194,-1.7578579175523736
2014-12-11,-0.37653941254963,1.5544559954402,2.33009336120297,0.775637365762771,5.3186,1.0342,2.5038,-6.0445,1.572470966080242,0.4782000000000002,-1.4322999999999997,0.0257665624765642,-0.0048631566438768,17.0,-0.1823215567939546,-0.8085067899931238,-2.079441541679836
2014-12-12,-0.3736676555532099,1.55232252488516,2.37569695823733,0.823374433352175,5.3313,1.0366,2.5098,-6.0589,1.9384,0.4916,-1.4111999999999996,0.0243186355130429,0.0042394940914389,23.0,-0.6931471805599453,-0.9583620450743164,-1.0986122886681098
2014-12-15,-0.32512331021435,1.55118139720256,2.38774435998793,0.836562962785366,5.23,1.0169,2.4621,-5.9438,2.2464,0.4639999999999999,-1.3775999999999995,0.0229515832597547,0.0051761998688348,20.0,0.0,1.0376253418148111,1.791759469228055
2014-12-16,-0.24658816030046,1.5498058384082,2.39807588769613,0.848270049287923,5.382,1.0465,2.5336,-6.1165,2.1886,0.4505000000000003,-1.4128999999999996,0.0216971542833392,0.0227951946264743,18.0,-1.5040773967762742,-2.124384616353987,-2.19722457733622
2014-12-17,-0.12960047550701,1.55428488667428,2.31196616556396,0.757681278889673,5.6606,1.1006,2.6648,-6.4331,2.1883,0.3355999999999999,-1.3965,0.0216865190185147,0.0129888396467041,46.0,-0.570544858467613,-1.2375333317889368,-0.6931471805599453
2014-12-18,-0.11022521898383,1.55359961050577,2.31121622860628,0.757616618100503,5.5086,1.0711,2.5933,-6.2604,2.397,0.3412000000000001,-1.3628,0.0208581423229334,-0.0011437368423052,20.0,-1.0986122886681098,-1.9901735220257144,-2.302585092994045
2014-12-19,-0.07173141625225,1.5525797475177,2.31552159377787,0.762941846260177,5.5846,1.0859,2.629,-6.3468,2.3668000000000005,0.2904,-1.4236,0.0196894438158953,0.0165667204008492,17.0,0.0,-0.7293590405341037,-0.7884573603642702
2014-12-22,-0.06174641670405,1.55991440176607,2.40057325654207,0.840658854775994,5.9645,1.1597,2.8079,-6.7785,3.708799999999999,0.3167,-1.4181000000000004,0.0193087749875846,0.0060451999600861,32.0,-0.5753641449035618,-1.2078091124632373,-0.8109302162163288
2014-12-23,-0.06493132387168,1.55831408420602,2.44414315659881,0.885829072392789,5.6732,1.1031,2.6708,-6.4475,2.8242,0.2697000000000003,-1.4385000000000003,0.0183370189572129,-0.030792082895573,20.0,-1.0986122886681098,-2.1803984129013934,-0.9808292530117262
2014-12-24,-0.10073361301934,1.55860577994417,2.44910968186416,0.890503901919987,5.4833,1.0662,2.5813,-6.2316,2.940699999999999,0.2368000000000001,-1.5014000000000003,0.0199039798147561,-0.02001017950358,25.0,-0.6931471805599453,-1.4548570325571872,-1.3862943611198906
2014-12-25,-0.11476893086722,1.55808153552559,2.45594284660455,0.897861311078954,5.6479,1.0982,2.6588,-6.4187,2.6228,0.3290000000000002,-1.4384,0.01984556033049,0.0330891643584854,17.0,0.1541506798272583,0.4613135936486027,0.6931471805599453
2014-12-26,-0.11622483641126,1.55783694435333,2.46417660272293,0.9063396583696,5.8505,1.1376,2.7542,-6.649,1.5338000000000005,0.3572000000000002,-1.3850000000000002,0.0214447115446563,0.027309916222352,33.0,-0.6931471805599453,-1.3026967261334303,-3.044522437723423
2014-12-29,-0.1063976257090199,1.55659887351858,2.32495842437099,0.768359550852412,5.8378,1.1351,2.7483,-6.6346,1.9148,0.3705000000000003,-1.3775999999999995,0.021982384033058,0.0032923289897528,27.0,-0.916290731874155,-1.2451071356649446,-0.5596157879354228
2014-12-30,-0.07533689138237,1.55539816906055,2.32355679252293,0.768158623462388,5.9645,1.1597,2.8079,-6.7785,2.049240301033131,0.3900000000000001,-1.3775999999999995,0.0207580336783499,-0.0006949980473418,34.0,0.3184537311185346,-1.319456979616569,-0.9808292530117262
2014-12-31,-0.03677208367011,1.55529302634715,2.36017035322701,0.804877326879865,6.1671,1.1991,2.9196,-7.0483,2.1678,0.4149000000000002,-1.3758999999999997,0.0195937198879552,0.021518551130347,28.0,-0.8754687373538999,-0.8180862134577369,-1.540445040947149
2015-01-05,-0.0642309841477,1.55478902471662,2.39291612505719,0.838127100340575,6.4077,1.2459,2.7147,48.5237,1.6948999999999996,0.3913000000000002,-1.3726999999999996,0.0197040744863716,0.0351861816829313,23.0,0.2513144282809061,-0.5525181364307162,-1.8718021769015916
2015-01-06,-0.14364307591701,1.55510434596172,2.39153019565552,0.836425849693805,6.4584,1.2558,2.7361,48.9073,1.4278,0.4333,-1.3325000000000005,0.021661360127331,0.0002766352870864,20.0,-1.5040773967762742,-2.9076138421737032,-2.890371757896165
2015-01-07,-0.18462508737329,1.55593123332019,2.3700343701031,0.814103136782904,6.4184,1.248,2.7039,48.3319,1.6406000000000005,0.4586000000000001,-1.3270000000000004,0.0204344901058738,0.0066934558641023,22.0,0.3364722366212129,-0.384501501793065,-1.3862943611198906
2015-01-08,-0.18755085670544,1.55454612183405,2.41189109450056,0.857344972666511,6.1509,1.196,2.5913,46.3181,1.7023,0.4393000000000002,-1.3245,0.0194017039956494,-0.0241478810000241,21.0,-1.01160091167848,-1.0060530860373966,-1.6094379124341005
2015-01-09,-0.18992922011816,1.55375401502112,2.39075750796566,0.837003492944546,6.2146,1.2084,2.6181,46.7976,1.8841999999999997,0.4293999999999998,-1.3252000000000002,0.0198708696605275,-0.0024454067200014,37.0,-0.2682639865946794,-0.0599238320516289,-0.6931471805599453
2015-01-12,-0.2020498310083699,1.554024222567,2.37578108094288,0.821756858375887,6.1382,1.1935,2.5859,46.2222,1.9149,0.4254000000000002,-1.3244999999999996,0.0187826975379216,-0.0172217125382054,40.0,-1.8971199848858813,-2.612427215177505,-1.3862943611198906
2015-01-13,-0.19248722006319,1.55402546779835,2.40689226663027,0.852866798831923,6.1382,1.1935,2.5859,46.2222,2.0881,0.3713000000000002,-1.3360999999999996,0.0185800649214099,0.0018516183433483,16.0,0.6931471805599453,-0.4140139603327455,-1.4469189829363254
2015-01-14,-0.15109253008671,1.55456424012621,2.39294480982217,0.838380569695969,6.2273,1.2109,2.6235,46.8935,1.6413000000000002,0.3231000000000001,-1.3235,0.0175711843110552,-0.0039840628454079,15.0,-0.2231435513142097,-0.8768429302319639,-1.6094379124341005
2015-01-15,-0.0974133715722899,1.55608126450441,2.3617900063217,0.805708741817293,6.482,1.2604,2.7308,48.8114,1.7205,0.3216000000000001,-1.2871999999999997,0.0166747257333261,0.0347709604820867,16.0,0.5108256237659907,0.648113509411238,1.791759469228055
2015-01-16,-0.02392018216691,1.55574789134308,2.38784436912553,0.832096477782448,6.5585,1.2752,2.763,49.3868,1.7039999999999995,0.3416000000000001,-1.2818,0.019218243872212,0.011929323124928,30.0,0.4855078157817008,1.0207657176492642,2.302585092994046
2015-01-19,0.0129550711332499,1.56572897288338,2.28140938646912,0.715680413585735,5.909,1.1489,2.4894,44.496,2.8094,0.2949000000000001,-1.3085,0.0185364747579117,-0.0801754231278124,45.0,0.5108256237659907,0.2166886077782271,-0.7985076962177716
2015-01-20,0.0173761932209299,1.56566970672162,2.30298784291742,0.737318136195805,5.909,1.1489,2.4894,44.496,1.6693999999999996,0.2934999999999998,-1.3177000000000003,0.0308530852469179,0.0180311346623387,18.0,0.5596157879354227,0.0539540286729508,-1.8718021769015916
2015-01-21,-0.02847785229436,1.56331635042077,2.35923061471368,0.79591426429291,6.2656,1.2183,2.6396,47.1811,1.7025,0.2644000000000002,-1.3316,0.029570045920102,0.0463579417245796,29.0,-0.6931471805599453,-0.4981181185583621,0.6061358035703155
2015-01-22,-0.06886208677654,1.56256610929724,2.39577753537844,0.833211426081192,6.2146,1.2084,2.6181,46.7976,1.7258,0.2987999999999999,-1.3368999999999995,0.0314296801983201,0.0059196612619274,23.0,-0.5108256237659907,-0.4161700050341397,0.0
2015-01-23,-0.11082785099935,1.56227544890223,2.39528329061173,0.833007841709496,6.342,1.2331,2.6718,47.7565,2.0309000000000004,0.3066,-1.3236,0.0296191828818283,0.0025152706839541,38.0,0.4519851237430572,0.5760854567342126,1.6739764335716716
2015-01-26,-0.09160067323931,1.56297330399138,2.38792654743454,0.824953243443162,6.2783,1.2208,2.6449,47.277,1.9616,0.3060999999999998,-1.3292000000000002,0.0278791539926996,0.0093299123419594,26.0,-0.916290731874155,-1.657375950989123,-3.332204510175204
2015-01-27,-0.04163744204718,1.56340708668287,2.33853265034718,0.77512556366431,6.0873,1.1836,2.5645,45.8386,2.0822,0.3211999999999997,-1.3224000000000005,0.0264026475847179,-0.0089731489576099,27.0,-0.2231435513142097,-0.1833619207938048,-0.8472978603872037
2015-01-28,-0.10158992094874,1.56370628702168,2.33550674056336,0.771800453541674,5.9726,1.1613,2.5162,44.9755,2.0589499999999994,0.355,-1.2866,0.0250278080506275,-0.0141837913880262,31.0,0.6190392084062235,0.5704647900662787,0.4924764850977942
2015-01-29,-0.14127442258712,1.56288981166383,2.34867993462832,0.785790122964492,5.8071,1.1291,2.4464,43.7289,1.9676,0.3938000000000001,-1.2767,0.0240076813191017,-0.0132257456620727,47.0,-0.0645385211375711,-0.3130276407173309,-0.9650808960435872
2015-01-30,-0.10702574669196,1.56281053640222,2.35654823122631,0.793737694824091,5.7816,1.1242,2.4357,43.5371,1.964896296296296,0.3591000000000002,-1.2721999999999998,0.023015174409223,-0.0160499858870171,34.0,-0.1823215567939546,-0.2434141481398713,0.9162907318741552
2015-02-02,-0.05518786263383,1.56330814883537,2.34026433551017,0.776956186674793,5.6161,1.092,2.3748,42.4477,2.2005629629629637,0.3361,-1.3011999999999997,0.0222928126753462,-0.0258942888479651,60.0,0.1910552367627092,1.099848515007393,1.698669046162043
2015-02-03,-0.0038603648043568,1.56355057788951,2.35380002397499,0.790249446085489,5.7307,1.1143,2.4232,43.314,2.2288037037037034,0.2966000000000002,-1.3408000000000002,0.0225768530358504,0.0241933467783592,41.0,-0.3483066942682157,-0.1028788712444978,1.001448540214462
2015-02-04,0.06016428008325,1.56331970604387,2.36229205693638,0.798972350892511,5.6161,1.092,2.3748,42.4477,2.3209,0.3045999999999997,-1.3452000000000002,0.022607800683725,-0.0096507539321173,40.0,-0.7731898882334817,-0.6483240894952853,0.1053605156578263
2015-02-05,0.11413959612392,1.56251695625285,2.41044912403806,0.84793216778521,5.6033,1.0895,2.3694,42.3515,2.1487,0.3475000000000001,-1.3822999999999994,0.0215407042632663,-0.0119149067247583,45.0,0.2231435513142097,-0.2053894916628326,-0.2231435513142097
2015-02-06,0.12729857899656,1.56245880503039,2.40587687572112,0.843418070690737,5.4964,1.0687,2.3155,41.3889,2.2773000000000003,0.4039000000000001,-1.3415999999999997,0.0206757329141239,-0.0195175950179482,38.0,-0.6931471805599453,-2.430917541889824,-3.7977338590260175
2015-02-09,0.1232512950977599,1.56230739489953,2.43722631869363,0.874918923794096,5.4964,1.0687,2.3155,41.3889,1.8904000000000003,0.3649999999999997,-1.3506000000000005,0.0204803774407961,0.0062281528382328,22.0,-0.1177830356563835,0.06439331183424,-0.3610133455373305
2015-02-10,0.10067049748095,1.56243134318346,2.43465542798937,0.87222408480591,5.5731,1.0836,2.3478,41.9665,2.4483999999999995,0.3136999999999998,-1.3342999999999998,0.0194290788337459,0.0149020261608381,17.0,0.0,0.0585992487317391,0.6931471805599453
2015-02-11,0.04057540173785,1.56268092578538,2.42255838041876,0.85987745463338,5.5347,1.0762,2.3317,41.6777,2.2984,0.3169000000000004,-1.3487,0.0189385970479819,0.0051151851163186,24.0,0.2876820724517808,-0.6540686146368573,-2.0541237336955462
2015-02-12,0.02952836188033,1.56286383153452,2.42567861719457,0.862814785660047,5.5475,1.0787,2.3476,41.962,2.1867,0.3075999999999999,-1.3477000000000006,0.0179658867810635,0.004963428984519,19.0,-1.0986122886681098,-5.233956285529418,-6.645090969505644
2015-02-13,0.0302007851161799,1.5628749926633,2.44078867854475,0.87791368588145,5.6753,1.1035,2.4017,42.9289,2.3343000000000003,0.2736999999999998,-1.3490000000000002,0.0170597295623502,0.009537422526062,25.0,-1.6739764335716716,-2.069431448084736,-1.7047480922384253
2015-02-16,0.01881510612002,1.56371302200565,2.29777934307081,0.734066321065152,5.6752,1.1035,2.3909,42.7355,2.5243999999999995,0.3191999999999999,-1.3410999999999995,0.016420063056696,0.0057689086089744,17.0,0.5108256237659907,0.9470684491090874,0.9162907318741552
2015-02-17,-0.0285336852706199,1.56398646852766,2.3152223245221,0.75123585599444,5.7651,1.121,2.4287,43.4123,2.5199763853524915,0.3190999999999997,-1.3312,0.0156557303586918,0.007587601550778,21.0,0.0,0.1509383067166083,0.7985076962177716
2015-02-25,-0.07550621095169,1.5636410065604,2.28771472861986,0.724073722059457,5.7651,1.121,2.4287,43.4123,2.283123468172428,0.3476000000000003,-1.2894999999999994,0.0150302800335023,-0.0055786741721384,8.0,-1.3862943611198906,-9.309099143999449,-2.19722457733622
2015-02-26,-0.11484964593073,1.56359021313774,2.29495675930152,0.731366546163776,5.8935,1.1459,2.4828,44.3792,2.2572,0.3736000000000001,-1.2790999999999997,0.0143776181299257,0.0213012033343726,12.0,-0.5108256237659907,-1.1476362931256912,-0.6931471805599453
2015-02-27,-0.14088723303435,1.56372589711313,2.28799753322971,0.724271636116588,5.8806,1.1434,2.4774,44.2825,2.1809,0.3213999999999997,-1.2840000000000005,0.0152115498147552,0.0036146539207937,23.0,-0.6931471805599453,-0.4936777889922221,-0.1823215567939546
2015-03-02,-0.15976788221346,1.56367202564235,2.28968679444193,0.72601476879958,5.8678,1.1409,2.472,44.1858,1.8572999999999995,0.3652000000000002,-1.2821999999999996,0.0144739861617193,0.0078181865172322,25.0,-0.7731898882334817,-1.0576427035638658,-0.6418538861723948
2015-03-03,-0.16714147636107,1.56284962340257,2.42156293940164,0.858713315999079,5.6495,1.0985,2.38,42.5421,2.3095,0.3789000000000002,-1.2982999999999998,0.0139615766717808,-0.0221949587629186,27.0,0.2513144282809061,-0.2409803183696195,-0.1823215567939546
2015-03-04,-0.17386813624026,1.56276228508126,2.42035491021744,0.857592625136182,5.6238,1.0935,2.3692,42.3487,2.0188999999999995,0.3639999999999999,-1.3245000000000005,0.0150342943467109,0.0050380804713725,21.0,0.4519851237430572,0.3482520458332943,-0.6931471805599453
2015-03-05,-0.1816295268208199,1.56260382572686,2.41903445036878,0.856430624641922,5.5339,1.076,2.3314,41.6719,2.2856,0.3745000000000003,-1.2944999999999998,0.0143517650058635,-0.0095150709246407,21.0,-0.4700036292457356,-5.026188962960631,-7.0453409419347
2015-03-06,-0.20045859118491,1.5637096673021,2.2805583164317,0.716848649129601,5.5725,1.0835,2.3476,41.962,1.8939,0.3841999999999999,-1.2561,0.0139719549922205,-0.0022463425497001,32.0,-2.079441541679836,-1.4734670726121402,-0.2411620568168881
2015-03-09,-0.1902466184505999,1.56360625439985,2.27155305501773,0.707946800617887,5.8036,1.1285,2.4449,43.7024,1.9271137687188016,0.3597000000000001,-1.2639,0.0133045664210995,0.0187122786065234,26.0,-0.5108256237659907,-0.1998277743763299,0.5108256237659907
2015-03-10,-0.16455495304773,1.5625592635879,2.40823395756984,0.845674693981943,5.6752,1.1035,2.3909,42.7355,1.9678,0.3940000000000001,-1.205,0.0139627810456581,-0.0049601860890664,35.0,0.1670540846631662,-0.7866105340273217,-1.845826690498331
2015-03-11,-0.12424293730659,1.56244172864341,2.40872449258704,0.846282763943624,5.7265,1.1135,2.4125,43.1222,2.0151,0.3235999999999999,-1.2321999999999995,0.0133720604925123,0.0014693703449299,26.0,-0.3184537311185346,-1.4427641369784243,-0.262364264467491
2015-03-12,-0.1197186455888599,1.56278719818796,2.25975820614686,0.696971007958902,5.8678,1.1409,2.472,44.1858,2.1531,0.3229999999999999,-1.2126000000000006,0.0127354398849742,0.0175971522632902,22.0,-0.2231435513142097,0.012897977766227,1.0986122886681098
2015-03-13,-0.11503474438464,1.56319351483747,2.26742530284211,0.704231788004636,5.8678,1.1409,2.472,44.1858,2.2043,0.3617999999999997,-1.1902,0.0133378234719677,0.0070179338629827,30.0,-0.587786664902119,-0.6271045875967459,-1.01160091167848
2015-03-16,-0.13899862192428,1.56387134330248,2.27176603161545,0.707894688312968,5.9063,1.1484,2.4882,44.4758,2.1361000000000003,0.4102999999999999,-1.1879999999999995,0.0128822431998019,0.022396591749402,38.0,-0.587786664902119,-0.8664649007497299,-0.5108256237659907
2015-03-17,-0.17582593169048,1.5640423978835,2.27003212922582,0.705989731342319,5.9448,1.1559,2.5044,44.7659,2.0334,0.4204000000000003,-1.2251,0.014151939270071,0.0154033049387969,27.0,-0.3566749439387324,-0.8113163098312757,-1.0986122886681098
2015-03-18,-0.19786053714821,1.56385447800267,2.27273412583298,0.708879647830315,6.0732,1.1809,2.5585,45.7328,2.1866000000000003,0.4236999999999997,-1.2160000000000002,0.0142909146268754,0.021032539051486,37.0,-2.1400661634962708,-1.7173122812524255,-0.2047944126460132
2015-03-19,-0.22791506414179,1.56361050005125,2.28677110017993,0.723160600128672,6.0219,1.1709,2.5369,45.346,2.0607999999999995,0.3919000000000001,-1.2331,0.0151021015186766,0.0013883513702541,31.0,-0.6190392084062235,-0.6165498799606214,-0.6931471805599453
2015-03-20,-0.27245339343388,1.56340767541365,2.30706975459376,0.743662079180114,6.0604,1.1784,2.5531,45.6361,2.1019,0.3631000000000002,-1.2820999999999998,0.0143359855955945,0.0097359104347969,27.0,-0.3184537311185346,-0.4239509428328925,-0.3639653772014116
2015-03-23,-0.3043504086441,1.56093169646527,2.44089322743967,0.879961530974394,6.1374,1.1934,2.5856,46.2162,2.2127000000000003,0.3603,-1.2634000000000003,0.0139550575046022,0.0192776829933762,18.0,-1.0986122886681098,-1.9968145686567051,-2.639057329615259
2015-03-24,-0.33324943578113,1.5596612680744,2.40573645109715,0.846075183022752,6.1631,1.1984,2.5964,46.4096,2.1668,0.3778000000000001,-1.3226,0.014584130504932,0.0009979486236932,43.0,0.3053816495511819,0.4605302144748674,1.3470736479666094
2015-03-25,-0.3488844897749499,1.5589182797455,2.41289497322672,0.853976693481212,6.0219,1.1709,2.5369,45.346,1.9331,0.3752,-1.3430000000000004,0.0138530146436908,-0.0083467373187211,47.0,0.0,-0.2749719182442398,-1.845826690498331
2015-03-26,-0.3407547229271,1.55866763753262,2.40077169442393,0.842104056891316,6.0604,1.1784,2.5531,45.6361,1.9518654460046467,0.3498000000000001,-1.3326999999999996,0.0134431886439484,0.005820122105085,62.0,-0.7884573603642702,-0.8361473233042052,-1.490091154801534
2015-03-27,-0.30583908571769,1.55869562763076,2.40095577177218,0.842260144141421,6.0863,1.1218,2.5477,45.5394,1.9764,0.3993000000000002,-1.3488999999999995,0.0129200865793933,0.0024415492481804,66.0,-0.4855078157817007,-1.311647204379104,-1.1664348850068706
2015-03-30,-0.27868483908883,1.55840959848198,2.40425394809854,0.845844349616559,6.3577,1.1718,2.6613,47.5698,2.0564,0.4193000000000002,-1.3518,0.0123324406089027,0.0255366350261709,55.0,-0.8602012652231115,0.3571644411527243,1.126783165634806
2015-03-31,-0.24992418063209,1.55793038803281,2.40124467608485,0.843314288052047,6.2801,1.1575,2.6289,46.9897,1.7327,0.4758999999999997,-1.3548,0.0142494812086955,-0.0102646516397584,34.0,-0.0953101798043249,-0.4616791224545811,-0.8754687373538999
2015-04-01,-0.21358601628836,1.55775436118563,2.39722089281695,0.839466531631317,6.3189,1.1647,2.6451,47.2798,1.6727999999999996,0.4870000000000001,-1.3834000000000004,0.0139335278252406,0.0165109352082115,35.0,0.3677247801253173,0.3467327426683661,0.4924764850977942
2015-04-02,-0.18521254738439,1.55752955298465,2.39741124682805,0.839881693843396,6.2672,1.1551,2.6235,46.893,1.863,0.4417,-1.4192999999999998,0.0142245692472861,0.0040570620799815,37.0,0.1053605156578263,-0.4463625714786874,-0.6931471805599453
2015-04-03,-0.19068114465716,1.55728089621107,2.39977705029259,0.842496154081518,6.2931,1.1599,2.6343,47.0864,1.963,0.4630000000000001,-1.3914999999999995,0.0135741546980464,0.0099211278444233,34.0,-0.1670540846631662,0.2473494791472323,0.7637647477738987
2015-04-07,-0.20185380871127,1.55723426222432,2.4026852214652,0.845450959240879,6.4611,1.1909,2.7046,48.3433,1.7372,0.4784999999999999,-1.3487999999999998,0.013281251313992,0.0249074030931879,25.0,-0.9555114450274363,-1.8303904301540808,-1.7346010553881064
2015-04-08,-0.22341444075095,1.55662625598815,2.37664837530077,0.820022119312625,6.5127,1.2004,2.7262,48.7301,1.781,0.6011000000000002,-1.2608,0.0148753544620739,0.0084043244292644,23.0,-0.6931471805599453,-1.0026163335933953,-0.916290731874155
2015-04-09,-0.22723535834382,1.55624706952581,2.3645490746907,0.808302005164893,6.4998,1.198,2.7208,48.6334,1.2455999999999996,0.6713,-1.2406,0.0143606271284758,-0.0093751649442044,16.0,-0.5108256237659907,-1.0010133559727583,-2.0149030205422647
2015-04-10,-0.24494108750073,1.55592020734828,2.36884322475662,0.812923017408338,6.5903,1.2147,2.7587,49.3102,1.8485,0.6619999999999999,-1.2199,0.0139703806560592,0.0192141793631357,24.0,-0.251314428280906,-1.6209932635376034,-2.330755969960742
2015-04-13,-0.2475634167445,1.55444964977062,2.40683287011196,0.852383220341341,6.8746,1.2671,2.8777,51.4373,2.5927999999999995,0.5911999999999997,-1.2260999999999995,0.0145887157799165,0.0214340555026719,31.0,-0.9444616088408514,-1.5836104806934663,-1.8971199848858813
2015-04-14,-0.2536395010742099,1.55455523073257,2.41490689459371,0.860351663861143,6.797,1.2528,2.8452,50.8572,1.8172999999999997,0.5490000000000004,-1.2684999999999995,0.0154057298435332,0.0033546187094,35.0,-0.8873031950009028,0.0510533445291918,0.4744579795951159
2015-04-15,-0.26040075312347,1.55400284487988,2.44141433298145,0.887411488101568,7.0167,1.2933,2.9372,52.5008,1.9928000000000003,0.5233000000000003,-1.2391,0.0146476489812215,-0.0125071462366204,46.0,-1.1451323043030026,-1.7125100975739145,-2.995732273553991
2015-04-16,-0.25869359918625,1.55374787570413,2.44970831339494,0.895960437690807,7.2622,1.3385,3.04,54.3379,1.8902000000000003,0.5099,-1.2559999999999998,0.0144718014784465,0.0267343345849191,24.0,-1.252762968495368,-0.9009775751257726,-0.1053605156578262
2015-04-17,-0.24158746764397,1.55327732951789,2.43107431443159,0.877796984913696,7.2881,1.3433,3.0508,54.5313,1.6965,0.5327000000000002,-1.2318000000000002,0.0161164467561494,0.0218050852431517,37.0,-0.1823215567939546,0.0107536060889472,0.1466034741918754
2015-04-20,-0.25555056675082,1.55321261687387,2.43196906454662,0.878756447672746,7.0038,1.2909,2.9318,52.4042,2.3069999999999995,0.4754,-1.2054,0.0167395141203396,-0.0165139971613044,57.0,0.2876820724517808,0.6054615271877878,1.0647107369924282
2015-04-21,-0.25956507912007,1.55318202509335,2.43191617887962,0.878734153786269,7.0296,1.2956,2.9426,52.5975,1.6150000000000002,0.4136000000000002,-1.2633,0.0167016151364954,0.0179886646524156,79.0,0.4054651081081644,-0.5666803139674894,0.0540672212702757
2015-04-22,-0.2414066173512999,1.55300931518008,2.42932617081682,0.876316855636746,7.133,1.3147,2.9859,53.371,1.3899000000000004,0.3857999999999997,-1.2834000000000003,0.016793536636329,0.0241313109319936,59.0,-0.3364722366212129,-0.4712750088636907,-0.5306282510621704
2015-04-23,-0.2333217596365299,1.55246299476953,2.42603005445315,0.873567059683614,7.0813,1.3052,2.9642,52.9843,1.5506999999999995,0.4422999999999999,-1.3089000000000004,0.017619476446477,0.0036341799593575,52.0,0.0,0.3297388110388774,0.5260930958967791
2015-04-24,-0.25723708676203,1.55083441443019,2.40150038501814,0.850665970587946,6.8875,1.2695,2.8831,51.534,1.5552,0.4722999999999997,-1.3337,0.0167056304078903,-0.0047278792419636,74.0,0.5340824859302579,-1.1522257578647035,-2.0412203288596382
2015-04-27,-0.2550262222781,1.5507735266543,2.40500434694324,0.854230820288939,7.1072,1.3099,2.975,53.1776,2.2946,0.4746000000000001,-1.3838999999999997,0.0158935686459395,0.0299784294515408,50.0,0.2363887780642303,-0.5966558499194227,-1.272965675812887
2015-04-28,-0.23384367658854,1.55152550154534,2.43966594124916,0.888140439703823,7.2881,1.3433,3.0508,54.5313,1.0928999999999998,0.4807999999999999,-1.4121000000000006,0.0177776751114527,-0.0113691165222213,70.0,0.0,-0.2966213642206455,-0.1144103511777442
2015-04-29,-0.24691890999679,1.55104379747117,2.44820188173348,0.897158084262307,7.1459,1.3171,2.9913,53.4677,1.7814,0.4657,-1.3925000000000003,0.0172046350455468,9.047413479024158e-05,58.0,0.0,-1.4925592592100057,-1.7160476474923587
2015-04-30,-0.24594183291221,1.55075087977128,2.4533877208123,0.902636841041018,6.9651,1.2228,2.9264,52.3075,0.8455999999999997,0.5646999999999998,-1.423,0.0162830301054378,-0.0078412426510698,60.0,0.1823215567939546,-0.53218298825303,-0.7576857016975165
2015-05-04,-0.21096490080494,1.54908740125293,2.40681507112256,0.857727669869627,6.9393,1.2182,2.9155,52.1141,1.475,0.6145,-1.3730000000000002,0.0156310999842645,0.0086995577536175,37.0,0.6359887667199967,1.464265565499008,2.951929650895598
2015-05-05,-0.18353391681548,1.54866007769973,2.27866983490425,0.730009757204515,6.6174,1.1617,2.7803,49.6969,1.5969000000000002,0.6103000000000001,-1.3729000000000005,0.0150669650512432,-0.0414125653139443,85.0,0.8842024173226545,0.5633642871678757,-0.7169578292536639
2015-05-06,-0.17635209680373,1.54855930879536,2.38298412774049,0.834424818945128,6.6046,1.1595,2.7749,49.6002,0.6919999999999997,0.7479999999999998,-1.3375,0.0194165706806427,-0.0162855916355759,52.0,-0.0645385211375711,0.3326926236598362,-0.492476485097794
2015-05-07,-0.12413005759371,1.54872188638161,2.38730840295907,0.838586516577462,6.5402,1.1482,2.7479,49.1168,0.6280999999999999,0.6999,-1.3536,0.0190621552276644,-0.0280668859425539,61.0,0.1000834585569826,-0.1773531500377989,0.0750351859429141
2015-05-08,-0.07942180185213,1.54891884201758,2.38966821757916,0.840749375561584,6.6303,1.164,2.7857,49.7936,1.6354000000000002,0.6662999999999997,-1.4075000000000002,0.020097830730133,0.0225307737718125,35.0,0.0,0.1029547707844195,0.4054651081081644
2015-05-11,-0.03360720354832,1.54897971101263,2.38357142366741,0.834591712654771,6.6947,1.1753,2.8128,50.277,1.4743,0.7239,-1.3916,0.0202556403445605,0.0299025699021946,36.0,-0.1541506798272583,-1.5013287043468386,-1.1557707025080584
2015-05-12,0.01152890271787,1.54878778168473,2.37615926012731,0.827371478442585,6.6818,1.173,2.8074,50.1804,2.6771000000000003,0.7965999999999998,-1.3384999999999998,0.0213156440996056,0.0154866347345077,40.0,-0.4418327522790392,-0.8373141473809761,-1.349926716949016
2015-05-13,0.0763078996651799,1.5486203957798,2.37329258699445,0.824672191214656,6.6432,1.1662,2.7911,49.8903,2.0455,0.9232999999999998,-1.3373999999999997,0.020689981904168,-0.0058013290000431,52.0,-0.0741079721537218,-0.4769467952315574,-1.3862943611198906
2015-05-14,0.06157406273386,1.54831817568736,2.36753337712266,0.819215201435293,6.6046,1.1595,2.7749,49.6002,1.949001368383056,0.9953000000000004,-1.3111999999999997,0.0196183899897367,0.000582814572148,50.0,-0.1541506798272583,-1.153312959639707,-0.9808292530117262
2015-05-15,0.01994329636861,1.54827281779955,2.36713918590685,0.818866368107299,6.5402,1.1482,2.7479,49.1168,1.8078000000000003,1.0677999999999996,-1.2208000000000006,0.0185303383880643,-0.0160288878921086,87.0,-0.3074846997479605,-0.3520081956730934,-0.1278333715098848
2015-05-18,-0.07225818824568,1.54829248036366,2.36575117680103,0.817458696437367,6.4372,1.1301,2.7046,48.3433,1.2504999999999995,1.0961,-1.2006000000000006,0.0182465168121272,-0.0058658143545589,60.0,1.2992829841302609,0.9045780442767412,0.0
2015-05-19,-0.12954403565057,1.54840034580964,2.36502655185317,0.816626206043529,6.6174,1.1617,2.7803,49.6969,0.7698608915752794,1.1162999999999998,-1.2274000000000005,0.0173561206202174,0.0308173651721332,69.0,0.3364722366212129,0.8074530235141035,1.6894806201076369
2015-05-20,-0.13877953818047,1.54838583996477,2.36391457103001,0.815528731065233,6.6303,1.164,2.7857,49.7936,0.4401999999999999,1.1833999999999998,-1.2313000000000005,0.0190766414717455,0.0064838942656528,35.0,0.6931471805599453,0.8208875041995416,0.9162907318741552
2015-05-21,-0.1031471754823,1.54882017610567,2.36884062032518,0.820020444219504,6.6947,1.1753,2.8128,50.277,0.9383,1.0846,-1.2679999999999998,0.0181367930875233,0.0185247467631946,32.0,-0.1053605156578262,-0.5917788408985755,-0.1335313926245226
2015-05-22,-0.06455930632333,1.54878828227228,2.37034488983371,0.82155660756143,6.8621,1.2047,2.8831,51.534,1.0824659106044838,1.0999,-1.2527000000000004,0.0181098264243044,0.0279050976622734,50.0,0.3566749439387324,-0.304529034421671,-1.637608789400797
2015-05-25,-0.03154077654646,1.54840990666505,2.37969474878777,0.831284842122716,7.0037,1.2295,2.9426,52.5975,1.2302,1.2292999999999998,-1.2381000000000002,0.0192461781858744,0.0329869423358104,42.0,0.0,-0.8589060480932026,-0.5007752879124893
2015-05-26,-0.05574619239645,1.54833164537576,2.37729294197306,0.828961296597293,7.0037,1.2295,2.9426,52.5975,1.8724,1.4457,-1.0477,0.0209423892824707,0.0199702359787181,53.0,-0.1718502569266592,-0.5085861992382535,-0.723918839226699
2015-05-27,-0.13044221831217,1.54781126131266,2.38183014983353,0.834018888520869,6.9136,1.2137,2.9047,51.9207,1.0797,1.5178,-1.0635999999999997,0.0207358712035541,0.00625562107267,44.0,0.1670540846631662,-0.2955962880755633,0.6435502394205732
2015-05-28,-0.19017500658974,1.54752796626035,2.34901515656709,0.801487190306743,6.566,1.1527,2.7587,49.3102,0.9549,1.5189,-1.0038999999999998,0.0196669652446128,-0.0672599553908437,137.0,1.0986122886681098,1.448796969472217,2.92673940206704
2015-05-29,-0.24171430560091,1.5467153939291,2.21700279461639,0.670287400687289,6.5273,1.1459,2.7425,49.0201,0.8462000000000001,1.4427000000000003,-1.0353,0.028269508853185,-0.0018461856996534,109.0,0.5280674302004967,0.7223008020207731,1.3945931639345857
2015-06-01,-0.27428738532804,1.54668889905371,2.20669454159331,0.660005642539603,6.7333,1.1821,2.829,50.5671,1.9202832,1.5777,-0.9903,0.0266141541974081,0.0459790563859225,57.0,0.3022808718729337,0.0676822271499636,-0.365934269351529
2015-06-02,-0.26232881144503,1.54637369411235,2.21558509572436,0.669211401612006,6.6947,1.1753,2.8128,50.277,2.3592064,1.5402,-1.0427,0.0289515210608255,0.0167961181422526,47.0,0.7339691750802005,0.7309739389663551,0.6443570163905132
2015-06-03,-0.1967796835534,1.545696909616,2.20838461589212,0.662687706276122,6.6947,1.1753,2.8128,50.277,2.5853,1.6586,-1.0294000000000003,0.0277496439143957,-0.0001118068776637,34.0,0.6190392084062235,-0.0311400592295833,-1.8718021769015916
2015-06-04,-0.1035155517496,1.54633950584316,2.17136957191795,0.625030066074783,6.8749,1.2069,2.8885,51.6307,1.1368999999999998,1.6761,-1.0692,0.0261208914751119,0.0075324894450528,53.0,0.2363887780642303,-0.5731807884323613,-1.8152899666382487
2015-06-05,-0.002780724969905,1.54586977183548,2.17093444511356,0.625064673278085,6.8492,1.2024,2.8777,51.4373,0.6591,1.6802,-1.0941000000000003,0.0247095678954491,0.0152445260799716,56.0,0.3022808718729337,-0.6400506944096566,-1.348073148299693
2015-06-08,-0.02304263343132,1.54552175442323,2.16166107986111,0.616139325437879,7.2483,1.2725,3.0454,54.4346,1.7157999999999998,1.6780000000000002,-1.1139,0.0237654998229415,0.0214257819738659,51.0,0.6466271649250525,0.6872262876907218,1.1349799328389845
2015-06-09,-0.08175222173088,1.54558216510749,2.16859976110384,0.62301759599635,7.1067,1.2476,2.9859,53.371,2.148,1.6956000000000002,-1.1187,0.0233887479549506,-0.0035815083355288,50.0,0.0,-0.0598575255068936,-0.5436154465889815
2015-06-10,-0.0968334975634,1.54568085095108,2.15963393510461,0.613953084153532,6.9908,1.2273,2.9372,52.5008,1.5339,1.7638000000000005,-1.084,0.0220776842960184,-0.0014674005694601,70.0,0.653926467406664,0.5279936919711773,0.5465437063680699
2015-06-11,-0.08180684094679,1.54589904967196,2.14671592475618,0.600816875084212,6.9779,1.225,2.9318,52.4042,1.3898,1.8123,-1.0555000000000003,0.020828963230426,0.0030420761076985,44.0,0.4054651081081644,0.2238487159073782,0.1941560144409574
2015-06-12,-0.0718145588364699,1.54410939917175,2.0315262326689,0.487416833497155,7.0037,1.2295,2.9426,52.5975,1.5612,1.8263,-1.0526000000000004,0.0196796836928399,0.0087010172099208,54.0,0.2876820724517808,0.8759229989027938,2.066862759472976
2015-06-15,-0.06443853716815,1.54383931919045,2.02403034360838,0.480191024417933,6.8492,1.2024,2.8777,51.4373,1.4276,1.9118,-1.0198,0.0187834929539497,-0.0202086524000257,48.0,0.2682639865946793,-0.3631263554444228,-0.1541506798272583
2015-06-16,-0.04703867562033,1.54342957158452,2.01418879426469,0.47075922268017,6.7333,1.1821,2.829,50.5671,1.7333,1.8191,-1.0779999999999998,0.0188812784648312,-0.0352907784849367,42.0,0.1541506798272583,-0.3612619793299871,-1.0986122886681098
2015-06-17,-0.02837164826343,1.54305776194877,2.01587994477879,0.472822182830023,6.8106,1.1956,2.8615,51.1472,1.6432,1.7544,-1.0827,0.0210674911798282,0.0163298612359312,44.0,-0.5596157879354228,-0.7557335958471247,-0.2876820724517809
2015-06-18,-0.01126855112204,1.54267564110174,2.02056373954809,0.477888098446347,6.5788,1.1549,2.7641,49.4069,3.6869,1.7119,-1.1344999999999996,0.0205300012184538,-0.0374364521056591,68.0,0.4626235219481129,0.3399168807898376,-0.9382696385929302
2015-06-19,0.0056245654781919,1.54185549274034,2.00134203845065,0.459486545710313,6.3986,1.1233,2.6884,48.0533,1.2558,1.7597,-1.1249999999999996,0.0227306074781873,-0.0663025531512104,62.0,0.0,-0.1963664676934018,-1.3862943611198906
2015-06-23,0.02942337160975,1.54055546596752,1.94726218488628,0.406706718918763,6.6689,1.1708,2.802,50.0837,2.1688,1.7569,-1.1031999999999995,0.0300109509467788,0.0216749413317369,78.0,0.9444616088408516,0.438170452136586,0.2876820724517808
2015-06-24,0.07769886903031,1.54056583127688,1.9429874985783,0.402421667301414,6.7204,1.1798,2.8236,50.4704,1.7725000000000002,1.7957999999999998,-1.1006999999999998,0.0290457619694116,0.0245316914433164,36.0,-0.5108256237659907,-0.4716990238309804,0.0
2015-06-25,0.10943202659281,1.54025885332458,1.95150879688348,0.411249943558902,6.6303,1.164,2.7857,49.7936,2.2756,1.7472,-1.1058,0.0284010832905493,-0.0352329907219512,59.0,1.203972804325936,1.176119132416525,1.4240346891027378
2015-06-26,0.0992940932400699,1.53959197431062,1.89491923659913,0.355327262288511,6.4115,1.1256,2.6938,48.1499,3.0695,1.7595,-1.1005999999999996,0.0289747283963746,-0.0768452356496887,60.0,0.550046336919272,0.0045056944117503,0.0
2015-06-29,0.13174610037193,1.54008460014363,1.68876461898394,0.148680018840307,6.5273,1.1459,2.7425,49.0201,1.2623000000000002,1.7373000000000005,-1.1055999999999997,0.0365507590948525,-0.033921426318825,62.0,0.3448404862917296,-0.1254411237392534,-0.3184537311185346
2015-06-30,0.13887208740742,1.54540195692842,1.57725069566862,0.0318487387401998,6.7977,1.1934,2.856,51.0505,1.7418000000000002,1.7317,-1.1227999999999998,0.0360034323602412,0.0538388618244631,44.0,-0.1335313926245226,-0.0522890624558896,0.578077850775158
2015-07-01,0.0737823678096099,1.54565935620241,1.55050635108068,0.0048469948782663,6.6174,1.1617,2.7803,49.6969,1.4398,1.7553999999999998,-1.1077,0.0378658653484302,-0.0536737397608781,51.0,0.6931471805599453,0.935367950941412,1.1741198411762548
2015-07-02,0.06366264086217,1.53902183820304,1.57407680530954,0.035054967106493,7.0037,1.2295,2.9426,52.5975,1.8575,1.745,-1.1239,0.0394449105776932,-0.0353852250638393,124.0,0.2732933349996813,0.0085636738459104,0.2553466918088445
2015-07-03,0.12621256692025,1.53851789995277,1.56670993269353,0.0281920327407548,6.8363,1.2002,2.8723,51.3406,1.3059,1.6845,-1.161,0.0387295755882032,-0.0594545988529358,82.0,-0.0714589639821449,-0.4870435476531405,-0.4054651081081644
2015-07-06,0.17687067591477,1.54143183133061,1.59393763330351,0.0525058019729023,7.4543,1.3086,3.1319,55.9816,2.6679,1.6427999999999998,-1.1947,0.040983728213273,0.0238518495125976,111.0,0.0259754864032607,0.1321395631699572,1.0307896923293485
2015-07-07,0.15730121773503,1.53625841621811,1.45282876521131,-0.0834296510068024,7.3899,1.2973,3.1049,55.4981,1.6681,1.5078000000000005,-1.1493999999999995,0.039230582865399,-0.0130048905807989,83.0,0.0,-0.0939543304745017,0.2006706954621512
2015-07-08,0.10486191542173,1.54494386210938,1.35452325061381,-0.190420611495575,7.0423,1.2363,2.9588,52.8876,1.7033,1.3769999999999998,-1.0983999999999998,0.0370980189784193,-0.0608213024679589,118.0,0.6241543090729939,0.369713647002689,0.6041996945434491
2015-07-09,0.14322129419416,1.54441631174675,1.28922377702051,-0.25519253472624,7.1839,1.2612,3.0183,53.9511,2.3865,1.2344,-1.1324999999999998,0.0398405381126225,0.0560355723092129,87.0,0.2231435513142097,-0.150740729657186,-0.1393555209105113
2015-07-10,0.17325913198288,1.54529326630093,1.26240694284577,-0.282886323455154,7.1324,1.2521,2.9967,53.5644,1.9213000000000005,1.2018,-1.0662000000000005,0.0414005059348184,0.0444174841454589,162.0,0.5937747067467416,0.6879446418838165,0.6931471805599453
2015-07-13,0.19528190327716,1.54913193632989,1.51006067144182,-0.0390712648880644,6.7848,1.1911,2.8506,50.9539,2.2854,1.2616,-1.0595000000000003,0.0413415209811139,0.0235949132479191,107.0,1.0033021088637848,-0.5655313176301239,0.2744368457017603
2015-07-14,0.1708616518446,1.54857523401895,1.49994103791779,-0.0486341961011569,6.6303,1.164,2.7857,49.7936,1.1464,1.1501,-1.0512,0.0395442404694343,-0.0116281050117166,94.0,0.8938178760220965,0.7264535706402129,1.9348603128687285
2015-07-15,0.17042924971866,1.54739594944815,1.36766296439969,-0.179732985048463,6.7848,1.1911,2.8506,50.9539,0.9662000000000002,1.1457000000000002,-1.0491,0.0373440658364536,-0.0307348575603203,42.0,0.1823215567939546,-0.8901975399172888,-1.7303905228517629
2015-07-16,0.14345494306221,1.54622413001155,1.34561704191428,-0.200607088097274,6.7204,1.1798,2.8236,50.4704,1.0465,1.1168999999999998,-1.0673999999999997,0.0364300454617295,0.0045805500408029,39.0,0.9162907318741552,-1.2890614404548393,0.4574248470388755
2015-07-17,0.04002435453736,1.54557052307739,1.40464086134954,-0.140929661727854,6.7076,1.1775,2.8182,50.3737,1.689,1.0808,-1.0573,0.0342714065388426,0.0344936536323512,62.0,1.1314021114911006,-0.2693869473274936,-1.5632250692789689
2015-07-20,-0.0235366338952,1.5457360720395,1.41925574176784,-0.12648033027166,6.6561,1.1685,2.7965,49.987,4.061300000000001,1.0771000000000002,-1.0738,0.034004889474885,0.0087447993329305,46.0,0.4519851237430572,0.5006216916791643,-0.0235304974101941
2015-07-21,-0.01984407145971,1.54538644979202,1.42138650217447,-0.123999947617551,6.6303,1.164,2.7857,49.7936,1.456,1.1149999999999998,-1.0730000000000004,0.0320881995987214,0.0063835143461581,46.0,0.7884573603642703,0.4275732441104751,-0.7308875085427924
2015-07-22,0.02753051233844,1.54797101923957,1.61375909548686,0.0657880762472869,6.5917,1.1572,2.7695,49.5036,1.3577999999999997,1.1204999999999998,-1.045,0.0302433976738144,0.0020811771740607,36.0,0.3483066942682158,-0.4284434101258925,-2.079441541679836
2015-07-23,0.07951586827953,1.54804017973417,1.61294461056825,0.0649044308340816,6.6303,1.164,2.7857,49.7936,2.0102999999999995,1.1212999999999995,-1.0623,0.0284594801630768,0.024020487280028,40.0,0.1541506798272583,-0.6788591303853989,-0.2144098713454552
2015-07-24,0.0897757845478,1.54715687345902,1.51806774907901,-0.029089124380014,6.566,1.1527,2.7587,49.3102,2.498420591564601,1.1901000000000002,-1.0707999999999998,0.0278295562042377,-0.0129389213869774,41.0,0.3746934494414107,-0.6075256946545392,-0.916290731874155
2015-07-27,0.05251850017636,1.54784330166478,1.49529384107792,-0.0525494605868628,6.2055,1.0894,2.6072,46.603,3.5411,1.2127,-1.0894,0.0265194646761403,-0.0886493774416532,37.0,0.5108256237659907,0.4780049521381315,0.666478933477784
2015-07-28,0.02823085206242,1.55068073864671,1.39345170992939,-0.157229028717319,6.2183,1.0917,2.6126,46.6996,2.1123000000000003,1.1919,-1.0800999999999998,0.0375727674691147,-0.0169335539566564,42.0,0.8649974374866045,0.4686966609835977,0.7472144018302211
2015-07-29,0.01062920285582,1.54884208647595,1.42356815193013,-0.125273934545819,6.257,1.0984,2.6289,46.9897,1.2727999999999997,1.2338,-1.0614,0.0357222596091198,0.0338633309320997,67.0,0.4054651081081644,0.1131597244415216,-0.0500104205746614
2015-07-30,0.01481485543492,1.54779291927198,1.496908449167,-0.0508844701049782,6.1668,1.0826,2.591,46.3129,1.219,1.1978999999999995,-1.0467000000000004,0.0352335727222192,-0.0222565928520896,55.0,0.9932517730102834,1.366733373888311,1.916922612182061
2015-07-31,0.0398665656914,1.54874972937052,1.66903383714569,0.120284107775178,6.2183,1.0917,2.6126,46.6996,1.0033999999999996,1.2379000000000002,-1.0103999999999995,0.0338704510361603,-0.0114093238993966,80.0,0.4567584024957149,-0.3678834638442049,-1.2916783847450417
2015-08-03,0.10272205591848,1.5485637818796,1.65824060502848,0.10967682314888,6.2698,1.1007,2.6343,47.0864,1.2283,1.2386000000000004,-1.0497,0.0320548697826233,-0.0112043353699284,49.0,0.2513144282809061,-0.1532295493787293,2.3978952727983707
2015-08-04,0.16547680403623,1.54852372506778,1.65197897341027,0.103455248342485,6.2698,1.1007,2.6343,47.0864,1.7916,1.1926,-1.0574999999999997,0.0303597781929606,0.0362234075633107,55.0,0.2113090936672069,0.4072904385784653,1.265666373331276
2015-08-05,0.1447988792136399,1.54830573129525,1.65326233587606,0.104956604580813,6.2055,1.0894,2.6072,46.603,1.3210000000000002,1.2068,-1.0595000000000003,0.0307578332247314,-0.016634558018211,37.0,0.1431008436406732,0.1480945096192665,0.0953101798043249
2015-08-06,0.0972355556805,1.54814418992892,1.65438479090541,0.106240600976483,6.1926,1.0871,2.6018,46.5063,1.4840999999999998,1.2338999999999998,-1.0696000000000003,0.0294156411040839,-0.008981461896413,39.0,0.8873031950009027,0.0179394884744675,-0.750305594399894
2015-08-07,0.11798145108289,1.54806333106633,1.64965459892239,0.101591267856056,6.2312,1.0939,2.618,46.7963,1.148,1.2538999999999998,-1.0536,0.0278281313762954,0.0223255723936954,37.0,0.3101549283038394,0.5911872262610913,2.1400661634962708
2015-08-10,0.1281879618956,1.55655136526581,1.4681910414765,-0.0883603237893142,6.3342,1.112,2.6613,47.5698,2.0207,1.3114999999999997,-0.9834999999999998,0.0271182630171923,0.0480269606146759,40.0,0.3746934494414107,0.1040072872899304,0.9555114450274363
2015-08-11,0.11746014101105,1.55656433103404,1.46868271729769,-0.0878816137363476,6.2698,1.1007,2.6343,47.0864,0.9290000000000004,1.3245,-0.9379999999999996,0.0296854435596007,-0.0001290934589945,34.0,1.1631508098056809,1.8029808612823988,3.6375861597263857
2015-08-12,0.07432249116692,1.5565783027551,1.46976478484448,-0.0868135179106109,6.1797,1.0849,2.5964,46.4096,0.9476,1.3029000000000002,-0.9598,0.0279310356919267,-0.0106444020172453,38.0,1.0498221244986776,0.9107132133481514,0.1625189294977749
2015-08-13,0.07199965729038,1.55657212052634,1.46831316542224,-0.0882589551041006,6.1668,1.0826,2.591,46.3129,1.1037999999999997,1.2462999999999995,-0.9881000000000002,0.0265102032422877,0.0174057142580466,24.0,0.4054651081081644,-0.6410020651908404,-1.0647107369924282
2015-08-14,0.03148403324993,1.55679052603768,1.46087121665158,-0.0959193093861006,6.1411,1.0781,2.5802,46.1195,0.8476999999999997,1.2603,-0.9979,0.0255530838710151,0.0027219583337867,28.0,0.2876820724517808,0.3843920672397351,0.7827593392496325
2015-08-17,-0.03372797270349,1.55541563457374,1.49444077897728,-0.0609748555964567,6.0638,1.0645,2.5477,45.5394,0.7502999999999997,1.2597,-0.9785000000000004,0.024081828344906,0.0071197161521752,49.0,3.4339872044851463,11.144842843049394,3.688879454113936
2015-08-18,-0.08178468982034,1.55547908323032,1.48995744807871,-0.0655216351516115,5.9609,1.0465,2.5044,44.7659,0.8605,1.253,-0.9535,0.0228010102751748,-0.0634439383232532,31.0,0.4054651081081644,0.6157373552317618,0.8938178760220965
2015-08-19,-0.06509760904011,1.55490326926879,1.48901669800518,-0.065886571263609,5.8836,1.0329,2.472,44.1858,0.8390999999999997,1.255,-0.9301,0.029433222544331,0.0121836126903627,60.0,0.3448404862917296,-0.0349386708537983,-0.4328640822962787
2015-08-20,-0.04395329680169,1.55500797242397,1.48510218187073,-0.0699057905532465,5.8579,1.0284,2.4612,43.9924,1.739,1.2356000000000005,-0.9551000000000004,0.0279561171018157,-0.0348149229154177,61.0,1.3217558399823195,1.6388225748512302,2.995732273553991
2015-08-21,-0.0216316370203499,1.55508163621899,1.48160983740158,-0.0734717988174127,5.845,1.0261,2.4558,43.8957,0.8375999999999997,1.243,-0.9751000000000004,0.0285399329911034,-0.0436616873919977,59.0,0.3184537311185346,0.1186557294538972,0.1335313926245225
2015-08-24,0.0294670669824799,1.55569652352234,1.4873378842866,-0.0683586392357363,5.2785,0.9267,2.2178,39.6415,4.1889,1.2231,-1.0001000000000002,0.0302193393908708,-0.0887317541039163,82.0,0.581921545449721,0.6756797963481613,0.90078654533819
2015-08-25,0.0838693232275,1.55781249830848,1.5158507040364,-0.0419617942720816,5.0081,0.8792,2.1042,37.6111,1.0571000000000002,1.2108,-0.976,0.03997388585075,-0.0793753042401403,62.0,0.3513978868378886,-0.5791298461714172,-0.1177830356563835
2015-08-26,0.13679018496106,1.55787860375247,1.51645596691116,-0.0414226368413071,5.2141,0.9154,2.1907,39.1581,1.0263,1.1692,-1.0047,0.045198672560023,-0.01278964031858,48.0,0.2719337154836417,0.4409115739598063,1.0986122886681098
2015-08-27,0.1322883478098699,1.55783450902044,1.51425361812318,-0.0435808908972555,5.4588,0.9583,2.2935,40.9951,0.9763000000000002,1.1092,-1.0213,0.0426511192944963,0.052018494661973,69.0,0.7827593392496325,1.3840594883004338,1.591088773765904
2015-08-28,0.17798369415894,1.55815695480389,1.5164866602814,-0.0416702945224898,5.4479,0.9611,2.2881,40.8984,1.0005000000000002,1.1175000000000002,-1.0197000000000005,0.0432981240102508,0.0471143803970033,36.0,-0.2231435513142097,-0.1062012606640608,-1.791759469228055
2015-08-31,0.21408456835357,1.55788440050515,1.51573147382882,-0.0421529266763336,5.3963,0.952,2.2664,40.5117,1.0391999999999997,1.0252000000000003,-1.0588000000000002,0.0433032937522511,-0.0081897407813364,40.0,0.3254224004346279,-0.2397097514831667,-0.0741079721537218
2015-09-01,0.2576358070381599,1.55802181145068,1.51655628204027,-0.0414655294104151,5.7956,1.0225,2.4341,43.509,1.0951,1.0172999999999996,-1.0722999999999998,0.040764360745751,-0.0123535268232952,87.0,0.1133286853070032,0.1684162485294,0.9409833444645266
2015-09-02,0.24705151331541,1.55821287211379,1.52793578465104,-0.0302770874627554,6.3752,1.1247,2.6775,47.8599,1.0227,1.0505,-1.0722,0.0385040980383594,-0.0020411302803555,232.0,0.1317692776311233,-0.7415756026680439,-0.9891280558264214
2015-09-07,0.16778598310879,1.55686513005159,1.50495362816036,-0.0519115018912313,5.8214,1.027,2.4449,43.7024,1.98,1.0437000000000003,-1.0361000000000002,0.0361909745290221,-0.0255588905153985,214.0,0.6007738604289301,1.1684601060241453,2.5952547069568657
2015-09-08,0.05566669109329,1.55648219016333,1.49402364973019,-0.0624585404331497,5.7956,1.0225,2.4341,43.509,2.1180668318559364,1.0595,-1.0211,0.0349751229276577,0.0288082437696619,98.0,0.5596157879354227,0.0655250629568528,-0.2657031657330056
2015-09-09,0.006794630458981,1.5563124939195,1.49719231162223,-0.0591201822972607,5.7956,1.0225,2.4341,43.509,2.2561000000000004,1.0419,-1.0536,0.0341082467918374,0.0226520122808153,41.0,0.0,-0.3179997015988168,1.0986122886681098
2015-09-10,0.0275993932384999,1.55367811183007,1.53384782831308,-0.0198302835169817,5.757,1.0156,2.4179,43.2189,1.0694999999999997,1.0457,-1.0761000000000005,0.0328504428137484,-0.014034021857066,29.0,0.0800427076735363,-0.5830875136079614,-2.818398258271076
2015-09-11,0.06545718554484,1.55390767356114,1.53227395802286,-0.021633715538288,5.7054,1.0066,2.3963,42.8322,1.4533,1.0137999999999998,-1.0810000000000004,0.0312149255965538,0.0007316204073415,24.0,0.4054651081081644,0.3862519011737281,0.0
2015-09-14,0.100959069005,1.55419000508801,1.53072139167317,-0.0234686134148407,5.8214,1.027,2.4449,43.7024,1.1507,1.0345999999999995,-1.0911000000000004,0.0293622350520688,-0.0270595357643426,79.0,0.1017826943099423,-0.2227822143635755,-0.3462762367178338
2015-09-15,0.1301035791735399,1.55427814477849,1.53000786901975,-0.0242702757587336,5.8471,1.0315,2.4558,43.8957,0.9620000000000002,1.0376,-1.1309999999999998,0.0289355455304414,-0.0358294317868423,75.0,1.0986122886681098,1.031367298532675,0.8329091229351039
2015-09-16,0.08982221088132,1.5544444208645,1.52834992819999,-0.026094492664515,5.8342,1.0293,2.4504,43.799,2.2205,1.0505999999999998,-1.1054000000000004,0.0295085706303953,0.0477858002097164,43.0,1.6094379124341005,2.0030436619613625,1.3862943611198906
2015-09-17,0.0577883441912399,1.55454123975083,1.52810686303495,-0.0264343767158837,5.8214,1.027,2.4449,43.7024,1.9043,1.0696999999999997,-1.0953000000000004,0.0315916779721661,-0.0212251182099141,35.0,0.7985076962177716,0.7251341402483786,0.4700036292457356
2015-09-18,0.07903188133856,1.55469563340956,1.52658025546824,-0.0281153779413199,5.7312,1.0111,2.4071,43.0256,1.2430000000000003,0.9909000000000004,-1.1055,0.0304717832301111,0.0038344618792649,41.0,0.4855078157817008,0.4965903747426459,0.7472144018302211
2015-09-21,0.1061970518105999,1.55494597474049,1.52409473501983,-0.0308512397206526,5.6926,1.0043,2.3909,42.7355,1.0208999999999997,0.9909,-1.0972000000000004,0.0286903515066842,0.0187464446116649,26.0,0.7731898882334817,1.2062251165160691,1.0986122886681098
2015-09-22,0.14118551464123,1.55514201830605,1.52422166504171,-0.0309203532643376,5.7183,1.0088,2.4017,42.9289,1.3241,1.0215999999999998,-1.0921000000000003,0.0276346949851349,0.0091700651477353,10.0,0.6931471805599453,2.1902094417778426,2.6390573296152584
2015-09-23,0.1462596397991,1.55594614455778,1.5373596542511,-0.0185864903066784,5.6282,0.9929,2.3638,42.2521,1.6057,1.0259,-1.0799000000000003,0.0261699419651657,-0.0221323085375448,25.0,0.6931471805599453,-2.59468523792562,-1.8325814637483104
2015-09-24,0.071576054927,1.5562397129261,1.53690914787906,-0.0193305650470434,5.6282,0.9929,2.3638,42.2521,1.3844,0.9987,-1.0973000000000002,0.025630026169809,0.0085639187152679,29.0,0.0,-2.021994537741772,-2.0149030205422647
2015-09-25,0.04816504522839,1.5544116643533,1.52905119428834,-0.0253604700649612,5.7312,1.0111,2.4071,43.0256,0.9004000000000003,0.9678,-1.1052000000000004,0.0242866597755212,-0.0161477851286004,34.0,0.8266785731844679,0.488030855082926,-0.262364264467491
2015-09-28,0.02456468891463,1.55522812880216,1.54300744574399,-0.012220683058177,5.6411,0.9952,2.3692,42.3487,0.9388,0.9611999999999998,-1.1393999999999995,0.0234566259261732,0.0027155709515174,16.0,0.9808292530117262,1.3196860491361917,0.9162907318741552
2015-09-29,0.0068820212044351,1.55837010952593,1.53640733300653,-0.0219627765193975,5.5638,0.9816,2.3368,41.7686,0.8560999999999996,0.9263999999999996,-1.1492,0.0221249618218217,-0.0204014876924212,38.0,0.241162056816888,-0.2044253068007226,0.8873031950009027
2015-09-30,0.0244948976943,1.55845806819735,1.55093101082624,-0.0075270573711074,5.5638,0.9816,2.3368,41.7686,1.2860999999999998,0.9063000000000004,-1.1601,0.0218536456720097,0.0048086767014421,22.0,-1.466337068793427,-0.972288743418887,1.0033021088637848
2015-10-08,0.0735945383949,1.55833160102587,1.55292649657777,-0.0054051044480907,5.6411,0.9952,2.3692,42.3487,1.2224,0.9232,-1.154,0.0206668550712071,0.0292383230645487,12.0,0.4054651081081644,0.4563841369873976,1.7047480922384253
2015-10-09,0.07125865659456,1.55858879476448,1.54925815633337,-0.0093306384311104,5.7183,1.0088,2.4017,42.9289,1.7789,0.8570000000000002,-1.2344999999999997,0.0215697489940399,0.0125803426391328,8.0,-0.2876820724517809,-0.4722918020499543,-0.6931471805599453
2015-10-12,0.0868943174685499,1.55672419459279,1.55335324495907,-0.0033709496337257,5.8085,1.0247,2.4395,43.6057,1.2946999999999995,0.8289,-1.2101000000000002,0.0207263908912751,0.0323050203336698,21.0,0.6931471805599453,1.1552462900403644,2.079441541679836
2015-10-13,0.07762300900822,1.55696315620364,1.55133821031081,-0.0056249458928332,5.7312,1.0111,2.4071,43.0256,1.87,0.7670999999999997,-1.2229,0.0220503223964982,0.0016920809231955,36.0,1.9095425048844383,2.511342959885753,3.295836866004329
2015-10-14,0.05261469068438,1.55715058628604,1.54896667670644,-0.0081839095795979,5.7054,1.0066,2.3963,42.8322,1.2026,0.7018999999999997,-1.2477000000000005,0.0208031804717978,-0.0093930656448453,14.0,0.9162907318741552,1.052328633089468,2.302585092994046
2015-10-15,-0.02366468561249,1.54122402564322,1.44285937992735,-0.0983646457158687,5.7827,1.0202,2.4287,43.4123,1.2104999999999997,0.7565,-1.1875000000000004,0.0198636605438315,0.0229178835817016,10.0,-0.2876820724517809,-0.5129159485273426,-1.791759469228055
2015-10-16,-0.10783593172794,1.54374242480933,1.33591275941329,-0.207829665396039,5.7956,1.0225,2.4341,43.509,1.2575000000000005,0.7193,-1.1433,0.0200949107337099,0.0158348496133307,16.0,0.6931471805599453,0.6196389901036724,0.3566749439387324
2015-10-19,-0.16406702138562,1.55135904824164,1.54030471227714,-0.0110543359644995,5.7827,1.0202,2.4287,43.4123,0.827,0.7667000000000002,-1.1366999999999998,0.0196130537155921,-0.0013724594614323,18.0,0.2876820724517808,0.2536269920283314,0.0
2015-10-20,-0.1895693401733399,1.55149998213136,1.53394418179108,-0.0175558003402767,5.7956,1.0225,2.4341,43.509,1.7501000000000002,0.7067000000000001,-1.1881,0.0185309001192657,0.0113418204852777,15.0,0.3364722366212129,0.5177816475797729,0.9162907318741552
2015-10-21,-0.17460913693608,1.53943267541524,1.3982069599037,-0.141225715511534,6.1433,1.0838,2.5802,46.1195,1.4557000000000002,0.7065999999999999,-1.1757000000000004,0.0178722097930724,-0.0310294982465837,105.0,0.8472978603872037,0.9147227137552116,1.0986122886681098
2015-10-22,-0.1446432144483,1.53786675080312,1.37165865097674,-0.166208099826381,5.9888,1.0565,2.5153,44.9593,0.8463000000000003,0.6794000000000002,-1.1754000000000002,0.0195660817947577,0.0143700242203497,63.0,1.421385680931161,1.037336578637985,1.5040773967762742
2015-10-23,-0.14042661098019,1.53806406516039,1.36925864745833,-0.168805417702067,5.9373,1.0475,2.4936,44.5725,1.0484,0.6764000000000001,-1.1917,0.0190217855215585,0.0128873300611918,50.0,0.653926467406664,0.3260547296718859,-0.9873866535578852
2015-10-26,-0.13125907903008,1.53888359933331,1.37091906402907,-0.167964535304243,5.9502,1.0497,2.499,44.6692,0.6518000000000002,0.6436000000000002,-1.1565,0.0184212502210575,0.0050123060680284,17.0,-0.1335313926245226,-0.1583627888301097,-0.916290731874155
2015-10-27,-0.1013319968736199,1.5399110637716,1.38609647127439,-0.153814592497212,5.963,1.052,2.5044,44.7659,2.631,0.6253000000000002,-1.1511,0.0174832181697409,0.0013855356438536,51.0,0.9932517730102834,0.9089833125423684,0.7985076962177716
2015-10-28,-0.08840666286903,1.53887992996609,1.34554498814812,-0.193334941817965,5.9373,1.0475,2.4936,44.5725,0.7372000000000001,0.6590000000000003,-1.0838,0.0165468581157399,-0.0173701764271498,46.0,0.9808292530117262,1.0873952007734338,0.5877866649021191
2015-10-29,-0.06338742070201,1.53937345412905,1.34450066556112,-0.194872788567931,5.8986,1.0406,2.4774,44.2825,0.8186,0.6844999999999999,-0.9956000000000004,0.0166199858126048,0.003584263915755,22.0,0.0,-0.2734104378746907,-2.0149030205422647
2015-10-30,-0.08479451205697,1.55587214462619,1.53063004620296,-0.0252420984232347,5.8858,1.0384,2.472,44.1858,1.7103000000000002,0.6734,-0.9799000000000002,0.0157774509534715,-0.0014045162304849,54.0,0.7419373447293773,0.3658208778104165,0.7537718023763802
2015-11-02,-0.1046643759242,1.55597148047658,1.53314320444783,-0.0228282760287548,5.8135,0.9789,2.4449,43.7024,1.0892469671393403,0.6751,-0.9874,0.0149649357028163,-0.0171380566323549,37.0,1.01160091167848,-0.0883376888673019,0.9382696385929302
2015-11-03,-0.10181203909344,1.55594513602941,1.53496663680707,-0.0209784992223494,5.7234,0.9638,2.4071,43.0256,0.8612000000000002,0.6953,-0.9505,0.0152167535921216,-0.0025261916117091,37.0,-0.0870113769896298,-0.064998533953234,0.6931471805599453
2015-11-04,-0.07999651737952,1.55662884078458,1.54132045632589,-0.0153083844586863,5.8649,0.9876,2.4666,44.0891,0.7342,0.7311999999999999,-0.9019999999999996,0.0144611992274079,0.0421954960132513,23.0,0.6931471805599453,0.7190985905929583,0.7472144018302211
2015-11-05,-0.0564944756543899,1.55649746981104,1.54238316588986,-0.0141143039211817,5.9678,1.0049,2.5099,44.8626,0.8260000000000001,0.7305000000000001,-0.952,0.0191217845651609,0.018096957645163,23.0,0.9808292530117262,1.4061217220655835,0.4054651081081644
2015-11-06,-0.05908464024879,1.55644255214289,1.54272682077544,-0.0137157313674503,5.9807,1.0071,2.5153,44.9593,0.9195419794321378,0.7294999999999998,-0.9745,0.0189395282306936,0.0188998480892372,22.0,0.1177830356563834,-0.0905541975636097,-1.9924301646902065
2015-11-09,-0.07537451795333,1.55663688041247,1.55008650677858,-0.0065503736338938,6.1736,1.0396,2.5964,46.4096,1.3628,0.7471000000000001,-0.9390999999999998,0.0188560566931251,0.0157110816272378,25.0,0.6190392084062235,0.743792048508528,1.029619417181158
2015-11-10,-0.10785049685218,1.55719976372831,1.55280754556766,-0.0043922181606566,6.0836,1.0244,2.5585,45.7328,1.434190732311471,0.7425999999999999,-0.9980000000000002,0.0184883913367264,-0.0017553122187425,25.0,0.4519851237430572,0.4869776156371424,1.1451323043030026
2015-11-11,-0.18218785658343,1.55753581505499,1.55405656390355,-0.0034792511514474,6.045,1.0179,2.5423,45.4427,1.5433,0.6645999999999996,-1.0590000000000006,0.0174875612858334,0.002678497089624,20.0,1.01160091167848,1.171870198358166,1.4816045409242156
2015-11-12,-0.28131687841543,1.55585312766261,1.54263292426661,-0.0132202033960021,5.9807,1.0071,2.5153,44.9593,1.1017,0.6894,-1.0465000000000004,0.0165657519989939,-0.0047638262086362,15.0,1.203972804325936,1.9527669704957271,2.19722457733622
2015-11-13,-0.32349869198116,1.55687711944732,1.53545229992546,-0.0214248195218654,5.9164,0.9963,2.4882,44.4758,0.8795999999999999,0.6757000000000004,-1.0314,0.0157653131721919,-0.0144345931743483,30.0,0.5306282510621704,0.3502880142771989,-0.9555114450274363
2015-11-16,-0.31767931796623,1.55729381676006,1.53544687956415,-0.0218469371959105,5.9807,1.0071,2.5153,44.9593,0.7250999999999999,0.6745000000000001,-1.0194,0.0156393203945913,0.0072675168386968,25.0,0.3566749439387324,-0.1484686168482933,-0.916290731874155
2015-11-17,-0.27332851464876,1.55742800660171,1.53455003354624,-0.0228779730554736,6.0064,1.0114,2.5261,45.1527,0.5475999999999996,0.6623999999999999,-1.0494,0.0149996732052165,-0.0005996600867259,25.0,-0.5389965007326869,-1.064899240496934,-0.5389965007326869
2015-11-18,-0.19561022545279,1.5576816639898,1.53814819100198,-0.0195334729878174,6.0192,1.0136,2.5315,45.2493,0.92,0.6238000000000001,-1.0132000000000003,0.01423734195962,-0.0101286714535842,24.0,-0.4054651081081644,-0.6422831773584061,-0.2006706954621511
2015-11-19,-0.12364698097301,1.55741604087573,1.54360850880219,-0.0138075320735409,6.0192,1.0136,2.5315,45.2493,0.6023999999999998,0.6262000000000003,-1.0182000000000002,0.0139125143470469,0.0135258341577308,16.0,-1.0986122886681098,1.411361622742807,2.2512917986064958
2015-11-20,-0.08461548240482,1.55748337533296,1.54295909070278,-0.0145242846301843,5.9935,1.0093,2.5207,45.056,0.8123999999999998,0.5756000000000001,-1.0236999999999994,0.0138900869624086,0.0037081480157254,14.0,0.2876820724517808,0.878480216139042,0.6931471805599453
2015-11-23,-0.06378007217637,1.54795072763335,1.25142707310638,-0.296523654526974,5.9807,1.0071,2.5153,44.9593,0.9865,0.5808999999999997,-1.0223999999999998,0.0132559564243975,-0.0055739695324259,12.0,-0.5596157879354228,-0.9185994611751678,-2.120263536200091
2015-11-24,-0.07884587256439,1.54815748817632,1.24643611418529,-0.301721373991032,5.9678,1.0049,2.5099,44.8626,1.1063,0.5608999999999997,-1.0337,0.0127492844287753,0.0016032811879824,18.0,0.6931471805599453,1.0757959262076389,2.4849066497880004
2015-11-25,-0.0955217260613399,1.54817650050043,1.24598274031838,-0.302193760182049,5.9935,1.0093,2.5207,45.056,0.5924999999999998,0.5356000000000001,-1.0492,0.0121619686914504,0.0087603296598555,10.0,-0.4054651081081644,-0.4195787045487607,0.0
2015-11-26,-0.10973303916048,1.54854133143907,1.24392347236116,-0.304617859077916,6.0192,1.0136,2.5315,45.2493,0.6972999999999998,0.5198,-1.0617,0.0119277101565405,-0.0033988995226117,10.0,0.5108256237659907,0.4868819420133609,-0.6931471805599453
2015-11-27,-0.14132782804268,1.54826789044656,1.24410398633573,-0.304163904110828,5.8906,0.9919,2.4774,44.2825,0.5611999999999999,0.5099,-1.0318000000000005,0.0114498971667733,-0.0563647997400362,26.0,-0.2876820724517809,-1.0348978043018129,-0.4519851237430572
2015-11-30,-0.154437653621,1.54744177737515,1.24759717297574,-0.299844604399409,5.9421,1.0006,2.499,44.6692,0.8298999999999999,0.4697999999999998,-1.0502000000000002,0.0209567514726469,0.0026452170222164,17.0,1.2992829841302609,1.2244280075072185,0.0
2015-12-01,-0.14753742601126,1.5480188787559,1.21077665226392,-0.33724222649198,5.852,0.9854,2.4612,43.9924,0.7399999999999998,0.4674999999999998,-1.0661000000000005,0.0197932686461079,0.0031597108131595,18.0,0.9808292530117262,1.2849604886601456,2.302585092994046
2015-12-02,-0.14068332129496,1.54506365309748,1.19443108512909,-0.350632567968391,6.0707,1.0223,2.5531,45.6361,0.7568000000000001,0.4931000000000001,-1.0715000000000003,0.0187172723796378,0.023050967211736,23.0,0.2006706954621512,-0.101953268207285,-0.8873031950009028
2015-12-03,-0.12230577578237,1.54517345534922,1.19292926324625,-0.352244192102967,6.2508,1.0526,2.6289,46.9897,0.4609000000000001,0.4633000000000002,-1.0573999999999997,0.0191178572644014,0.0134572164994768,21.0,-0.6061358035703156,-1.157444647490053,-1.01160091167848
2015-12-04,-0.0803102744309,1.54524106698926,1.19985371042002,-0.345387356569241,6.0321,1.0158,2.5369,45.346,1.0300000000000002,0.5032999999999999,-1.0251000000000006,0.0185486786437332,-0.016831128957321,24.0,1.252762968495368,-0.1093915827998157,-1.3437347467010947
2015-12-07,-0.04104452011449,1.54497364459392,1.19917800777632,-0.345795636817604,5.9935,1.0093,2.5207,45.056,1.4657,0.5251000000000001,-0.9940000000000002,0.0183355051677646,0.0033801608389367,14.0,-0.916290731874155,-1.9020902314928636,-1.6094379124341005
2015-12-08,-0.09202791688374,1.54428081409568,1.19970751336146,-0.344573300734222,5.9421,1.0006,2.499,44.6692,0.9883000000000002,0.5266000000000002,-1.0033999999999996,0.017365538347985,-0.0190836185668121,18.0,1.466337068793427,1.841670967350772,2.268683541318364
2015-12-09,-0.13405012096299,1.5438884521769,1.20397643791083,-0.339912014266063,5.9935,1.0093,2.5207,45.056,0.5695999999999999,0.5257999999999998,-1.0073000000000003,0.0175198816265389,0.0006826350599613,13.0,0.1823215567939546,0.0809212241831242,0.0800427076735363
2015-12-10,-0.15386293809361,1.54379085821807,1.20832415966444,-0.335466698553627,5.9292,0.9984,2.4936,44.5725,0.569,0.5489999999999999,-1.0035000000000005,0.0165771132862817,-0.0048915975711185,3.0,0.0,0.0405405026112887,-0.4054651081081644
2015-12-11,-0.13216454425381,1.54361281068777,1.20923230465924,-0.33438050602853,5.9035,0.9941,2.4828,44.3792,0.7378,0.5902000000000003,-1.0129,0.0157798332630397,-0.0060707205595313,22.0,0.6931471805599453,1.089352963255313,1.0986122886681098
2015-12-14,-0.0858771862923,1.54349767105928,1.20860856069272,-0.334889110366557,5.9807,1.0071,2.5153,44.9593,1.1314000000000002,0.5941000000000001,-0.9751,0.0150872270740175,0.0247557751805658,13.0,0.1335313926245225,-0.3563498835890186,-0.4054651081081644
2015-12-15,-0.06245343210998,1.54293915703123,1.20128773656873,-0.341651420462501,5.9164,0.9963,2.4882,44.4758,0.6762000000000001,0.6113999999999997,-0.9758,0.0162976051754574,-0.0029339140469755,17.0,1.0986122886681098,1.3821851683697577,1.6863989535702288
2015-12-16,-0.03560808749109,1.54317159223482,1.21344817088349,-0.329723421351327,5.9035,0.9941,2.4828,44.3792,0.6972,0.6009000000000002,-0.9815999999999998,0.0154704343544025,0.0016601914337996,8.0,-0.4054651081081644,-0.1698018314490269,1.791759469228055
2015-12-17,-0.04069374337232,1.54290841969561,1.21230270799755,-0.330605711698058,5.9421,1.0006,2.499,44.6692,0.8170999999999999,0.5876000000000001,-0.9716,0.0146801185564119,0.017985442556025,15.0,0.4700036292457356,1.0520262250162846,1.9661128563728327
2015-12-18,-0.06434993266235,1.54261073094042,1.21595403478885,-0.326656696151573,5.9421,1.0006,2.499,44.6692,0.7210000000000001,0.5661999999999998,-1.0167000000000002,0.0150394762325979,-0.0002891480252689,24.0,0.0,-2.053426405442248,-0.4307829160924542
2015-12-21,-0.10365027914884,1.54238640028927,1.22079190358929,-0.321594496699979,6.0321,1.0158,2.5369,45.346,1.153,0.5316999999999998,-1.0449000000000002,0.0142729967298958,0.0175891989718461,21.0,0.1541506798272583,0.4269806750409303,0.4054651081081644
2015-12-22,-0.15415909561987,1.5422602495529,1.2284279991326,-0.313832250420306,6.0064,1.0114,2.5261,45.1527,1.0036,0.5091000000000001,-1.0124,0.0146428663694369,0.0025485880106614,10.0,0.0,0.7330979493809264,1.3217558399823195
2015-12-23,-0.17774367304904,1.54191680630836,1.23031530041576,-0.311601505892598,6.0064,1.0114,2.5261,45.1527,0.8854000000000002,0.4854000000000003,-1.0103,0.0139257480267425,-0.0043025065767903,20.0,1.466337068793427,3.055018052576775,3.4339872044851463
2015-12-24,-0.196434975613,1.54200314682449,1.22638819825006,-0.315614948574426,5.9807,1.0071,2.5153,44.9593,0.9901999999999996,0.4623000000000004,-1.0337,0.0133145378207132,-0.0065127522826138,14.0,0.9808292530117262,1.2970900007952508,1.2992829841302609
2015-12-25,-0.21712594835939,1.54175923633843,1.22700889631867,-0.314750340019751,5.9807,1.0071,2.5153,44.9593,1.0510000000000002,0.5004999999999997,-0.9915000000000004,0.0128480738648049,0.0042619262707415,15.0,0.8109302162163288,1.3701656075776052,1.9459101490553128
2015-12-28,-0.21394407559265,1.54088951517667,1.22722793727807,-0.313661577898599,5.9035,0.9941,2.4828,44.3792,0.8298000000000001,0.4824000000000001,-0.9977,0.0123137832825861,-0.0262899908801355,12.0,0.0,-0.2191147942276596,-0.916290731874155
2015-12-29,-0.20738855592331,1.54183042620886,1.21957637786214,-0.322254048346718,5.9292,0.9984,2.4936,44.5725,1.0076,0.4981999999999997,-0.9938000000000002,0.0144183896259165,0.0084415962194679,20.0,0.4054651081081644,0.3449029999666162,0.8109302162163288
2015-12-30,-0.18873305928977,1.54174818577178,1.21390358428878,-0.327844601483001,5.9292,0.9984,2.4936,44.5725,1.1469,0.5650999999999997,-0.9951000000000004,0.0139466685507128,0.0025614409182619,14.0,0.0,-0.5170723905656107,-2.4849066497880004
2015-12-31,-0.15417608826482,1.54195205022066,1.21226770959659,-0.329684340624066,5.8906,0.9919,2.4774,44.2825,0.9293,0.5630999999999999,-1.0,0.0132822133463013,-0.009475246711359,17.0,0.5596157879354227,0.8464925010436042,0.1177830356563834
2016-01-04,-0.12411427870911,1.54198392420082,1.20868849405507,-0.333295430145752,5.7234,0.9638,2.2734,3.5478,0.9661000000000004,0.5543999999999998,-0.9546,0.0130049839142997,-0.0711077413149787,79.0,0.4643056081310978,0.5914430888448393,1.1451323043030026
2016-01-05,-0.11364620254022,1.54186479730845,1.19553912104875,-0.346325676259704,5.7492,0.9681,2.2836,3.5638,0.9333,0.5840999999999998,-0.9253,0.0257092355793854,-0.0025963077290143,51.0,0.125163142954006,0.4100581550446353,1.670681537674819
2016-01-06,-0.08856445171499,1.54247547093051,1.19693200364429,-0.345543467286221,5.8006,0.9768,2.304,3.5957,0.9251,0.5562,-0.9201,0.0242291051076137,0.0222968651803601,20.0,0.4700036292457356,1.2967377556056705,2.525728644308256
2016-01-07,-0.09611404111386,1.54227916654521,1.19266240965327,-0.349616756891932,5.6977,0.9595,2.2631,3.5319,0.8754,0.5099,-0.9434,0.0238830495519788,-0.0730535199459794,74.0,0.6931471805599453,0.3457605977665235,-0.1706255170307633
2016-01-08,-0.07644262706442,1.54231166089794,1.17963672565,-0.362674935247946,5.7363,0.966,2.2785,3.5558,0.9220000000000002,0.5229999999999997,-0.9499,0.0322828722030218,0.0194605956955697,61.0,-0.2578291093020998,-0.8608986079171477,-0.7985076962177716
2016-01-11,-0.02154363939472,1.54243528813788,1.18141911876455,-0.361016169373335,5.5562,0.9356,2.207,3.4442,1.4433000000000002,0.5055000000000001,-0.9388999999999998,0.0309701202885383,-0.0547306742259756,44.0,0.9162907318741552,1.0632475782276851,0.4480247225269603
2016-01-12,0.04488607163337,1.54293267101385,1.18067780826614,-0.362254862747707,5.5562,0.9356,2.207,3.4442,0.8969999999999998,0.4893,-0.9184,0.0339068052617301,0.0020388892686558,20.0,-0.587786664902119,0.595193355859752,0.8292793548845252
2016-01-13,0.01655083618054,1.54335212912179,1.18322291917281,-0.360129209948988,5.5305,0.9313,2.1967,3.4283,1.1159000000000003,0.4531,-0.9405,0.0318862525052062,-0.0245351830761917,46.0,1.0986122886681098,0.9671090170400016,0.6131044728864089
2016-01-14,0.0138441505922,1.54331155221809,1.17909624956652,-0.364215302651568,5.5434,0.9335,2.2018,3.4362,0.6037999999999997,0.5017,-0.9005999999999998,0.0309873739352331,0.0194901595989174,50.0,1.1451323043030026,1.2719939713458046,1.0388930539664876
2016-01-15,0.08200953892582,1.53498583849411,1.25644868251985,-0.278537155974265,5.4405,0.9161,2.161,3.3724,0.9851,0.5173999999999999,-0.8831000000000002,0.0297847645083855,-0.0361136155674337,40.0,1.6486586255873816,0.7158590262539103,-0.0298529631496811
2016-01-18,0.0867832583961999,1.54403762204284,1.17978645787904,-0.364251164163804,5.389,0.9075,2.1405,3.3406,1.562160935536567,0.5271000000000003,-0.8609,0.0302768897175432,0.004425571513198,42.0,1.5260563034950492,1.6455448083273834,2.322387720290225
2016-01-19,0.13026318866002,1.53547560615601,1.25985662514924,-0.27561898100677,5.4662,0.9205,2.1712,3.3884,1.6181,0.5391000000000004,-0.8556999999999997,0.0285164940215964,0.0317180670537498,27.0,-0.6931471805599453,-0.3740101559402781,0.9985288301111273
2016-01-20,0.12864858394976,1.53554972049011,1.26256074620743,-0.272988974282678,5.4276,0.914,2.1559,3.3645,1.1744999999999997,0.4922999999999997,-0.8393000000000002,0.0286364888459759,-0.0103754447397159,38.0,0.3254224004346279,0.4967873227099661,1.2396908869280152
2016-01-21,0.14318215042276,1.55111163143701,1.51796398369442,-0.0331476477425943,5.3762,0.9053,2.1354,3.3326,1.2404000000000002,0.4722999999999997,-0.8717999999999999,0.0271539247462827,-0.0328556474532764,30.0,-1.0986122886681098,-0.6136221730038647,0.4989911661189878
2016-01-22,0.11205223175596,1.53572445491372,1.26498849453304,-0.270735960380684,5.4276,0.914,2.1559,3.3645,0.7719,0.4676999999999998,-0.8763000000000001,0.02761004749194,0.012447884087563,25.0,0.6190392084062235,1.051002475904597,1.2611312181658845
2016-01-25,0.11269582818341,1.53594859083057,1.26336830574435,-0.272580285086217,5.4405,0.9161,2.161,3.3724,1.1944000000000004,0.5766,-0.8271999999999999,0.0262805757102324,0.0074988263595461,32.0,0.4054651081081644,0.2385949776657748,0.0909717782057267
2016-01-26,0.06171000389345,1.53624010297185,1.2588716903241,-0.277368412647754,5.2475,0.8837,2.0843,3.2529,1.0453,0.6171000000000002,-0.8498999999999999,0.0248571234457143,-0.0663816248988258,60.0,0.4054651081081644,0.0712048865910146,0.2803019651541583
2016-01-27,0.01829683044907,1.53559154619409,1.25415682594378,-0.281434720250312,5.2861,0.8901,2.0997,3.2768,1.0000999999999998,0.5977000000000001,-0.8613999999999997,0.0314763554610359,-0.0051872898017988,60.0,0.0953101798043249,-0.1466723694061094,-1.853891250335061
2016-01-28,0.03116390395669,1.53677481935285,1.2435926577817,-0.293182161571144,5.209,0.8772,2.069,3.2289,1.6199999999999997,0.5800000000000001,-0.8973999999999998,0.029653905108967,-0.0296418490762322,53.0,0.3829922522561057,0.1504687027658251,-0.1150693297847872
2016-01-29,0.06623065433012,1.53688154754607,1.24392521238917,-0.292956335156898,5.2733,0.888,2.0946,3.2688,1.3634000000000004,0.5394999999999999,-0.9009,0.0294469417791055,0.0303880362298825,20.0,0.5389965007326869,0.4846896298822042,0.9727320427791069
2016-02-01,0.0607572020159399,1.53761984203464,1.23691100449107,-0.300708837543569,5.1832,0.8728,2.0588,3.213,1.4341,0.544,-0.8811999999999998,0.0293135258507546,-0.0179665436201608,45.0,0.4924764850977942,0.5594773844197525,2.5530444549552183
2016-02-02,0.09044972498409,1.53784986307911,1.23153799859292,-0.306311864486198,5.209,0.8772,2.069,3.2289,1.9294,0.6021000000000001,-0.8675999999999999,0.0281704294606607,0.0223294552804169,31.0,0.5753641449035618,0.6711594242444904,1.479076094570857
2016-02-03,0.15332372505656,1.53818804837333,1.23471236944673,-0.303475678926607,5.1575,0.8685,2.0486,3.197,0.8837000000000002,0.6040999999999999,-0.8980000000000001,0.0274278225484267,-0.003761470703572,47.0,0.5705448584676129,0.1153202094460874,0.2732933349996813
2016-02-04,0.13039215069759,1.53845280838982,1.22862071497463,-0.309832093415195,5.1704,0.8707,2.0537,3.205,0.9667,0.5585999999999998,-0.9205,0.0258492302783495,0.0151357805114811,31.0,0.6931471805599453,0.985824411423144,0.8873031950009027
2016-02-05,0.10363450026424,1.53858689849973,1.22282701614218,-0.315759882357551,5.1575,0.8685,2.0486,3.197,0.7728999999999999,0.5764999999999998,-0.9220000000000002,0.0248027621649872,-0.0063237482166487,20.0,0.0,-0.8297485363436775,-1.5040773967762742
2016-02-15,0.04599666235683,1.53867201439795,1.22116888669895,-0.317503127698992,5.1061,0.8598,2.0282,3.1652,1.0074,0.5630000000000002,-0.8784999999999998,0.023455867392334,-0.0062784160610078,21.0,0.1335313926245225,0.4520346871088775,0.962810747509048
2016-02-16,0.02660805446977,1.53916265763987,1.2177290506703,-0.321433606969568,5.209,0.8772,2.069,3.2289,0.9392999999999998,0.5582000000000003,-0.8899999999999997,0.0222018019841409,0.0323792469727939,19.0,0.0,-1.0247246728263095,-0.7537718023763802
2016-02-17,-0.01722508005692,1.53944832318288,1.21857058455534,-0.32087773862754,5.1961,0.875,2.0639,3.221,0.9815999999999998,0.5805000000000002,-0.9025,0.023290153882145,0.0107881449014977,23.0,-0.1335313926245226,-0.075600484992762,0.1541506798272583
2016-02-18,-0.02835769001936,1.53949849106948,1.2110965281265,-0.328401962942982,5.2218,0.8793,2.0741,3.2369,0.7631000000000001,0.5851000000000002,-0.9173,0.0222116541066594,-0.0015514211875782,21.0,-0.1053605156578262,-0.1929970127898859,0.0540672212702757
2016-02-19,-0.0400807943938,1.54032319496065,1.19433371148429,-0.345989483476358,5.1704,0.8707,2.0537,3.205,0.7884926195859117,0.6659000000000002,-0.9119000000000002,0.0209545859912441,-0.0010036845708674,31.0,-0.262364264467491,0.3858909971074604,-0.3894647667617233
2016-02-22,-0.03424564149427,1.53990064328444,1.19220693803199,-0.347693705252448,5.2475,0.8837,2.0843,3.2529,0.8073999999999999,0.6358999999999999,-0.9005999999999998,0.0197785024778843,0.023208826639383,11.0,-0.5108256237659907,-0.1530127743256844,-0.5596157879354228
2016-02-23,-0.06051930498665,1.55035801724592,1.15322332863655,-0.397134688609375,5.209,0.8772,2.069,3.2289,1.1572,0.6880000000000002,-0.9033000000000002,0.0200541559982722,-0.0081790955794893,14.0,-0.1541506798272583,-0.6692528603605091,-1.2878542883066382
2016-02-24,-0.1045338966862,1.54020463668979,1.18345702956477,-0.356747607125014,5.209,0.8772,2.069,3.2289,2.0569,0.7201,-0.8801000000000001,0.0191172587988713,0.008766861694192,11.0,-0.3364722366212129,0.0895223979359075,1.0360919316867758
2016-02-25,-0.12604112327032,1.55153578575979,1.1346479092839,-0.416887876475886,5.1575,0.8685,2.0486,3.197,1.2322000000000002,0.6930000000000001,-0.9034,0.0182683055757431,-0.0662133634533432,72.0,0.7827593392496325,0.6201263886032199,0.1521918153419253
2016-02-26,-0.11887386838281,1.55153744579256,1.14290945994287,-0.408627985849696,5.1704,0.8707,2.0537,3.205,1.0592,0.6529000000000003,-0.9339999999999996,0.0271749392034261,0.0094273956326054,26.0,-0.1053605156578262,-0.3966156553099449,-0.7419373447293773
2016-02-29,-0.11365105758163,1.55178863779048,1.15128354496053,-0.400505092829955,5.1832,0.8728,2.0588,3.213,1.1988,0.6472000000000002,-0.9242,0.0257519435356142,-0.0290499822651089,48.0,0.4307829160924543,0.3497699121012377,0.442736502905396
2016-03-01,-0.10277697857448,1.55172302649436,1.1538884171706,-0.397834609323759,5.1832,0.8728,2.0588,3.213,1.2458999999999998,0.6596000000000002,-0.9163,0.0259496570310213,0.0166724975886847,33.0,0.5306282510621704,0.5752960672132754,0.5831462853456169
2016-03-02,-0.0525097004138,1.55226230437567,1.16057446388627,-0.3916878404894,5.2861,0.8901,2.0997,3.2768,1.1603,0.7050000000000001,-0.9007999999999998,0.0249920583318947,0.0417449504723173,30.0,1.3217558399823195,1.5415742591995998,1.2286654169163074
2016-03-03,-0.0126352452801,1.55262797038803,1.16240428469051,-0.390223685697513,5.3119,0.8945,2.1099,3.2927,1.1185,0.7384999999999997,-0.8995000000000002,0.0269720606080679,0.0035299476756742,24.0,0.6061358035703155,1.0476115099008896,1.01160091167848
2016-03-04,0.04785796385895,1.54357421733134,1.15815284112763,-0.385421376203718,5.5434,0.9335,2.2018,3.4362,0.8334000000000001,0.7833999999999999,-0.8769,0.0254166642069856,0.0050189287072148,82.0,-0.0689928714869514,0.2125962145100741,0.2657031657330057
2016-03-07,0.01677174056488,1.55396153232361,1.16985860881826,-0.384102923505341,5.5176,0.9291,2.1916,3.4203,1.4177,0.8195000000000001,-0.8544,0.0239902923007039,0.0080371401155554,21.0,-0.6931471805599453,-0.837083959636409,0.3364722366212129
2016-03-08,-0.0051287443737814,1.54415186239043,1.15167721507631,-0.392474647314119,5.5691,0.9378,2.2121,3.4522,0.8508999999999998,0.8197000000000001,-0.8674,0.0227460003919032,0.0013958238272202,41.0,-0.2876820724517809,-0.2018166676506231,0.5679840376059393
2016-03-09,-0.07305805631865,1.54414859809887,1.15591458962093,-0.388234008477939,5.672,0.9551,2.2529,3.516,0.9073000000000002,0.7816999999999998,-0.8881000000000001,0.0214502372720292,-0.0134739665092764,61.0,0.0,-0.1490095195378546,-0.0540672212702758
2016-03-10,-0.12045600500362,1.54432224680326,1.15067471112026,-0.393647535683005,5.5562,0.9356,2.207,3.4442,0.9925000000000002,0.7555000000000001,-0.9054000000000002,0.0206896600504649,-0.0204090805138301,46.0,0.2876820724517808,0.4109005701311218,0.5877866649021191
2016-03-11,-0.12511502412059,1.54378779157111,1.15895624856702,-0.384831543004094,5.582,0.94,2.2172,3.4601,1.6423,0.7925,-0.9158,0.0205799737219382,0.0019878785531091,27.0,-0.8266785731844679,-0.6890241620960632,0.9718605830289658
2016-03-14,-0.10627928407455,1.54400888902746,1.15723074206692,-0.386778146960543,5.5305,0.9313,2.1967,3.4283,0.8635000000000002,0.8126000000000002,-0.9259,0.0194348618664,0.0173527046146295,41.0,-0.6931471805599453,-0.5538435340492835,-0.1335313926245226
2016-03-15,-0.0749314954243,1.54441059801139,1.15635828989048,-0.388052308120909,5.4791,0.9226,2.1763,3.3964,0.8432999999999999,0.7939999999999996,-0.9366000000000004,0.0191496562197215,0.0017012978024855,39.0,1.421385680931161,0.9963231310512076,-0.1953087523207657
2016-03-16,-0.02135429277958,1.54472295528848,1.15316411468395,-0.391558840604527,5.5562,0.9356,2.207,3.4442,1.0197,0.7800000000000002,-0.9771999999999998,0.0180999632537878,0.0021141118685701,33.0,-0.262364264467491,-0.5495167666375936,-1.845826690498331
2016-03-17,0.02403973756173,1.54484211300615,1.15151787007276,-0.393324242933389,5.5176,0.9291,2.1916,3.4203,0.8076000000000001,0.7860999999999998,-0.9469000000000004,0.0171273723839479,0.0119137129735378,22.0,0.7731898882334817,0.7750929700694205,0.5877866649021191
2016-03-18,0.02037600193464,1.54494522566536,1.15074228633551,-0.394202939329849,5.5305,0.9313,2.1967,3.4283,0.9268,0.7963,-0.9507999999999996,0.0166339810588685,0.0171738536847856,15.0,0.4700036292457356,0.6155042723743938,0.5596157879354227
2016-03-21,-0.0253196478545099,1.54448663254235,1.15478662491967,-0.389700007622675,5.5434,0.9335,2.2018,3.4362,0.9502000000000002,0.8051999999999997,-0.9341000000000004,0.016649169299763,0.0213106529521995,22.0,-0.3677247801253174,-0.1983284197332415,-0.5108256237659907
2016-03-22,-0.07895329035567,1.54456017086889,1.16081756265141,-0.38374260821748,5.5176,0.9291,2.1916,3.4203,1.1358,0.7789999999999999,-0.9581,0.0171304627844369,-0.0064601311543999,19.0,0.6061358035703155,1.0364784819272863,1.203972804325936
2016-03-23,-0.11553299300976,1.54424624076048,1.14716413113416,-0.39708210962632,5.5305,0.9313,2.1967,3.4283,1.2283,0.7847000000000004,-0.9587,0.0163474202571615,0.0035268568470758,35.0,-0.5306282510621704,-0.6355235599805992,-0.4353180712578455
2016-03-24,-0.15113258417838,1.54442086540464,1.14381508905149,-0.400605776353152,5.4791,0.9226,2.1763,3.3964,1.2645,0.7848000000000002,-0.9507,0.0155235670576178,-0.0164098722800707,21.0,-0.4519851237430572,-0.1632932561938575,1.4469189829363254
2016-03-25,-0.18838471006831,1.54447037680145,1.14558344771793,-0.398886929083528,5.5048,0.927,2.1865,3.4123,1.2816,0.7947000000000002,-0.9695,0.0156229268976455,0.0062164322360036,34.0,0.0953101798043249,-0.6548725412709857,-2.6210388241125804
2016-03-28,-0.21058499381429,1.54430966112475,1.14612066023406,-0.398189000890694,5.5305,0.9313,2.1967,3.4283,0.8965999999999998,0.8093999999999997,-0.9571,0.0149381776744422,-0.0072808390817957,22.0,-0.5108256237659907,-0.5029464217045521,-0.9444616088408514
2016-03-29,-0.20953630486885,1.54439253142261,1.13263833232158,-0.41175419910103,5.4662,0.9205,2.1712,3.3884,0.8737000000000001,0.7888000000000002,-0.9823,0.0143708018132612,-0.0129264301316194,22.0,0.6931471805599453,0.5016426195877705,0.5877866649021191
2016-03-30,-0.17742506095624,1.54484755201978,1.1295854977775,-0.415262054242281,5.5562,0.9356,2.207,3.4442,1.3334,0.7696999999999998,-0.9667000000000004,0.014263262173581,0.0273011851804652,51.0,-0.7621400520468967,-1.5077444258247297,-2.120263536200091
2016-03-31,-0.14148501000846,1.54539285334275,1.11740275716293,-0.427990096179822,5.5172,0.8941,2.1916,3.4203,1.2723418744835873,0.7698,-0.9744000000000002,0.0160472697214777,0.0010891723367798,40.0,0.1670540846631662,-0.449271636712931,1.0986122886681098
2016-04-01,-0.10154743933637,1.5456909536883,1.11549337659988,-0.430197577088421,5.53,0.8962,2.1967,3.4283,1.2292,0.7654999999999998,-0.9425,0.0152106064348447,0.001867482493596,25.0,0.4054651081081644,0.8518538934183606,2.833213344056216
2016-04-05,-0.0966675158350599,1.54582599986899,1.11391813611511,-0.431907863753879,5.5558,0.9003,2.207,3.4442,1.1155,0.7976000000000001,-0.9316,0.0144415531657869,0.0143620836707043,21.0,-0.6190392084062235,-1.329965695578054,0.0
2016-04-06,-0.1010479769509,1.54616019280311,1.1164656884204,-0.429694504382711,5.5172,0.8941,2.1916,3.4203,1.1424,0.7942999999999998,-0.9310999999999998,0.0144376359585883,-0.0008103339146767,29.0,-0.5596157879354228,-0.0372023465236494,1.6314168191528755
2016-04-07,-0.13116683324322,1.55563075369756,1.12743829211749,-0.428192461580075,5.4786,0.8878,2.1763,3.3964,1.0326999999999995,0.8098999999999998,-0.9215999999999998,0.0137177834347668,-0.0139206461451912,20.0,2.0149030205422647,2.2634519069762966,1.0986122886681098
2016-04-08,-0.18591895591014,1.55584971863511,1.12934241366706,-0.426507304968058,5.4786,0.8878,2.1763,3.3964,1.1227,0.8153999999999999,-0.9207999999999998,0.013783841606258,-0.0078293476063162,20.0,0.4519851237430572,1.1894500656184908,1.3862943611198906
2016-04-11,-0.20608679794416,1.55617878650375,1.12990317282549,-0.426275613678266,5.5172,0.8941,2.1916,3.4203,1.9280000000000004,0.7837999999999998,-0.9289999999999998,0.0133486579025685,0.0162820317227936,28.0,0.9555114450274363,1.3598591045935884,1.01160091167848
2016-04-12,-0.2048748582311799,1.55692981906324,1.12851548916353,-0.428414329899707,5.5043,0.892,2.1865,3.4123,1.2245000000000004,0.7905000000000002,-0.9356,0.013694959216328,-0.0034043201438542,31.0,0.0,-0.0185397255811701,1.4403615823901663
2016-04-13,-0.19796795493949,1.5524624411634,1.09096861420605,-0.461493826957348,5.5558,0.9003,2.207,3.4442,1.0156999999999998,0.7787999999999999,-0.9370000000000004,0.0130748548614874,0.014118459544349,38.0,-0.6286086594223742,-1.0963627270867573,0.0870113769896296
2016-04-14,-0.16713237315842,1.55306814404756,1.09520428564779,-0.457863858399771,5.5429,0.8983,2.2018,3.4362,1.2073999999999998,0.7661000000000002,-0.9678999999999998,0.0132160487702768,0.0051143386806522,36.0,0.2876820724517808,1.4503973266478056,2.3460702049337847
2016-04-15,-0.1346375809741,1.55407780323874,1.08836262100286,-0.46571518223588,5.53,0.8962,2.1967,3.4283,1.1888999999999998,0.7747999999999999,-0.9699,0.0126825255026466,-0.0013781398075902,14.0,-0.9808292530117262,-1.0373478926729989,0.4054651081081644
2016-04-18,-0.14829602623221,1.55436494086615,1.08482691927121,-0.469538021594944,5.5172,0.8941,2.1916,3.4203,1.0286,0.7787999999999999,-0.9754999999999998,0.0121008067711758,-0.0145482350261811,16.0,0.2513144282809061,0.1007754156018502,0.0
2016-04-19,-0.18370080886409,1.55437203127254,1.11804310796055,-0.436328923311985,5.5172,0.8941,2.1916,3.4203,1.3687,0.7568000000000001,-0.9615,0.0124522653649338,0.0030158915758491,10.0,1.252762968495368,2.011798742615499,2.19722457733622
2016-04-20,-0.1981008616982,1.54396876434457,1.22534879562885,-0.318619968715716,5.5172,0.8941,2.1916,3.4203,1.7458,0.7443,-0.9846999999999996,0.0119139538061322,-0.0233540947151045,20.0,0.3566749439387324,0.1158383426268135,-0.0723206615796261
2016-04-21,-0.21519546251712,1.55468950788321,1.2314752591641,-0.323214248719115,5.53,0.8962,2.1967,3.4283,0.9141000000000004,0.7190999999999996,-1.0876,0.0135909686073721,-0.0066469177595029,20.0,-0.4054651081081644,-0.2903101948580504,-0.587786664902119
2016-04-22,-0.20430317710467,1.55212663245369,1.20341154526847,-0.348715087185217,5.5043,0.892,2.1865,3.4123,1.2042000000000002,0.7292999999999998,-1.1138,0.0131071753555027,0.0021477881463241,16.0,0.2231435513142097,0.3512179044756742,0.9162907318741552
2016-04-25,-0.16865442864173,1.55147252448259,1.30925159457973,-0.24222092990286,5.4915,0.8899,2.1814,3.4043,0.9754,0.6928000000000001,-1.1772000000000005,0.0124998786221521,-0.0042567594090305,17.0,0.1335313926245225,0.2835314587254678,-0.4054651081081644
2016-04-26,-0.12385635463399,1.5528113384315,1.38386987362652,-0.168941464804982,5.5043,0.892,2.1865,3.4123,1.5601000000000005,0.6920999999999999,-1.1941000000000006,0.012003274997164,0.0061001276896321,12.0,-0.2231435513142097,-2.0388546666417167,-4.158883083359672
2016-04-27,-0.10770727313046,1.54991533015133,1.5595122453286,0.0095969151772685,5.5043,0.892,2.1865,3.4123,1.5540437960903666,0.6751,-1.1756000000000002,0.0116194371581502,-0.0037270433931393,23.0,0.6061358035703155,0.6777868659231383,-1.0986122886681098
2016-04-28,-0.0840790003285699,1.55079216014712,1.54160956548968,-0.0091825946574446,5.5043,0.892,2.1865,3.4123,1.4894999999999996,0.6389999999999998,-1.1582000000000003,0.0111783093590085,-0.0027400063927993,39.0,0.3677247801253173,0.3863592033414021,1.0986122886681098
2016-04-29,-0.09501740863445,1.53809700714647,1.47166098385847,-0.0664360232880028,5.4699,0.8512,2.1763,3.3964,0.6760000000000002,0.6645000000000003,-1.1532,0.0107443378216417,-0.0024694463333938,37.0,0.9162907318741552,0.7309806949774335,2.6390573296152584
2016-05-03,-0.11513730713451,1.53339452903571,1.4600941987819,-0.0733003302538051,5.4956,0.8551,2.1865,3.4123,0.6646999999999998,0.6879,-1.1315000000000004,0.0103402460629469,0.0183175926674445,11.0,0.0,-0.1343900785865502,-1.0986122886681098
2016-05-04,-0.12594402244204,1.53440345125139,1.50509171961644,-0.0293117316349496,5.4828,0.8532,2.1814,3.4043,1.3591000000000002,0.6438999999999999,-1.1247000000000005,0.0114816392434511,-0.0004582284420777,21.0,-0.5108256237659907,0.0757680490946151,1.3217558399823195
2016-05-05,-0.13695950453037,1.53470184914563,1.49306050146932,-0.0416413476763149,5.4956,0.8551,2.1865,3.4123,0.9246999999999996,0.6238000000000001,-1.1302000000000003,0.010986380331797,0.002193981492228,35.0,-0.0953101798043249,-0.1979322597614635,-0.8109302162163288
2016-05-06,-0.14511658098618,1.53549006833634,1.49792376026632,-0.0375663080700159,5.4442,0.8472,2.1661,3.3804,0.6787000000000001,0.6506000000000003,-1.1258999999999997,0.0105498822125836,-0.0286240865379099,27.0,0.2513144282809061,0.6061744136089303,0.5705448584676129
2016-05-09,-0.15905601176613,1.53770697723397,1.4904046221212,-0.0473023551127696,5.3544,0.8332,2.1303,3.3246,1.2172,0.6228000000000002,-1.1134,0.0136116902319843,-0.0282455337871194,42.0,1.8325814637483104,2.0009358039423395,1.5040773967762742
2016-05-10,-0.17492471462799,1.54136417137175,1.48579243662948,-0.0555717347422666,5.3415,0.8312,2.1252,3.3166,0.7613000000000003,0.6699999999999999,-1.0446,0.015754880009019,0.0001687643347771,19.0,0.0,0.2669319864561981,0.4054651081081644
2016-05-11,-0.19187062980361,1.54203521415516,1.47804726096472,-0.0639879531904317,5.38,0.8372,2.1405,3.3406,1.1202,0.6746000000000003,-1.0221,0.0149361246435127,0.0015683571872209,12.0,0.2231435513142097,0.1425898574261823,0.0
2016-05-12,-0.16982206610181,1.54259654645102,1.47304574560895,-0.0695508008420718,5.3672,0.8352,2.1354,3.3326,0.7666999999999997,0.6564000000000001,-1.0097,0.0141838523695617,-0.0004142502860711,25.0,0.2006706954621512,0.0076317655470497,1.791759469228055
2016-05-13,-0.12982441429223,1.54278640642799,1.46677373233606,-0.0760126740919325,5.4186,0.8432,2.1559,3.3645,0.8351999999999999,0.6972999999999998,-0.999,0.0134806079931419,-0.0030913126591896,29.0,0.6931471805599453,0.6907710186388877,0.9162907318741552
2016-05-16,-0.07181820011753,1.54280863095114,1.46177156121173,-0.0810370697394101,5.4571,0.8492,2.1712,3.3884,0.8062,0.7254,-0.9808,0.0128691219531423,0.0083667699481475,23.0,-0.6931471805599453,-0.7487210434370085,-1.9459101490553132
2016-05-17,-0.05022843782937,1.5426727853965,1.45889702894167,-0.0837757564548396,5.4571,0.8492,2.1712,3.3884,0.9810000000000004,0.7283,-0.9604,0.0125372699392683,-0.0025210100336856,13.0,0.0,-0.1355063592383378,-0.6931471805599453
2016-05-18,-0.07101044260226,1.54278097537638,1.46124194758488,-0.0815390277914965,5.4442,0.8472,2.1661,3.3804,1.2264,0.7347000000000001,-0.9579999999999996,0.0119867022820662,-0.0128010003956378,29.0,0.9162907318741552,0.9127594578765716,0.2231435513142097
2016-05-19,-0.09723798320121,1.54292336761576,1.46173450161328,-0.0811888660024866,5.4442,0.8472,2.1661,3.3804,1.3375999999999997,0.7338999999999998,-0.9844,0.0121579783372336,-0.0002165851512279,22.0,-1.1786549963416462,-1.08331807892686,-0.4054651081081644
2016-05-20,-0.11031625101034,1.54644063723392,1.590958954923,0.044518317689082,5.4571,0.8492,2.1712,3.3884,0.8595999999999999,0.7181000000000002,-1.0200999999999998,0.0116080912239613,0.0065965143257153,18.0,0.4700036292457356,0.3558399259750697,-0.916290731874155
2016-05-23,-0.12181966476079,1.54810195749181,1.59428240614565,0.0461804486538337,5.4699,0.8512,2.1763,3.3964,1.2816999999999998,0.7418,-1.0149,0.0112879392172692,0.0064073565230904,13.0,0.6931471805599453,0.8920165184271679,-1.9459101490553132
2016-05-24,-0.13720407724161,1.54848281669723,1.58995960152961,0.0414767848323847,5.4699,0.8512,2.1763,3.3964,1.1761,0.718,-1.0284,0.0109875341534472,-0.0077591893085475,14.0,0.4054651081081644,0.6526810667362116,-1.0986122886681098
2016-05-25,-0.13734244592191,1.54865894848755,1.5839813795512,0.0353224310636533,5.4699,0.8512,2.1763,3.3964,0.8291,0.7312000000000003,-0.9949999999999996,0.0108221663789281,-0.0023345723346421,20.0,-0.2876820724517809,-0.541106997308157,-1.3862943611198906
2016-05-26,-0.13620697311119,1.5493038405112,1.58707857222088,0.037774731709675,5.4956,0.8551,2.1865,3.4123,0.9013,0.7246000000000001,-0.9922,0.0104081445499587,0.0026099036597138,27.0,-1.252762968495368,-1.5816624341682133,-1.7047480922384253
2016-05-27,-0.1545256512466299,1.54966013852432,1.57311812487294,0.0234579863486188,5.5084,0.8571,2.1916,3.4203,1.0470000000000002,0.7263999999999999,-0.9987,0.0100300792672531,-0.0004950838137665,14.0,0.4054651081081644,0.0987198424479816,0.4054651081081644
2016-05-30,-0.17389241144733,1.5495359951448,1.56942939593957,0.019893400794762,5.5213,0.8591,2.1967,3.4283,0.8662999999999998,0.7700999999999998,-0.9663000000000004,0.0096553885079186,0.0004979182336866,19.0,0.1823215567939546,0.6781251924020397,1.540445040947149
2016-05-31,-0.1795606722982499,1.55027587489976,1.57151846053336,0.0212425856335996,5.5983,0.8711,2.2274,3.4761,0.8395999999999999,0.77,-0.9577,0.0093118331296957,0.0328183837269859,17.0,-0.2231435513142097,-0.2982227895297052,1.252762968495368
2016-06-01,-0.17358957823913,1.55017362390076,1.57042935551848,0.0202557316177236,5.5726,0.8671,2.2172,3.4601,0.7535000000000003,0.7791999999999999,-0.9322,0.013704678742154,-0.0010661866863967,17.0,0.2876820724517808,0.3468040768581462,-1.3862943611198906
2016-06-02,-0.1794235173783,1.55030543072315,1.57010459459983,0.0197991638766772,5.5726,0.8671,2.2172,3.4601,0.9358999999999996,0.7716000000000003,-0.8967,0.0130414859344569,0.004014914782001,6.0,-0.6931471805599453,-1.3691278501226465,0.6931471805599453
2016-06-03,-0.19652297323863,1.55050895187668,1.56869883550311,0.0181898836264245,5.6112,0.8731,2.2325,3.4841,1.2294999999999998,0.7756000000000003,-0.9129999999999998,0.0124834964229576,0.0045884132971192,11.0,0.4054651081081644,0.5033151855399802,1.3862943611198906
2016-06-06,-0.22132009726096,1.55083447754342,1.56818445360981,0.0173499760663909,5.624,0.8751,2.2376,3.492,0.8229000000000002,0.7638000000000003,-0.92,0.0119909411205229,-0.001561100852049,11.0,0.1823215567939546,0.3814741720204358,0.4054651081081644
2016-06-07,-0.25758604286366,1.55093702472452,1.56376259637418,0.0128255716496584,5.6497,0.8791,2.2478,3.508,1.1995,0.7643,-0.9163,0.0114661198705751,0.0006633569476575,16.0,-0.4700036292457356,-0.7609889559398508,-1.252762968495368
2016-06-08,-0.30356025065396,1.55106892110297,1.55914211016218,0.0080731890592118,5.6368,0.8771,2.2427,3.5,0.7922000000000002,0.7719999999999998,-0.9167,0.0109718324492196,-0.0030311095446906,13.0,-0.8472978603872037,-1.8242090318060251,-2.781477669657028
2016-06-13,-0.29872645004608,1.55118543640783,1.56138478344675,0.010199347038919,5.6112,0.8731,2.2325,3.4841,0.8252999999999999,0.7302,-0.9063,0.0105636953459728,-0.0326710457592867,21.0,0.4054651081081644,0.399799370572487,1.9459101490553128
2016-06-14,-0.27416540241251,1.55202079660338,1.58932827680973,0.0373074802063484,5.6497,0.8791,2.2478,3.508,0.6757,0.69,-0.9084000000000004,0.0145067368809768,0.0032132476204607,23.0,-0.1177830356563835,-0.0535628762174065,0.3053816495511819
2016-06-15,-0.23623660512549,1.55408024046474,1.74704439997085,0.192964159506111,5.6368,0.8771,2.2427,3.5,1.355,0.6821999999999999,-0.9023,0.0138130466686958,0.0157161079769849,14.0,-0.1823215567939546,-0.1595068790277833,-0.6931471805599453
2016-06-16,-0.18808855254205,1.55333085002873,1.67842339691249,0.125092546883761,5.6112,0.8731,2.2325,3.4841,1.1144500000000002,0.6736,-0.9179,0.0140305269125051,-0.0049975564198225,14.0,0.4054651081081644,0.3859695279344699,-0.6931471805599453
2016-06-17,-0.1474294013398,1.55442249474728,1.69895416146006,0.144531666712781,5.6112,0.8731,2.2325,3.4841,0.8926000000000003,0.7002999999999999,-0.9106,0.0134357374932193,0.0042682129611542,16.0,0.0,1.157919332320546,2.268683541318364
2016-06-20,-0.13146845269107,1.54535506790406,1.56867692422303,0.0233218563189694,5.6368,0.8771,2.2427,3.5,1.158,0.7448000000000001,-0.8999999999999999,0.0128540646736307,0.0012830120116449,10.0,-0.916290731874155,-1.3843841408637714,-1.0986122886681098
2016-06-21,-0.11649247056921,1.51105687395302,1.3260789832001,-0.184977890752912,5.6625,0.8811,2.2529,3.516,1.1641,0.6989000000000001,-0.9175999999999996,0.0122552086443928,-0.003554832142643,14.0,-0.2876820724517809,-0.1944134242453294,-0.4054651081081644
2016-06-22,-0.15437635872315,1.5138750466463,1.35340571078926,-0.160469335857048,5.701,0.8871,2.2683,3.5399,1.2275999999999998,0.7045999999999997,-0.9141000000000004,0.0117550883899245,0.0093332268129051,17.0,-1.252762968495368,-1.5721513276480836,-1.0986122886681098
2016-06-23,-0.19055369982004,1.51760352251764,1.36750523622082,-0.150098286296825,5.701,0.8871,2.2683,3.5399,1.0440999999999998,0.6787000000000001,-0.9073000000000002,0.0116072556688704,-0.0046882281847748,20.0,0.0,-0.0783865445348433,0.0
2016-06-24,-0.19078795556827,1.517686654774,1.35859473993027,-0.15909191484373,5.6497,0.8791,2.2478,3.508,1.0910000000000002,0.6065999999999998,-0.9195000000000002,0.011204435555867,-0.0131127486770319,25.0,-0.3566749439387324,-0.4691950256599939,-0.251314428280906
2016-06-27,-0.18891269582209,1.52232489880134,1.36863893863635,-0.153685960164989,5.6754,0.8831,2.258,3.5239,1.1256,0.5549,-0.9350999999999998,0.0115181467539927,0.0144061897505132,14.0,-0.3364722366212129,-0.6268220234836632,-2.079441541679836
2016-06-28,-0.18401031775424,1.51324381209025,1.32831453785878,-0.184929274231476,5.6754,0.8831,2.258,3.5239,0.8715000000000002,0.5947,-0.8994,0.0119074425265287,0.0058034755000608,18.0,0.0,0.0113879939529875,-0.7731898882334817
2016-06-29,-0.17791056509764,1.45071497701199,0.927364938231735,-0.523350038780254,5.6754,0.8831,2.258,3.5239,1.581,0.5916000000000001,-0.9218000000000002,0.0115173533943328,0.0065142306648207,12.0,-0.4054651081081644,0.2397018584533957,0.6286086594223741
2016-06-30,-0.18101050904052,1.45754912580505,1.01612377163762,-0.441425354167426,5.701,0.8871,2.2683,3.5399,1.1688999999999998,0.5693000000000001,-0.9464,0.0112011281805951,-0.0006776771834031,21.0,0.1541506798272583,-0.2490472513127591,-0.6931471805599453
2016-07-01,-0.1833427495598,1.4734949948964,1.13020906036013,-0.343285934536262,5.7396,0.8931,2.2836,3.5638,1.0743861866176665,0.5345999999999997,-0.9588,0.0107299546810571,0.0009791743715998,14.0,-0.3364722366212129,0.4550574997604912,0.1541506798272583
2016-07-04,-0.19061560159807,1.47399519927669,1.11972798865851,-0.354267210618171,5.8294,0.9071,2.3193,3.6196,0.9604,0.5680000000000001,-0.9355000000000002,0.0102978451536475,0.0189592713748059,20.0,-1.3862943611198906,-1.784803278775886,-1.5686159179138452
2016-07-05,-0.22326029318606,1.47424243310659,1.11426361996752,-0.359978813139074,5.8423,0.9091,2.3245,3.6276,1.0871,0.5941999999999998,-0.9107000000000004,0.0115513342524825,0.0059342999400477,20.0,0.1177830356563834,0.3919204500689568,1.3862943611198906
2016-07-06,-0.24167485838942,1.47425843232704,1.11289999264771,-0.361358439679336,5.8551,0.9111,2.3296,3.6355,1.109637931034483,0.5819999999999999,-0.9137,0.0112003658533645,0.0036190516955834,20.0,-0.1177830356563835,-0.7063519515468926,-1.62924053973028
2016-07-07,-0.2487104202785799,1.46456591605975,1.09942108208967,-0.365144833970073,5.8936,0.9171,2.3449,3.6595,1.1451000000000002,0.5602999999999998,-0.9173,0.0107828299787653,-0.0001474941166605,32.0,0.3677247801253173,0.5339646803121962,0.7621400520468967
2016-07-08,-0.25303140713709,1.45840755494594,1.05432934193254,-0.404078213013407,5.5084,0.8571,2.1916,3.4203,0.9655999999999998,0.6046,-0.8925000000000001,0.0103432148482943,-0.0095765203168021,33.0,1.1526795099383853,1.4328190220731154,1.8123787564307907
2016-07-11,-0.26247689020815,1.45751477525042,1.04221096593972,-0.415303809310695,5.4828,0.8532,2.1814,3.4043,1.5212,0.6311,-0.8744000000000001,0.0104029930795047,0.0022807923828906,13.0,0.0,0.1930823425592786,-0.0870113769896298
2016-07-12,-0.27607100616753,1.45687589878965,1.04075041408449,-0.416125484705164,5.5726,0.8671,2.2172,3.4601,0.985,0.6152000000000002,-0.8555999999999999,0.0100177699357048,0.0180221008736971,11.0,0.2231435513142097,-0.2180306017853714,0.0
2016-07-13,-0.2717008620147,1.45620166459726,1.0440963729471,-0.412105291650165,5.5855,0.8691,2.2223,3.4681,0.5848,0.6286,-0.8578999999999999,0.0111796560551382,0.0037014348151664,7.0,-0.6931471805599453,-1.0985207848020075,-0.6931471805599453
2016-07-14,-0.25398238837407,1.45689177184148,1.04513813841084,-0.411753633430644,5.5341,0.8611,2.2018,3.4362,1.0296000000000003,0.6169000000000002,-0.8699999999999997,0.0107666024811804,-0.0021819533288116,8.0,-1.0986122886681098,-2.1344418267993803,-2.4849066497880004
2016-07-15,-0.2353299261414199,1.45686956235874,1.04276039713505,-0.414109165223688,5.547,0.8631,2.207,3.4442,0.7155999999999998,0.6241000000000003,-0.8546999999999998,0.0103537905690719,9.102348052003606e-05,10.0,-0.2231435513142097,0.002394024340675,1.0986122886681098
2016-07-18,-0.22187175134163,1.45657757476394,1.04131425420555,-0.415263320558384,5.5726,0.8671,2.2172,3.4601,0.9358,0.6411000000000002,-0.8346999999999998,0.0099495896884676,-0.0035199270172441,16.0,-0.3364722366212129,-0.584152001922931,-1.791759469228055
2016-07-19,-0.23254009796886,1.45640777864937,1.04111948538208,-0.415288293267288,5.5213,0.8591,2.1967,3.4283,0.7190000000000003,0.6513,-0.8165,0.0096490507528511,-0.0022913873176051,25.0,0.3184537311185346,-0.001484933322861,0.6931471805599453
2016-07-20,-0.25758786350419,1.45704423690348,1.04029105569145,-0.416753181212027,5.4956,0.8551,2.1865,3.4123,1.1856,0.6187999999999998,-0.8154000000000003,0.0093367594629804,-0.0028684999035828,42.0,0.3101549283038394,0.039999340604711,-1.0986122886681098
2016-07-21,-0.2553830678220299,1.45762263157685,1.041990777971,-0.415631853605851,5.4956,0.8551,2.1865,3.4123,0.9973999999999998,0.6000000000000001,-0.7525999999999997,0.0090702919971881,0.0036621654999784,42.0,0.3483066942682158,0.3165682058683968,1.349926716949016
2016-07-22,-0.23742123523053,1.45804479256447,1.04135748220969,-0.416687310354783,5.4956,0.8551,2.1865,3.4123,1.2915,0.5994000000000002,-0.7433999999999998,0.0088489007846297,-0.0086562858496588,30.0,0.0953101798043249,-0.27662527051232,-0.916290731874155
2016-07-25,-0.2188312816560799,1.45764670886659,1.04119884627664,-0.416447862589955,5.5084,0.8571,2.1916,3.4203,1.1354000000000002,0.593,-0.7551000000000001,0.0090157093056425,0.0009992297606604,20.0,-1.01160091167848,-1.150493169517263,-1.252762968495368
2016-07-26,-0.19886188943986,1.46004107733881,1.02832447433561,-0.431716603003198,5.5341,0.8611,2.2018,3.4362,0.7676000000000003,0.5948000000000002,-0.7605,0.0087328121787725,0.0113215960260095,10.0,0.2231435513142097,-0.0649162340130159,-0.4054651081081644
2016-07-27,-0.1899225444362099,1.45973629379461,1.0296792590178,-0.430057034776812,5.5341,0.8611,2.2018,3.4362,1.2019000000000002,0.6303000000000001,-0.7501000000000002,0.0091811820970982,-0.0192542894801999,22.0,-0.5596157879354228,-0.6351126633622257,0.0
2016-07-28,-0.1989140811350599,1.45998899016589,1.02904065763097,-0.430948332534919,5.5084,0.8571,2.1916,3.4203,0.8321000000000001,0.6033000000000004,-0.7512999999999996,0.0107893113208334,0.0007764367225,12.0,-0.3364722366212129,-0.6989909735684662,-2.079441541679836
2016-07-29,-0.2125021282926699,1.46087494252903,1.03077365597183,-0.430101286557199,5.5213,0.8591,2.1967,3.4283,0.8769,0.5817000000000001,-0.742,0.0103508119562414,-0.0050166987772373,11.0,-0.8472978603872037,-2.164489562030188,-3.044522437723423
2016-08-01,-0.21756290208665,1.46093231515324,1.03099323128788,-0.429939083865359,5.5598,0.8651,2.2121,3.4522,0.9023,0.5863999999999998,-0.7345000000000002,0.0100791004818709,-0.0087494936803231,18.0,0.4054651081081644,0.3277536545244136,0.1823215567939546
2016-08-02,-0.22926597941525,1.46148218826301,1.03179369452517,-0.429688493737832,5.5726,0.8671,2.2172,3.4601,1.1332,0.5863999999999998,-0.7283,0.0100964680044255,0.0060405296940562,13.0,0.0,0.5103122137075018,1.0986122886681098
2016-08-03,-0.23448211453449,1.46311348795063,1.03437198520573,-0.428741502744904,5.5598,0.8651,2.2121,3.4522,0.8071000000000002,0.5958999999999999,-0.7153,0.0098922870599974,0.0024142243151281,13.0,-0.2231435513142097,0.3093691726778754,0.0
2016-08-04,-0.21303557596804,1.4646360910153,1.03866511750713,-0.425970973508168,5.5598,0.8651,2.2121,3.4522,1.1374999999999995,0.609,-0.7185999999999999,0.009554777336022,0.0013303391205949,12.0,-0.5108256237659907,-1.429612115044583,-1.791759469228055
2016-08-05,-0.2093918673867799,1.46252487707427,1.03000612587499,-0.432518751199281,5.5598,0.8651,2.2121,3.4522,1.9042,0.5989,-0.7321,0.0092271357248842,-0.0019231026872583,7.0,-0.4054651081081644,-0.590844330191461,-0.4054651081081644
2016-08-08,-0.20594114670174,1.42617518724819,0.839020980130025,-0.587154207118161,5.5726,0.8671,2.2172,3.4601,0.9034999999999996,0.5893999999999999,-0.7079,0.0089443765983625,0.0092229794418878,6.0,-1.0986122886681098,-8.525756422076725,-1.3862943611198906
2016-08-09,-0.2054143747083099,1.50267964365783,1.37153920058474,-0.131140443073087,5.6112,0.8731,2.2325,3.4841,0.8176999999999999,0.5686999999999998,-0.7376,0.0091284194598459,0.0070992500762248,16.0,-0.9808292530117262,-1.3385544142410732,-1.8718021769015916
2016-08-10,-0.22181167020414,1.50329287431116,1.37660975368179,-0.12668312062937,5.624,0.8751,2.2376,3.492,0.9932000000000004,0.5690999999999997,-0.7296,0.0091018511468636,-0.0022946767470397,11.0,-1.0986122886681098,-2.6159399050013583,-4.262679877041316
2016-08-11,-0.24101578651746,1.50469597694872,1.38471359172688,-0.119982385221842,5.6754,0.8831,2.258,3.5239,1.1032000000000002,0.5908000000000002,-0.7271999999999998,0.008840104067645,-0.0053502777517291,30.0,0.1177830356563834,0.785136852760051,1.540445040947149
2016-08-12,-0.25485568894843,1.50557176068904,1.38474084654282,-0.12083091414622,5.7781,0.8991,2.2989,3.5877,1.2207,0.6271,-0.7246999999999999,0.0087424180752748,0.0158690196206805,15.0,0.0,-0.6320325296980762,-2.639057329615259
2016-08-15,-0.26655391123561,1.50426348046931,1.37410216857958,-0.130161311889727,5.8808,0.9151,2.3398,3.6515,0.828459375,0.5892,-0.7434000000000003,0.0098330423227722,0.0241364260065051,10.0,-0.6931471805599453,-1.4189240453498664,0.0
2016-08-16,-0.28247662643321,1.50086425033952,1.3396380526977,-0.161226197641818,5.701,0.8871,2.2683,3.5399,0.7721,0.6144999999999996,-0.7184000000000004,0.0121398679568725,-0.0048620580150835,45.0,1.824549292051046,2.27814483650923,2.833213344056216
2016-08-17,-0.28975008535166,1.50116351900655,1.33419386548893,-0.166969653517619,5.701,0.8871,2.2683,3.5399,1.0174,0.6394000000000002,-0.7302999999999997,0.0116978691983448,-0.0001549940899554,30.0,0.0953101798043249,0.0466661390272246,-0.5108256237659907
2016-08-18,-0.29357828550664,1.50071488298497,1.3321860959922,-0.168528786992768,5.6882,0.8851,2.2631,3.5319,1.1029,0.6286999999999998,-0.7553000000000001,0.0111841296500553,-0.0017513006858429,19.0,0.8472978603872037,0.5581796902456175,-0.8472978603872037
2016-08-19,-0.30574866057135,1.50506253731154,1.37889148352651,-0.126171053785034,5.701,0.8871,2.2683,3.5399,1.2922000000000002,0.6574999999999998,-0.7454000000000001,0.0107277986597439,0.0012839220490192,17.0,0.1823215567939546,0.3690247809739304,0.3677247801253173
2016-08-22,-0.3345505868801,1.5048161408519,1.38367452262756,-0.121141618224344,5.7396,0.8931,2.2836,3.5638,1.8367,0.6248999999999998,-0.7554000000000003,0.0102988337196122,-0.007523804216305,19.0,-0.4700036292457356,-0.915871440470474,-1.3862943611198906
2016-08-23,-0.34682655909556,1.49287651885112,1.30198043167413,-0.190896087176997,5.8038,0.9031,2.3091,3.6037,0.8452000000000002,0.6659000000000002,-0.7311999999999999,0.0101908147842122,0.0015874944685556,11.0,-0.3364722366212129,-0.0908483876221699,1.0986122886681098
2016-08-24,-0.3175719001749499,1.49405908552759,1.29946943972358,-0.194589645804011,5.8038,0.9031,2.3091,3.6037,1.162,0.6745000000000001,-0.7325999999999997,0.0098112320084737,-0.0012390728554354,10.0,-0.5108256237659907,-0.5621981005388953,-1.9459101490553132
2016-08-25,-0.2819383237164299,1.49413953821168,1.35087641951503,-0.143263118696655,5.8038,0.9031,2.3091,3.6037,1.4227999999999996,0.6637,-0.7404999999999999,0.009463279905886,-0.0057037541565208,15.0,1.0986122886681098,1.4369380939386456,1.252762968495368
2016-08-26,-0.24464310933395,1.49379815328505,1.33827188013534,-0.155526273149717,5.7781,0.8991,2.2989,3.5877,0.8498999999999999,0.6461999999999999,-0.7728000000000002,0.0093202599910251,0.0006450942598874,12.0,1.3862943611198906,1.430282288281412,0.7259370033829363
2016-08-29,-0.21337785638773,1.49367127924864,1.33202442397551,-0.161646855273131,5.7652,0.8971,2.2938,3.5797,0.851,0.6814,-0.7711999999999999,0.0090070570591179,-9.18516511791978e-05,12.0,0.6931471805599453,0.7364032962947359,-1.791759469228055
2016-08-30,-0.1967711872309299,1.49401755972119,1.32543262022153,-0.168584939499653,5.7909,0.9011,2.304,3.5957,0.6962000000000002,0.6911,-0.7337000000000002,0.0087208970243095,0.0015134987422147,18.0,0.0,0.1622616785638216,0.6931471805599453
2016-08-31,-0.2059247609369699,1.49453538352563,1.32548389282158,-0.169051490704047,5.8008,0.9085,2.3142,3.6116,1.3377000000000003,0.6722000000000001,-0.7364999999999999,0.008472096178702,0.0035109468145826,12.0,-0.916290731874155,-2.165296171313684,-2.19722457733622
2016-09-01,-0.20992652882251,1.49438243330699,1.32042187316813,-0.173960560138858,5.788,0.9064,2.3091,3.6037,1.2897000000000003,0.6926000000000001,-0.7227999999999999,0.0083044541695502,-0.007216403432686,7.0,-0.5108256237659907,-0.6045351373515508,0.0
2016-09-02,-0.21270907443294,1.49489447397309,1.31552628994858,-0.179368184024517,5.8008,0.9085,2.3142,3.6116,0.7746,0.6861000000000002,-0.7157,0.0084108169794332,0.0013202502073905,12.0,-0.4054651081081644,-0.5140515049463459,-0.4855078157817007
2016-09-05,-0.22089528113723,1.49619391947556,1.30767961798218,-0.188514301493373,5.8008,0.9085,2.3142,3.6116,0.8468999999999998,0.6799000000000004,-0.7172999999999998,0.0081885235482172,0.0015450906062337,7.0,-0.6931471805599453,-1.795765197044982,-1.791759469228055
2016-09-06,-0.22895889804581,1.50015019571297,1.29331339779826,-0.206836797914712,5.7112,0.8944,2.2785,3.5558,1.0172999999999996,0.7077999999999998,-0.6995,0.0079914568924676,0.0060420693424028,45.0,1.236762627148927,1.1229364793057215,0.5108256237659907
2016-09-07,-0.23629668626299,1.50094183918643,1.29346896589816,-0.207472873288269,5.7368,0.8984,2.2887,3.5718,1.06,0.7071999999999998,-0.6736,0.0080220260822579,0.0003930359261161,15.0,-0.1541506798272583,-0.6570039780912807,-1.5040773967762742
2016-09-08,-0.24180230322654,1.50224618370759,1.30186222956773,-0.200383954139864,5.7496,0.9004,2.2938,3.5797,1.6008,0.7202999999999999,-0.6785999999999999,0.0078291001716462,0.0013012531810048,13.0,0.2231435513142097,0.2823667663884355,0.6931471805599453
2016-09-09,-0.24216218317136,1.50257573026819,1.30478875673521,-0.197786973532979,5.7368,0.8984,2.2887,3.5718,0.7589999999999999,0.7149999999999999,-0.6861000000000002,0.0076638135454644,-0.0055383231146031,12.0,-0.4054651081081644,-0.5644507622888609,-0.5596157879354228
2016-09-12,-0.25277712434303,1.50263388880367,1.30642591796567,-0.196207970838006,5.6984,0.8924,2.2734,3.5478,0.7778999999999998,0.7409999999999997,-0.6800000000000002,0.0077172339334103,-0.0186465216535154,13.0,2.302585092994046,10.723971981557268,2.833213344056216
2016-09-13,-0.26372706337228,1.50328709426072,1.3090929863902,-0.194194107870526,5.6728,0.8884,2.2631,3.5319,0.8418000000000001,0.7189999999999999,-0.7201,0.0096083405144308,0.0005071551829836,11.0,-0.8472978603872037,-1.7215652963852237,-2.19722457733622
2016-09-14,-0.26945055031928,1.50467881194489,1.33074813743644,-0.173930674508446,5.5959,0.8764,2.2325,3.4841,0.8247,0.6581999999999999,-0.7274000000000003,0.0092689461982405,-0.0068569034641541,16.0,0.9162907318741552,1.32630661085199,1.0986122886681098
2016-09-19,-0.26116784966689,1.50674084965122,1.33352161275027,-0.173219236900946,5.6343,0.8824,2.2478,3.508,0.8001999999999998,0.6496,-0.7261000000000002,0.0092272464611778,0.0076969644700461,17.0,0.0,-0.1940052911326232,-2.079441541679836
2016-09-20,-0.24659301534187,1.50759597738378,1.33382161685728,-0.173774360526506,5.6343,0.8824,2.2478,3.508,0.8304999999999998,0.6427,-0.7492999999999999,0.0092362845085812,-0.0010087533594003,4.0,-1.0986122886681098,-8.684570300824369,-1.3862943611198906
2016-09-21,-0.22371909459969,1.50726963875406,1.33254085414612,-0.174728784607943,5.6471,0.8844,2.2529,3.516,1.1639,0.6351,-0.7333000000000003,0.008936372966782,0.0009502595743491,10.0,0.4054651081081644,0.5610222579281744,0.4054651081081644
2016-09-22,-0.20469036665744,1.50657306745617,1.30682519038408,-0.199747877072098,5.6856,0.8904,2.2683,3.5399,0.979,0.653,-0.7332999999999998,0.0086602764258181,0.0054181060059885,10.0,-0.916290731874155,-1.2995714512181666,-1.3862943611198906
2016-09-23,-0.2121853368404,1.51008823080064,1.34932717789273,-0.160761052907908,5.6856,0.8904,2.2683,3.5399,0.7909999999999999,0.6416999999999997,-0.7071000000000001,0.0085705637019167,-0.002770479219448,7.0,0.0,-0.1857873432564512,0.6931471805599453
2016-09-26,-0.22201315442282,1.50958955190765,1.34182020050978,-0.167769351397867,5.6471,0.8844,2.2529,3.516,0.8669000000000002,0.6181000000000001,-0.7313999999999998,0.0083748627786635,-0.0177800167484507,13.0,0.0,-0.0486369219377114,0.0
2016-09-27,-0.23822413770438,1.50996678451163,1.34319916295262,-0.166767621559008,5.6856,0.8904,2.2683,3.5399,0.9613,0.6187,-0.7326000000000001,0.0099224043260069,0.005935184206014,10.0,0.0,-0.0537172160166239,-0.6931471805599453
2016-09-28,-0.2433207174287899,1.51046828166002,1.33248331560711,-0.17798496605291,5.6728,0.8884,2.2631,3.5319,1.1322,0.6316000000000002,-0.7425999999999999,0.009729722559898,-0.0034460269015195,9.0,0.2876820724517808,0.5092412558612875,0.0
2016-09-29,-0.2448943577271199,1.51061724550271,1.33155413916219,-0.179063106340522,5.6856,0.8904,2.2683,3.5399,0.7913999999999999,0.637,-0.7487999999999997,0.0094468604611117,0.0035497513946829,10.0,-0.2231435513142097,-0.4749410652505105,-2.19722457733622
2016-09-30,-0.24141268615306,1.51168434462702,1.33670987213036,-0.174974472496667,5.6728,0.8884,2.2631,3.5319,1.098,0.6505000000000001,-0.7458,0.0091848302106252,0.0020722337191632,13.0,-0.6931471805599453,-0.846559266411703,0.4054651081081644
2016-10-10,-0.2278313146774,1.51135300415547,1.34513953113241,-0.166213473023064,5.7112,0.8944,2.2785,3.5558,0.9108,0.5825,-0.7662999999999998,0.0089035107393805,0.0143538249062764,4.0,-0.6931471805599453,-8.778941881841513,-1.791759469228055
2016-10-11,-0.21321096433912,1.51185376652784,1.34469199932616,-0.167161767201679,5.6984,0.8924,2.2734,3.5478,0.9619999999999996,0.6078000000000001,-0.7584,0.0097288308028581,0.0055965793959824,5.0,-1.0986122886681098,-8.974111581113318,0.0
2016-10-12,-0.23025640786372,1.51179290274215,1.33520663318895,-0.176586269553199,5.6728,0.8884,2.2631,3.5319,0.8871999999999998,0.6252,-0.742,0.0095361584150077,-0.0022051863454102,4.0,0.4054651081081644,0.1087538907253518,0.0
2016-10-13,-0.24232239953802,1.51213850484418,1.33415162751375,-0.177986877330422,5.6599,0.8864,2.258,3.5239,1.3037,0.6141000000000001,-0.7391999999999999,0.009231907889414,0.0009307427462523,7.0,0.0,-0.3306619744028769,0.0
2016-10-14,-0.25988733249393,1.51152756751887,1.31805276592624,-0.193474801592636,5.6599,0.8864,2.258,3.5239,0.9166,0.6307999999999998,-0.71,0.0089287323879734,0.0008042245895012,8.0,-0.5108256237659907,-0.3652047310609509,-0.1541506798272583
2016-10-17,-0.27810951668126,1.51125021127988,1.30089717541217,-0.210353035867708,5.6087,0.8784,2.2376,3.492,0.9386,0.6210999999999998,-0.6964000000000001,0.008652076589383,-0.0074179186085014,11.0,0.9162907318741552,1.6914695910191888,1.791759469228055
2016-10-18,-0.2965483570917,1.51177971564251,1.28638152043617,-0.225398195206341,5.6471,0.8844,2.2529,3.516,0.9625,0.6242999999999999,-0.6829000000000001,0.0087309278460541,0.0139459285905338,10.0,-1.252762968495368,-1.9186461562143784,-1.9924301646902065
2016-10-19,-0.29175643121602,1.5124338337926,1.27872703977285,-0.233706794019752,5.6471,0.8844,2.2529,3.516,1.0635,0.5749999999999997,-0.7078000000000002,0.0095303822791404,0.0002736442065298,2.0,0.0,-0.0661460427346846,0.0
2016-10-20,-0.27636473617308,1.51297290304469,1.26884057386568,-0.244132329179009,5.6215,0.8804,2.2427,3.5,1.3212,0.5695000000000001,-0.7027999999999999,0.0091971844071676,-8.461420385863505e-05,10.0,-0.4054651081081644,-1.5547824009906743,-1.791759469228055
2016-10-21,-0.2637549798604099,1.51315780377242,1.26654847106319,-0.246609332709237,5.6471,0.8844,2.2529,3.516,1.0329000000000002,0.6067999999999998,-0.6994000000000002,0.0088937910973707,0.0020996221885081,12.0,0.4054651081081644,0.6959316882999952,0.0
2016-10-24,-0.25617443957252,1.51477006320984,1.28351708435857,-0.231252978851264,5.6728,0.8884,2.2631,3.5319,1.1502,0.6501000000000001,-0.6747999999999998,0.0086401980740468,0.0119972084660151,12.0,-1.252762968495368,-1.5972671593007572,0.0
2016-10-25,-0.25487450223391,1.51423304005345,1.27820749417146,-0.236025545881991,5.6984,0.8924,2.2734,3.5478,1.0238,0.6764000000000001,-0.6518999999999999,0.0091889139096533,0.0011795178060349,7.0,-0.4054651081081644,-1.1342320309141376,0.0
2016-10-26,-0.27807917267242,1.5140493456168,1.2763097634798,-0.237739582136998,5.6599,0.8864,2.258,3.5239,1.1978999999999995,0.6787000000000001,-0.6498999999999997,0.0088922083362698,-0.0050020502002698,3.0,0.0,0.0119328843181424,0.0
2016-10-27,-0.28699727686988,1.51415210839186,1.27625821864496,-0.237893889746895,5.6599,0.8864,2.258,3.5239,1.4114,0.6665000000000001,-0.6736,0.0087677486077895,-0.0012721835072628,5.0,0.6931471805599453,7.660114319173928,0.0
2016-10-28,-0.28965541204408,1.51237806250054,1.29296996405701,-0.219408098443533,5.6856,0.8904,2.2683,3.5399,1.0196,0.6734,-0.6581999999999999,0.0085148339978948,-0.002599484784314,18.0,-0.3364722366212129,2.3189236166886293,3.5643301578052413
2016-10-31,-0.29336891184566,1.50703848108628,1.32440752366843,-0.182630957417853,5.6761,0.8506,2.2631,3.5319,0.9313705515757592,0.7106000000000003,-0.6442999999999999,0.0083189043268426,-0.001217774498647,9.0,0.4054651081081644,0.7028277982706688,0.0
2016-11-01,-0.29628800549587,1.5064622799986,1.33558517544334,-0.170877104555263,5.6889,0.8525,2.2683,3.5399,0.9365,0.6665999999999999,-0.6682000000000001,0.0081079283218939,0.0070526578349525,16.0,-0.4054651081081644,-1.7096301198357338,-3.688879454113936
2016-11-02,-0.27974991379904,1.52056039334054,1.50552441052807,-0.0150359828124751,5.6633,0.8487,2.258,3.5239,0.8990999999999998,0.6657000000000002,-0.657,0.0082036676847436,-0.0063301304084948,11.0,0.5108256237659907,1.7108994341694197,0.0
2016-11-03,-0.26411485980522,1.52747516470074,1.7510422799583,0.223567115257553,5.6633,0.8487,2.258,3.5239,1.0790000000000002,0.6566000000000001,-0.6581999999999999,0.0082494941676061,0.0084096746565212,12.0,-1.3862943611198906,-2.596096086458373,-3.218875824868201
2016-11-04,-0.25407281352041,1.52601187517154,1.75253736631182,0.22652549114028,5.6505,0.8467,2.2529,3.516,0.9601,0.6605000000000003,-0.6620999999999997,0.0084499139060955,-0.0011572926147742,7.0,-1.0986122886681098,-1.763785617185649,-0.6931471805599453
2016-11-07,-0.2493209417364,1.52652070561083,1.75443769402764,0.227916988416809,5.6505,0.8467,2.2529,3.516,1.0496000000000003,0.6548000000000003,-0.6625999999999999,0.0082253158944565,0.0025615761811881,3.0,0.0,0.0,0.0
2016-11-08,-0.25229829588357,1.52676488216442,1.74346419985146,0.216699317687044,5.6889,0.8525,2.2683,3.5399,1.2658,0.6861999999999999,-0.6565000000000003,0.0080489703221713,0.0046344575525214,7.0,-0.2876820724517809,0.845802936226917,1.466337068793427
2016-11-09,-0.26656240755809,1.50968668810352,1.61582472494301,0.106138036839493,5.6377,0.8448,2.2478,3.508,1.4373,0.6896999999999998,-0.6548000000000003,0.0079811255010767,-0.0062196496445992,5.0,0.0,-0.0162341227618834,0.0
2016-11-10,-0.27192904896116,1.5119264188402,1.64912178290581,0.137195364065611,5.6761,0.8506,2.2631,3.5319,1.6591,0.7193,-0.6327999999999996,0.0080463070468584,0.0136238204059147,6.0,0.0,-0.1022722604417447,-0.6931471805599453
2016-11-11,-0.28426388855376,1.51191411133245,1.64630897032924,0.134394858996797,5.6505,0.8467,2.2529,3.516,1.2056,0.7018,-0.6349,0.0089353660299122,0.0077778724795702,14.0,0.5877866649021191,1.29985500274131,2.4849066497880004
2016-11-14,-0.28746214708528,1.51195584105027,1.64189990059015,0.129944059539878,5.6377,0.8448,2.2478,3.508,1.1063,0.7475999999999998,-0.5972,0.0089870408720836,0.0044727117692122,14.0,0.5596157879354227,-0.8992880272873065,-2.3513752571634776
2016-11-15,-0.29290040034921,1.51226151790952,1.63797643756326,0.125714919653738,5.6377,0.8448,2.2478,3.508,1.2262999999999995,0.7127999999999997,-0.6310000000000002,0.0088101372176126,-0.001054951536572,16.0,0.3364722366212129,-0.6781455821051648,-2.19722457733622
2016-11-16,-0.30028613210035,1.50988568870271,1.61537045661751,0.105484767914795,5.6377,0.8448,2.2478,3.508,1.3334,0.7510000000000003,-0.6362999999999999,0.0085499653961367,-0.0006016803250368,12.0,-0.2876820724517809,-0.3886810406370093,0.6931471805599453
2016-11-17,-0.30926371055513,1.51035282033007,1.61761608336143,0.107263263031365,5.6249,0.8429,2.2427,3.5,1.3977,0.7694999999999999,-0.6078000000000001,0.008309058835836,0.0010590145855822,9.0,-0.6931471805599453,-2.295207196860369,-1.791759469228055
2016-11-18,-0.32969797298675,1.51074928497477,1.61042509580639,0.0996758108316218,5.6249,0.8429,2.2427,3.5,1.3786,0.7185999999999999,-0.6476000000000002,0.008093164535642,-0.0048730754490904,10.0,0.4054651081081644,0.5604252942412199,1.203972804325936
2016-11-21,-0.3372166114966,1.50134058279084,1.54666556016738,0.0453249773765461,5.6633,0.8487,2.258,3.5239,1.3447,0.7231000000000001,-0.6741999999999999,0.0080498010158382,0.0078902247492003,2.0,0.0,-0.147337000448328,0.0
2016-11-22,-0.32559242859098,1.49442791071728,1.64225340733212,0.14782549661484,5.6761,0.8506,2.2631,3.5319,1.3839,0.7313999999999998,-0.6770999999999998,0.0082282154348067,0.0093417520000222,12.0,-0.916290731874155,0.5822594065061452,-0.9808292530117262
2016-11-23,-0.30414953130559,1.50414132658501,1.80347499241771,0.299333665832708,5.7017,0.8544,2.2734,3.5478,1.4958999999999998,0.7075999999999998,-0.7182,0.0085277732373632,-0.0022235966415262,7.0,-1.6094379124341005,-10.372052647587516,-1.791759469228055
2016-11-24,-0.28810604695282,1.50325675737035,1.76662605836502,0.263369300994676,5.6889,0.8525,2.2683,3.5399,1.4036999999999995,0.6931000000000003,-0.7153999999999998,0.0083190861873486,0.0001847946124211,5.0,-1.0986122886681098,-8.785692444451245,-1.0986122886681098
2016-11-25,-0.27857378001648,1.50221730547344,1.76237787795141,0.260160572477973,5.7658,0.864,2.2989,3.5877,1.3533,0.6517000000000004,-0.7199999999999998,0.0080969099037786,0.0062125084913784,3.0,-1.0986122886681098,-9.31406955773866,-0.6931471805599453
2016-11-28,-0.28190130402565,1.49039372427447,1.64728522430608,0.156891500031604,5.8299,0.8736,2.3245,3.6276,1.2294,0.6383000000000001,-0.7626,0.0081271355404653,0.0046068724428156,8.0,-0.4054651081081644,0.5851883405396101,2.3978952727983707
2016-11-29,-0.2994073696044,1.51168127185606,1.83969814731247,0.328016875456419,5.8555,0.8775,2.3347,3.6435,0.8241,0.6327000000000003,-0.7559999999999998,0.0080489916622608,0.001806118976491,9.0,-1.3862943611198906,-9.499046919474152,-2.3978952727983707
2016-11-30,-0.31024807020183,1.50172661154317,1.75636290402368,0.254636292480502,5.7914,0.8679,2.3091,3.6037,1.0219,0.6518000000000002,-0.7832999999999997,0.0078708527939707,-0.0100690308677826,14.0,-1.5040773967762742,-1.367905222636303,0.0
2016-12-01,-0.30425330781582,1.5013030289477,1.76337750060292,0.26207447165522,5.7914,0.8679,2.3091,3.6037,1.0994000000000002,0.6366,-0.8742000000000001,0.0083411397739649,0.0071359420366938,11.0,-1.3862943611198906,-2.0845204750693798,-1.791759469228055
2016-12-02,-0.29806373689306,1.49734021395761,1.76927393852014,0.271933724562521,5.7914,0.8679,2.3091,3.6037,1.5966,0.5924,-0.8839999999999999,0.0084137954192197,-0.0090426618207786,11.0,-0.4054651081081644,-0.4738714693143731,0.9162907318741552
2016-12-05,-0.29509791346925,1.49617418257689,1.74482060941403,0.24864642683714,5.8427,0.8755,2.3296,3.6355,1.2679,0.5905999999999998,-0.8495000000000004,0.0086814228567027,-0.0121374474226669,15.0,0.0,-0.3480074350593236,-0.8472978603872037
2016-12-06,-0.2830288873940599,1.49711866715766,1.75383456128247,0.256715894124806,5.8171,0.8717,2.3193,3.6196,1.3332000000000002,0.6617000000000002,-0.8603999999999998,0.0092751374922321,-0.0015807993978249,3.0,0.0,0.0,0.0
2016-12-07,-0.26492868612226,1.49672048396342,1.75262543323399,0.255904949270573,5.8042,0.8698,2.3142,3.6116,1.3135,0.6539999999999999,-0.9043,0.0089807923580378,0.0070368993416423,3.0,-0.4054651081081644,-0.3937065546700864,1.3862943611198906
2016-12-08,-0.24329826286225,1.50810757860433,1.80955573925504,0.301448160650706,5.8171,0.8717,2.3193,3.6196,1.6922999999999997,0.6677,-0.8956,0.0089668594098963,-0.0021361979837219,9.0,0.2876820724517808,-1.451655959293953,-1.7047480922384253
2016-12-09,-0.23297280353489,1.49439381114516,1.7317567272372,0.237362916092038,5.8811,0.8813,2.3449,3.6595,1.9884000000000004,0.6516000000000002,-0.9055999999999996,0.0087135918372175,0.0054331162118508,18.0,-0.2876820724517809,-0.906348252748956,-1.5040773967762742
2016-12-12,-0.21280981654228,1.49769935948042,1.74417283459001,0.246473475109592,5.9324,0.889,2.3653,3.6914,1.3595000000000002,0.6463000000000001,-0.9261000000000004,0.0086189095046098,-0.0250294430207826,27.0,0.0953101798043249,-0.1731615823472372,-1.2163953243244932
2016-12-13,-0.20486575502852,1.49812460649945,1.75336803344911,0.255243426949658,5.8427,0.8755,2.3296,3.6355,2.033,0.7277,-0.9690000000000004,0.0115466800176698,0.0006553575714107,9.0,0.0,-0.5616270966341114,-0.4519851237430572
2016-12-14,-0.21602870899981,1.49944453311216,1.83192612572237,0.332481592610209,5.8555,0.8775,2.3347,3.6435,2.0133,0.6097999999999999,-1.0447000000000002,0.0110458908658125,-0.0046083294379855,11.0,0.4054651081081644,-0.0364916444190342,-0.7537718023763802
2016-12-15,-0.22888303802372,1.49864485149135,1.81839278265286,0.31974793116151,5.7146,0.8563,2.2785,3.5558,1.5167000000000002,0.6154999999999999,-1.0518999999999998,0.0106898244396187,-0.0073037206798485,28.0,1.029619417181158,1.080118189837304,0.6931471805599453
2016-12-16,-0.2231911088459099,1.45671878182155,1.5855940426494,0.128875260827847,5.6761,0.8506,2.2631,3.5319,0.6796000000000002,0.3734999999999999,-1.1081,0.0105234160382551,0.0017001413721953,8.0,-0.2231435513142097,-0.2640188719177948,0.0
2016-12-19,-0.21250759021426,1.4580208957782,1.58128794813579,0.123267052357592,5.6889,0.8525,2.2683,3.5399,0.5442,0.2856000000000001,-1.0671999999999997,0.0101171745801863,-0.0015694115506512,7.0,-1.0986122886681098,-3.506832447745388,-2.639057329615259
2016-12-20,-0.18375057303859,1.45947403634484,1.57810067175661,0.118626635411769,5.6505,0.8467,2.2529,3.516,1.8580999999999996,0.2684999999999999,-1.0894000000000004,0.0097478364119222,-0.0048895119330634,9.0,1.6094379124341005,9.16701524723781,0.6931471805599453
2016-12-21,-0.18190080225983,1.4626820016976,1.56546772749255,0.102785725794947,5.6633,0.8487,2.258,3.5239,1.7304999999999997,0.2502999999999997,-1.1614999999999998,0.0095286022116124,0.0110745067205186,14.0,-0.2876820724517809,0.0063309563976405,0.6931471805599453
2016-12-22,-0.17398769163508,1.43629263153331,1.45837134699688,0.02207871546357,5.6377,0.8448,2.2478,3.508,1.3273,0.1928999999999998,-1.2502,0.0098252485510739,0.0006781278483494,8.0,0.5108256237659907,0.4553823606915534,-0.3566749439387324
2016-12-23,-0.16651760353937,1.43931477802024,1.47591413796744,0.0365993599471999,5.6377,0.8448,2.2478,3.508,1.1410999999999998,0.2660999999999998,-1.2519999999999998,0.0094677698852053,-0.0094096544196666,11.0,-0.2231435513142097,-0.7433835387767788,-1.6094379124341005
2016-12-26,-0.1684359517781,1.43501777911332,1.5730531932363,0.138035414122975,5.6505,0.8467,2.2529,3.516,1.6332390095825682,0.2515,-1.2443999999999995,0.0096249107880097,0.0039836891905302,6.0,0.4054651081081644,1.5952608661061976,2.302585092994046
2016-12-27,-0.17681878765966,1.36654771027102,1.3260109543819,-0.0405367558891199,5.6249,0.8429,2.2427,3.5,1.8397,0.2909999999999999,-1.2289000000000003,0.00936295983298,-0.0025347791985765,6.0,-1.0986122886681098,-1.8836862734257729,-1.6094379124341005
2016-12-28,-0.18614168093501,1.35989587214982,1.29774676318882,-0.0621491089609991,5.5992,0.8391,2.2325,3.4841,2.0588,0.2255000000000002,-1.2827000000000002,0.0090836325908279,-0.0039982361486217,8.0,0.2876820724517808,0.0682486100378399,-0.6931471805599453
2016-12-29,-0.20263000845735,1.35586419773726,1.20878701993237,-0.147077177804885,5.6121,0.841,2.2376,3.492,1.9227,0.3450999999999999,-1.3180999999999998,0.0088866217121896,-0.0019808237158134,22.0,-0.251314428280906,-0.7832951970815134,-1.845826690498331
2016-12-30,-0.20093377836331,1.35177644478518,1.19520599866549,-0.156570446119687,5.6505,0.8467,2.2529,3.516,0.6211000000000002,0.3579999999999996,-1.3182,0.008637017431727,0.0024325248781895,11.0,-2.079441541679836,-10.228429281911374,-2.772588722239781
2017-01-03,-0.18877554090214,1.34314112587446,1.16410982753039,-0.179031298344072,5.6761,0.8506,2.336,-6.2671,0.7944,0.3902000000000001,-1.1986000000000003,0.0084162935907965,0.0103481008004404,8.0,-0.5108256237659907,-1.0367451199551074,-1.791759469228055
2017-01-04,-0.1870010232653,1.33570849499337,1.13883723832565,-0.196871256667718,5.6761,0.8506,2.336,-6.2671,1.5976000000000004,0.5136000000000003,-1.1108999999999996,0.0087996103284855,0.0072674621167898,10.0,0.9162907318741552,0.9932869786995264,-1.0986122886681098
2017-01-05,-0.18036721605316,1.33265505033857,1.12202597742984,-0.210629072908729,5.6889,0.8525,2.3413,-6.2813,1.949,0.5377000000000001,-1.0985999999999998,0.0088257287443913,0.0020925642097768,12.0,0.0,-0.1504067930932888,-0.916290731874155
2017-01-06,-0.17940713161353,1.32986468516814,1.10579877368908,-0.224065911479052,5.6889,0.8525,2.3413,-6.2813,1.5310999999999997,0.5065,-1.1038,0.0085783995024446,-0.0035096145085571,10.0,0.0,-0.2736221494422073,-0.6931471805599453
2017-01-09,-0.19406268100206,1.33993950256619,1.14689635310882,-0.193043149457369,5.7146,0.8563,2.3518,-6.3096,1.7452999999999994,0.5026999999999999,-1.1051000000000002,0.0084107019086621,0.0053482214402968,10.0,-0.5596157879354228,-0.939792804276624,-1.791759469228055
2017-01-10,-0.21661192084967,1.34895383253607,1.17819794705738,-0.170755885478691,5.7146,0.8563,2.3518,-6.3096,1.6982999999999997,0.5261,-1.0893000000000006,0.0083445735566698,-0.0030207001359201,11.0,1.252762968495368,1.9887677045084104,1.0986122886681098
2017-01-11,-0.238421980642,1.35109384327016,1.17861253632887,-0.172481306941286,5.7274,0.8583,2.3571,-6.3237,1.5956999999999997,0.5471999999999997,-1.0734000000000004,0.0081808177029509,-0.0079124323279682,9.0,0.6931471805599453,-0.2646497023751105,-1.0986122886681098
2017-01-12,-0.24880205918527,1.35665166674649,1.18918127210519,-0.167470394641296,5.7274,0.8583,2.3571,-6.3237,1.3292000000000002,0.5455999999999999,-1.0761999999999996,0.0083677524083193,-0.0055833848596211,6.0,0.6931471805599453,1.2728070903944844,1.791759469228055
2017-01-13,-0.24429840139355,1.35641406138282,1.18502522676791,-0.171388834614911,5.753,0.8621,2.3676,-6.352,1.6749,0.6132,-1.0481000000000005,0.0083389447746078,-0.0020937570278718,10.0,0.0,-0.3987243318572568,-1.0986122886681098
2017-01-16,-0.23251157460055,1.3760752873428,1.38661386154082,0.0105385741980244,5.8299,0.8736,2.3993,-6.4369,1.7698,0.6964000000000001,-1.0060000000000002,0.0081452469533237,-0.0030038989850158,36.0,0.2876820724517808,-0.5496916987025625,-2.2553322081435
2017-01-17,-0.22410142911104,1.37585634432583,1.39701508920582,0.0211587448799855,5.8042,0.8698,2.3887,-6.4086,1.7369000000000003,0.6389,-0.9959000000000002,0.0080014238293404,0.0017213222634246,11.0,0.3364722366212129,0.7987355136579494,0.9555114450274363
2017-01-18,-0.2050314333167799,1.38191325501576,1.43202618934649,0.0501129343307325,5.8042,0.8698,2.3887,-6.4086,1.7721999999999998,0.6188000000000002,-1.0064000000000002,0.0078262853965561,0.0013622133716282,14.0,-0.2231435513142097,-0.4179197977418057,-0.6931471805599453
2017-01-19,-0.18912146260289,1.38026100016122,1.43999616877897,0.0597351686177447,5.8042,0.8698,2.3887,-6.4086,1.8456063747810851,0.6236000000000002,-1.0435,0.007662239686117,-0.0037697221553969,15.0,0.4054651081081644,0.341557700907603,-0.2231435513142097
2017-01-20,-0.1865701383398,1.38358666329143,1.45847966568295,0.0748930023915229,5.7914,0.8679,2.3835,-6.3945,2.0089,0.633,-1.0588000000000002,0.0076054218656428,0.007017433308059,7.0,0.5108256237659907,-0.1386545603998151,-0.916290731874155
2017-01-23,-0.19426902026215,1.38506614354584,1.4391097160301,0.0540435724842534,5.8042,0.8698,2.3887,-6.4086,1.5451000000000006,0.6594000000000002,-1.0615,0.0077654993122324,0.0043565845220037,7.0,-0.6931471805599453,-1.3922955793708405,-1.791759469228055
2017-01-24,-0.20408348648068,1.38900909797765,1.49516754325185,0.106158445274208,5.8299,0.8736,2.3993,-6.4369,2.0642,0.6905999999999999,-1.0261999999999998,0.007714320078256,0.001840484057892,15.0,-2.302585092994045,-10.5529179276508,-1.9459101490553132
2017-01-25,-0.22180620828254,1.39408263801441,1.51652704640276,0.122444408388348,5.8427,0.8755,2.4045,-6.451,1.9202,0.7321999999999997,-1.0162,0.0075709639247351,0.0022254554084657,8.0,-1.791759469228055,-10.581800244137618,-2.639057329615259
2017-01-26,-0.23775926748898,1.39728572885115,1.53457683203971,0.13729110318856,5.8939,0.8832,2.4256,-6.5076,1.7098000000000004,0.7455999999999996,-1.0207000000000006,0.0074523659033893,0.0030469909489152,5.0,-0.6931471805599453,-0.8556661100577202,-0.2231435513142097
2017-02-03,-0.25005890803133,1.39836746759013,1.51098171213831,0.112614244548185,5.8427,0.8755,2.4045,-6.451,1.5027000000000004,0.758,-0.9829,0.0073743946342713,-0.0060311301320794,6.0,-1.3862943611198906,-9.435641593844192,-1.0986122886681098
2017-02-06,-0.2664027980716,1.40314701364429,1.52296460137723,0.119817587732937,5.8427,0.8755,2.4045,-6.451,0.9202,0.7810000000000001,-0.9939999999999998,0.0075039024720205,0.0053401395267496,6.0,-0.4054651081081644,-0.6765099641256361,0.0
2017-02-07,-0.27289884348362,1.40077121058618,1.5132329400182,0.112461729432021,5.8299,0.8736,2.3993,-6.4369,1.6915,0.7853000000000003,-1.0540000000000005,0.0075447917503871,-0.0012348514381592,15.0,0.3364722366212129,-0.0501320198484581,-1.3862943611198906
2017-02-08,-0.27035904994389,1.40349595618673,1.52041409392639,0.116918137739659,5.8427,0.8755,2.4045,-6.451,1.7886999999999995,0.7578,-1.0777000000000003,0.0074119144730494,0.0043967941058742,15.0,-0.1541506798272583,-0.2803845069497703,-0.4054651081081644
2017-02-09,-0.26482490961203,1.40652000657557,1.53407484806493,0.127554841489356,5.8555,0.8775,2.4098,-6.4652,1.8698000000000008,0.6899000000000002,-1.1004999999999998,0.0074042126404237,0.0051014878579049,7.0,0.0,0.2349633943129504,0.0
2017-02-10,-0.25770377761795,1.40373829830103,1.52621753742408,0.122479239123051,5.8811,0.8813,2.4204,-6.4935,2.0409,0.7544999999999997,-1.0769000000000002,0.0074413055720291,0.0042382062445014,10.0,0.5108256237659907,1.06727661967863,0.9808292530117262
2017-02-13,-0.24751486633036,1.40516024362341,1.5313201984561,0.126159954832697,5.9196,0.8871,2.4362,-6.5359,1.7920999999999996,0.7399,-1.0875000000000004,0.0074211656050227,0.0062806098439853,4.0,0.6931471805599453,7.873978379604501,0.0
2017-02-14,-0.25312183228343,1.38736775586387,1.52882302144147,0.141455265577604,5.9196,0.8871,2.4362,-6.5359,2.1047,0.7399,-1.1084999999999998,0.0075435895492186,0.0003383494515709,5.0,0.0,-0.0193376191501581,-0.1541506798272583
2017-02-15,-0.25729898854006,1.38695673635803,1.54882353543353,0.161866799075493,5.9964,0.8986,2.4678,-6.6208,2.1766,0.7061999999999999,-1.1136,0.0073985622890089,-0.0015370447197948,21.0,0.2513144282809061,0.1576715704946333,-0.251314428280906
2017-02-16,-0.26742599804962,1.38516145119767,1.55153500585006,0.166373554652389,5.9964,0.8986,2.4678,-6.6208,1.8877,0.6520000000000001,-1.1624,0.0072873265684203,0.0051633583856798,15.0,-0.3364722366212129,-0.0278401692931665,-1.466337068793427
2017-02-17,-0.27640661090528,1.384801827642,1.55509310447025,0.170291276828247,5.9452,0.8909,2.4467,-6.5642,2.2036999999999995,0.6392000000000002,-1.1848,0.0073432803562344,-0.0085647633009369,10.0,-0.5108256237659907,-0.9839776719590376,-1.0986122886681098
2017-02-20,-0.28113542124258,1.38397499714021,1.54454113226612,0.160566135125904,5.9836,0.8967,2.4626,-6.6067,1.9557,0.6405000000000003,-1.2240000000000002,0.0077245879730303,0.0117621607490558,14.0,-0.5108256237659907,-1.0421948900528804,-2.5649493574615367
2017-02-21,-0.27882199400878,1.38206689406867,1.54097480326756,0.158907909198889,5.9964,0.8986,2.4678,-6.6208,1.8928,0.6479999999999997,-1.2264000000000004,0.0084082134747902,0.0041163801542047,5.0,-1.0986122886681098,-9.039789270781144,-1.0986122886681098
2017-02-22,-0.26875627939707,1.38022419797792,1.53797301130057,0.157748813322644,6.0221,0.9024,2.4784,-6.6491,2.5327,0.6328,-1.2541000000000002,0.0082741223986983,0.0024231024429735,5.0,-0.916290731874155,-1.3429405867888646,-1.6094379124341005
2017-02-23,-0.2589897567125,1.38155172313927,1.55064971212044,0.169097988981172,6.0349,0.9043,2.4836,-6.6633,2.3939,0.6275999999999997,-1.2378999999999998,0.0080888276237895,-0.0030228840927204,9.0,-0.8472978603872037,-1.0350246383321613,-0.2231435513142097
2017-02-24,-0.25753567180899,1.38382260461535,1.55769398875075,0.173871384135396,6.0221,0.9024,2.4784,-6.6491,2.0022,0.6281999999999996,-1.1869000000000005,0.0079516483161521,0.000632670530333,9.0,-0.6931471805599453,-1.206129567747819,-2.9444389791664407
2017-02-27,-0.25402062182521,1.38518206167825,1.56981159049434,0.184629528816097,6.0093,0.9005,2.4731,-6.635,1.9944,0.6454,-1.2006,0.0077668457242645,-0.0076434019030973,14.0,1.0986122886681098,1.5790652456425844,0.4700036292457356
2017-02-28,-0.26641008063372,1.38499477577028,1.5679808722234,0.182986096453118,6.0093,0.9005,2.4731,-6.635,1.9671296603957973,0.6522999999999999,-1.1937000000000002,0.0079864980824957,0.0040408417795223,8.0,0.8472978603872037,1.0704973667135982,0.6931471805599453
2017-03-01,-0.26523030557011,1.38760295115344,1.59770543066318,0.210102479509743,5.9964,0.8986,2.4678,-6.6208,1.945,0.6840000000000002,-1.1858999999999995,0.0078941246427439,0.0016029182678209,13.0,-1.3862943611198906,-2.476506528454046,-4.02535169073515
2017-03-02,-0.25189350680567,1.38823433361218,1.60472643851565,0.216492104903479,5.9836,0.8967,2.4626,-6.6067,2.3447000000000005,0.7307000000000001,-1.1630000000000005,0.0077274536283242,-0.0052201755803693,8.0,-1.791759469228055,-10.251252923844916,-3.80666248977032
2017-03-03,-0.23291636367845,1.39009353010623,1.62418317920579,0.234089649099562,5.958,0.8928,2.452,-6.5784,1.9557999999999995,0.7151000000000001,-1.1347999999999998,0.007750299468953,-0.0036339005309073,6.0,0.0,0.1016270132482289,-0.2231435513142097
2017-03-06,-0.22102758101576,1.39003168476744,1.61897921934108,0.228947534573634,5.9452,0.8909,2.4467,-6.5642,2.3013,0.6675,-1.1206,0.0076767652559038,0.0048212964163063,11.0,-0.6931471805599453,-1.5847164446032544,-1.7047480922384253
2017-03-07,-0.20937001970042,1.38239064524061,1.58347686505144,0.201086219810826,5.9964,0.8986,2.4678,-6.6208,2.0084000000000004,0.6735000000000002,-1.1346999999999996,0.0076628570142506,0.0026375065627295,12.0,-2.079441541679836,-10.044596413496008,-1.9459101490553132
2017-03-08,-0.21564576760828,1.38606008393847,1.61289614124355,0.226836057305075,6.0093,0.9005,2.4731,-6.635,1.7814,0.6898,-1.0739000000000003,0.0075471424740326,-0.0005373071091661,9.0,0.0,0.2450902990389156,1.3862943611198906
2017-03-09,-0.21807328831531,1.38676176994758,1.61681321891273,0.230051448965149,6.0221,0.9024,2.4784,-6.6491,2.1972,0.7014999999999998,-1.0964,0.0074044588660923,-0.0074082358969533,28.0,-0.9444616088408514,-1.1535720369965765,-0.3566749439387324
2017-03-10,-0.21728373720534,1.3831429671329,1.53579309245483,0.152650125321932,6.0349,0.9043,2.4836,-6.6633,2.1657463461538464,0.6951999999999998,-1.1231000000000004,0.0076541465921303,-0.0012397844047402,10.0,0.2231435513142097,0.606546865714997,1.0986122886681098
2017-03-13,-0.22233904907774,1.38932008821516,1.62802477040031,0.238704682185149,6.0605,0.9082,2.4942,-6.6915,1.9917,0.6465000000000001,-1.1908,0.0075100235285163,0.0075241008349848,14.0,-2.5649493574615367,-10.729240697644094,-3.871201010907891
2017-03-14,-0.23407611169624,1.39120720614807,1.64127286364352,0.250065657495453,6.0989,0.9139,2.51,-6.734,1.9365999999999997,0.6406000000000001,-1.206,0.0077303088533459,0.0007113263843567,18.0,-1.2992829841302609,-1.7753166192296708,-1.252762968495368
2017-03-15,-0.23653397641211,1.39388596265182,1.66673937899115,0.272853416339333,6.0861,0.912,2.5047,-6.7198,2.2716,0.5858999999999996,-1.2188000000000003,0.0075682173276057,0.0007504605096411,20.0,-0.9808292530117262,-1.6712269386317349,-1.6486586255873816
2017-03-16,-0.23370227350735,1.39354922883979,1.668151962659,0.27460273381921,6.0221,0.9024,2.4784,-6.6491,1.6205999999999996,0.5082999999999998,-1.2624999999999995,0.0074229663525297,0.0083480664985149,18.0,0.8472978603872037,1.159479474066394,0.6931471805599453
2017-03-17,-0.2294019205748499,1.39352312397763,1.66917772056128,0.275654596583658,6.0093,0.9005,2.4731,-6.635,2.0573,0.4921999999999999,-1.2608,0.0077395166554947,-0.0096792790280719,20.0,-0.1541506798272583,-0.3203318705823838,-0.6931471805599453
2017-03-20,-0.23637558068597,1.39142816070571,1.63930448656993,0.247876325864227,6.0349,0.9043,2.4836,-6.6633,2.4098999999999995,0.4641999999999999,-1.2599,0.0081847811819195,0.0041185552259221,9.0,0.2231435513142097,0.4021373180154897,0.3677247801253173
2017-03-21,-0.24702936218896,1.39059601994851,1.62873917267131,0.238143152722802,6.0349,0.9043,2.4836,-6.6633,2.5239,0.4937,-1.2921000000000005,0.0080746711105133,0.0033175414259591,9.0,-1.6094379124341005,-9.499496357683965,-1.6094379124341005
2017-03-22,-0.24988716094131,1.39136021567885,1.60784513143695,0.216484915758096,5.9708,0.8947,2.4573,-6.5925,2.0437000000000003,0.4464000000000001,-1.2808000000000002,0.0079403987633533,-0.0050381009366713,18.0,0.4054651081081644,0.5520254146584972,0.5596157879354227
2017-03-23,-0.24966747031732,1.39166568204288,1.60501759545073,0.213351913407849,5.9836,0.8967,2.4626,-6.6067,2.3941000000000003,0.4394,-1.2950999999999997,0.0079253817289074,0.0010255061853854,18.0,0.5877866649021191,-0.2944973293898181,0.8109302162163288
2017-03-24,-0.24857205159828,1.39333823936987,1.59063305644069,0.197294817070818,6.0093,0.9005,2.4731,-6.635,2.3766000000000003,0.3952,-1.3248000000000002,0.0077467324798227,0.006411687295456,14.0,0.8472978603872037,1.4489304250393786,2.19722457733622
2017-03-27,-0.23437773114409,1.39605002196393,1.59415754980064,0.198107527836713,6.0861,0.912,2.5047,-6.7198,2.0269000000000004,0.3874999999999997,-1.3599000000000006,0.0078367277451561,-0.000761856681402,12.0,-0.8472978603872037,-1.1365565833607496,-1.3862943611198906
2017-03-28,-0.23361731028261,1.39819690153594,1.60058139636628,0.202384494830336,6.0861,0.912,2.5047,-6.7198,1.9479023767164796,0.4300000000000001,-1.3415999999999997,0.0076668997010352,-0.004296788260758,15.0,-0.2876820724517809,-0.5226515018276877,-0.8266785731844679
2017-03-29,-0.23284899997883,1.39602461429847,1.57051399895384,0.174489384655371,6.1246,0.9178,2.5206,-6.7623,1.8003,0.4375,-1.3449,0.0076383318952905,-0.003582704826611,16.0,-0.4700036292457356,-0.9301447762077965,-0.8472978603872037
2017-03-30,-0.22555490713438,1.39223087362105,1.53869452409171,0.146463650470654,6.163,0.9235,2.5364,-6.8047,1.6557999999999995,0.4591000000000003,-1.3196999999999997,0.0075748391304932,-0.0096341915092565,44.0,0.0,-1.032791108346793,-1.029619417181158
2017-03-31,-0.22530608626191,1.38715933684324,1.52065588674641,0.133496549903168,6.1995,0.9158,2.5522,-6.8472,1.651808549872488,0.4453,-1.3269000000000002,0.0080425801977445,0.0038171272963314,21.0,-0.6931471805599453,-0.8801693319271853,0.9162907318741552
2017-04-05,-0.2259511998898,1.38925661860553,1.58929637300455,0.20003975439902,6.2123,0.9176,2.5575,-6.8613,1.6283,0.4184000000000001,-1.3040000000000005,0.007933364787636,0.014721512705405,34.0,-0.6931471805599453,-0.8334790425918609,-0.4054651081081644
2017-04-06,-0.2109758246481199,1.38563798711633,1.5635906766676,0.177952689551267,6.1867,0.9139,2.5469,-6.833,1.6627999999999998,0.4159000000000001,-1.314,0.0090186230287137,0.0032663114244524,10.0,-0.2876820724517809,-0.4272620808684644,-1.791759469228055
2017-04-07,-0.1958687564080899,1.38726316677348,1.55554722703446,0.168284060260978,6.2251,0.9195,2.5627,-6.8755,2.1665,0.3980000000000001,-1.3295999999999997,0.0087872950246706,0.0017087775380755,17.0,-1.5040773967762742,-1.8590337199293003,-2.19722457733622
2017-04-10,-0.19089658711991,1.38701173094219,1.5459729709062,0.158961239964013,6.1867,0.9139,2.5469,-6.833,2.0467,0.4101000000000003,-1.2903000000000002,0.0085356480393314,-0.005254245585947,19.0,-0.1541506798272583,0.0851535064416637,1.252762968495368
2017-04-11,-0.19460644564043,1.38659671202192,1.5466160105848,0.160019298562873,6.1483,0.9082,2.5311,-6.7906,1.9878,0.4093999999999997,-1.3034999999999997,0.0084658261874653,0.0059689200306465,16.0,-0.3364722366212129,-1.0142808449992369,-1.029619417181158
2017-04-12,-0.21880397204812,1.38629279542386,1.56242909610608,0.176136300682221,6.2123,0.9176,2.5575,-6.8613,1.5700000000000005,0.4300999999999999,-1.2712,0.0084342723880158,-0.0046125545563935,24.0,-0.3566749439387324,-0.5982752593600147,-0.5465437063680699
2017-04-13,-0.24616273729655,1.38600358554959,1.57168571862722,0.185682133077633,6.1611,0.9101,2.5364,-6.8047,1.5467000000000004,0.4266999999999998,-1.2526000000000002,0.0083370589382558,0.0006504635858615,16.0,-0.6931471805599453,-0.8015885674274121,0.0
2017-04-14,-0.2488141967887999,1.39069207316222,1.57472139885489,0.184029325692671,6.1611,0.9101,2.5364,-6.8047,1.7108999999999996,0.3962000000000003,-1.2486000000000002,0.0081148146372888,-0.0091669994252576,14.0,0.0,0.1020513032273071,-0.6931471805599453
2017-04-17,-0.23755353510906,1.39151099032748,1.56698346459003,0.175472474262545,6.1867,0.9139,2.5469,-6.833,1.7971000000000004,0.4716,-1.2529999999999997,0.0084408534926845,-0.0073898403776144,37.0,0.5877866649021191,0.0046944078773846,2.0243817644968085
2017-04-18,-0.21979622113712,1.387042086603,1.53877454835749,0.151732461754491,6.1355,0.9063,2.5258,-6.7764,1.5376,0.4620000000000002,-1.2673,0.008544566932541,-0.007931019443955,25.0,0.7884573603642703,0.6507914559054568,0.0800427076735363
2017-04-19,-0.20645153293039,1.35371426230839,1.42559915945586,0.0718848971474673,6.0714,0.8968,2.4995,-6.7057,1.6378,0.3752999999999997,-1.2722000000000002,0.0086834898756357,-0.0081749991983031,30.0,0.6931471805599453,1.0787481809995196,3.7612001156935615
2017-04-20,-0.18573567809676,1.35290931909711,1.43099484721695,0.0780855281198327,6.0586,0.8949,2.4942,-6.6915,1.8281,0.4201000000000001,-1.2847000000000004,0.008826575673765,0.0004457346662913,25.0,0.6931471805599453,0.7664484021302607,0.8873031950009027
2017-04-21,-0.17306523376641,1.34969412180689,1.40901111453875,0.0593169927318604,6.1611,0.9101,2.5364,-6.8047,1.5827999999999998,0.407,-1.2760000000000002,0.0085572624325723,0.0003312398285899,32.0,0.8266785731844679,0.9318318584278388,1.3217558399823195
2017-04-24,-0.1541876189881799,1.34791866714095,1.38187024331514,0.0339515761741893,6.1739,0.912,2.5416,-6.8189,1.3441,0.4455999999999998,-1.2971999999999997,0.0083126959962469,-0.0138419465533914,38.0,0.2876820724517808,0.4581414039152827,0.9694005571881036
2017-04-25,-0.14318124010249,1.34858017487605,1.38203845010504,0.0334582752289889,6.1611,0.9101,2.5364,-6.8047,1.6540999999999997,0.3891999999999997,-1.3799000000000006,0.0092187990005447,0.0016079571560698,21.0,0.8109302162163288,0.4191093614758844,0.4260843953109001
2017-04-26,-0.13769625706496,1.34769133462384,1.38065450529843,0.0329631706745939,6.2379,0.9214,2.568,-6.8896,1.699138594086548,0.3735000000000004,-1.3648999999999996,0.0089254579308396,0.0020013664742286,33.0,-0.6286086594223742,-1.0651732271245808,-1.4307461236907244
2017-04-27,-0.14199843063799,1.3591553346035,1.46903039922169,0.109875064618186,6.2507,0.9233,2.5733,-6.9038,1.7314000000000005,0.3652999999999999,-1.3438,0.0086667086831721,0.0036039253160584,11.0,0.1823215567939546,0.3926840919345319,0.6931471805599453
2017-04-28,-0.15183717206359,1.36050586949742,1.46545129948439,0.104945429986966,6.2507,0.9233,2.5733,-6.9038,1.6546999999999996,0.3961000000000001,-1.3216,0.0084830937221226,0.0007837516250823,15.0,-0.4054651081081644,0.3839223686571141,1.575536360758419
2017-05-02,-0.15785863717738,1.35995982936877,1.45585358422477,0.0958937548559973,6.1513,0.8825,2.5416,-6.8189,2.1786,0.3607,-1.3069999999999995,0.0082478754287779,-0.0034759184208379,20.0,0.3566749439387324,0.3312376342136631,2.929287174145838
2017-05-03,-0.15758250669696,1.35856498129322,1.46754298416052,0.108978002867295,6.1385,0.8806,2.5364,-6.8047,1.6328,0.3890000000000002,-1.3188,0.0081130378543886,-0.0026647643061679,16.0,0.0,0.4551425143180023,1.1592369104845446
2017-05-04,-0.17411695711273,1.3596439948618,1.42356790011165,0.0639239052498528,6.1385,0.8806,2.5364,-6.8047,1.7094000000000005,0.3931,-1.3047,0.0079599578964701,-0.0025475547574949,30.0,0.2006706954621512,-0.0642033916245173,0.0
2017-05-05,-0.18752536773802,1.35914594865616,1.43199349870381,0.0728475500476518,6.2023,0.8898,2.5627,-6.8755,2.598,0.3827000000000002,-1.2883,0.0078186699914492,-0.0078104129119402,74.0,0.8472978603872037,0.6368428708557053,-0.0339015516756813
2017-05-08,-0.19316389146028,1.3594279154695,1.41437613183529,0.0549482163657906,6.2534,0.8971,2.5838,-6.932,1.9443,0.4392,-1.2787000000000002,0.0080471955458161,-0.0079024287502438,51.0,0.496436886313891,0.7493450354267153,0.6359887667199967
2017-05-09,-0.19043657194593,1.36035984807611,1.40266907473068,0.0423092266545773,6.2151,0.8916,2.568,-6.8896,1.8955,0.4600999999999997,-1.2897000000000003,0.0082519687698284,0.0006215153816153,44.0,0.0,-0.2053064531385187,-0.3483066942682157
2017-05-10,-0.18340222381713,1.35962796425952,1.40016830475061,0.0405403404910902,6.2534,0.8971,2.5838,-6.932,1.4819999999999998,0.5238999999999998,-1.3272999999999997,0.0080377302949808,-0.0090463650452594,67.0,-0.2762533766281582,-0.1106842418494811,-0.1823215567939546
2017-05-11,-0.17490954262358,1.35974355095506,1.33828353180771,-0.0214600191473493,6.2917,0.9026,2.5997,-6.9745,1.8512,0.4365000000000001,-1.3935999999999995,0.0083623843401587,0.002850801189302,121.0,0.0674412807955324,-0.2179715947421183,-0.2087548138621101
2017-05-12,-0.16705651313633,1.36338019823361,1.37866949416072,0.0152892959271171,6.4576,0.9264,2.6682,-7.1584,1.7725,0.4011,-1.3803999999999998,0.0081814291667717,0.0071645063628835,127.0,0.3136575588550416,0.1660053140439526,0.2040953563435152
2017-05-15,-0.15929937071701,1.3636318714962,1.38714106681924,0.0235091953230413,6.5086,0.9337,2.6893,-7.215,1.3793000000000002,0.3561999999999998,-1.4025000000000003,0.008277070179573,0.0021755695460097,36.0,-0.2411620568168881,0.169008106799655,-0.8754687373538999
2017-05-16,-0.15988136880652,1.35773399035136,1.34714772497755,-0.0105862653738142,6.381,0.9154,2.6366,-7.0735,1.5082,0.3401999999999998,-1.3904,0.0080848405711985,0.0073302253967852,41.0,0.6931471805599453,0.7894538764881428,0.6359887667199967
2017-05-17,-0.17009941034259,1.35822110532803,1.34826208814424,-0.00995901718379,6.33,0.9081,2.6155,-7.0169,1.9249000000000005,0.2757,-1.3656,0.008207508897505,-0.0027415632015674,28.0,0.1053605156578263,0.2750540851742213,1.3862943611198906
2017-05-18,-0.17902054894093,1.3562281333314,1.34389075309518,-0.0123373802362197,6.381,0.9154,2.6366,-7.0735,1.637,0.2260999999999997,-1.3924000000000003,0.0080474368767885,-0.0046177543144771,48.0,0.3794896217049037,0.6440502153467826,3.4339872044851463
2017-05-19,-0.19869014234984,1.36132002386872,1.31759223404454,-0.0437277898241806,6.3555,0.9118,2.626,-7.0452,1.9664,0.2538,-1.3773999999999995,0.0079938012689257,0.0001591711094235,26.0,0.8754687373538999,0.9611567737796912,1.0986122886681098
2017-05-22,-0.21490112563139,1.36034310039595,1.32353331196033,-0.0368097884356231,6.4193,0.9209,2.6524,-7.116,1.577,0.2831999999999999,-1.3677,0.0078032143864171,-0.0048506603826687,43.0,0.7375989431307791,1.1548541586368335,2.178532444324067
2017-05-23,-0.21929493811112,1.35401248744705,1.39576665846037,0.0417541710133216,6.5086,0.9337,2.6893,-7.215,1.6126,0.2832999999999996,-1.3798,0.0077923590754484,-0.0044735963061466,105.0,1.0473189942805592,1.1110809825698449,1.3480731482996928
2017-05-24,-0.2161124584642,1.35626491873638,1.42248734396581,0.0662224252294308,6.5214,0.9356,2.6946,-7.2291,2.0308,0.2467999999999999,-1.3750999999999998,0.0077595444269806,0.000695034974715,75.0,0.5725191927713306,0.8940304858785841,1.8055527913603908
2017-05-25,-0.20157464382997,1.38594289550925,1.54595373813885,0.1600108426296,6.5852,0.9447,2.7209,-7.2999,1.4722,0.2529000000000003,-1.3943999999999996,0.0075943766497897,0.0141790642873829,135.0,0.2984929885559965,0.4299886965311263,0.7621400520468967
2017-05-26,-0.18492185177973,1.38308892434577,1.54501427465947,0.1619253503137,6.6745,0.9575,2.7578,-7.3989,1.503,0.2511000000000001,-1.394,0.0086689004178911,0.0007165132117012,58.0,0.328504066972036,0.2624613537455056,0.3364722366212129
2017-05-31,-0.1779621499126699,1.38755652072798,1.55613933507781,0.168582814349825,6.7001,0.9612,2.7684,-7.4272,1.8846,0.2388999999999996,-1.4213000000000005,0.0084156773381622,0.002286440574867,32.0,0.6931471805599453,0.7915100554530389,0.6567795363890705
2017-06-01,-0.17783652571608,1.39027503898619,1.56280336582567,0.172528326839481,6.7766,0.9722,2.8,-7.5121,1.9063,0.2356000000000002,-1.4188999999999994,0.0082126325024175,-0.0046800939663871,72.0,-0.1278333715098848,-0.0358760708007807,0.1865859555804121
2017-06-02,-0.1874416182736299,1.39028685217082,1.56885314727207,0.178566295101253,6.7639,0.9703,2.7948,-7.4979,2.0251,0.238,-1.4310999999999998,0.0081439669696657,0.0009396660882305,105.0,0.1823215567939546,0.4634424749040922,1.262915339959386
2017-06-05,-0.2093518132951199,1.38074698922822,1.47898458422304,0.0982375949948262,6.5597,0.941,2.7104,-7.2716,2.1865,0.2188000000000003,-1.4262,0.0079428105603307,-0.0044807112780098,156.0,0.496436886313891,0.2962372311351965,0.3953127366441464
2017-06-06,-0.23195142419741,1.37902041183664,1.45677909527187,0.0777586834352206,6.5597,0.941,2.7104,-7.2716,2.0572,0.2355,-1.4095999999999995,0.0078930589641418,0.0033807808551422,26.0,0.1177830356563834,-0.070849601585546,-0.8873031950009028
2017-06-07,-0.22996935354012,1.3786697587831,1.4591551130894,0.0804853543063031,6.5852,0.9447,2.7209,-7.2999,2.239,0.1722000000000001,-1.3893999999999995,0.0077806626608143,0.0122385830200197,37.0,0.7472144018302211,0.8818949264836945,2.2270775404859005
2017-06-08,-0.2200213736827,1.37830249521458,1.45943869524032,0.0811362000257418,6.5852,0.9447,2.7209,-7.2999,1.6371999999999995,0.1564000000000001,-1.3548999999999998,0.0085202274931066,0.00318208608698,35.0,0.4054651081081644,0.4119856300290903,0.2762533766281581
2017-06-09,-0.2050308264365999,1.37333544298078,1.44550417733327,0.0721687343524917,6.5852,0.9447,2.7209,-7.2999,1.8498999999999997,0.0556999999999998,-1.3726000000000005,0.0083349919307418,0.0025573449114872,45.0,0.6418538861723947,0.5682649265293434,0.3746934494414107
2017-06-12,-0.19941779168177,1.3743556426626,1.45507024075121,0.0807145980886044,6.5724,0.9429,2.7157,-7.2857,1.5068,0.0394999999999998,-1.3902000000000003,0.0081475262591089,-0.0058821971185558,44.0,0.5978370007556204,0.3446875717207582,0.3677247801253173
2017-06-13,-0.2022227918587399,1.37638707179604,1.65419612543447,0.27780905363843,6.5724,0.9429,2.7157,-7.2857,1.7114999999999996,-0.0008999999999996,-1.3433000000000002,0.0081662536870009,0.0044064698975834,37.0,0.2876820724517808,0.0924925860067565,0.4626235219481129
2017-06-14,-0.22322023909439,1.36155816889728,1.59518377153828,0.233625602641004,6.5724,0.9429,2.7157,-7.2857,1.8888,-0.1591,-1.3784999999999998,0.0080728998600723,-0.0073416528484795,32.0,0.1670540846631662,0.250560437293077,0.322773392263051
2017-06-15,-0.2421427630056999,1.36282341961157,1.63107383436857,0.268250414756996,6.4448,0.9246,2.6629,-7.1443,1.9719,-0.1230999999999999,-1.3574999999999997,0.0082213287580861,0.0005787174409626,58.0,0.6931471805599453,0.41263055219367,0.2067944133126803
2017-06-16,-0.2422295468709799,1.36994359052486,1.64142957324638,0.271485982721516,6.4321,0.9227,2.6577,-7.1301,2.1581,-0.1246,-1.3467999999999996,0.0080098006872737,-0.0029797393304615,31.0,-0.0953101798043249,-0.1341351839113233,-0.3184537311185346
2017-06-19,-0.22992869256827,1.3711769337147,1.64556091715464,0.27438398343994,6.381,0.9154,2.6366,-7.0735,1.8451000000000004,-0.1886000000000001,-1.3889999999999998,0.0078792218244646,0.0067674974878677,34.0,0.3184537311185346,0.1832383744490481,0.0
2017-06-20,-0.21120340471441,1.37320832478517,1.66764778798863,0.294439463203456,6.4321,0.9227,2.6577,-7.1301,1.4607,-0.1801999999999997,-1.3692000000000002,0.0079809681636037,-0.0013876613113623,48.0,0.2513144282809061,0.072987522013757,-0.6931471805599453
2017-06-21,-0.20073593542569,1.37272351212322,1.67150178790423,0.298778275781006,6.4448,0.9246,2.6629,-7.1443,1.6458999999999997,-0.1076999999999999,-1.2750999999999997,0.0078063976997453,0.0051453798770193,40.0,-0.2076393647782445,-0.1390001401113066,-0.0571584138399486
2017-06-22,-0.18994196460187,1.37586358079537,1.69383095223381,0.317967371438433,6.5086,0.9337,2.6893,-7.215,1.2631,-0.0875999999999996,-1.3085999999999998,0.0077974516127975,-0.0027788931157779,64.0,-0.0540672212702758,-0.2529998960925171,-1.029619417181158
2017-06-23,-0.19655392412765,1.37786216449188,1.70862374185559,0.330761577363707,6.5597,0.941,2.7104,-7.2716,1.2273000000000005,-0.0055999999999998,-1.2847999999999995,0.0076816284964194,0.0033050818164213,45.0,0.0,-0.4178049459955527,-0.5465437063680699
2017-06-26,-0.20484451422234,1.37562393852173,1.69350023490905,0.317876296387324,6.5214,0.9356,2.6946,-7.2291,1.3466,0.0442999999999997,-1.2995,0.0075889559392726,0.0086929516706213,43.0,0.0689928714869514,-0.5157898173564335,-1.8055527913603908
2017-06-27,-0.2186194804743899,1.37502499201758,1.69575382473509,0.320728832717506,6.4959,0.9319,2.684,-7.2008,1.3855999999999995,0.1438999999999999,-1.2965999999999998,0.0079165463980377,0.0018043988179208,27.0,0.0953101798043249,-0.4801945589034886,-1.1915887451262144
2017-06-28,-0.22229231930413,1.37176416799111,1.69788506695109,0.326120898959983,6.4703,0.9282,2.6735,-7.1725,1.3932000000000002,0.2017999999999999,-1.2579999999999996,0.007751705218814,-0.0056550665465575,40.0,-0.0800427076735363,-0.131819022334211,-0.2876820724517809
2017-06-29,-0.22951722780843,1.37148072482491,1.69975497737964,0.328274252554738,6.6107,0.9484,2.7315,-7.3282,2.3711999999999995,0.2194999999999995,-1.2206000000000006,0.0078026731009795,0.004672381863056,50.0,0.3254224004346279,0.4431089779995388,0.5533852381847866
2017-06-30,-0.2296616652905,1.37179250376492,1.69890927209592,0.327116768330995,6.7001,0.9612,2.7684,-7.4272,1.5405000000000002,0.2221999999999999,-1.2209000000000003,0.0077651121193949,0.001368045742911,44.0,-0.1541506798272583,-0.0074791373711886,0.5877866649021191
2017-07-03,-0.2349136063401599,1.3730633784118,1.69318635139846,0.32012297298666,6.6873,0.9594,2.7631,-7.413,1.5898000000000003,0.3008999999999999,-1.2047,0.0076073671100255,0.0010909567004375,29.0,-0.3184537311185346,-0.4211107323866714,0.5108256237659907
2017-07-04,-0.23951315119981,1.37152815320949,1.68989111004881,0.318362956839323,6.7001,0.9612,2.7684,-7.4272,1.2685000000000004,0.2702,-1.2145,0.0074617112751456,-0.0041098300903517,37.0,0.241162056816888,-0.4334807442674602,0.1823215567939546
2017-07-05,-0.23531596789735,1.37055182945973,1.69315320041285,0.322601370953125,6.6745,0.9575,2.7578,-7.3989,1.3077,0.2541000000000002,-1.2376,0.0074465019991967,0.0076152279407839,24.0,-0.7884573603642702,-0.4133644636221731,0.0
2017-07-06,-0.2255621896965,1.36947230471867,1.68892319133784,0.319450886619169,6.6745,0.9575,2.7578,-7.3989,1.8542000000000003,0.2503999999999999,-1.2351,0.0076848695529759,0.0016542523653271,36.0,-0.5596157879354228,-0.7147579621595243,-1.285198244248522
2017-07-07,-0.22859537681994,1.36591098271351,1.68034093336972,0.314429950656207,6.649,0.9539,2.7473,-7.3706,1.3367,0.2481,-1.2278999999999995,0.0075405665135128,0.001714574754418,27.0,0.1335313926245225,0.2442463273819457,0.8754687373538999
2017-07-10,-0.2274325944012699,1.36391771594376,1.67248906775296,0.308571351809198,6.6745,0.9575,2.7578,-7.3989,1.1118,0.2648999999999999,-1.2262000000000004,0.0074125214375411,-0.0016560851729785,40.0,-0.6931471805599453,-0.8000204485331073,-0.8407831793660099
2017-07-11,-0.22584135457781,1.3527998146429,1.68212501657976,0.32932520193686,6.4576,0.9264,2.6682,-7.1584,1.7277000000000005,0.2280999999999999,-1.2387,0.0073026134619576,-0.0029909294117782,73.0,-0.2578291093020998,-0.1565846458191113,-0.251314428280906
2017-07-12,-0.2273603756602299,1.36105425541706,1.71536987240086,0.354315616983795,6.4831,0.9301,2.6788,-7.1867,0.8349000000000002,0.2006000000000001,-1.2574,0.0072498144606119,-0.0017165944796815,67.0,0.3001045924503381,-0.2904636769189538,-0.2336148511815052
2017-07-13,-0.23488933113309,1.36441588069769,1.73646129017163,0.372045409473936,6.5852,0.9447,2.7209,-7.2999,1.2008,0.2042999999999999,-1.2680000000000002,0.0071589631379714,0.0064277781611234,56.0,-0.3184537311185346,-0.3603840995629691,-0.1698990367953974
2017-07-14,-0.2296367832032499,1.35515437495088,1.7049380239548,0.349783649003922,6.598,0.9465,2.7262,-7.314,1.2519999999999998,0.2003999999999997,-1.2291,0.0073297178848894,0.0013208750200881,45.0,0.6061358035703155,0.7733113543294071,0.2384110234449981
2017-07-17,-0.2228864549971699,1.4583534297979,2.10434412632384,0.645990696525944,6.8149,0.9777,2.8159,-7.5545,1.4956999999999998,0.2208000000000001,-1.2227,0.0072164418255284,-0.0143627567498008,129.0,0.1201443118420632,0.3795036134134175,-0.345745873406542
2017-07-18,-0.21376990098192,1.46366868736161,2.1357788758078,0.672110188446192,6.7383,0.9667,2.7842,-7.4696,1.2912000000000003,0.2299000000000002,-1.2175999999999996,0.008455036969373,0.0034891123310796,60.0,0.4248831939652659,0.6577432989925817,0.3677247801253173
2017-07-19,-0.20721984323417,1.46483681330233,2.13807445997105,0.673237646668723,6.7256,0.9648,2.7789,-7.4555,1.7015999999999996,0.189,-1.2102999999999997,0.0082882524363524,0.013526328059461,29.0,0.4054651081081644,0.5053257590729548,0.9162907318741552
2017-07-20,-0.20492340864532,1.46427440707762,2.1343746767875,0.670100269709875,6.7511,0.9685,2.7895,-7.4838,1.9485999999999997,0.2029999999999998,-1.2553999999999998,0.0091135296750479,0.0042893336968248,29.0,0.0,0.5749772622565313,0.3794896217049037
2017-07-21,-0.21127319593473,1.46412870146506,2.13467186899613,0.670543167531067,6.8022,0.9758,2.8106,-7.5404,1.4735999999999998,0.2286999999999999,-1.2697999999999996,0.0089150081128198,-0.0021234507688809,43.0,-0.4595323293784402,-0.9764385889789036,-2.257122718917288
2017-07-24,-0.2128535119150099,1.46416721025368,2.14098264209304,0.676815431839363,6.8787,0.9868,2.8422,-7.6253,1.4427,0.2294,-1.2656,0.0086663134081961,0.0038890526851549,47.0,-0.6931471805599453,-0.6232081586516506,0.1670540846631662
2017-07-25,-0.21273092211931,1.44823415255456,1.90870436912077,0.460470216566213,6.9936,1.0033,2.8897,-7.7526,1.7026000000000003,0.2543000000000002,-1.2357,0.0084948872114359,-0.0021278706111917,116.0,0.5645298027378517,0.795362463866037,1.33500106673234
2017-07-26,-0.23456768463941,1.43919268269352,1.79117631890967,0.351983636216147,7.1467,1.0253,2.953,-7.9223,1.1666000000000003,0.3128000000000002,-1.2173999999999996,0.0082867623128402,0.0012279084574409,156.0,0.2513144282809061,-0.3125965471283785,-1.274502955131774
2017-07-27,-0.25643479116835,1.43791171089737,1.78849328440973,0.350581573512359,7.0574,1.0124,2.916,-7.8233,1.6253000000000002,0.2885,-1.2424999999999995,0.008075143098408,0.0006484384069604,63.0,-0.1910552367627092,-0.3865793905940803,-0.6090640633494039
2017-07-28,-0.2538877150665,1.43530193679581,1.75990322185921,0.324601285063395,7.0829,1.0161,2.9266,-7.8516,1.8615,0.2933000000000003,-1.2365999999999997,0.0078782753711756,0.0010638132340918,51.0,-0.5978370007556204,-0.8648744388952124,-2.9444389791664407
2017-07-31,-0.2402966335080099,1.43438891405599,1.76226513148303,0.327876217427037,7.0319,1.0088,2.9055,-7.795,1.4666999999999994,0.3426,-1.2177000000000002,0.0077047879084256,0.0060640962082256,46.0,-0.7985076962177716,-0.5786261039173605,-0.2076393647782445
2017-08-01,-0.2296173630376,1.43374336833989,1.76304509279319,0.329301724453306,7.0957,1.0179,2.9319,-7.8658,1.4752999999999998,0.3583000000000003,-1.2068,0.0077729868829792,0.0059735163255982,48.0,-0.6505875661411494,-0.6023298455521815,0.2231435513142097
2017-08-02,-0.21589944352216,1.43351311629306,1.76247053385166,0.328957417558601,7.2744,1.0436,3.0057,-8.0638,1.4559000000000002,0.3561999999999998,-1.223,0.0078256971389089,-0.0023052158064764,92.0,-0.1226023220923323,-0.5295321379215883,-0.8823891801984737
2017-08-03,-0.21106139475305,1.43335508898855,1.71628299497327,0.282927905984718,7.2233,1.0362,2.9846,-8.0072,1.6608,0.3586,-1.2329,0.0076904261424739,-0.0036987620701314,75.0,-0.1541506798272583,0.1120418017841092,0.990398704027877
2017-08-04,-0.2175537988839999,1.43466106590555,1.73158844774964,0.296927381844087,7.2361,1.0381,2.9899,-8.0214,1.6225999999999998,0.4019999999999997,-1.2332,0.0076268221580566,-0.0033198758052996,28.0,-0.4700036292457356,-1.2451258074407718,-1.5040773967762742
2017-08-07,-0.22764500246313,1.43178056220848,1.71676239842121,0.284981836212735,7.2233,1.0362,2.9846,-8.0072,1.6272000000000002,0.4423999999999997,-1.1915999999999998,0.0075521749141277,0.0053124333123992,26.0,-0.5389965007326869,-0.4216120575926156,0.1941560144409574
2017-08-08,-0.23587126325909,1.43016319722069,1.70655838838105,0.276395191160354,7.2488,1.0399,2.9951,-8.0355,1.6286999999999998,0.4295999999999997,-1.2105,0.0075851608232624,0.0007364971218244,16.0,-0.6931471805599453,-0.7566367646585882,0.0
2017-08-09,-0.2362147574391299,1.42830853210866,1.68992965002682,0.261621117918152,7.0702,1.0143,2.9213,-7.8375,1.5709,0.4218000000000002,-1.2043999999999997,0.0074380545859648,-0.0019214194460168,49.0,0.5108256237659907,0.6956464142394575,1.4087672169719492
2017-08-10,-0.22508943003881,1.42786765778396,1.69340174260425,0.265534084820292,7.0446,1.0106,2.9108,-7.8092,1.5492999999999997,0.3912,-1.2269999999999994,0.0073323693345035,-0.00422913840187,42.0,0.5877866649021191,0.6653307632386477,0.0
2017-08-11,-0.2145509557693999,1.4277835429703,1.67709214248631,0.249308599516009,7.0829,1.0161,2.9266,-7.8516,1.8368,0.3800999999999996,-1.2481999999999998,0.0073395569927391,-0.0164472670291875,108.0,0.5108256237659907,0.5095474141286452,0.6931471805599453
2017-08-14,-0.2102263276298299,1.4260481980218,1.67814720096639,0.252099002944593,7.0064,1.0051,2.8949,-7.7667,1.6668000000000005,0.3543999999999996,-1.2818999999999998,0.0089185777170284,0.0089418344419449,32.0,-0.0953101798043249,-0.420904051575264,-1.6094379124341005
2017-08-15,-0.21191163388068,1.40887111155962,1.56586798755835,0.156996875998727,7.1595,1.0271,2.9582,-7.9365,2.0733,0.3416999999999999,-1.2808000000000002,0.0090784959242956,0.0042848917640387,44.0,0.2076393647782445,0.2574392944592116,0.6931471805599453
2017-08-16,-0.20746016778416,1.40708856830246,1.56585148279679,0.158762914494328,7.185,1.0308,2.9688,-7.9648,2.1489000000000003,0.3332000000000001,-1.2614999999999994,0.0088832888731281,-0.0014806751091995,38.0,0.1541506798272583,-1.6527216331239176,-1.1526795099383855
2017-08-17,-0.20051138976029,1.40907120536024,1.57078838908173,0.161717183721485,7.1723,1.0289,2.9635,-7.9506,2.6001,0.3151999999999999,-1.2678000000000005,0.0086232169732417,0.0067472248169462,22.0,0.2513144282809061,0.430744798346733,1.5040773967762742
2017-08-18,-0.19346854530901,1.40832597839117,1.57249768978365,0.164171711392482,7.1723,1.0289,2.9635,-7.9506,1.8281999999999996,0.3426999999999998,-1.2638000000000005,0.0086297966562999,9.010036957768364e-05,27.0,-0.1823215567939546,-0.2199474591030318,-0.4054651081081644
2017-08-21,-0.1920672589808799,1.40846995453775,1.5759117545015,0.167441799963755,7.185,1.0308,2.9688,-7.9648,2.1557,0.3567,-1.2630999999999997,0.0083781891513397,0.0055467581815999,17.0,-1.0986122886681098,-1.3189768935466426,-0.4054651081081644
2017-08-22,-0.2164031540688699,1.40793009671004,1.57629666819856,0.168366571488523,7.2616,1.0417,3.0004,-8.0497,1.5255,0.3468,-1.2538999999999998,0.0083284283510649,0.0010096195989,21.0,-0.5108256237659907,-0.69097905119973,-1.6094379124341005
2017-08-23,-0.2330929658098899,1.40969572547289,1.57721436852329,0.167518643050393,7.4658,1.071,3.0848,-8.276,2.1399000000000004,0.3205,-1.2445,0.0081101148388783,-0.0007664416901569,95.0,0.1643030512912763,0.1469930396149357,-0.209720530982069
2017-08-24,-0.23891476734553,1.40637681438278,1.5561077863484,0.149730971965615,7.5551,1.0838,3.1217,-8.375,1.9164,0.3247,-1.2482000000000002,0.0079131961658529,-0.0049375508954447,109.0,0.4578330936254803,-1.0622851585714346,-0.9575336904082042
2017-08-25,-0.24468316342561,1.40509311087651,1.54999299440234,0.144899883525828,7.8614,1.1278,3.2482,-8.7146,1.6275,0.3156999999999996,-1.2386,0.007894888087788,0.018177114984569,158.0,-0.1310282624064041,-0.441117228771536,-0.4744579795951158
2017-08-28,-0.24200864248664,1.41053129919149,1.59436130724608,0.183830008054587,7.721,1.1076,3.1902,-8.559,1.4739000000000004,0.3170999999999999,-1.221,0.0095957562193157,0.0093004832896639,91.0,0.2295744416445001,0.2523231941104865,0.5930637220029628
2017-08-29,-0.23977289591546,1.41128794345332,1.60311834741453,0.191830403961214,7.7593,1.1131,3.2061,-8.6014,2.061,0.3269000000000002,-1.2557999999999998,0.009700364249316,0.0007653825818589,37.0,0.1541506798272583,0.3728158168520102,0.6286086594223741
2017-08-30,-0.23834187245867,1.41102909810099,1.59796090127649,0.186931803175495,7.6189,1.093,3.1481,-8.4458,2.7869,0.2639,-1.2634999999999996,0.0093543129851193,-0.000475415379542,99.0,0.1978257433299198,-0.0937486025159805,-0.1296778233085326
2017-08-31,-0.24185692244245,1.41158753619892,1.59547629305883,0.183888756859911,7.4825,1.0883,3.1111,-8.3468,2.7968,0.2608999999999999,-1.2672999999999996,0.0090386229188815,-0.0008376315241118,81.0,0.3483066942682158,-0.5552654671388377,-0.1823215567939546
2017-09-01,-0.2525507580371,1.41293410270773,1.58248853988792,0.16955443718019,7.343,1.068,3.0531,-8.1911,2.1976,0.2934999999999998,-1.2557999999999998,0.0087546533178278,0.0018754957708164,59.0,-0.0571584138399486,-0.709896209610983,-0.6931471805599453
2017-09-04,-0.28137817331328,1.41141770290637,1.57413136920459,0.162713666298218,7.4572,1.0846,3.1006,-8.3185,2.2759,0.2711999999999999,-1.2707000000000002,0.0085093382565706,0.0036947277171712,37.0,-0.3364722366212129,-0.2801605596094914,0.4700036292457356
2017-09-05,-0.28660341163517,1.4106412347479,1.57902201683679,0.168380782088891,7.546,1.0975,3.1375,-8.4175,1.6715999999999998,0.2898,-1.2433999999999998,0.0083455471845812,0.0013997843767601,46.0,-0.4054651081081644,-1.2107370678538087,-3.5336865647082343
2017-09-06,-0.27262453364372,1.41049931847042,1.57571672908845,0.165217410618032,7.4825,1.0883,3.1111,-8.3468,1.8007999999999993,0.2810000000000001,-1.2600999999999996,0.0081307471050064,0.0003166459638332,33.0,-1.0986122886681098,-1.0893165054566498,-0.587786664902119
2017-09-07,-0.25258352956665,1.40925986992351,1.57307151333586,0.16381164341235,7.4572,1.0846,3.1006,-8.3185,1.9455,0.3001,-1.2992,0.0079269651271835,-0.0058929915200174,33.0,-0.2411620568168881,-0.4602061654432377,-0.9808292530117262
2017-09-08,-0.2363422022762499,1.41160809972616,1.56800713194517,0.156399032219011,7.4825,1.0883,3.1111,-8.3468,1.9449,0.2525999999999997,-1.275,0.0079737525219115,-7.571232884373558e-05,35.0,-1.01160091167848,-1.098748587253087,-1.0986122886681098
2017-09-11,-0.2260428387964899,1.41255258041953,1.56384718076398,0.151294600344452,7.4699,1.0864,3.1059,-8.3326,1.8254,0.2857000000000003,-1.2623000000000002,0.0077854071743265,0.0033155655780348,33.0,-0.5753641449035618,-0.7411627339003815,-1.1221427860783038
2017-09-12,-0.22629044590861,1.41623402633911,1.57556313999692,0.159329113657814,7.5206,1.0938,3.127,-8.3892,1.8248,0.2799,-1.2607,0.0076818912251845,0.0009085975582578,40.0,-0.6931471805599453,-0.8395925944672992,-1.5621850275835547
2017-09-13,-0.22294289485361,1.41763759118499,1.58300284208122,0.165365250896237,7.5206,1.0938,3.127,-8.3892,1.7611000000000003,0.2577000000000002,-1.2207,0.0075264921438014,0.0013776617859715,40.0,-0.1431008436406733,-0.2259759584992456,-0.916290731874155
2017-09-14,-0.21499701269932,1.4209426564197,1.6045898383559,0.183647181936192,7.4572,1.0846,3.1006,-8.3185,1.9658,0.2057999999999999,-1.2581000000000002,0.0073934706319895,-0.0037661988968817,47.0,-0.4054651081081644,-0.7073249692496751,-1.6094379124341005
2017-09-15,-0.20700440077142,1.42361446802595,1.61882420155006,0.195209733524112,7.3177,1.0643,3.0426,-8.1628,2.1986,0.2195,-1.2581000000000002,0.0073674124461987,-0.0052955607409472,71.0,1.0704414117014134,1.149467874367943,0.8938178760220965
2017-09-18,-0.2097948358241499,1.4252745851973,1.62322750813803,0.197952922940733,7.305,1.0624,3.0373,-8.1487,1.7860999999999998,0.2547999999999999,-1.2353000000000005,0.0074408175027122,0.0027512949393599,38.0,0.0800427076735363,-0.0818010004467365,-0.9650808960435872
2017-09-19,-0.21539027105386,1.42515696845574,1.62269126029861,0.197534291842868,7.3304,1.0661,3.0479,-8.177,1.8228000000000004,0.2469000000000001,-1.2598000000000005,0.007352995987216,-0.0017899902234681,51.0,0.6567795363890705,0.2197690086676683,-0.2876820724517809
2017-09-20,-0.2175720052892999,1.42597663498001,1.61877299704479,0.192796362064779,7.343,1.068,3.0531,-8.1911,1.6782,0.2513999999999998,-1.2639000000000005,0.0072528837819649,0.0027224521100155,35.0,0.3677247801253173,0.3895173685644104,1.0360919316867758
2017-09-21,-0.21627813675246,1.42615626796309,1.61483726025411,0.188680992291022,7.546,1.0975,3.1375,-8.4175,1.6390000000000002,0.2597,-1.2491000000000003,0.0071848061582277,-0.0024342169786866,79.0,0.083381608939051,-0.2156788861861442,-0.9067212808580044
2017-09-22,-0.21151716176579,1.43036670059485,1.64386215609669,0.213495455501835,7.584,1.103,3.1533,-8.4599,1.6400437500000002,0.2507999999999999,-1.2416,0.0071233031132013,-0.0015745550160151,49.0,0.1541506798272583,0.2756223856133311,0.965080896043587
2017-09-25,-0.20878195280914,1.42845594229585,1.65126836734974,0.222812425053886,7.7489,1.127,3.2219,-8.6438,1.6566,0.2208000000000001,-1.2616,0.0070427386057558,-0.0032807235544218,87.0,0.2151113796169455,0.2861394758893144,0.4274440148269396
2017-09-26,-0.21367219327346,1.42849104111913,1.64995880525837,0.221467764139239,7.6981,1.1196,3.2008,-8.5873,1.5267000000000004,0.2490999999999998,-1.2406,0.0070333794825795,0.0006084847017895,58.0,0.0,0.081096138115104,1.9459101490553128
2017-09-27,-0.21497455813278,1.42822606828858,1.64375333546283,0.215527267174247,7.6347,1.1104,3.1744,-8.5165,2.2646999999999995,0.2654000000000001,-1.2393,0.0069435194847155,0.0005050491340217,40.0,-0.0800427076735363,-0.1848766085294448,-0.2876820724517809
2017-09-28,-0.21608090069501,1.43087767126748,1.64472722314707,0.213849551879587,7.6728,1.1159,3.1902,-8.559,1.6766,0.2555,-1.2591,0.0068628256236646,-0.0016842704331718,30.0,-0.4054651081081644,-0.2211831009734386,0.9555114450274363
2017-09-29,-0.21219686756376,1.42448164530346,1.62779167407244,0.203310028768988,7.6094,1.1067,3.1639,-8.4882,2.3144,0.2591000000000001,-1.2591,0.0068141660615099,0.0027811579630157,36.0,0.8109302162163288,0.8035750025016615,0.0
2017-10-09,-0.20928323583514,1.42374127970054,1.47232683238838,0.0485855526878427,7.7362,1.1252,3.2166,-8.6297,1.6653000000000002,0.2728999999999999,-1.2189,0.0067986276405364,0.0075662371572171,93.0,0.4446858212614457,0.49861822914783,-0.578077850775158
2017-10-10,-0.20854587642038,1.4234511871237,1.46398548400395,0.0405342968802553,7.7869,1.1325,3.2377,-8.6863,1.5813999999999997,0.2523999999999997,-1.2337000000000002,0.0071317980496403,0.0025482724064715,42.0,-0.5753641449035618,-0.8136549299893278,-2.4849066497880004
2017-10-11,-0.2157556129202699,1.42496966119441,1.46503576340847,0.0400661022140603,7.863,1.1436,3.2693,-8.7712,1.6099,0.2787999999999999,-1.2096999999999998,0.0070711653694998,0.0015642264302684,41.0,-0.0870113769896298,-0.0127863704193778,0.2513144282809061
2017-10-12,-0.22442428936508,1.42405474566957,1.46468033321817,0.0406255875485992,7.8757,1.1454,3.2746,-8.7853,1.7787000000000002,0.3064999999999998,-1.1703,0.0069903045972953,-0.0006447228678254,39.0,-0.0870113769896298,-0.2184409387987082,0.8109302162163288
2017-10-13,-0.2353323536621299,1.42454626347578,1.46152556178421,0.0369792983084309,7.7869,1.1325,3.2377,-8.6863,1.4876999999999998,0.2841999999999998,-1.1728,0.0069078134603319,0.0013054586133449,40.0,0.5465437063680699,0.7012311541351832,1.777773227253315
2017-10-16,-0.24916558041115,1.42463179501563,1.45903919096169,0.0344073959460596,7.8757,1.1454,3.2746,-8.7853,1.3766999999999996,0.3178000000000001,-1.1642,0.0068401263883033,-0.0035612125737802,48.0,-0.916290731874155,-0.3854502866444964,0.9555114450274363
2017-10-17,-0.26072300649732,1.42428684245963,1.45568959937209,0.0314027569124644,7.7996,1.1344,3.243,-8.7004,1.8043,0.3462999999999998,-1.1239999999999997,0.0068696653941536,-0.0019049526322127,46.0,0.1541506798272583,-2.5293589346389105,-4.0401230080554615
2017-10-18,-0.25963001529898,1.42393090601201,1.45517139604905,0.0312404900370438,7.9645,1.1584,3.3115,-8.8843,1.6293000000000002,0.3090000000000001,-1.1514999999999995,0.0068264514275617,0.0028881391523096,80.0,-0.1091992919649919,-0.1780856124622277,-0.9007865453381898
2017-10-19,-0.2511555405107399,1.4238836276005,1.45217727471524,0.0282936471147393,8.0406,1.1694,3.3432,-8.9692,1.2817000000000005,0.3107999999999999,-1.1660999999999997,0.0068137132049156,-0.0034424378976254,133.0,0.1476359988060646,0.0186347130781787,0.0870113769896296
2017-10-20,-0.24046534619714,1.42386808734222,1.45620818530791,0.0323400979656907,7.9137,1.151,3.2904,-8.8278,1.9926,0.3083999999999998,-1.1608000000000005,0.0068402248466815,0.0025118477616352,72.0,0.1335313926245225,0.3527710772194807,-0.3364722366212129
2017-10-23,-0.23037232197748,1.42334426127295,1.45278612228458,0.0294418610116272,7.8503,1.1418,3.2641,-8.757,2.0419,0.2867999999999999,-1.1401,0.00681167286979,0.0006068337762794,41.0,-0.3101549283038396,-0.3191785429852992,-0.5753641449035618
2017-10-24,-0.22232327019314,1.42374144140309,1.44609634882466,0.0223549074215648,7.9011,1.1491,3.2852,-8.8136,1.6023,0.3163999999999998,-1.1605000000000003,0.0067461921904224,0.0022303922497552,58.0,-0.496436886313891,-0.5673914866261643,-0.7884573603642702
2017-10-25,-0.2234781631695099,1.42333552183386,1.44074020051979,0.017404678685923,7.8123,1.1362,3.2482,-8.7146,1.6896999999999998,0.3679000000000001,-1.1061,0.0067192593525317,0.0025496299432923,64.0,0.3022808718729337,-0.2890088419631226,-0.5260930958967791
2017-10-26,-0.2296543827283799,1.42334498226537,1.43530850649561,0.0119635242302361,7.6728,1.1159,3.1902,-8.559,1.2138999999999998,0.3532999999999999,-1.1061,0.0067062380825491,0.0031360612103163,76.0,0.6390799592896695,0.7244898618690858,1.739115735742633
2017-10-27,-0.23293396320358,1.42356359033073,1.4186190001655,-0.0049445901652263,7.8503,1.1418,3.2641,-8.757,1.2422,0.3933,-1.0566000000000004,0.0067184838365361,0.0027094934143345,123.0,-0.293761118528163,-0.242904804361063,0.7537718023763802
2017-10-30,-0.24166939646783,1.42305430384416,1.40805365132115,-0.0150006525230062,7.9264,1.1528,3.2957,-8.8419,1.8611,0.4125000000000001,-1.0316999999999998,0.0067115118574169,-0.0077787136886016,90.0,-0.3150810466398954,-1.1767964433097768,0.3507752218115441
2017-10-31,-0.2495139296326,1.42189522742476,1.40614838013425,-0.015746847290508,7.6699,1.0855,3.2166,-8.6297,1.2614000000000003,0.3927,-1.0526,0.0071098783183901,0.0008858320934876,61.0,0.4769240720903093,-0.0229576987493729,0.3877655310087634
2017-11-01,-0.25439263937356,1.42113197646866,1.40505505218024,-0.0160769242884224,7.6573,1.0837,3.2113,-8.6155,1.875,0.3508999999999997,-1.0813,0.0070141879621397,0.0007573144404773,48.0,0.1823215567939546,-0.2627958013545893,-0.2682639865946794
2017-11-02,-0.25647302461949,1.41986535376772,1.40175777169506,-0.0181075820726539,7.6573,1.0837,3.2113,-8.6155,1.2606999999999997,0.3609,-1.0725000000000002,0.0069276036029261,-0.0037181300506663,57.0,0.2231435513142097,0.3379514806943872,1.4816045409242156
2017-11-03,-0.25592683246041,1.41909755876278,1.39870944158243,-0.0203881171803566,7.6699,1.0855,3.2166,-8.6297,1.1094,0.3799000000000001,-1.0773999999999997,0.0069548854962378,-0.0034242248797724,49.0,-0.048790164169432,0.1769147237703227,0.5705448584676129
2017-11-06,-0.24757312682733,1.41850924285161,1.39573090070694,-0.0227783421446754,7.607,1.0766,3.1902,-8.559,1.5024000000000006,0.3702000000000001,-1.1154999999999995,0.0069632028427036,0.0048610446529373,46.0,0.3483066942682158,0.076667432008689,-0.322773392263051
2017-11-07,-0.23419688085141,1.41720990151433,1.39320748809541,-0.0240024134189263,7.6322,1.0801,3.2008,-8.5873,1.3462,0.3774000000000002,-1.1380000000000003,0.0070401621331675,0.0074688783955778,56.0,0.2578291093020998,-0.1328112214468416,0.0
2017-11-08,-0.23171292028794,1.41555157124083,1.39397501342198,-0.0215765578188478,7.5945,1.0748,3.185,-8.5448,2.1828,0.3691,-1.1468000000000005,0.0073253072637404,0.0005521717337515,56.0,0.2451224580329849,0.2654624512913841,0.3829922522561057
2017-11-09,-0.23072067119894,1.40766793209549,1.34432172175537,-0.0633462103401159,7.4687,1.057,3.1322,-8.4033,1.6393000000000004,0.4013999999999997,-1.1330000000000005,0.0072038935687343,0.003604838258246,86.0,0.4700036292457356,0.1268678857615356,0.2318016140573243
2017-11-10,-0.2303595774937699,1.40729899409329,1.34742515084354,-0.0598738432497545,7.3178,1.0356,3.069,-8.2336,1.9058999999999997,0.3060999999999998,-1.1575000000000002,0.0071786934785144,0.001422206483765,129.0,0.8247235383486646,0.2022258654683812,0.0121213605323448
2017-11-13,-0.23706985160818,1.40555804590632,1.35188978559299,-0.0536682603133276,7.4939,1.0606,3.1428,-8.4316,1.7291999999999996,0.3561000000000001,-1.1457999999999997,0.007083361750309,0.004407442753342,39.0,-0.4054651081081644,-0.9380281708542616,-1.0775588794702773
2017-11-14,-0.25323896015755,1.4034904938607,1.35211706327149,-0.0513734305892066,7.431,1.0517,3.1164,-8.3609,1.1765,0.3586,-1.1792000000000002,0.0071162135837815,-0.0053181974723734,55.0,-0.7339691750802004,-0.75062439043629,0.5753641449035618
2017-11-15,-0.26557440663033,1.40279162552362,1.35222436095995,-0.050567264563677,7.431,1.0517,3.1164,-8.3609,1.6599999999999997,0.2934000000000001,-1.2055999999999996,0.0072241745824671,-0.007910876280011,61.0,0.048790164169432,0.5981993276375838,-1.88706964903238
2017-11-16,-0.2659367140958499,1.40173348896788,1.35120276613481,-0.0505307228330676,7.3556,1.041,3.0848,-8.276,2.1683,0.2723,-1.2403,0.0075530220991642,-0.0009627487969456,56.0,0.9315582040049436,0.3643717273842934,0.0
2017-11-17,-0.2640226140183599,1.39959678350899,1.32660442214677,-0.0729923613622221,7.5819,1.073,3.1797,-8.5307,2.002509375,0.2448000000000001,-1.2578000000000005,0.0074147811536647,-0.0048193604789901,118.0,-0.1576289442035831,-0.237833483943386,-0.7472144018302211
2017-11-20,-0.2545024846855599,1.39942473661627,1.3115530859082,-0.0878716507080735,7.6825,1.0872,3.2219,-8.6438,1.4842,0.2713999999999998,-1.2578,0.0074490231635817,0.0028017349440467,47.0,-0.3794896217049037,-0.1691722865297131,-0.2578291093020998
2017-11-21,-0.2387138900070199,1.38857772011045,1.27587283600209,-0.112704884108365,7.695,1.089,3.2272,-8.658,1.5754,0.2675,-1.2725999999999995,0.0073621173654978,0.0053209519510168,26.0,0.0953101798043249,0.3873092189921699,1.7047480922384253
2017-11-22,-0.21669142215283,1.39395966915638,1.31716807371617,-0.0767915954402114,7.8334,1.1086,3.2852,-8.8136,1.7434999999999996,0.286,-1.3056000000000003,0.0074195064752467,0.0058373827239073,36.0,-0.3364722366212129,-0.348943657347418,-0.6061358035703156
2017-11-23,-0.20280418306808,1.39937079352431,1.34006629678698,-0.059304496737326,7.695,1.089,3.2272,-8.658,1.9883,0.2726999999999999,-1.3598,0.0075072269113096,-0.0231628374676162,44.0,0.4595323293784401,0.2677532943913828,-1.4816045409242156
2017-11-24,-0.20317195245519,1.39900321251405,1.34112031685002,-0.0578828956640212,7.6322,1.0801,3.2008,-8.5873,1.5561000000000005,0.2246000000000001,-1.3936000000000002,0.0104166213062024,0.0005674244343296,37.0,0.6359887667199967,0.4524090293478593,-1.1526795099383855
2017-11-27,-0.20634532889946,1.39759375884037,1.32739837740796,-0.0701953814324059,7.519,1.0641,3.1533,-8.4599,1.6780000000000004,0.1800000000000001,-1.4245,0.010008085779706,-0.0094640194208359,41.0,-0.125163142954006,-0.2327548210274413,-0.5212969236332861
2017-11-28,-0.2147597225502099,1.39642549356939,1.3246990791131,-0.0717264144562901,7.4436,1.0534,3.1217,-8.375,1.4038999999999997,0.1768,-1.4461,0.0100996666502956,0.0034337156177617,39.0,0.4595323293784401,-0.1998107326552223,-1.9771626925594177
2017-11-29,-0.21825656612869,1.39514413447641,1.32317623126031,-0.0719679032161005,7.4436,1.0534,3.1217,-8.375,1.2312000000000003,0.1267999999999998,-1.495,0.0097730223333675,0.0012605826519678,35.0,0.0,-0.146446656043744,-0.6343066805370119
2017-11-30,-0.2047049317816799,1.39094150253535,1.29549283898398,-0.0954486635513656,7.4436,1.0534,3.1217,-8.375,1.5233,0.1221000000000001,-1.5039000000000002,0.0094252735147829,-0.0062129256003249,41.0,0.8649974374866045,0.3840135247769367,-0.7323678937132265
2017-12-01,-0.17202504114345,1.38888275241414,1.29214194186554,-0.0967408105485983,7.4059,1.0481,3.1059,-8.3326,1.4732000000000005,0.1253000000000002,-1.5053,0.0093196275618869,0.0001293180278452,37.0,0.7985076962177716,0.6712447740272418,1.01160091167848
2017-12-04,-0.16553567141337,1.38812465688654,1.28840228030361,-0.0997223765829314,7.4059,1.0481,3.1059,-8.3326,1.3917999999999997,0.1208,-1.4646,0.0090050053587145,-0.0024140091726394,35.0,0.6286086594223741,0.3250018158158166,-0.6931471805599453
2017-12-05,-0.15498445266026,1.38797268194926,1.28226392221791,-0.105708759731346,7.5442,1.0677,3.1639,-8.4882,1.1229,0.1137000000000001,-1.4559000000000002,0.008755773880143,-0.0017973500464805,69.0,0.664976303593249,0.7559221605108957,1.01160091167848
2017-12-06,-0.1519360935324,1.38757281169313,1.28073936144376,-0.10683345024937,7.5064,1.0623,3.1481,-8.4458,1.2398702076677317,0.0604999999999997,-1.4758,0.0085142553637137,-0.0029435698699842,44.0,0.5260930958967791,0.2286635606327536,-0.1670540846631662
2017-12-07,-0.14471179190828,1.3879760734053,1.27767458418799,-0.110301489217311,7.4184,1.0499,3.1111,-8.3468,1.5527000000000002,0.0605999999999999,-1.4408,0.0083303744780195,-0.0066739622069391,31.0,0.8873031950009027,0.728417643570782,0.0870113769896296
2017-12-08,-0.13785101151003,1.38811529667601,1.274749927709,-0.113365368967003,7.3933,1.0463,3.1006,-8.3185,2.1407,0.0047999999999999,-1.4114,0.0083877148615148,0.0054672713487367,23.0,1.3217558399823195,1.6393504117967006,2.268683541318364
2017-12-11,-0.13783826702632,1.38748523896811,1.2750582825108,-0.11242695645731,7.4059,1.0481,3.1059,-8.3326,1.7607,-0.0504000000000002,-1.3842,0.0083317329149596,0.0097406349061692,38.0,0.5465437063680699,0.5335395290724148,0.4418327522790392
2017-12-12,-0.13821392585573,1.38773701544577,1.27313603184747,-0.114600983598298,7.343,1.0392,3.0795,-8.2619,1.9235,-0.0439999999999995,-1.3872,0.0086592309623441,-0.0125344492328594,31.0,1.0986122886681098,1.359982965862792,2.5649493574615367
2017-12-13,-0.14104562876048,1.38710963090495,1.27116390406492,-0.115945726840031,7.4184,1.0499,3.1111,-8.3468,1.6349999999999998,-0.0815999999999999,-1.4183000000000003,0.0093101714353425,0.0067509986915155,38.0,0.2076393647782445,0.3738759775931407,0.7576857016975165
2017-12-14,-0.14903642004785,1.38652151973313,1.26967876176986,-0.116842757963263,7.4059,1.0481,3.1059,-8.3326,1.7838000000000005,-0.0895999999999999,-1.4570999999999996,0.0092368545096196,-0.0032139634636845,37.0,-0.0870113769896298,-0.7141857310689281,-0.9808292530117262
2017-12-15,-0.1628817844004099,1.38540639509372,1.26621473104746,-0.119191664046263,7.3556,1.041,3.0848,-8.276,1.765,-0.0701999999999998,-1.4850999999999996,0.0089920157411212,-0.0080205040234506,25.0,0.3184537311185346,0.6557960364119271,-1.540445040947149
2017-12-18,-0.18622664415976,1.38642295576082,1.27316970749401,-0.113253248266818,7.4436,1.0534,3.1217,-8.375,1.2807999999999995,-0.0882,-1.4959000000000002,0.009080373030769,0.0005464596838855,26.0,0.1335313926245225,-0.2499989690558035,-1.540445040947149
2017-12-19,-0.2008621665024499,1.38542171616091,1.26100183424636,-0.124419881914553,7.519,1.0641,3.1533,-8.4599,1.9606000000000008,-0.0804999999999998,-1.5,0.008788258893282,0.0087185169159145,26.0,0.3566749439387324,-0.6051521577944543,-0.4700036292457356
2017-12-20,-0.19367670520964,1.38464855120225,1.25633337817818,-0.128315173024069,7.5064,1.0623,3.1481,-8.4458,1.4681999999999995,-0.0979999999999998,-1.4855,0.0089442639025006,-0.0027133991434382,28.0,-0.0953101798043249,-0.5813622435005934,-1.540445040947149
2017-12-21,-0.19508466721972,1.38360795743765,1.25516325253351,-0.128444704904142,7.4939,1.0606,3.1428,-8.4316,1.0101,-0.0594999999999998,-1.4988,0.0087100750495258,0.0037808889296808,17.0,0.8472978603872037,1.255399173888509,2.19722457733622
2017-12-22,-0.18371901526939,1.38444706241969,1.2612376766194,-0.12320938580029,7.4436,1.0534,3.1217,-8.375,2.0351,-0.0724999999999997,-1.5484,0.0085294852761292,-0.0009083658206634,25.0,1.0986122886681098,1.3099581971879048,1.5040773967762742
2017-12-25,-0.17123063499207,1.38180890160599,1.25731815565983,-0.124490745946159,7.5442,1.0677,3.1639,-8.4882,1.9918,-0.0722999999999998,-1.5646000000000004,0.008293786790293,-0.0050481108868023,45.0,0.6418538861723947,0.3268951768839461,-0.8209805520698302
2017-12-26,-0.1753167592221799,1.38180877681733,1.2601576178711,-0.121651158946229,7.6447,1.0819,3.2061,-8.6014,1.7498,-0.0636999999999998,-1.5458000000000005,0.0082383592845835,0.0077927264383443,30.0,0.0953101798043249,0.007917567134221,-0.4519851237430572
2017-12-27,-0.18711815113941,1.38060986235421,1.25333923677127,-0.127270625582935,7.607,1.0766,3.1902,-8.559,1.6683,-0.0455,-1.5528000000000004,0.0083818771968898,-0.0092198243122734,33.0,0.4418327522790392,1.0520081647647987,2.740840023925201
2017-12-28,-0.18487390824576,1.37941344751099,1.25028090811986,-0.12913253939113,7.7202,1.0926,3.2377,-8.6863,1.8192,-0.0485999999999999,-1.5637999999999996,0.00867314685156,0.0062694590427518,22.0,-0.251314428280906,-0.7147124902497165,-1.3862943611198906
2017-12-29,-0.18555664844462,1.37885796465172,1.25000631744895,-0.128851647202767,7.7956,1.1033,3.2693,-8.7712,1.9043000000000003,-0.0259999999999998,-1.5682999999999998,0.0086385096181053,0.0032671513011415,27.0,-0.4855078157817007,-0.9203713981660436,-0.6931471805599453
2018-01-02,-0.18097166870921,1.37034333099245,1.27581402362812,-0.0945293073643221,7.7705,1.0997,3.0318,6.6551,0.9953000000000004,0.1282999999999998,-1.5710000000000002,0.0084445705218313,0.0123670158159185,91.0,0.7339691750802005,1.4290151264025237,1.7194388076484288
2018-01-03,-0.17619734235866,1.36895693905648,1.27552444140611,-0.09343249765037,7.7453,1.0961,3.022,6.6336,0.9557000000000002,0.1985999999999999,-1.5717,0.0090766944145228,0.0061876500402178,36.0,0.4418327522790392,0.2363887780642303,-0.3677247801253174
2018-01-04,-0.18198940676563,1.36727538159771,1.29653803823706,-0.0707373433606457,7.6322,1.0801,2.9778,6.5367,1.3492000000000002,0.3545000000000002,-1.5818,0.0089904069085685,0.0049155527074038,36.0,1.2992829841302609,1.834870059914635,2.277267285009756
2018-01-05,-0.18688450227136,1.36508056803038,1.28241456160021,-0.0826660064301685,7.6447,1.0819,2.9827,6.5474,1.6399,0.3956999999999997,-1.6078,0.0088360651501679,0.0017823495325952,36.0,0.7621400520468967,1.289381539599135,2.079441541679836
2018-01-08,-0.20582341194745,1.36048860815291,1.24431921651287,-0.11616939164004,7.6322,1.0801,2.9778,6.5367,1.4946000000000002,0.3961000000000001,-1.6336999999999997,0.0085812249146239,0.00521359848209,26.0,-0.4054651081081644,-0.5800417780694661,-0.6931471805599453
2018-01-09,-0.22111861304228,1.36067893091526,1.24890810108754,-0.111770829827724,7.6573,1.0837,2.9876,6.5582,1.7891000000000004,0.3668999999999998,-1.6334000000000004,0.0084878161381568,0.0012955752724526,14.0,0.5108256237659907,1.0958400706598257,0.6931471805599453
2018-01-10,-0.2332871674664499,1.35614037437911,1.23093595819657,-0.12520441618254,7.7453,1.0961,3.022,6.6336,2.0182,0.3487,-1.6167000000000002,0.008257792795523,0.0023215367010394,35.0,0.2876820724517808,0.3842111191816592,0.3877655310087634
2018-01-11,-0.22938978297131,1.35234661449207,1.21618068810913,-0.136165926382941,7.8082,1.105,3.0465,6.6874,1.5606999999999998,0.3781000000000003,-1.5870999999999995,0.0080713077992877,0.0010254150519699,21.0,-0.1335313926245226,-0.5525290011407886,-2.4849066497880004
2018-01-12,-0.2197488844833399,1.35160914197199,1.21494029236254,-0.136668849609444,7.8585,1.1122,3.0661,6.7305,1.5429999999999997,0.3822999999999998,-1.6075999999999997,0.007878201729647,0.0010492122854852,22.0,0.7731898882334817,0.7850518264912572,0.5108256237659907
2018-01-15,-0.20327208768436,1.35438632207711,1.233900923993,-0.120485398084109,8.0848,1.1442,3.1544,6.9243,1.9653,0.4249,-1.5849000000000002,0.0077045459720952,-0.0053959314562117,71.0,0.5007752879124892,0.2916886604874257,0.0
2018-01-16,-0.19214554652368,1.35768459447761,1.26162718492026,-0.0960574095573477,8.286,1.1727,3.2329,7.0966,2.1303,0.4089999999999998,-1.5888999999999998,0.0077425569887539,0.0076254164139157,44.0,-0.0870113769896298,-0.188782172274697,-0.1541506798272583
2018-01-17,-0.18171631068609,1.42320333820762,1.59043094736598,0.167227609158363,8.4495,1.1958,3.2967,7.2366,1.6788000000000003,0.3599000000000001,-1.6129000000000002,0.0079391225281393,0.002347621653163,133.0,0.1782482314063187,-0.5175110878091027,-1.0498221244986778
2018-01-18,-0.17778494090105,1.41897049659946,1.50826143798944,0.0892909413899741,8.965,1.2688,3.4978,7.6782,1.9175,0.3897999999999997,-1.5876000000000006,0.0077855901106128,0.0086951988735322,300.0,-0.2465239999582734,-0.5248159725124467,-0.5993284253422904
2018-01-19,-0.17483914452307,1.42703128181241,1.54515651012499,0.118125228312582,8.9524,1.267,3.4929,7.6674,2.0721000000000003,0.3856000000000001,-1.5928,0.0080830649435818,0.0037658293168618,101.0,0.1381503384808171,-0.2853085463137497,0.0
2018-01-22,-0.1754806168699,1.42676841631797,1.54513057369883,0.118362157380869,9.0153,1.2759,3.5174,7.7212,1.7300000000000004,0.4028,-1.6229,0.0079671330153783,0.003862578315811,89.0,0.2682639865946793,-1.6751496962140753,-1.4494732627414222
2018-01-23,-0.17982709269585,1.40274672472822,1.36440898601803,-0.038337738710194,9.4176,1.3328,3.6744,8.0658,2.3883,0.3916999999999997,-1.6169000000000002,0.0078682312389434,0.0128104623294547,272.0,-0.086074608771243,-0.8655599335914351,-1.1214965825016974
2018-01-24,-0.1986482676176399,1.41269874741509,1.40216100675825,-0.0105377406568434,9.3045,1.3168,3.6303,7.9689,2.2297,0.4015999999999997,-1.6015,0.0086728237312837,0.003647781847933,150.0,-0.1133286853070031,-0.3831674723291562,-0.2670627852490452
2018-01-25,-0.21381116883394,1.41501605664274,1.41526526517492,0.0002492085321841,9.2416,1.3079,3.6058,7.9151,1.7415000000000005,0.4238999999999997,-1.6094000000000004,0.0084903977931051,-0.0031397486288522,90.0,-0.1823215567939546,0.257380541839033,0.4780358009429997
2018-01-26,-0.2300749506908699,1.41561590788088,1.40698415315616,-0.0086317547247272,9.2667,1.3115,3.6156,7.9366,1.9113,0.4161999999999999,-1.6180999999999996,0.0083164027774276,0.002764200375628,134.0,0.2006706954621512,0.6661848668155921,0.1683353148192147
2018-01-29,-0.23736600913444,1.41941105265783,1.42513303512186,0.0057219824640291,9.3422,1.3221,3.645,8.0012,1.7836,0.4369,-1.6074000000000002,0.008137230077914,-0.0099216906474826,175.0,0.0984400728132525,-0.2642106839650494,-0.3448404862917295
2018-01-30,-0.2400751222434899,1.4095432978898,1.39085101110336,-0.0186922867864387,9.1536,1.2954,3.5714,7.8397,2.8418,0.4197999999999999,-1.6178,0.0085456855389294,-0.009982011734742,84.0,0.6257058997644128,1.022868485727915,0.659245628884264
2018-01-31,-0.2385081576270999,1.41044578373171,1.39081756679082,-0.0196282169408903,9.4051,1.331,3.6695,8.0551,1.2794,0.4043000000000001,-1.6062999999999996,0.0088964536582267,-0.0020593384450489,151.0,0.5428649775106072,0.4498280298883253,0.1586050301766385
2018-02-01,-0.22022953358333,1.4136883505883,1.39528830636595,-0.0184000442223484,9.6565,1.3666,3.7676,8.2704,1.4076000000000004,0.407,-1.6112000000000002,0.0086478717803195,-0.009773291513385,340.0,0.1541506798272583,-0.1332899265011873,0.1880522315029396
2018-02-02,-0.18904803010151,1.41025549277477,1.35926203651882,-0.0509934562559489,9.5559,1.3524,3.7284,8.1843,1.8931,0.4876999999999998,-1.6086000000000005,0.0089596462616446,0.0043713392318061,126.0,0.4769240720903093,-0.421524765138291,0.2326222952687535
2018-02-05,-0.16146471918768,1.40876245898189,1.36441285358119,-0.0443496054007004,9.7445,1.3791,3.802,8.3458,1.7868,0.5733000000000001,-1.6008,0.0087805947429543,0.007314491340054,179.0,0.3128723212803394,0.127545643894806,0.6931471805599453
2018-02-06,-0.12970182449652,1.4157958439307,1.36675048045196,-0.0490453634787409,9.5182,1.347,3.7137,8.152,1.8297000000000003,0.5817999999999999,-1.6242000000000003,0.0088128692819604,-0.0340780894709578,255.0,0.7849547298130682,0.4044112418516282,0.4418327522790392
2018-02-07,-0.11166898692434,1.4282111629041,1.24573425682059,-0.182476906083511,8.965,1.2688,3.4978,7.6782,1.8705,0.5493999999999999,-1.6494,0.0137847643117419,-0.0183816584576561,417.0,1.1657515915057384,1.570487464031584,1.316090102446642
2018-02-08,-0.11220243459971,1.43356875426889,1.16939391489157,-0.264174839377322,8.5752,1.2136,3.3457,7.3443,1.4009,0.5592999999999999,-1.6140000000000003,0.0143576110510998,-0.0143685842802074,392.0,1.179802443398123,0.6384037215461202,-0.0910838293011433
2018-02-09,-0.1100650026171699,1.47649879321804,1.07706589447889,-0.399432898739154,8.3992,1.1887,3.2771,7.1936,2.2341,0.5579999999999998,-1.6299,0.0143903051030425,-0.0413706190389486,364.0,0.8082165103447326,0.8872942505137442,0.9478850972923722
2018-02-12,-0.10851017560431,1.47359745450529,1.09653940909475,-0.377058045410539,8.3112,1.1762,3.2427,7.1182,2.2174,0.5531999999999999,-1.6288999999999998,0.0189503095486796,0.007725911102332,110.0,1.1151415906193205,1.2205599066605246,1.5950491749820008
2018-02-13,-0.08454022926291,1.47733588738713,1.0980825451134,-0.379253342273735,8.55,1.21,3.3359,7.3228,1.8578,0.5573000000000001,-1.6337000000000002,0.0180678839392799,0.0097280751204653,95.0,0.714653385780909,0.6793133256033039,1.252762968495368
2018-02-14,-0.02236717579459,1.47720363982018,1.09046416263143,-0.386739477188756,8.6506,1.2243,3.3752,7.4089,1.8001085943874413,0.5895000000000001,-1.6323000000000003,0.0173535360858667,0.0044486095991214,66.0,0.0,-0.3766776281420103,-0.6931471805599453
2018-02-22,0.0096129819998454,1.47701911556753,1.08739988948019,-0.389619226087338,8.8015,1.2456,3.434,7.5382,1.4720000000000004,0.5497999999999998,-1.5982999999999996,0.0164781863262286,0.0214612529007709,45.0,0.3629054936893685,0.379114525550437,-0.2363887780642304
2018-02-23,0.02811008290725,1.47531914337821,1.14007543940722,-0.335243703970993,8.8141,1.2474,3.439,7.5489,1.9408,0.5390000000000001,-1.6031,0.0170031904972403,0.0062417102282488,38.0,0.4353180712578455,1.6449096952160596,1.8718021769015916
2018-02-26,0.03813635030746,1.47710779710024,1.16333589780736,-0.313771899292882,8.8267,1.2492,3.4439,7.5597,2.2158,0.5521000000000003,-1.5933000000000002,0.0162113765210678,0.0122533831441007,36.0,0.7537718023763802,0.8416492898636464,0.7621400520468967
2018-02-27,-0.01865488975336,1.47778933159744,1.15772917931564,-0.320060152281801,8.5375,1.2083,3.331,7.312,1.9357999999999995,0.5541,-1.6182999999999996,0.0158312293216792,-0.0113283694177965,108.0,1.3694872428035094,1.545184895310642,2.19722457733622
2018-02-28,-0.07696090273538,1.47844730266277,1.15230461622542,-0.326142686437354,8.3866,1.1869,3.2722,7.1828,2.5239000000000003,0.5757999999999996,-1.5940000000000003,0.0154382040326139,-0.0099703245653248,62.0,0.1112256351102244,-0.8452178902895068,-2.6882475738060303
2018-03-01,-0.1171114883495,1.47753275804734,1.14083640190874,-0.336696356138594,8.4117,1.1905,3.282,7.2043,2.1967,0.5667,-1.5541999999999998,0.0149865137297536,0.0043920297969428,46.0,0.3364722366212129,0.3736003528744762,0.127833371509885
2018-03-02,-0.14337119359782,1.48506773125928,1.28127046337613,-0.20379726788315,8.3992,1.1887,3.2771,7.1936,2.1623999999999994,0.5585999999999998,-1.5393000000000003,0.0142870003552475,-0.0058902639484781,58.0,-0.0540672212702758,0.0715159115903608,0.1053605156578263
2018-03-05,-0.13960732274157,1.48631981342171,1.30064297784425,-0.18567683557746,8.3237,1.178,3.2476,7.1289,2.0491999999999995,0.5983,-1.5259,0.0137078554431071,0.000736548207957,65.0,0.8690378470236095,0.530901483076224,-0.8266785731844679
2018-03-06,-0.11829733221489,1.48695651888025,1.30116828805545,-0.185788230824802,8.2357,1.1655,3.2133,7.0536,1.9090000000000005,0.5653000000000001,-1.5494999999999997,0.0130403552110383,0.0099948160158032,119.0,1.0076405104623831,0.5767803152056785,0.419853845560264
2018-03-07,-0.07753925954383,1.4876225629828,1.30719054011612,-0.180432022866674,8.3363,1.1798,3.2525,7.1397,1.8924,0.5693000000000001,-1.5543,0.0128075948287023,-0.0054786755723785,69.0,0.0909717782057267,0.2759646130415809,0.4418327522790392
2018-03-08,-0.0553687129265,1.48853720337656,1.31358281636958,-0.174954387006977,8.2357,1.1655,3.2133,7.0536,2.6888,0.5728,-1.5569000000000002,0.0123350260823867,0.0051027585443073,71.0,0.3302416868705768,-0.2414983447821937,-1.126011262856224
2018-03-09,-0.05693385690236,1.47927072347999,1.18527988393116,-0.293990839548826,8.2357,1.1655,3.2133,7.0536,2.4915000000000003,0.6233999999999997,-1.5495,0.011875401757003,0.0056887115027723,53.0,0.5108256237659907,0.5283219372027219,0.9162907318741552
2018-03-12,-0.06752755726785,1.47857496765126,1.18406607668315,-0.294508890968112,8.1477,1.1531,3.1789,6.9782,2.2174000000000005,0.6425000000000001,-1.5477999999999996,0.0114825926984393,0.0058890728234288,88.0,0.6505875661411494,0.3957764153706724,-0.0723206615796261
2018-03-13,-0.0889995848017199,1.47909084241519,1.19261286746976,-0.286477974945428,8.1728,1.1566,3.1888,6.9997,2.1156999999999995,0.6332999999999998,-1.5229,0.0111356414884046,-0.004960219155512,54.0,0.3053816495511819,-0.0434763244050118,-0.4307829160924542
2018-03-14,-0.11879193955895,1.48070732523596,1.20378269253661,-0.276924632699358,8.0974,1.146,3.1593,6.9351,1.9921,0.6461999999999999,-1.5225000000000004,0.0107874964019571,-0.0057128550267062,68.0,0.6931471805599453,0.8233911938896454,1.1349799328389845
2018-03-15,-0.13029535330939,1.48180655412351,1.20682324377864,-0.274983310344869,8.1225,1.1495,3.1691,6.9566,2.5461000000000005,0.6244999999999998,-1.5356999999999998,0.0105107717780273,-8.200539316938205e-05,36.0,0.1823215567939546,0.7796546249263303,1.8718021769015916
2018-03-16,-0.1453605468172299,1.48351193797245,1.19998100355053,-0.283530934421921,7.9968,1.1317,3.1201,6.849,2.7582,0.5558999999999998,-1.5370000000000004,0.0100936101097056,-0.0064715723778832,72.0,0.965080896043587,0.9149828134736177,0.6931471805599453
2018-03-19,-0.15513799334498,1.4845262041188,1.19550066893207,-0.289025535186733,8.0471,1.1389,3.1397,6.892,2.1836999999999995,0.5747,-1.5523000000000002,0.0099332775951056,0.0028613269109136,37.0,0.2876820724517808,0.515303819970298,1.01160091167848
2018-03-20,-0.15084977801601,1.4858853423326,1.19350764614034,-0.29237769619226,8.2106,1.162,3.2035,7.032,2.0914,0.5613999999999999,-1.5633000000000004,0.0096038117599745,0.0034667882209404,64.0,-0.1335313926245226,-1.0937572512230425,-1.276293465905562
2018-03-21,-0.13424553637991,1.48613782897336,1.19224095279014,-0.293896876183211,8.1603,1.1549,3.1839,6.9889,2.5514,0.5539999999999998,-1.5869999999999995,0.0093239620965235,-0.0029483896803093,56.0,0.3184537311185346,-0.542757803095546,-1.2321436812926323
2018-03-22,-0.12625353133219,1.48630101557169,1.19147399249388,-0.294827023077813,8.1351,1.1513,3.174,6.9674,2.6434999999999995,0.5549000000000004,-1.6007999999999996,0.0090613788167707,-0.0053394520538407,77.0,0.7444404749474958,0.2345520323353405,-1.1664348850068706
2018-03-23,-0.12568609836692,1.49839910366827,1.19884784422772,-0.29955125944055,7.9214,1.1211,3.0906,6.7843,2.2398,0.5303,-1.6319999999999997,0.0089388942772777,-0.0345156891821734,129.0,0.9082585601768908,0.9633691772542416,1.3862943611198906
2018-03-26,-0.12879878679351,1.49730184141413,1.1990716252166,-0.298230216197529,7.5693,1.0712,2.9533,6.4828,2.2881,0.5305,-1.5681999999999996,0.0139642910036051,-0.0060571417822963,261.0,1.1617911902896414,0.9687333323778377,0.8167611365271219
2018-03-27,-0.13812956951116,1.49697626417154,1.20319668289049,-0.293779581281048,7.519,1.0641,2.9337,6.4397,2.3817000000000004,0.5446,-1.5601000000000005,0.0134196152963153,0.0104524961706804,307.0,1.169381359556317,0.2711004732979549,0.4951697266934377
2018-03-28,-0.13763556904728,1.49655983909978,1.20283367088886,-0.293726168210917,7.4509,1.044,2.9337,6.4397,2.6015000000000006,0.5378000000000003,-1.5565000000000002,0.0131829226108737,-0.014107321003177,142.0,0.3042113744029915,-1.0309392106839028,-1.181366249697022
2018-03-29,-0.11932113907308,1.49654301509213,1.20894335191637,-0.287599663175755,7.5879,1.0632,2.9876,6.5582,2.1752,0.5589,-1.5504000000000002,0.0133364452896627,0.0121733780816573,123.0,0.6931471805599453,0.5395671601283031,1.2264456601779945
2018-03-30,-0.09093067752417,1.49706988795495,1.21028612345037,-0.286783764504583,7.5879,1.0632,2.9876,6.5582,2.3259000000000003,0.5737000000000001,-1.5550000000000002,0.0132544422715356,0.0026435266913118,48.0,0.4519851237430572,-0.545109944090192,-0.9808292530117262
2018-04-02,-0.06309490445681,1.49645812269673,1.20958888061272,-0.286869242084009,7.4259,1.0405,2.9238,6.4182,3.315749144366979,0.6204000000000001,-1.5116,0.012644681859826,-0.0018059170215583,101.0,1.203972804325936,1.2325377678969491,0.9873866535578852
2018-04-03,-0.08566417135026,1.49602051946235,1.20723370138546,-0.288786818076888,7.3263,1.0266,2.8846,6.3321,3.5372999999999992,0.6408,-1.4866,0.0120720070725342,-0.0084275391937129,102.0,1.0799201556559572,1.0849446906913438,0.9808292530117262
2018-04-04,-0.1158321849368999,1.49614804472317,1.20564494555383,-0.290503099169345,7.3138,1.0248,2.8797,6.3213,1.5757999999999996,0.6355,-1.5080999999999998,0.0118416636208195,-0.0017619739733998,61.0,0.990398704027877,1.0568977566876885,1.1349799328389845
2018-04-09,-0.11994926005602,1.49638914925349,1.21024088029305,-0.286148268960437,7.3013,1.0231,2.8748,6.3105,1.3435,0.5834999999999999,-1.5158000000000005,0.0113319507402054,0.0022911913146295,43.0,0.7884573603642703,0.7859174792320314,-0.1823215567939546
2018-04-10,-0.1343371752866,1.49646676633984,1.21404563074462,-0.282421135595216,7.6253,1.0685,3.0023,6.5905,1.2498,0.5981999999999998,-1.5117999999999996,0.0108686773545017,0.0164425140493236,67.0,-0.1278333715098848,0.1738264149120429,0.4382549309311553
2018-04-11,-0.13520622769972,1.49618791389665,1.21419377353624,-0.281994140360411,7.7748,1.0894,3.0612,6.7197,1.5055000000000005,0.5888,-1.5177,0.0116284738143275,0.0055514616700165,51.0,-0.4274440148269396,-0.733209138042115,-1.029619417181158
2018-04-12,-0.12859669569465,1.49617800609384,1.21474509117521,-0.281432914918631,7.5755,1.0615,2.9827,6.5474,1.5418999999999996,0.6215000000000002,-1.5039000000000002,0.0112513068464113,-0.0087422130049752,56.0,0.653926467406664,0.1184094507892512,-0.1823215567939546
2018-04-13,-0.12192586879172,1.49630036847442,1.21707393969052,-0.279226428783903,7.5132,1.0528,2.9582,6.4936,1.4374999999999996,0.6819999999999999,-1.5086000000000004,0.0111323381655892,-0.0066589611824383,49.0,0.6931471805599453,0.2640856189941452,-0.1941560144409575
2018-04-16,-0.13481478998571,1.49611222652748,1.21978762814967,-0.276324598377806,7.2515,1.0161,2.8552,6.2674,1.5542000000000002,0.7212999999999998,-1.5448,0.0108776442892142,-0.0154406603003387,132.0,1.7107904066943878,1.4227428173161996,2.038433517952459
2018-04-17,-0.15198889210778,1.49618313876297,1.21086850703006,-0.285314631732908,7.2141,1.0109,2.8404,6.2351,1.7024,0.7245999999999997,-1.5135999999999998,0.0115336327771362,-0.0141977572826927,78.0,0.6061358035703155,-1.4584885862406929,-1.0033021088637848
2018-04-18,-0.16898093017683,1.50175831566695,1.30996152998655,-0.191796785680405,7.3263,1.0266,2.8846,6.3321,2.6713,0.7844000000000002,-1.4762,0.0119266965462326,0.0079900455526935,52.0,0.1177830356563834,-0.1318113704593942,-0.1000834585569825
2018-04-19,-0.15279118770146,1.5241630292093,1.48387379896392,-0.0402892302453766,7.3761,1.0335,2.9042,6.3751,2.8872000000000004,0.7402000000000002,-1.4718,0.0116624467828771,0.0083679801053371,41.0,0.0741079721537218,-0.6493106674042562,-0.1718502569266592
2018-04-20,-0.1139077678964,1.49682083711507,1.2157872660756,-0.281033571039469,7.3761,1.0335,2.9042,6.3751,2.1956,0.7147000000000001,-1.4571999999999998,0.0114514489524725,-0.014811743906252,74.0,0.8383291904044432,0.5173956856921664,0.4754236967150748
2018-04-23,-0.08166483098543,1.50089313373643,1.14847509248262,-0.352418041253808,7.5007,1.051,2.9533,6.4828,2.9372,0.81,-1.3957000000000002,0.0119323431376916,-0.0011500835733748,65.0,-0.213574100298059,-0.7917693889837817,-1.1700712526502546
2018-04-24,-0.05903002103289,1.49994824667171,1.14572820100288,-0.35422004566883,7.5755,1.0615,2.9827,6.5474,2.4331,0.7634000000000003,-1.4210999999999996,0.0114068483773902,0.0196603713967515,103.0,0.9555114450274363,0.8435364580690274,1.0608719606852626
2018-04-25,-0.06366658558332,1.49995581760627,1.14845334135889,-0.351502476247383,7.4633,1.0458,2.9386,6.4505,1.3737000000000004,0.7817000000000003,-1.3934000000000002,0.0125421246827521,-0.0035067663869376,52.0,0.7949298748698876,1.1984982314966823,1.6894806201076369
2018-04-26,-0.1040532475862,1.50020013762639,1.15148057882726,-0.348719558799128,7.4135,1.0388,2.9189,6.4074,2.3695000000000004,0.8045,-1.3542999999999998,0.0120169838377629,-0.0138687100216099,56.0,0.3877655310087634,0.6871057311383008,0.6931471805599453
2018-04-27,-0.13494587610389,1.49924740742889,1.15237532647637,-0.346872080952515,7.4758,1.0475,2.9435,6.4613,1.9261,0.8065000000000002,-1.3365,0.0123016780652058,0.0023391902552294,52.0,0.0571584138399486,-1.4160070607437394,-0.949080554697146
2018-05-02,-0.14179816017966,1.49736709650179,1.16310438053408,-0.334262715967707,7.3731,1.022,2.9337,6.4397,1.9958000000000005,0.8275999999999999,-1.3102,0.0117608303831265,-0.0003421158736625,32.0,0.4700036292457356,1.2743735418139277,0.3448404862917296
2018-05-03,-0.16337578486429,1.5122227202785,1.10412498541714,-0.408097734861353,7.3361,1.0169,2.9189,6.4074,1.8717999999999997,0.8367,-1.3304,0.0112427156290999,0.0063672766745259,48.0,1.0560526742493137,0.5147742791996086,0.9444616088408516
2018-05-04,-0.18257443925603,1.5045639193086,1.13704239235362,-0.367521526954977,7.2868,1.01,2.8993,6.3644,2.2746,0.8599999999999999,-1.354,0.0109443637213625,-0.0031735722284107,40.0,0.6466271649250525,0.6308814790682642,0.6931471805599453
2018-05-07,-0.16273552627781,1.5053900262764,1.13425750586919,-0.371132520407211,7.3361,1.0169,2.9189,6.4074,1.7849999999999997,0.8844000000000003,-1.3527,0.0105429585045315,0.0146482249416166,42.0,0.0870113769896296,-0.1174741097088482,-0.8649974374866046
2018-05-08,-0.1413533170100999,1.5065541651406,1.12794817644839,-0.378605988692207,7.3731,1.022,2.9337,6.4397,1.5191000000000003,0.9244000000000004,-1.3615,0.0111153967615154,0.0078921457851617,65.0,0.7259370033829363,1.385266035330479,2.6390573296152584
2018-05-09,-0.14704160490685,1.50722514790129,1.12922635021847,-0.377998797682824,7.3854,1.0237,2.9386,6.4505,1.6809000000000005,0.9135999999999996,-1.3633000000000006,0.0109274401929405,-0.0007427720012884,40.0,1.4816045409242156,0.7790849181417431,2.4423470353692043
2018-05-10,-0.15330946337241,1.50201310770399,1.16748787673376,-0.33452523097023,7.3978,1.0254,2.9435,6.4613,1.6227000000000005,0.8855,-1.4291,0.0104791838204131,0.0048195714748295,40.0,0.2876820724517808,0.2022758393216104,-0.4054651081081644
2018-05-11,-0.16762698050248,1.50410478793437,1.1704365200162,-0.333668267918172,7.4841,1.0374,2.9778,6.5367,1.9767,0.8280000000000003,-1.4333999999999998,0.0101731350235299,-0.0035184858545154,59.0,0.0571584138399486,0.0460138374381153,0.2876820724517808
2018-05-14,-0.1895220035195499,1.49718369892737,1.20355172516555,-0.293631973761825,7.4841,1.0374,2.9778,6.5367,1.7415999999999996,0.7802000000000002,-1.4195999999999995,0.0098519881491487,0.0033985509670131,67.0,0.2318016140573243,-0.2680075126177747,-0.6931471805599453
2018-05-15,-0.2133444779780099,1.50562746029146,1.15016889027137,-0.35545857002009,7.5087,1.0408,2.9876,6.5582,1.7768000000000002,0.7951000000000001,-1.3827000000000005,0.009546740021518,0.0056820363353544,50.0,-0.7731898882334817,-0.8868104644313185,-0.587786664902119
2018-05-16,-0.21513174009856,1.50593395120732,1.15366684720162,-0.352267104005698,7.3978,1.0254,2.9435,6.4613,2.0336,0.7826999999999997,-1.3918000000000004,0.0093778340007133,-0.0070903227058192,71.0,0.4382549309311553,0.1120891389699211,-0.4519851237430572
2018-05-17,-0.20151941773388,1.50648831841195,1.15939756620153,-0.347090752210416,7.3608,1.0203,2.9288,6.429,2.1036,0.7557,-1.3889,0.0093413294946037,-0.0048333642671707,45.0,0.0571584138399486,0.4477821704696319,1.770706060030223
2018-05-18,-0.1876825497038,1.50426726798741,1.19130661695813,-0.312960651029271,7.4594,1.0339,2.968,6.5151,1.5932000000000004,0.7099000000000002,-1.3945999999999996,0.0091602139162978,0.012294876244205,53.0,0.1718502569266592,0.8212326449376453,1.637608789400797
2018-05-21,-0.17232362619041,1.51029316272731,1.15987446410675,-0.350418698620558,7.4348,1.0305,2.9582,6.4936,1.5042000000000004,0.7243000000000004,-1.4112,0.0096590497913554,0.0064106787594511,36.0,0.2076393647782445,-0.2658207681407832,-2.451005098112319
2018-05-22,-0.16613951718925,1.52948759883871,1.53344217106245,0.0039545722237415,7.3608,1.0203,2.9288,6.429,1.8014999999999997,0.6654999999999998,-1.4351000000000005,0.0095238741450232,0.0001584582886131,59.0,0.4307829160924543,-0.1711297526890886,0.2231435513142097
2018-05-23,-0.1691648148703899,1.52982852383741,1.53770083875464,0.0078723149172315,7.2128,0.9998,2.8699,6.2997,1.6811000000000005,0.6276999999999999,-1.4632999999999998,0.009191141432002,-0.0142202829177175,132.0,1.085189268335969,0.8430195771262143,0.7884573603642703
2018-05-24,-0.16868234512986,1.5264694977356,1.54217519940064,0.0157057016650379,7.1142,0.9861,2.8306,6.2136,1.7828000000000004,0.6726000000000001,-1.4337999999999995,0.0099794178151361,-0.0045270386948068,170.0,1.2788741124990537,1.1690197270036076,0.7911275889201491
2018-05-25,-0.17763018645598,1.52700471718215,1.54188343601755,0.0148787188353958,7.1265,0.9878,2.8355,6.2244,1.8825,0.5977000000000001,-1.4614999999999996,0.0097192488186403,-0.0042399993456676,127.0,1.1143606456362487,0.7339955849100834,0.8898574748059996
2018-05-28,-0.19559930160961,1.50246776484627,1.23534200497083,-0.267125759875442,7.1019,0.9844,2.8257,6.2028,2.2955,0.5950000000000002,-1.4638,0.0094707300774706,-0.0019823837256538,85.0,-0.0714589639821449,-1.1791260520270894,-1.5040773967762742
2018-05-29,-0.19152045994162,1.50245203328098,1.23724752639523,-0.265204506885745,7.0772,0.981,2.8159,6.1813,2.2582,0.5901999999999998,-1.4794000000000005,0.0091670438560861,-0.0046747748557507,203.0,1.125280535750271,0.8350414129032993,0.4996523231678654
2018-05-30,-0.16815253873555,1.50429336485231,1.33267032824523,-0.171623036607073,6.9416,0.9622,2.762,6.0628,2.2092,0.6136999999999997,-1.4735000000000005,0.0089953302775959,-0.0256483817173887,119.0,0.7108467576593461,0.107180931863699,0.3946541920039487
2018-05-31,-0.1379062376061099,1.52841339974039,1.52968599730459,0.0012725975642038,6.9786,0.9673,2.7767,6.0951,1.4389999999999996,0.6231999999999998,-1.476,0.011929510248192,0.0176087423702817,147.0,1.286210902562908,0.8811687704417905,-0.1112256351102243
2018-06-01,-0.12123888043163,1.52821622797676,1.53166528191319,0.0034490539364207,6.9539,0.9639,2.7669,6.0736,1.6998000000000002,0.6198999999999999,-1.4789,0.0126666966351909,-0.0065914295875781,103.0,0.3813675565291038,-0.2659939948121016,-1.8935421635379968
2018-06-04,-0.11088125645491,1.52827900153841,1.5344879284705,0.0062089269320977,7.0279,0.9741,2.7963,6.1382,2.2352,0.6473,-1.4707999999999997,0.0122623907328476,0.005206903041838,66.0,0.0,0.0838023008192887,-0.0800427076735363
2018-06-05,-0.11008927782424,1.52866292577001,1.53268624047526,0.0040233147052535,7.0279,0.9741,2.7963,6.1382,4.268,0.6456,-1.4736999999999996,0.0118134496564846,0.0074176423361329,78.0,0.6931471805599453,0.3341525162921497,-0.8266785731844679
2018-06-06,-0.1109716816012399,1.52917031111191,1.53338904647106,0.0042187353591483,6.9662,0.9656,2.7718,6.0844,2.1911,0.6452,-1.4464,0.0115230063350036,0.0003129682569849,102.0,1.0809127115687087,1.1929398995427056,0.8472978603872037
2018-06-07,-0.1169288174163,1.52921114561127,1.53402697207556,0.0048158264642876,7.0156,0.9724,2.7914,6.1274,2.3376,0.6467,-1.4427,0.0110230128664217,-0.001825476136668,72.0,0.6632942174102642,0.4472944038789592,0.5306282510621704
2018-06-08,-0.15913308554858,1.53030699013589,1.55090899521821,0.0206020050823208,6.8799,0.9536,2.7374,6.009,2.4119,0.6280000000000001,-1.4475000000000002,0.0105813763299719,-0.0137134812625188,173.0,1.1363526166509568,1.4157885193392266,2.169053700369523
2018-06-11,-0.17335896377196,1.53046141057098,1.54740244289551,0.0169410323245256,6.8799,0.9536,2.7374,6.009,3.0687,0.6162999999999998,-1.4321000000000002,0.0110611847225204,-0.0046944080300406,102.0,0.5187937934151675,0.5490885479700859,0.8690378470236095
2018-06-12,-0.18169628364026,1.53052419287905,1.54788828100149,0.0173640881224373,6.9046,0.957,2.7472,6.0305,2.3342,0.6335999999999999,-1.3970000000000002,0.0107075759644946,0.0088115779105013,104.0,0.9360933591703348,0.3801941574465194,-0.8266785731844679
2018-06-13,-0.17883848488791,1.53060124177108,1.54981598708177,0.0192147453106877,6.8799,0.9536,2.7374,6.009,2.3865,0.5333000000000001,-1.4364999999999997,0.0106343331032516,-0.0097903771836609,102.0,0.4307829160924543,-0.1441530123261964,-0.6778797084291569
2018-06-14,-0.16150295263882,1.5305017898713,1.54914801767831,0.0186462278070085,6.9292,0.9605,2.7571,6.0521,2.3188,0.5129999999999999,-1.4916999999999998,0.0106778318739712,-0.0018499645952836,83.0,0.3646431135879092,0.3762499872508268,-0.1213608570042674
2018-06-15,-0.1408599234264,1.52987470021702,1.54800166333145,0.0181269631144305,7.0279,0.9741,2.7963,6.1382,3.002600000000001,0.4484999999999997,-1.4918999999999998,0.0102656380565029,-0.0073388651179158,154.0,0.2151113796169455,-0.3303387939968727,-0.9295359586241756
2018-06-19,-0.12886857801383,1.52779190801677,1.49860666385846,-0.0291852441583145,7.0772,0.981,2.8159,6.1813,2.951,0.4185999999999996,-1.5379000000000005,0.0101475274731885,-0.0384816556347642,230.0,0.1726127426669937,-0.5402115084009723,0.1865859555804121
2018-06-20,-0.13090951604827,1.52773757443908,1.50506617040997,-0.0226714040291158,7.0156,0.9724,2.7914,6.1274,2.2109,0.4636999999999998,-1.4922999999999995,0.0156318538598524,0.0027163156870271,76.0,0.7884573603642703,-1.6690819077044,-1.2809338454620642
2018-06-21,-0.13498228891449,1.5053328147902,1.3375836309496,-0.167749183840596,7.0032,0.9707,2.7865,6.1167,2.1688000000000005,0.4032,-1.5372999999999997,0.0148444868867743,-0.0137863584950226,60.0,0.4519851237430572,-0.3002600031132351,0.1941560144409574
2018-06-22,-0.1212109639435,1.52788121578142,1.50232640933672,-0.0255548064447018,6.9909,0.969,2.7816,6.1059,2.2900000000000005,0.3883000000000001,-1.5372,0.0147627306037989,0.0048392185821404,60.0,0.6567795363890705,-0.1897505374510515,0.0800427076735363
2018-06-25,-0.1033122468903799,1.52754482676984,1.49484702795092,-0.0326977988189225,6.8306,0.9468,2.7178,5.9659,2.057,0.3985999999999996,-1.5350000000000006,0.0140947192083314,-0.0105839875709818,142.0,1.5093544538771178,1.6421280529942213,1.1631508098056809
2018-06-26,-0.07623750156468,1.52016232920022,1.45753006707583,-0.0626322621243958,6.6827,0.9263,2.6589,5.8367,1.4091999999999998,0.3805999999999998,-1.5323000000000002,0.0138187201282805,-0.0051994171319353,144.0,1.1118575154181305,1.4772980655419068,0.639658495608959
2018-06-27,-0.0434483724946299,1.5276549472786,1.4897004162092,-0.0379545310694001,6.547,0.9075,2.605,5.7182,1.8066,0.3530999999999999,-1.5644999999999998,0.0132491239353866,-0.0110755253947862,208.0,1.244324099849503,1.7002142490869072,1.8492165242528424
2018-06-28,-0.05945301651609,1.52754077411328,1.4896932634872,-0.0378475106260789,6.4114,0.8887,2.551,5.5998,1.7812,0.3458000000000001,-1.5598,0.0131029458493596,-0.0093859804240592,174.0,1.001448540214462,0.8588879830140733,1.2150226405125208
2018-06-29,-0.06285882806805,1.52751257498276,1.48848696022318,-0.0390256147595767,6.5594,0.9092,2.6099,5.729,2.3321,0.3715000000000001,-1.5799000000000003,0.0128373098714146,0.021484006867273,77.0,0.2135741002980591,-0.5729037677703521,0.3894647667617233
2018-07-02,-0.06186657897905,1.52720194694327,1.48628453322236,-0.0409174137209072,6.2634,0.8682,2.4921,5.4705,1.7477999999999998,0.4279999999999999,-1.5603999999999996,0.0139742467643972,-0.0255612060761611,217.0,1.6519975268528964,2.163748783002406,3.056356895370426
2018-07-03,-0.04274075020853,1.52686907655429,1.48650050097717,-0.0403685755771204,6.3374,0.8784,2.5216,5.5352,1.7525000000000004,0.5522999999999998,-1.5267,0.0155725574284827,0.0040740415697086,124.0,1.1786549963416462,0.9413166210159072,0.4418327522790392
2018-07-04,-0.03597282247732,1.5269469540956,1.48548769253635,-0.0414592615592446,6.3621,0.8818,2.5314,5.5567,3.8379,0.5531000000000001,-1.5095,0.0148194901624417,-0.0100115264342033,73.0,0.7827593392496325,1.6024307135507128,0.8823891801984737
2018-07-05,-0.03900904400164,1.52675230558449,1.48695980708175,-0.0397924985027402,6.4484,0.8938,2.5657,5.6321,1.0680999999999998,0.5498000000000003,-1.4887,0.0144292976720058,-0.0091914223254381,99.0,1.203972804325936,1.7270003417615816,0.9162907318741552
2018-07-06,-0.05688045144681,1.52619239897103,1.4811877301077,-0.0450046688633212,6.5224,0.9041,2.5952,5.6967,0.9383000000000004,0.6465000000000001,-1.4611,0.0140201785872853,0.0048700447189702,89.0,0.7654678421395714,-0.6020903300763123,-0.084557388028063
2018-07-09,-0.08190090737419,1.52581215161988,1.47692919352917,-0.0488829580907069,6.8183,0.9451,2.7129,5.9551,2.2594,0.6737000000000002,-1.4164999999999996,0.0134120156424164,0.0244085742853297,103.0,-0.251314428280906,-0.4449441866393707,-0.8362480242006186
2018-07-10,-0.06905750219346,1.52562521864664,1.47556986251817,-0.0500553561284689,6.806,0.9434,2.708,5.9444,1.9111,0.6951999999999998,-1.3693999999999995,0.0148963331253906,0.0044360478348197,56.0,-0.4307829160924542,0.2737076021902174,-0.5306282510621704
2018-07-11,-0.07680190012906,1.52584028867053,1.47864244898999,-0.0471978396805397,6.7566,0.9365,2.6884,5.9013,1.4918999999999998,0.6631,-1.3819999999999997,0.0142050915728478,-0.0177883638975053,94.0,0.4054651081081644,-0.2198547862139726,-0.8109302162163288
2018-07-12,-0.07787789868246,1.52175726469402,1.47532421918764,-0.0464330455063791,6.9786,0.9673,2.7767,6.0951,2.0208,0.7532000000000001,-1.3473000000000002,0.0146401092774928,0.0213304319895302,88.0,-0.4643056081310978,-0.8311257497900114,-0.8842024173226546
2018-07-13,-0.08651683799861,1.52187552837485,1.47445612474852,-0.0474194036263338,6.6087,0.916,2.6295,5.7721,1.4291999999999998,0.7023999999999999,-1.3746000000000005,0.015434311395865,-0.002284382762145,79.0,0.9028677115420144,1.2580985401200997,1.3523928094442093
2018-07-16,-0.11561977687503,1.52205278343444,1.47339532842354,-0.048657455010902,6.4484,0.8938,2.5657,5.6321,1.8313,0.7549999999999999,-1.3313,0.0146585084765885,-0.0060730798746746,85.0,1.5040773967762742,0.6798843091902099,-0.1133286853070031
2018-07-17,-0.16308144797856,1.52212949438394,1.47405661235812,-0.0480728820258269,6.4484,0.8938,2.5657,5.6321,1.9425000000000003,0.7404999999999999,-1.3512999999999995,0.0140567357873039,-0.0056719412248025,55.0,0.3448404862917296,-0.0317155456631939,-0.4353180712578455
2018-07-18,-0.16733082297622,1.52215594907144,1.47411290720852,-0.0480430418629216,6.4484,0.8938,2.5657,5.6321,1.0639000000000003,0.6116000000000001,-1.3600999999999996,0.0134871732986856,-0.0038919135586059,42.0,0.6418538861723947,-1.504326629712686,-1.2809338454620642
2018-07-19,-0.150207698789,1.52227138529658,1.47435704634784,-0.0479143389487446,6.3744,0.8836,2.5363,5.5675,0.9478000000000004,0.6126,-1.3578,0.0128976711247641,-0.0052921428773649,69.0,0.9162907318741552,0.7385511094597735,-0.1625189294977749
2018-07-20,-0.15721170290896,1.52239644128702,1.47457043587334,-0.0478260054136832,6.7443,0.9348,2.6835,5.8905,2.3368,0.6550000000000002,-1.2478000000000002,0.012409057568345,0.0202533367667072,117.0,-0.1300531282481977,-1.158041071070019,-1.1499055830556604
2018-07-23,-0.12871443044894,1.52191548293329,1.48080553886795,-0.0411099440653411,6.9046,0.957,2.7472,6.0305,1.6528999999999998,0.6571000000000002,-1.2412999999999998,0.0134410034918765,0.0106424600426597,100.0,0.0,-2.0976468445910728,-1.9588135538912208
2018-07-24,-0.09399420865644,1.52155994838187,1.47960423878672,-0.0419557095951475,6.9169,0.9588,2.7521,6.0413,1.7389,0.6981999999999999,-1.2034999999999996,0.0132170652928055,0.0159651502815867,51.0,0.4274440148269396,-1.037900964465883,-1.2809338454620642
2018-07-25,-0.08620854286881,1.52154052761476,1.47798698719207,-0.0435535404226968,6.9292,0.9605,2.7571,6.0521,0.7155,0.7195,-1.2087000000000003,0.0135448113381691,-0.0006593325301986,36.0,0.0953101798043249,-0.2235870524460713,-0.4054651081081644
2018-07-26,-0.09958418196456,1.52080829777671,1.46732056435532,-0.0534877334213975,6.8429,0.9485,2.7227,5.9767,2.6995,0.7849999999999997,-1.2240000000000006,0.0128905416069565,-0.0074047256859799,41.0,0.1335313926245225,0.3086059784880998,1.203972804325936
2018-07-27,-0.1299105912773299,1.52366888084582,1.50607726969726,-0.0175916111485586,6.8306,0.9468,2.7178,5.9659,1.8362,0.7810999999999999,-1.2289,0.0125123918957932,-0.0029992625447707,28.0,0.1053605156578263,-0.1043840601135855,-0.9650808960435872
2018-07-30,-0.19378594364145,1.52386963612185,1.5112355071425,-0.012634128979355,6.8923,0.9553,2.7423,6.0198,1.3255,0.8339000000000003,-1.2337999999999996,0.0119753506670957,-0.0015826513022467,41.0,0.4418327522790392,0.4165697199838986,-0.4795730802618862
2018-07-31,-0.22805525346262,1.52353683546896,1.51068727289605,-0.0128495625729117,6.9662,0.9656,2.7718,6.0844,2.3123,0.8407,-1.2292,0.0114520928220908,0.0025590348884803,35.0,0.0,0.3603337024422501,-0.2231435513142097
2018-08-01,-0.23365311621304,1.52343679917041,1.51320888081138,-0.0102279183590361,6.8429,0.9485,2.7227,5.9767,2.059,0.8475000000000001,-1.2142999999999995,0.0109845329291094,-0.0181965361099871,34.0,0.9444616088408516,-0.3092367366868275,0.2006706954621512
2018-08-02,-0.20417633914773,1.52304885226732,1.5068553638514,-0.0161934884159192,6.7073,0.9297,2.6687,5.8582,1.8723000000000003,0.8555999999999999,-1.1444000000000003,0.012017588908154,-0.0202096169160688,68.0,1.1786549963416462,1.1111043923598598,0.7537718023763802
2018-08-03,-0.16421752766945,1.52294720342681,1.50467023654735,-0.0182769668794669,6.7566,0.9365,2.6884,5.9013,1.8021,0.9016000000000002,-1.1507999999999998,0.013157394424495,-0.0100141224381804,54.0,0.2231435513142097,-0.7852231005740891,-1.6094379124341005
2018-08-06,-0.1281906928564,1.52280709590768,1.50507998018903,-0.0177271157186458,6.7936,0.9417,2.7031,5.9336,1.1772,0.9640999999999996,-1.0955999999999997,0.0129340501339381,-0.012959783225618,66.0,1.067840630001356,0.3893856876380764,-1.4759065198095778
2018-08-07,-0.10790147478703,1.52263765198489,1.50448459545897,-0.0181530565259171,6.9046,0.957,2.7472,6.0305,1.4419000000000004,1.0849000000000002,-1.0432,0.0130001992527171,0.0270659560422279,50.0,0.3364722366212129,-1.164199745366682,-0.8754687373538999
2018-08-08,-0.0883186652434,1.52266878391134,1.50485756926253,-0.0178112146488036,6.7936,0.9417,2.7031,5.9336,3.2271,1.1206,-1.0239999999999996,0.0150312629701265,-0.0127836485161862,37.0,0.9444616088408516,1.4454532350796712,2.8903717578961645
2018-08-09,-0.0644476403708,1.52278189084797,1.50334633800891,-0.0194355528390588,6.8676,0.9519,2.7325,5.9982,1.7873,1.1146000000000005,-1.0389,0.014837739548382,0.0181688274897693,36.0,1.6094379124341005,1.1154656882693232,0.6931471805599453
2018-08-10,-0.0560890796963199,1.52263142795647,1.50578584675267,-0.0168455812037938,6.7813,0.94,2.6982,5.9228,1.8418,1.1340000000000003,-1.0586000000000002,0.0151966584320833,0.0003320755627829,59.0,1.0360919316867758,0.4578612048581159,0.6931471805599453
2018-08-13,-0.07892355322701,1.52241744639709,1.50487968115222,-0.0175377652448678,6.658,0.9229,2.6491,5.8152,2.0278,1.0587999999999995,-1.0480000000000005,0.0144182968491509,-0.0033820467295928,5.0,0.6931471805599453,-0.1712197203125939,0.0
2018-08-14,-0.11762551585922,1.52243367215523,1.51354196732275,-0.0088917048324843,6.6333,0.9194,2.6393,5.7936,1.1864,0.969,-1.0948000000000002,0.0137415892340068,-0.0017630843596911,5.0,-1.0986122886681098,-10.688621213708446,-2.19722457733622
2018-08-15,-0.17441675592005,1.5225661655918,1.5216150955476,-0.0009510700441959,6.5224,0.9041,2.5952,5.6967,2.7097999999999995,1.0488,-1.0524,0.0130838475802485,-0.020969035177127,66.0,0.9315582040049436,-0.2352321945757207,0.2151113796169455
2018-08-16,-0.19511258370785,1.52303232477355,1.52940345723694,0.006371132463383,6.4977,0.9006,2.5853,5.6752,0.7231000000000001,0.9981,-1.0539,0.0141356553362102,-0.0066560322106692,93.0,0.9745596399981308,0.9863230348920722,0.965080896043587
2018-08-17,-0.21080347067792,1.52320989431467,1.52276288827741,-0.0004470060372576,6.4854,0.8989,2.5804,5.6644,1.6253000000000002,0.9759000000000002,-1.0630999999999995,0.0136051628747819,-0.013481647061182,69.0,1.0459685551826878,1.2872803867559923,0.9343092373768334
2018-08-20,-0.18720129372363,1.52309642257418,1.52193402397907,-0.0011623985951192,6.6087,0.916,2.6295,5.7721,1.0400999999999998,0.9137,-1.1223999999999998,0.0136408244317776,0.0109922578008889,59.0,1.1314021114911006,0.3871740629184741,1.3437347467010947
2018-08-21,-0.14320915659063,1.52323144549146,1.51652361590552,-0.0067078295859366,6.658,0.9229,2.6491,5.8152,1.0061999999999998,0.9089999999999998,-1.1465000000000003,0.0134238841413618,0.0130188502890042,29.0,0.2513144282809061,-0.2270350143092072,0.9162907318741552
2018-08-22,-0.09345711970001,1.52346936576117,1.51586525014158,-0.0076041156195951,6.6457,0.9212,2.6442,5.8044,1.0137,0.8866999999999998,-1.2190000000000003,0.0134107185541255,-0.0070546059976051,35.0,0.8472978603872037,0.4819071424203155,3.218875824868201
2018-08-23,-0.06280056757108,1.52343242801114,1.51572102772239,-0.0077114002887461,6.658,0.9229,2.6491,5.8152,1.0819,0.918,-1.2613000000000003,0.0129647286758767,0.0036829501726929,44.0,0.6931471805599453,0.0517774776230595,-3.0757749812275272
2018-08-24,-0.0636301727727099,1.52279763924612,1.52054137052277,-0.0022562687233471,6.769,0.9382,2.6933,5.9121,1.3199,0.9335,-1.2425000000000002,0.0124029881270115,0.001762505536881,49.0,0.5978370007556204,0.4759963227986814,0.5596157879354227
2018-08-27,-0.08821913689441,1.50488815578534,1.24117229646398,-0.263715859321352,6.8183,0.9451,2.7129,5.9551,2.7492,0.9622000000000002,-1.2401,0.0118447466911859,0.0186811674314428,29.0,0.262364264467491,-0.1189423856524126,-1.2205021062771466
2018-08-28,-0.13135253857731,1.5053032970478,1.24500928925031,-0.260294007797488,6.7936,0.9417,2.7031,5.9336,3.1052000000000004,0.9394,-1.2702,0.0127489554729768,-0.0010499238598651,21.0,0.2231435513142097,0.3336050045296033,0.0953101798043249
2018-08-29,-0.15923079325703,1.50373547029995,1.34001145751707,-0.163724012782879,6.769,0.9382,2.6933,5.9121,1.7550000000000003,0.9368000000000004,-1.2752999999999997,0.0121584543941292,-0.0031316660219795,35.0,0.1335313926245225,-0.5284214156669695,1.0986122886681098
2018-08-30,-0.16190956235724,1.5047564882102,1.24622940931486,-0.258527078895344,6.658,0.9229,2.6491,5.8152,0.9246,0.9318,-1.2852000000000006,0.0116537342000224,-0.0114611096811083,127.0,1.0159205728229963,-0.2950928890666258,0.2825669717850104
2018-08-31,-0.17314291442903,1.5039212364651,1.34301916434824,-0.160902072116855,6.6061,0.9265,2.6687,5.8582,2.0051000000000005,0.9333,-1.2759999999999998,0.0117304709069352,-0.0045714268256471,110.0,0.4054651081081644,-0.7407093510621021,-1.2992829841302609
2018-09-03,-0.18267639512572,1.50494340672123,1.35614109933156,-0.148802307389667,6.5939,0.9248,2.6638,5.8475,1.4919000000000002,0.9720999999999996,-1.2559,0.0113118828493012,-0.0016582864679826,41.0,0.6931471805599453,-0.2826403108236719,0.9162907318741552
2018-09-04,-0.19128559731321,1.50482393402331,1.2720356190126,-0.232788315010709,6.6061,0.9265,2.6687,5.8582,1.8249,0.9881000000000002,-1.2409,0.0108434591667827,0.0109101000905909,42.0,1.2321436812926323,0.8150680779127223,-2.321161478566981
2018-09-05,-0.17470138272295,1.50437377952995,1.27447679383027,-0.229896985699685,6.4968,0.9112,2.6246,5.7613,2.4447,1.0373,-1.21,0.0109430489796481,-0.0169552373178021,59.0,0.8754687373538999,2.496126194539104,3.040546289343784
2018-09-06,-0.15252051914262,1.50468427311821,1.27596499248695,-0.228719280631257,6.4725,0.9078,2.6148,5.7398,2.2277,1.0304000000000002,-1.21,0.0117994249387559,-0.004723532144939,56.0,0.3629054936893685,-0.5271968431592651,-0.3946541920039487
2018-09-07,-0.12622136668282,1.50482443144075,1.27194976085714,-0.23287467058361,6.4968,0.9112,2.6246,5.7613,1.0882,1.0863,-1.1908999999999996,0.0113812037411965,0.0039703467885114,46.0,0.0,-0.8066333156178094,-1.1420974006078484
2018-09-10,-0.11696219582602,1.50660370520483,1.27435558603879,-0.232248119166047,6.4846,0.9095,2.6197,5.7505,1.6955,1.0501,-1.1681,0.0109599500814447,-0.0122181386703532,58.0,0.7731898882334817,0.6983899613949327,-0.6190392084062235
2018-09-11,-0.11644452703525,1.50704210284448,1.35962210394944,-0.147419998895037,6.4846,0.9095,2.6197,5.7505,3.078,1.0581,-1.1739000000000002,0.0112075779052506,-0.0017564872919528,48.0,0.0,-0.0877463482064664,0.7884573603642703
2018-09-12,-0.12953735996862,1.50765029403823,1.3501963014421,-0.157453992596133,6.4239,0.901,2.5952,5.6967,2.9278000000000004,1.0122,-1.2031999999999998,0.0107494027206197,-0.0032662112502457,54.0,1.0216512475319812,0.8980077326575955,1.791759469228055
2018-09-13,-0.12216740710207,1.50788305138689,1.34841053295147,-0.159472518435429,6.521,0.9146,2.6344,5.7828,2.8539,1.0349,-1.2070000000000003,0.0103679373044858,0.011405729644446,40.0,-0.2876820724517809,-0.2104933216830855,1.0986122886681098
2018-09-14,-0.1290287943805,1.50889644430888,1.34753291181705,-0.161363532491838,6.521,0.9146,2.6344,5.7828,3.2219,1.0141,-1.2201,0.0105814653815109,-0.0018387100422225,33.0,0.2876820724517808,-0.2228163483776369,-0.587786664902119
2018-09-17,-0.13555579068153,1.50896903195269,1.34652817177323,-0.162440860179458,6.4603,0.9061,2.6099,5.729,2.5467,0.9926,-1.1962000000000002,0.0101772314133884,-0.0111953479479973,39.0,1.0498221244986776,-0.2631044687642258,-2.032921526044943
2018-09-18,-0.13356522370176,1.50886968668804,1.34764316265333,-0.161226524034704,6.5453,0.918,2.6442,5.8044,3.3564000000000003,1.0278,-1.1775000000000002,0.0104225461810236,0.0179989356355161,26.0,0.2513144282809061,-1.1819918098678277,-2.079441541679836
2018-09-19,-0.14795253205216,1.50980873987198,1.3524389256137,-0.157369814258281,6.6061,0.9265,2.6687,5.8582,2.8996,1.0583,-1.1390000000000002,0.011497076705192,0.0113797345451001,30.0,-1.0986122886681098,-1.9499763875268843,-1.203972804325936
2018-09-20,-0.17426746339657,1.51028673353396,1.35597434527664,-0.154312388257317,6.6668,0.9351,2.6933,5.9121,1.3611,1.0711,-1.1182000000000003,0.0115600549751158,-0.000588451413817,30.0,0.0,-1.569011145455834,-1.749199854809259
2018-09-21,-0.2055667016326799,1.53081093079253,1.52010185587518,-0.0107090749173542,6.9825,0.9793,2.8208,6.1921,2.3286,1.0665,-1.1333000000000006,0.011059275219064,0.0246961532771825,70.0,-0.0769610411361283,-0.0907727523067367,-0.5978370007556204
2018-09-25,-0.22212785477623,1.53059050260239,1.5213108641413,-0.0092796384610882,6.8854,0.9657,2.7816,6.1059,2.1524,1.0589,-1.1551999999999998,0.0131392455575793,-0.0058603515253317,26.0,-0.587786664902119,-1.4999212961451232,-5.10594547390058
2018-09-26,-0.24115597583829,1.5306577836202,1.52079885511488,-0.0098589285053256,6.9218,0.9708,2.7963,6.1382,3.0284,1.0123000000000002,-1.1750000000000005,0.0126557573586267,0.0091894066358513,39.0,0.0741079721537218,-0.7035007182450275,0.2876820724517808
2018-09-27,-0.28118943357831,1.53065360277473,1.51943579706271,-0.0112178057120256,6.9096,0.9691,2.7914,6.1274,3.250900000000001,1.0073000000000003,-1.1888999999999994,0.0124021564637291,-0.005372260255779,41.0,-0.3101549283038396,-0.6266095971977669,-0.8472978603872037
2018-09-28,-0.30337879348111,1.53052591706197,1.51948326257234,-0.0110426544896292,7.0068,0.9828,2.8306,6.2136,2.9444,0.9571999999999998,-1.1892,0.0119599397155812,0.0105380066255866,38.0,-0.1431008436406733,-0.3233753419057261,-0.1823215567939546
2018-10-08,-0.30267906063731,1.53167081898945,1.54590544001798,0.0142346210285333,6.7518,0.947,2.7276,5.9875,1.2891,1.0112,-1.1707999999999998,0.0118897563108479,-0.0378674137889643,63.0,1.0704414117014134,1.02385203988503,0.0800427076735363
2018-10-09,-0.3056612698259,1.53139248706788,1.54404451884333,0.0126520317754459,6.7153,0.9419,2.7129,5.9551,2.3352,1.0714,-1.1622999999999997,0.0165359003880079,0.001656121987124,44.0,0.5705448584676129,-0.6023251792147133,0.5108256237659907
2018-10-10,-0.27370417347818,1.53130848209599,1.54397985675694,0.0126713746609477,6.7396,0.9453,2.7227,5.9767,2.8007,1.0843000000000005,-1.1556000000000002,0.0156688899002302,0.0017711894128602,38.0,0.4054651081081644,2.3943299732482117,2.0149030205422647
2018-10-11,-0.23618259278976,1.5291597285859,1.47274881929994,-0.0564109092859599,6.5575,0.9197,2.6491,5.8152,1.4729,1.0278,-1.1667999999999998,0.0148653723148454,-0.0536468087996171,104.0,0.4828517717235845,0.4701892170957816,2.379546134130174
2018-10-12,-0.19334231423224,1.52709602406447,1.43947825439485,-0.0876177696696248,6.7153,0.9419,2.7129,5.9551,2.4537000000000004,1.3382999999999998,-1.1474000000000002,0.0220976860668609,0.0090379528469544,68.0,0.3364722366212129,-0.3401249975893866,-0.1823215567939546
2018-10-15,-0.1533774339522,1.51022081873969,1.24157999282974,-0.268640825909948,6.5939,0.9248,2.6638,5.8475,2.5817999999999994,1.3442000000000005,-1.1414,0.0210310305353794,-0.0150008680545496,57.0,0.6061358035703155,0.3799315585740502,-1.0986122886681098
2018-10-16,-0.08287252253718,1.50954696390575,1.24027407956723,-0.269272884338512,6.6182,0.9283,2.6737,5.869,1.6672000000000002,1.2702,-1.1514000000000002,0.0204151407997454,-0.0085127531210718,52.0,0.7282385003712155,-1.0070570981371056,-1.6739764335716716
2018-10-17,-0.07255313201158,1.50890896591722,1.23760812423127,-0.271300841685956,6.5939,0.9248,2.6638,5.8475,1.0486,1.2212,-1.1258999999999997,0.0194651203783847,0.0059845788499979,57.0,0.6567795363890705,-0.8013367137909226,-1.3862943611198906
2018-10-18,-0.03986595881122,1.50825943639977,1.2334998859871,-0.274759550412678,6.4968,0.9112,2.6246,5.7613,0.9583999999999996,1.1942000000000004,-1.1515,0.0184799777139087,-0.0297941667213521,86.0,0.3646431135879092,-0.2173703929017014,-0.1670540846631662
2018-10-19,0.01675353415957,1.5076676207906,1.2384495617422,-0.269218059048397,6.6546,0.9334,2.6884,5.9013,0.8026999999999997,1.2127999999999997,-1.1262000000000003,0.0198677702572423,0.0254324120461122,54.0,0.4700036292457356,-0.8421561966978495,-1.4759065198095778
2018-10-22,0.0060299614362664,1.50610115544144,1.2649096517732,-0.241191503668245,6.8368,0.9589,2.762,6.0628,0.8090999999999999,1.1780000000000004,-1.1106999999999996,0.0203971022132571,0.0401222507005494,32.0,0.6931471805599453,1.048124354848326,1.8971199848858813
2018-10-23,0.0098235694211808,1.50260516815445,1.28791675664718,-0.214688411507272,6.6425,0.9317,2.6835,5.8905,0.8367999999999998,1.1578,-1.1406999999999998,0.0230372656884495,-0.0228787549493763,34.0,0.3101549283038394,-0.9427942772718692,-0.6359887667199967
2018-10-24,0.0145699792836,1.50192066909887,1.29173550869535,-0.210185160403519,6.8246,0.9572,2.7571,6.0521,0.8562000000000003,1.1062000000000003,-1.1412,0.0229046967168142,0.0032587191205468,69.0,-0.0714589639821449,-0.1076197413740111,-0.1335313926245226
2018-10-25,0.0048629308563613,1.50406137709107,1.28458203100438,-0.219479346086695,6.8611,0.9623,2.7718,6.0844,1.0398999999999998,1.1184000000000005,-1.1313,0.0216172792292788,0.0001937356780796,58.0,0.3136575588550416,0.0499750406684143,-0.3677247801253174
2018-10-26,-0.0144437482068299,1.50427767731303,1.29400747880191,-0.210270198511118,6.9096,0.9691,2.7914,6.1274,1.8485,1.1221,-1.1313999999999995,0.0203933274240783,-0.0019039162804839,70.0,1.157452788691043,0.2578959599895596,0.9444616088408516
2018-10-29,-0.08680267856186,1.50495972137876,1.33051265634931,-0.174447065029448,6.7761,0.9504,2.7374,6.009,0.9042,1.0909,-1.1364,0.0192627146844229,-0.0220759989385603,38.0,-0.4595323293784402,-0.742915439012507,-0.3483066942682157
2018-10-30,-0.12982137989134,1.50326101880693,1.3161980195261,-0.187062999280835,6.8368,0.9589,2.762,6.0628,2.0491,1.109,-1.1057000000000006,0.0195061965531564,0.0101543069468359,49.0,-0.2363887780642304,-2.09786617970757,-1.9694406464655076
2018-10-31,-0.09478193912587,1.5028828283373,1.30375924737234,-0.199123580964966,6.7408,0.9201,2.762,6.0628,1.5995999999999997,0.8830999999999998,-1.1081999999999996,0.0186959813909816,0.0134352178485981,45.0,0.3364722366212129,-3.2464222108412706,-3.0325462466767075
2018-11-01,-0.0595543655056,1.5029439309182,1.30171582465483,-0.201228106263378,6.6689,0.9103,2.7325,5.9982,1.8636,0.8797999999999999,-1.1061000000000003,0.0181647039036577,0.0013261612514376,54.0,0.048790164169432,-1.0902307422978,1.6999519199749322
2018-11-02,-0.02233986618663,1.50416568024715,1.27236203708669,-0.231803643160466,6.7527,0.9217,2.7669,6.0736,1.7024,0.8835999999999999,-1.0565999999999995,0.0171802876335074,0.0265935833198556,41.0,0.3483066942682158,-0.607281815534285,0.7884573603642703
2018-11-05,0.0155021472351,1.50440283557921,1.2808773253592,-0.22352551022001,6.6569,0.9086,2.7276,5.9875,1.7198000000000002,0.8475999999999999,-1.0693,0.0182875550641173,-0.0041354580509818,27.0,-0.1053605156578262,-0.997571046986412,-0.916290731874155
2018-11-06,0.02367014753408,1.50314401847786,1.31112391704798,-0.192020101429883,6.621,0.9037,2.7129,5.9551,1.0385,0.8420999999999998,-1.0866000000000002,0.0173429786226511,-0.0022814819202219,28.0,0.0,-1.6400575974545797,-2.209494669928034
2018-11-07,-0.04493037388627,1.50369640278229,1.32007747798993,-0.183618924792358,6.6091,0.9021,2.708,5.9444,0.8576999999999999,0.8268,-1.1016000000000004,0.0164293675417776,-0.0067970172966456,31.0,0.4054651081081644,-0.5169355864422707,-1.642227735257091
2018-11-08,-0.10384266016487,1.50374734864638,1.32305844199932,-0.180688906647059,6.621,0.9037,2.7129,5.9551,1.1198,0.8532000000000002,-1.0770999999999995,0.0157158608120527,-0.0021640440191239,33.0,0.3364722366212129,0.0884398033144823,2.512305623976115
2018-11-09,-0.14038777064888,1.49667759888018,1.28203647398525,-0.214641124894934,6.4055,0.8743,2.6246,5.7613,1.0734,0.9599000000000002,-1.0857,0.0149175433608307,-0.0140457649708736,138.0,0.8850381883700505,1.4679935541145663,1.025049721491093
2018-11-12,-0.16511328281035,1.49796370388141,1.27444441763727,-0.223519286244133,6.4175,0.8759,2.6295,5.7721,2.1508,0.9562,-1.0804000000000005,0.0148519462882758,0.0121040428566541,56.0,0.1053605156578263,0.1628860345914656,0.1541506798272583
2018-11-13,-0.14591584217897,1.49140041445355,1.22865742364012,-0.262742990813427,6.4414,0.8792,2.6393,5.7936,1.2500999999999998,0.9523,-1.0783999999999994,0.0145981818551377,0.0092179123992997,48.0,0.3829922522561057,0.3999432222884134,-0.6931471805599453
2018-11-14,-0.10723876163401,1.49385339182423,1.26267441521658,-0.231178976607644,6.3576,0.8678,2.605,5.7182,1.5322,0.8717000000000001,-1.1044,0.0141580827719952,-0.0085631231226566,46.0,0.7339691750802005,-0.85118971980886,-0.916290731874155
2018-11-15,-0.07538665555687,1.49484734476916,1.26463697170314,-0.230210373066029,6.4055,0.8743,2.6246,5.7613,1.7997,0.8888000000000003,-1.1301,0.0137335607629051,0.0135568496026285,42.0,0.2231435513142097,0.0467866348401166,-0.6931471805599453
2018-11-16,-0.06397306007258,1.49442550933027,1.26286607136341,-0.23155943796686,6.3935,0.8727,2.6197,5.7505,1.9662,0.8689,-1.1309999999999998,0.0137355024738013,0.0040915437592232,38.0,0.2231435513142097,0.1106402368021418,-0.1541506798272583
2018-11-19,-0.06607893428593,1.52062051227802,1.54024971124944,0.0196291989714228,6.4773,0.8841,2.654,5.8259,1.7207000000000003,0.8834000000000004,-1.0728999999999995,0.0131244601723971,0.0090669827258613,30.0,-0.4418327522790392,0.2940190610325534,-0.2231435513142097
2018-11-20,-0.1150523439097599,1.52107768237588,1.54900437213327,0.0279266897573909,6.4055,0.8743,2.6246,5.7613,1.007,0.8666999999999998,-1.0757,0.0128150859573014,-0.0215574450462501,45.0,0.4353180712578455,-0.8365097801224162,-1.466337068793427
2018-11-21,-0.15006811634834,1.52134177827964,1.55300434600036,0.0316625677207194,6.4175,0.8759,2.6295,5.7721,1.34,0.8834999999999997,-1.0856000000000003,0.0140074595287364,0.0021334409429147,36.0,-0.7621400520468967,-0.829944273324175,1.3862943611198906
2018-11-22,-0.16498280357235,1.52413448887106,1.59069779625749,0.0665633073864276,6.4175,0.8759,2.6295,5.7721,1.8363,0.8730000000000002,-1.0629,0.0133312705390601,-0.0022924192367028,35.0,-0.0800427076735363,-0.7328004460668603,-1.203972804325936
2018-11-23,-0.184497035656,1.52466857214059,1.5935974848248,0.0689289126842076,6.3816,0.871,2.6148,5.7398,1.5510000000000002,0.9064,-1.0637,0.0127137707537725,-0.0252460672011052,56.0,0.4418327522790392,0.1029563527774744,0.0953101798043249
2018-11-26,-0.1828863756668799,1.52683346526355,1.62352496845858,0.0966915031950302,6.4055,0.8743,2.6246,5.7613,1.6431,0.9657,-1.0391000000000004,0.0145358999404003,-0.0014249434431743,47.0,0.0,-0.5180136858077847,0.2006706954621512
2018-11-27,-0.15982310830955,1.52377974331982,1.60258890401457,0.0788091606947512,6.3816,0.871,2.6148,5.7398,2.3033,0.9402,-1.0581,0.0138143510329615,-0.0004391427502525,42.0,0.1670540846631662,-0.5575095145887723,-2.0149030205422647
2018-11-28,-0.12038135874188,1.52614577004843,1.6016464702015,0.075500700153069,6.4055,0.8743,2.6246,5.7613,1.3607999999999998,0.8754,-1.0842999999999998,0.0131387072764607,0.0104541628767691,45.0,0.2682639865946793,-0.6885811908578148,-0.492476485097794
2018-11-29,-0.10783046980634,1.52864897802668,1.56678580708315,0.038136829056465,6.3816,0.871,2.6148,5.7398,1.854,0.8904000000000001,-1.0941000000000003,0.0129316547740169,-0.0132684889202154,51.0,0.1718502569266592,-0.3315299090158752,0.8754687373538999
2018-11-30,-0.08826040474643,1.52947317231054,1.56023756613453,0.0307643938239928,6.3816,0.871,2.6148,5.7398,1.7933000000000003,0.8759000000000001,-1.0802999999999998,0.0130295178000241,0.0080472059955232,47.0,-0.1941560144409575,-0.7005418061911124,-0.7949298748698876
2018-12-03,-0.07103229028863,1.52803672475565,1.53595884338406,0.0079221186284121,6.4773,0.8841,2.654,5.8259,2.2127000000000003,0.8795999999999999,-1.1039999999999996,0.0126618496636422,0.025410745154474,33.0,-0.1823215567939546,-0.2172274060327197,-1.203972804325936
2018-12-04,-0.09293641650835,1.52855103465587,1.56585546689566,0.0373044322397893,6.4893,0.8857,2.6589,5.8367,1.8961,0.8362000000000003,-1.1451999999999996,0.0144794664365706,0.0041947862270959,33.0,-0.1670540846631662,-0.5814448067516245,-1.6916760106710724
2018-12-05,-0.1287696565450199,1.5342832793315,1.68045877061247,0.146175491280974,6.4654,0.8825,2.6491,5.8152,1.8071,0.8136999999999999,-1.1096999999999997,0.0138132670553285,-0.0060772650404334,41.0,0.0741079721537218,-0.8678770211187816,0.6931471805599453
2018-12-06,-0.1598479903968,1.46557264289395,1.41764299632745,-0.0479296465664962,6.4055,0.8743,2.6246,5.7613,1.1537000000000002,0.8067000000000002,-1.0988999999999995,0.0132822944413034,-0.0169838204110339,41.0,0.6931471805599453,0.2974796375569125,-0.0953101798043249
2018-12-07,-0.17731339500371,1.46641912769374,1.40924253143447,-0.0571765962592683,6.4055,0.8743,2.6246,5.7613,1.7239000000000004,0.8251999999999997,-1.0711999999999997,0.0137547423576189,0.0002710768243057,25.0,-0.2876820724517809,-1.6207361582879156,-1.9459101490553132
2018-12-10,-0.2164043678292199,1.46529060246939,1.37251917131955,-0.0927714311498324,6.3816,0.871,2.6148,5.7398,2.5657,0.7968999999999999,-1.0790000000000002,0.0130823981056121,-0.0082094763973818,27.0,0.5108256237659907,-1.1621863773326495,-2.1400661634962708
2018-12-11,-0.24238490819623,1.46657163417027,1.37944928194257,-0.0871223522276994,6.3816,0.871,2.6148,5.7398,1.4350999999999998,0.7943000000000002,-1.0576,0.0127366580202993,0.0036711781695579,30.0,0.1670540846631662,0.4487876638933483,0.4855078157817008
2018-12-12,-0.21926520098246,1.46733163817166,1.38669521828208,-0.0806364198895864,6.3935,0.8727,2.6197,5.7505,1.8756,0.7505000000000002,-1.0475,0.0121929256544068,0.0031039772560585,33.0,0.0870113769896296,0.0583705058164226,-0.2231435513142097
2018-12-13,-0.17135807982919,1.46827175002059,1.3874005210475,-0.0808712289730873,6.4534,0.8808,2.6442,5.8044,1.6922,0.7328000000000001,-0.9848999999999996,0.0116777317616766,0.0121832184326686,28.0,-1.01160091167848,-1.1423470092955268,-1.01160091167848
2018-12-14,-0.12947667195095,1.46954458330346,1.39117991080017,-0.0783646725032927,6.4055,0.8743,2.6246,5.7613,2.3450999999999995,0.7483,-0.9916,0.0117979467677833,-0.0154211245494941,22.0,0.6061358035703155,0.3191672146660111,2.302585092994046
2018-12-17,-0.11669092038701,1.47109442003856,1.43766934261892,-0.0334250774196418,6.4295,0.8776,2.6344,5.7828,2.3683,0.8034000000000003,-0.964,0.0123015482516678,0.001630675577223,17.0,-1.0986122886681098,-1.7357703808032032,-2.5649493574615367
2018-12-18,-0.1186402195147599,1.47064836545569,1.43242850345761,-0.0382198619980787,6.4055,0.8743,2.6246,5.7613,2.0432,0.7951999999999999,-0.9501000000000004,0.011749527822229,-0.0082418834709327,23.0,0.2231435513142097,-1.3713931876006458,-0.4054651081081644
2018-12-19,-0.1501998093467,1.47123888054615,1.42948212594534,-0.0417567546008071,6.3816,0.871,2.6148,5.7398,2.3207,0.7804000000000002,-1.0002999999999995,0.0115390897572575,-0.0105677827295833,36.0,0.4054651081081644,-0.433301805007918,-1.7635885922613588
2018-12-20,-0.17736437293856,1.47155621252686,1.43170279681409,-0.0398534157127706,6.2618,0.8547,2.5657,5.6321,1.8993,0.7002999999999999,-1.019,0.0115443949173936,-0.005228616740184,93.0,0.7375989431307791,0.6061907453046202,-0.1923718926474561
2018-12-21,-0.19222019278542,1.47110595476062,1.42999217387751,-0.0411137808831088,6.2139,0.8482,2.5461,5.589,2.7738,0.7118000000000002,-0.9893999999999994,0.0111717759057401,-0.007923575662887,107.0,1.029619417181158,0.872392977244171,0.4328640822962789
2018-12-24,-0.17453327691399,1.47108020899407,1.42454613080688,-0.0465340781871855,6.2499,0.8531,2.5608,5.6213,1.5387,0.7425000000000002,-0.9646,0.0109988225273783,0.0042657016359184,23.0,-0.3566749439387324,-0.4618385544506712,-0.492476485097794
2018-12-25,-0.16650000401424,1.47164709936056,1.42716480110061,-0.0444822982599493,6.2618,0.8547,2.5657,5.6321,1.5721000000000005,0.6818,-1.0199999999999996,0.0106219268386503,-0.0088191616205763,34.0,0.241162056816888,1.809174456077258,2.797281334830153
2018-12-26,-0.14957168836375,1.47239386479495,1.43342771193927,-0.0389661528556795,6.3097,0.8612,2.5853,5.6752,1.4460000000000002,0.6665000000000001,-1.0266000000000002,0.0105807129719801,-0.0026084175312712,29.0,-0.0800427076735363,0.4636632125078347,-0.3746934494414107
2018-12-27,-0.13686786562368,1.47185088167736,1.42908377666959,-0.0427671050077754,6.3217,0.8629,2.5903,5.6859,2.0228,0.6206,-1.0747,0.0101943250725447,-0.0061057563683437,40.0,1.3862943611198906,1.528365760141675,0.0
2018-12-28,-0.13676348223328,1.47217639264563,1.43247834019447,-0.039698052451155,6.3337,0.8645,2.5952,5.6967,2.115,0.6416,-1.0989999999999998,0.0099999266764808,0.0043439239663456,20.0,1.6094379124341005,3.8413414117743,4.48863636973214
2019-01-02,-0.14664895343249,1.47156041178497,1.4271613756622,-0.0443990361227717,6.2259,0.8498,2.3951,-171.4919,1.4415,0.6236999999999999,-1.1228999999999996,0.009717620450103,-0.0115363732386688,38.0,0.4795730802618863,-0.9981644506521444,-1.4586150226995167
2019-01-03,-0.15838480229063,1.47079443276279,1.41873217447853,-0.0520622582842589,6.2259,0.8498,2.3951,-171.4919,2.2109,0.6408999999999998,-1.1235,0.0100681121374181,-0.0003765781730837,25.0,1.3862943611198906,1.6941893799071597,1.7047480922384253
2019-01-04,-0.15926841982799,1.47003702132145,1.42073268235546,-0.0493043389659871,6.3097,0.8612,2.4274,-173.8004,1.7982000000000005,0.7143000000000002,-1.0877999999999997,0.0096894681447354,0.0202871215196518,26.0,0.9162907318741552,1.186435991730558,-0.1625189294977749
2019-01-07,-0.16345164488639,1.46910090739741,1.4212526069908,-0.0478483004066004,6.2738,0.8563,2.4135,-172.811,0.8614999999999999,0.6973000000000003,-1.0581,0.0113097125571301,0.0072189915600437,28.0,0.1053605156578263,0.1884821862068523,0.9555114450274363
2019-01-08,-0.16870297905587,1.46912214725415,1.42309576081646,-0.046026386437692,6.2259,0.8498,2.3951,-171.4919,1.6413000000000002,0.7710000000000004,-1.0476,0.0110563929337157,-0.0026194039430862,24.0,0.0,-0.2296204715016397,0.2876820724517808
2019-01-09,-0.18261388646752,1.46865087344114,1.42510405493957,-0.0435468185015688,6.2978,0.8596,2.4227,-173.4706,1.8041,0.7105999999999999,-1.0553,0.010629560304274,0.0070532259590967,16.0,-0.8472978603872037,-1.4018383245775252,-3.044522437723423
2019-01-10,-0.1942101528850099,1.46835322645585,1.43232524505678,-0.0360279813990689,6.2499,0.8531,2.4043,-172.1514,0.7503000000000002,0.7145000000000001,-1.0625,0.0104345641928454,-0.0036407178838864,13.0,0.4700036292457356,0.388299377220119,-1.3862943611198906
2019-01-11,-0.22773300008876,1.46891295303636,1.43604304296602,-0.0328699100703418,6.2738,0.8563,2.4135,-172.811,3.2002,0.7193999999999998,-1.0560000000000005,0.0100942214133525,0.0073622098748815,25.0,0.0,-0.2650470908219265,0.4054651081081644
2019-01-14,-0.26563327400747,1.4414972293747,1.387942992359,-0.0535542370156994,6.2259,0.8498,2.3951,-171.4919,3.3195,0.7438000000000002,-1.0315999999999996,0.0099777050578766,-0.0070992172053312,18.0,0.9162907318741552,0.9465145760985456,1.791759469228055
2019-01-15,-0.27270221430635,1.44122115274131,1.34209576045669,-0.0991253922846176,6.2618,0.8547,2.4089,-172.4812,2.3246,0.7509000000000001,-1.0329999999999997,0.0098737439747548,0.0135446072638307,21.0,0.7884573603642703,0.6145788112119356,-1.6094379124341005
2019-01-16,-0.25847876360367,1.44206968215694,1.34373830747632,-0.0983313746806225,6.2738,0.8563,2.4135,-172.811,1.7309,0.6888999999999998,-1.0943,0.0104137241623586,3.003442871651885e-05,15.0,0.4054651081081644,-0.0502948697407728,1.3862943611198906
2019-01-17,-0.2500467704278,1.44265292226283,1.34236487248993,-0.100288049772899,6.2858,0.858,2.4181,-173.1408,2.3704000000000005,0.7012,-1.0864999999999996,0.0100045233810232,-0.0042046751038036,26.0,-0.6931471805599453,-0.9507454670083268,-1.3862943611198906
2019-01-18,-0.23420537717389,1.44079284720743,1.32212270697491,-0.118670140232523,6.4534,0.8808,2.4826,-177.7579,1.1045999999999996,0.6781000000000001,-1.0778,0.0097270484991551,0.0141085044420421,26.0,-1.3217558399823195,-1.2261396157991713,-0.1431008436406733
2019-01-21,-0.23291090175686,1.44074766651452,1.32002778605466,-0.120719880459862,6.5252,0.8906,2.5103,-179.7367,0.9102,0.7176999999999998,-1.072,0.0103662955744248,0.0055714187003514,11.0,0.0,-0.9190722302165876,-1.9459101490553132
2019-01-22,-0.24034579080232,1.441946313217,1.31952942690734,-0.122416886309655,6.4534,0.8808,2.4826,-177.7579,0.7685999999999997,0.7081,-1.0886000000000005,0.0101085912346929,-0.0118706722710841,31.0,0.262364264467491,0.7400316434790668,1.9459101490553128
2019-01-23,-0.2590741130570699,1.44303993593539,1.3166645517714,-0.126375384163985,6.5133,0.889,2.5057,-179.4069,1.1138000000000003,0.7254,-1.0674999999999994,0.010439316576196,0.0005038068331391,29.0,0.5389965007326869,-0.2946660726241795,-1.8718021769015916
2019-01-24,-0.25810553229497,1.44379132586906,1.32150189676135,-0.122289429107709,6.5372,0.8923,2.5149,-180.0665,1.6075,0.746,-1.0736,0.0100286163345268,0.0041330137745454,13.0,-0.8472978603872037,-1.467618853479305,-2.5649493574615367
2019-01-25,-0.2538695086612,1.44330311987402,1.32097226154031,-0.122330858333703,6.6091,0.9021,2.5425,-182.0452,1.2858,0.7706,-1.0662000000000005,0.0097347050621254,0.0038625485544612,39.0,-0.8472978603872037,-1.3926894563398655,0.0
2019-01-28,-0.2494696273797,1.44321478048475,1.32538659146572,-0.11782818901903,6.5851,0.8988,2.5333,-181.3856,1.6881999999999997,0.7736999999999998,-1.0778000000000003,0.0094574632937942,-0.0018261108460784,58.0,-0.4700036292457356,-0.8545123678487511,-0.6931471805599453
2019-01-29,-0.23127293215979,1.44369665521715,1.32690026708463,-0.116796388132519,6.633,0.9054,2.5517,-182.7048,2.49,0.7932000000000001,-1.0903999999999998,0.0091515106020957,-0.0010491155631306,46.0,0.0,-0.2584356269823725,-0.8109302162163288
2019-01-30,-0.2026646006274199,1.44340071454059,1.44198943424863,-0.0014112802919641,6.645,0.907,2.5563,-183.0346,1.1940000000000004,0.7717999999999998,-1.1207000000000005,0.0088598173929869,-0.0072258020703053,23.0,0.6931471805599453,1.1013943868540352,-0.587786664902119
2019-01-31,-0.19988084125663,1.444181185773,1.44228246206841,-0.0018987237045975,6.7767,0.925,2.607,-186.6623,2.8883,0.7889999999999997,-1.1341,0.0088963014239599,0.0034870353006599,52.0,-0.1053605156578262,-0.2819887113673294,-1.312186388966169
2019-02-01,-0.20121294324462,1.44463676139525,1.44126225773529,-0.0033745036599541,6.7647,0.9233,2.6024,-186.3325,2.3063,0.7880000000000003,-1.1220999999999997,0.0086851298875557,0.0129393169907041,20.0,-1.01160091167848,-1.8860470432920704,-1.791759469228055
2019-02-11,-0.19934800046144,1.44552684719532,1.44516494889116,-0.0003618983041548,6.7527,0.9217,2.5978,-186.0027,1.5856,0.7765,-1.1339999999999997,0.009351259975765,0.0135293536004335,14.0,0.0,0.1910338362412489,0.9162907318741552
2019-02-12,-0.19991968158795,1.44477297786458,1.43472679464687,-0.0100461832177094,6.7647,0.9233,2.6024,-186.3325,2.6645000000000003,0.7933000000000003,-1.1351,0.0099782442901949,0.0067587229408232,19.0,0.0,-0.3884683096376428,-0.5108256237659907
2019-02-13,-0.20853555945738,1.44468728169496,1.43383138739498,-0.0108558942999832,6.8365,0.9331,2.63,-188.3112,1.3275,0.8029999999999999,-1.1555000000000004,0.0098320628271398,0.0182370886029614,17.0,-0.6931471805599453,-0.6938436806751646,0.2876820724517808
2019-02-14,-0.22120175562649,1.44484342415984,1.43105963106508,-0.0137837930947613,6.7647,0.9233,2.6024,-186.3325,1.3701,0.8108,-1.1582000000000003,0.0110686386170761,-0.0005030172132132,17.0,0.0,0.0276027535114884,-0.3364722366212129
2019-02-15,-0.2553654682969,1.44629090757449,1.4409129823455,-0.0053779252289853,6.5971,0.9004,2.5379,-181.7154,2.0375000000000005,0.8157000000000001,-1.1622999999999997,0.0106070886617464,-0.0138152191915654,56.0,1.4469189829363254,1.8059185269547608,0.3364722366212129
2019-02-18,-0.29770628446895,1.44787927181272,1.45193356769691,0.0040542958841898,6.7048,0.9152,2.5794,-184.6835,1.1203999999999996,0.8994999999999997,-1.1471999999999998,0.0110955820881972,0.0264775521633424,26.0,-0.3184537311185346,-1.3666392404902077,-0.1335313926245226
2019-02-19,-0.3247980224396,1.44561704699311,1.44499409909136,-0.0006229479017521,6.6689,0.9103,2.5655,-183.6942,1.5358,0.9223,-1.1275,0.0135062034355329,0.00046798527715,34.0,-0.4418327522790392,-0.7913924545024152,-0.9808292530117262
2019-02-20,-0.32932959671945,1.44726119829197,1.37302486758342,-0.0742363307085594,6.6689,0.9103,2.5655,-183.6942,1.1176,0.9392,-1.1334,0.0128528686546318,0.0020203510862417,27.0,-0.1053605156578262,0.0298196197021655,0.4700036292457356
2019-02-21,-0.32283901322903,1.44829413263826,1.37421119634857,-0.0740829362896887,6.6569,0.9086,2.5609,-183.3644,1.113,0.9341,-1.1317000000000004,0.0122632602356394,-0.0034165335841356,25.0,-0.2876820724517809,-0.8932488932392523,-2.079441541679836
2019-02-22,-0.28649599384388,1.44933039830448,1.36233180832172,-0.0869985899827546,6.645,0.907,2.5563,-183.0346,2.6542000000000003,0.9366999999999996,-1.1341000000000006,0.0117582239759356,0.0188719572997255,83.0,0.7205461547480596,0.331509917858572,-0.4700036292457356
2019-02-25,-0.25523377529855,1.45006644030007,1.30914197659129,-0.140924463708787,7.064,0.9642,2.7175,-194.5773,1.1639999999999997,0.9530000000000004,-1.1093000000000002,0.0127063081377906,0.0544951190585214,47.0,-1.1394342831883648,-1.5577430451387513,-1.421385680931161
2019-02-26,-0.26191188476359,1.44925485460991,1.30324517039194,-0.146009684217969,6.9084,0.9429,2.6577,-190.29,1.8349,0.9453,-1.1476999999999995,0.0210308016955741,-0.0066975587504671,42.0,-0.587786664902119,-0.1765716956162677,1.4350845252893227
2019-02-27,-0.25319223038393,1.44745225525754,1.316856030747,-0.130596224510544,6.9563,0.9495,2.6761,-191.6092,2.285,0.8899999999999997,-1.1589,0.0199634062066183,0.0041754731153913,88.0,0.1967102942460543,-0.0669095221632869,-0.6190392084062235
2019-02-28,-0.25373902942319,1.44643042550499,1.32171992347527,-0.124710502029715,6.8844,0.9397,2.6484,-189.6304,3.0781,0.9173999999999998,-1.1762000000000006,0.0188946411648613,-0.0043667193069234,50.0,0.2231435513142097,-0.702409272467448,-0.3022808718729337
2019-03-01,-0.27747714753708,1.44175025785307,1.33009998758415,-0.111650270268925,7.0042,0.956,2.6945,-192.9283,3.2513,0.9061999999999996,-1.1823,0.017912163087097,0.0178780054967866,46.0,-0.2231435513142097,-0.9623486421170996,-0.9694005571881036
2019-03-04,-0.32543828102608,1.44209956194739,1.33106125621788,-0.111038305729506,7.0161,0.9576,2.6991,-193.2581,0.8620000000000001,0.9445,-1.1902,0.0178466326791856,0.0111501781991538,52.0,-0.3022808718729337,-0.5328107737537415,-1.3981288187668934
2019-03-05,-0.34959150518087,1.44404942243364,1.23561024297198,-0.208439179461666,6.9682,0.9511,2.6807,-191.939,2.1082000000000005,0.9523,-1.1944,0.0172361501683119,0.0087708158966233,68.0,0.1670540846631662,-0.324786793726647,-1.4469189829363254
2019-03-06,-0.32628002383125,1.44302524079445,1.23516230440118,-0.207862936393265,7.0042,0.956,2.6945,-192.9283,2.5823,0.9792,-1.1953,0.0165396267456018,0.0155460612764333,84.0,0.2876820724517808,-0.3009067559520265,-0.2787134024690205
2019-03-07,-0.2787194312589,1.43893936536567,1.22403224598301,-0.214907119382655,6.8964,0.9413,2.653,-189.9602,1.2395000000000005,0.9531,-1.2491,0.0164059876510279,0.0013912503409798,129.0,0.8109302162163288,-0.0608269256475845,0.0
2019-03-08,-0.22509367820004,1.43706924705285,1.20943441547429,-0.227634831578558,6.6929,0.9135,2.5747,-184.3537,3.0739,1.0342000000000002,-1.2623000000000002,0.0155458750862633,-0.0449549766568928,119.0,0.3746934494414107,-0.1632011708283479,-0.3664629503048952
2019-03-11,-0.19135053349212,1.43491585435706,1.20240431405735,-0.232511540299706,6.7168,0.9168,2.584,-185.0133,2.6162,0.9804,-1.2646000000000002,0.0205083236701803,0.0190542672767985,77.0,0.7472144018302211,0.4340355009609309,-0.2787134024690205
2019-03-12,-0.16903979755397,1.43294624964221,1.19378235229844,-0.239163897343771,6.7288,0.9184,2.5886,-185.3431,2.273200000000001,0.9853999999999998,-1.2738,0.0202630775949469,0.0109457834228372,64.0,-0.1000834585569825,0.166761396975098,0.5596157879354227
2019-03-13,-0.17624892717368,1.43024842777702,1.18821781123595,-0.242030616541075,6.6809,0.9119,2.5701,-184.024,1.6002,0.9323,-1.2953,0.019433933775571,-0.010959394384999,70.0,0.5596157879354227,0.1937678910128365,0.653926467406664
2019-03-14,-0.15844973846955,1.42643540352454,1.15774541242724,-0.268689991097295,6.6689,0.9103,2.5655,-183.6942,2.5307,0.9152999999999998,-1.2942,0.0186898429912744,-0.0120534832198018,83.0,0.2776317365982795,0.1365590001845981,-0.7308875085427924
2019-03-15,-0.1110948782771199,1.42479822832826,1.15386469542066,-0.270933532907601,6.6809,0.9119,2.5701,-184.024,1.8236000000000003,0.9065,-1.3014,0.0180801804446082,0.0103340727243708,61.0,0.0,0.0540725316768139,-0.0571584138399486
2019-03-18,-0.05826413824982,1.421714234381,1.14718586791605,-0.274528366464941,6.7647,0.9233,2.6024,-186.3325,1.7728000000000002,0.9029000000000004,-1.3056999999999994,0.0173993227063097,0.0244092994741951,51.0,-0.2411620568168881,-0.4695077368772747,-0.5930637220029626
2019-03-19,-0.08823066761777,1.42060084793782,1.14765939275549,-0.272941455182335,6.7647,0.9233,2.6024,-186.3325,1.7689,0.8996,-1.2915999999999994,0.0181663440623155,-0.0017592552325602,48.0,-0.0645385211375711,1.878140970282415,2.525728644308256
2019-03-20,-0.0925383031124,1.41913564917283,1.13749592561945,-0.281639723553381,6.7168,0.9168,2.584,-185.0133,1.8386,0.9058000000000002,-1.2609,0.0171880270288184,-0.0001082888481676,71.0,0.0741079721537218,-0.1986159272835585,0.1112256351102244
2019-03-21,-0.06755183247492,1.4193771731055,1.14251703000778,-0.276860143097714,6.6929,0.9135,2.5747,-184.3537,2.1216,0.9003000000000001,-1.2771,0.0162677571117021,0.0034930699455895,100.0,0.3313571359544424,-0.091794939215635,0.2646925542270821
2019-03-22,-0.06560860214894,1.42030017654773,1.1504324563695,-0.269867720178231,6.6809,0.9119,2.5701,-184.024,2.1808,0.8672,-1.3192999999999997,0.0154490080643822,0.0008681508840737,83.0,0.995428052432879,1.18398025168303,0.7091475219063864
2019-03-25,-0.09572078275932,1.41936473243636,1.15456888286692,-0.264795849569438,6.5492,0.8939,2.5195,-180.3962,2.968700000000001,0.8319999999999999,-1.3461999999999996,0.0146541172700866,-0.0198853503373506,144.0,1.0082282271998408,0.9541367586742392,0.962810747509048
2019-03-26,-0.12332472759915,1.41987643032859,1.15690889939376,-0.262967530934824,6.5252,0.8906,2.5103,-179.7367,1.2739000000000005,0.8081,-1.3498,0.0152869464965838,-0.0152105371042683,146.0,0.8209805520698303,0.6696215448127169,0.1875986138947983
2019-03-27,-0.12161393238087,1.42672567806936,1.25328372181133,-0.173441956258028,6.5971,0.9004,2.5379,-181.7154,1.9797,0.8111000000000002,-1.3053000000000003,0.0152917260365495,0.0085133362946692,82.0,-0.3646431135879093,-0.7398501218122252,-0.9520088144762344
2019-03-28,-0.1111634557371,1.42560715472576,1.25527800457901,-0.170329150146757,6.5252,0.8906,2.5103,-179.7367,1.3165,0.8205,-1.323,0.0147466146228538,-0.0092316227291711,149.0,-0.1445812288111075,-1.0989096131745115,-2.0168059706883508
2019-03-29,-0.08919439333846,1.4171547256418,1.15314083638307,-0.264013889258734,6.6689,0.8847,2.5655,-183.6942,1.6433,0.8361999999999998,-1.3226000000000004,0.0143104005285289,0.0314910350448336,114.0,-0.2803019651541584,-1.6712369325064769,-1.3328056761689044
2019-04-01,-0.05611153426286,1.41005446202206,1.10509250388179,-0.304961958140266,6.7527,0.8958,2.5978,-186.0027,4.1301000000000005,0.9569,-1.2674999999999996,0.016829278341142,0.0254290932614544,68.0,0.659245628884264,-0.2789907761551181,1.2992829841302609
2019-04-02,-0.02609402696006,1.40950863834978,1.10888762344566,-0.300621014904118,6.7767,0.899,2.607,-186.6623,1.1709,0.9701,-1.2776000000000003,0.0178297982517432,0.0020360848331293,65.0,0.2876820724517808,-0.4815545701145532,-0.2876820724517809
2019-04-03,-0.04342713168844,1.40868039678595,1.1152431694044,-0.293437227381542,6.8246,0.9053,2.6254,-187.9815,0.7784999999999997,1.0507999999999995,-1.2553000000000003,0.0168752597549765,0.0123485917843044,95.0,-0.1292117314800062,-0.1469332649473433,-0.3364722366212129
2019-04-04,-0.09735693171586,1.40817199898361,1.11923018595389,-0.288941813029717,6.9563,0.9228,2.6761,-191.6092,0.6698,1.0766,-1.2329999999999997,0.016437438291234,0.0093693474910541,79.0,-1.203972804325936,-1.2669511343176525,-0.8754687373538999
2019-04-08,-0.15042010685086,1.41011074263902,1.16417130915472,-0.245939433484296,6.9683,0.9244,2.6807,-191.939,0.8232999999999997,1.0585,-1.2651999999999997,0.0158417627615041,-0.0005425963607113,69.0,-0.251314428280906,-0.457072592718836,-1.3545456628053103
2019-04-09,-0.22562955339612,1.40715336989844,1.13533663707548,-0.271816732822964,6.9204,0.918,2.6623,-190.6198,0.7311000000000001,1.0961999999999996,-1.2404000000000002,0.015018276170453,-0.0015872994237646,25.0,-0.4519851237430572,-1.207478745145553,0.0
2019-04-10,-0.26978190689579,1.40754268300919,1.13608035825432,-0.271462324754874,6.8845,0.9133,2.6484,-189.6304,1.7257000000000002,1.0758,-1.2761,0.0142630604840847,0.0006992107689072,51.0,-0.3794896217049037,-0.4531519530367746,-0.3894647667617233
2019-04-11,-0.25820506064396,1.39878881441782,1.13079363297155,-0.267995181446275,6.8605,0.9101,2.6392,-188.9708,1.8485,1.0440999999999998,-1.2796999999999996,0.0135540590888043,-0.0161598274726806,40.0,-0.3483066942682157,-0.3816684131130406,0.0512932943875504
2019-04-12,-0.22286096602975,1.39998838963961,1.13297712509592,-0.267011264543693,6.8605,0.9101,2.6392,-188.9708,2.4335000000000004,1.0534000000000003,-1.2005,0.0138873532585153,-0.0004189955909676,62.0,0.0,-0.567866255357924,-1.295322582914164
2019-04-15,-0.17460488877484,1.40470140319176,1.16957847315849,-0.235122930033267,6.9563,0.9228,2.6761,-191.6092,2.4024,1.0642,-1.1900999999999995,0.0132061724391334,-0.0034050608512838,79.0,0.0,0.2548358511522737,0.1335313926245225
2019-04-16,-0.11154275584757,1.40610843911636,1.18060241698042,-0.225506022135937,7.1838,0.953,2.7636,-197.8752,2.4477999999999995,1.0714,-1.2058999999999995,0.0126246307519386,0.023576482727055,168.0,-0.4307829160924542,-0.6548182212144382,-0.3022808718729337
2019-04-17,-0.07187767437485,1.405282699963,1.17375567376615,-0.231527026196859,7.1957,0.9546,2.7682,-198.205,2.2886,0.9408000000000004,-1.2057999999999995,0.0141382016015534,0.0029217499153624,68.0,-0.4418327522790392,-0.554682855998266,-1.0498221244986778
2019-04-18,-0.06235086936011,1.40431243882648,1.15832079386686,-0.245991644959617,7.1119,0.9434,2.736,-195.8965,1.2639999999999998,0.9039,-1.2507,0.0134662207981512,-0.0039662472341746,35.0,0.8266785731844679,1.2537561748413812,0.6286086594223741
2019-04-19,-0.05923575341281,1.40361082396145,1.15860902764416,-0.245001796317293,7.1598,0.9498,2.7544,-197.2156,1.3059000000000005,0.9646,-1.2397000000000005,0.0128807331375557,0.0063168757014722,32.0,-0.4418327522790392,0.0332614567109884,-0.6931471805599453
2019-04-22,-0.09446696831413,1.40516763851616,1.18653047798255,-0.21863716053361,6.9802,0.926,2.6853,-192.2688,2.1796,1.0675,-1.2163999999999997,0.0124293749667823,-0.0171931698286247,80.0,0.8909729238898652,1.0712073255884678,0.4626235219481129
2019-04-23,-0.14156754571249,1.40464298654857,1.1823884597653,-0.22225452678327,6.9563,0.9228,2.6761,-191.6092,1.0473,1.0679000000000003,-1.2211,0.0130619852669336,-0.0051293322658718,72.0,0.6007738604289301,0.3922979815160573,-1.3682758556172123
2019-04-24,-0.19023205332636,1.4043179800931,1.1839044233612,-0.220413556731906,6.9563,0.9228,2.6761,-191.6092,1.2247,1.1136,-1.185,0.0125524696958623,0.0009436882238933,53.0,0.2363887780642303,-0.9738516526123372,0.5108256237659907
2019-04-25,-0.19389396831292,1.4049794064489,1.17462499770806,-0.230354408740832,6.8605,0.9101,2.6392,-188.9708,1.4460000000000002,1.0419999999999998,-1.1997,0.0119741548378816,-0.0245963993336406,80.0,0.4054651081081644,0.0674975783943853,-0.3894647667617233
2019-04-26,-0.17187028669837,1.40416542545601,1.17047078453228,-0.233694640923735,6.8366,0.9069,2.63,-188.3112,1.0034999999999998,1.0506000000000002,-1.2146,0.0138552886341035,-0.0120535578479969,60.0,0.1000834585569826,-0.0113639415660076,-0.3053816495511819
2019-04-29,-0.1383947761483999,1.40472170386102,1.17614113149826,-0.228580572362757,6.9443,0.9212,2.6715,-191.2794,1.097,1.0496,-1.1868999999999996,0.0137270824684956,-0.0077739206921769,90.0,0.3074846997479607,-0.249065595218914,-0.714653385780909
2019-04-30,-0.08882905147205,1.40007284744542,1.1802788747591,-0.219793972686311,6.8822,0.8896,2.6761,-191.6092,1.9777,1.0223,-1.2129000000000003,0.0132937816619335,0.0051590472444971,69.0,0.6931471805599453,-0.5874423858889556,-1.3609765531356008
2019-05-06,-0.0567159869189099,1.43837774265004,1.32607693461252,-0.112300808037521,6.7756,0.8759,2.6346,-188.6411,1.1385,0.9973999999999998,-1.2182,0.0127555725019023,-0.0574529112680526,109.0,0.2719337154836417,1.0760761950600133,1.2237754316221157
2019-05-07,-0.04371661353275,1.44858969631348,1.44057461193508,-0.0080150843783943,6.7046,0.8667,2.607,-186.6623,0.968,1.0025000000000004,-1.1886,0.0218954373979557,0.0068326328038477,94.0,1.6796421711073488,1.717734300407655,0.1096989172564245
2019-05-08,-0.01620552135996,1.4447349269672,1.41894713535283,-0.0257877916143681,6.6216,0.856,2.5747,-184.3537,1.0271999999999997,0.9722,-1.1809000000000005,0.0207612996193099,-0.0112143006705993,95.0,0.995428052432879,1.3534764820092848,1.663505133704376
2019-05-09,-0.0057847818448569,1.44441179687902,1.42489401706379,-0.0195177798152373,6.5387,0.8452,2.5425,-182.0452,1.0517999999999996,0.9548,-1.1746000000000003,0.0199206776378711,-0.0149019843016526,111.0,0.3022808718729337,-0.0620920272061494,-1.5339303599259553
2019-05-10,-0.0038864606519577,1.4393265291217,1.32651183071068,-0.112814698411013,6.6453,0.859,2.584,-185.0133,1.2593,0.8939999999999997,-1.1907,0.0194027153204667,0.0304874720128909,64.0,0.1670540846631662,-0.3514397882129886,-0.1541506798272583
2019-05-13,0.0049205844731531,1.43763664168842,1.33172150075565,-0.105915140932766,6.5624,0.8483,2.5517,-182.7048,1.3814000000000002,0.7908,-1.2085999999999997,0.0206907517156198,-0.0121507445795527,57.0,0.2113090936672069,-0.25803250229553,-0.7672551527136672
2019-05-14,0.04308120998769,1.4325721006189,1.28815304877769,-0.14441905184121,6.5387,0.8452,2.5425,-182.0452,1.1806,0.8287999999999998,-1.1787,0.0199116102111373,-0.0069470731353042,71.0,0.0408219945202552,0.5504104981312458,0.3566749439387324
2019-05-15,0.0027928625734405,1.43270135784208,1.2926919645223,-0.140009393319781,6.5979,0.8529,2.5655,-183.6942,0.7452000000000001,0.8226,-1.1858,0.0189357011334243,0.0189166302073573,52.0,-0.325422400434628,-0.7674690007808312,-0.2876820724517809
2019-05-16,-0.01372034703614,1.432960369368,1.29335530368359,-0.139605065684408,6.6216,0.856,2.5747,-184.3537,0.9278,0.8361999999999998,-1.1936000000000004,0.0188543455259011,0.005779376665143,55.0,0.1335313926245225,-0.2281022522537531,0.8209805520698303
2019-05-17,-0.0211819388093799,1.43429991190503,1.29845157019607,-0.13584834170896,6.5979,0.8529,2.5655,-183.6942,0.8819999999999997,0.7977000000000003,-1.1919,0.0179074696101166,-0.0251519629070227,69.0,0.723918839226699,0.0451218918361474,1.029619417181158
2019-05-20,-0.04820752684076,1.43158509464059,1.25903674700138,-0.172548347639217,6.6453,0.859,2.584,-185.0133,1.1626,0.851,-1.1841999999999997,0.018728820991431,-0.00406459854005,66.0,0.0512932943875504,0.3113449002480945,-0.916290731874155
2019-05-21,-0.04773537406324,1.43850708323866,1.32624998687513,-0.112257096363528,6.6809,0.8636,2.5978,-186.0027,1.5448000000000004,0.8729999999999998,-1.1523,0.0177508577207261,0.0122441590767143,44.0,0.1670540846631662,1.280556104690759,0.8472978603872037
2019-05-22,-0.05444746881819,1.43832662622716,1.32293912666837,-0.115387499558796,6.6927,0.8651,2.6024,-186.3325,1.9324,0.8763999999999998,-1.1152000000000002,0.0172225316247241,-0.0049206734486322,49.0,-0.7801585575495751,-1.7679427524671871,-2.344549292093078
2019-05-23,-0.06945925687047,1.44668152325632,1.40585422124412,-0.0408273020122021,6.6927,0.8651,2.6024,-186.3325,1.2414999999999998,0.8774000000000002,-1.1358,0.0163777150226517,-0.0136449887786431,65.0,0.1335313926245225,-0.0920386036514476,0.8690378470236095
2019-05-24,-0.0513608762392,1.44680156169304,1.40595108398525,-0.0408504777077952,6.7519,0.8728,2.6254,-187.9815,1.91,0.8831000000000002,-1.1287000000000005,0.0161143737245083,0.0001680831311228,64.0,-0.048790164169432,0.2823110263852983,0.653926467406664
2019-05-27,-0.01136747259085,1.44572593043664,1.40820216701047,-0.0375237634261718,6.6927,0.8651,2.6024,-186.3325,2.0123,0.8693,-1.1027999999999998,0.0152698984482609,0.0137098207098862,53.0,0.2231435513142097,0.2668988732148031,0.6286086594223741
2019-05-28,-0.02390258264178,1.446885412269,1.40738860693991,-0.0394968053290814,6.7164,0.8682,2.6116,-186.9921,3.1366,0.7309000000000001,-1.1632000000000002,0.0151092420281178,0.006043288765241,59.0,-0.6505875661411494,-1.0110712231180112,-0.916290731874155
2019-05-29,-0.0440182329806,1.44648824469773,1.40929117410294,-0.0371970705947868,6.6927,0.8651,2.6024,-186.3325,1.2565,0.7070000000000003,-1.1599,0.0144585307552217,0.0016433043729762,40.0,-0.4054651081081644,-1.585088883423814,-0.4855078157817007
2019-05-30,-0.04398364081053,1.44581059204712,1.36360796204794,-0.0822026299991878,6.7164,0.8682,2.6116,-186.9921,1.3045999999999998,0.7441,-1.1698,0.0137422607195534,-0.0030550654293381,63.0,-0.2876820724517809,0.5905237100313157,0.6931471805599453
2019-05-31,-0.05585785834897,1.44780437427266,1.37682372162412,-0.0709806526485335,6.6453,0.859,2.584,-185.0133,1.2671,0.7616,-1.1847000000000003,0.0131095106549744,-0.0024495828125532,58.0,1.0986122886681098,0.0431401476311633,-0.2231435513142097
2019-06-03,-0.09691572982735,1.4487556716484,1.37723325709912,-0.0715224145492805,6.7519,0.8728,2.6254,-187.9815,1.2791,0.7551000000000001,-1.2172,0.0125123410614633,-0.0029765203809555,56.0,-0.4795730802618862,-1.2045132807159815,-0.2876820724517809
2019-06-04,-0.13753664757847,1.45185636069676,1.47125040554688,0.0193940448501186,6.7875,0.8774,2.6392,-188.9708,0.6884999999999999,0.7598000000000003,-1.2448,0.0119747118895112,-0.0096658799689874,65.0,0.3677247801253173,0.217296203393697,0.6931471805599453
2019-06-05,-0.15256057323429,1.45173657193744,1.46870071342635,0.0169641414889092,6.823,0.882,2.653,-189.9602,1.3935,0.7706,-1.2498000000000005,0.0118506867373806,-0.000301273738156,84.0,-0.0800427076735363,0.189387856352267,0.0
2019-06-06,-0.14956076452057,1.45195120582063,1.46887559277028,0.0169243869496445,6.7875,0.8774,2.6392,-188.9708,1.4411,0.7433999999999998,-1.2433999999999998,0.0113252822108743,-0.0118190949196392,67.0,-0.1466034741918754,-0.1907087605635719,-0.0822380982369721
2019-06-10,-0.13383528538042,1.45236405156463,1.47091288098944,0.018548829424806,6.8467,0.8851,2.6623,-190.6198,1.2248,0.7321,-1.2299000000000002,0.0114806275985685,0.0085679074985902,38.0,0.0800427076735363,-1.8722725556817983,-0.8109302162163288
2019-06-11,-0.11142926925452,1.45320737898346,1.46950668850781,0.0162993095243518,6.8585,0.8866,2.6669,-190.9496,1.0723000000000005,0.7734000000000001,-1.1845000000000003,0.0113033704882748,0.0254731517287201,72.0,0.4462871026284195,-0.5065983110980051,-0.1000834585569825
2019-06-12,-0.0909925793021999,1.45501035771808,1.48058936409982,0.0255790063817338,6.823,0.882,2.653,-189.9602,1.3158999999999996,0.7854999999999999,-1.2045999999999997,0.013465562265655,-0.0055994428350132,33.0,-0.916290731874155,-2.46040491366332,-2.772588722239781
2019-06-13,-0.08423072037276,1.45566875914653,1.48288834099362,0.0272195818470862,6.7875,0.8774,2.6392,-188.9708,1.3921,0.7590999999999997,-1.2288000000000006,0.012942265854306,0.0004676879439049,51.0,1.01160091167848,0.8801128291695329,-0.6190392084062235
2019-06-14,-0.10379046846967,1.45434652384142,1.46817448337911,0.0138279595376871,6.7993,0.8789,2.6438,-189.3006,1.0951999999999995,0.7004000000000001,-1.2573,0.0123316972159677,-0.0099319704024356,52.0,0.1718502569266592,-0.534350074261472,0.241162056816888
2019-06-17,-0.13070074926747,1.45481465639463,1.46706670436288,0.0122520479682504,6.7993,0.8789,2.6438,-189.3006,2.4917,0.6447000000000003,-1.2618,0.0121902804743202,0.0019577805490715,40.0,0.5877866649021191,0.4893731323000926,0.9162907318741552
2019-06-18,-0.1774129233527,1.45586864909172,1.46693658158733,0.0110679324956129,6.7993,0.8789,2.6438,-189.3006,2.4018,0.7044000000000001,-1.2561,0.0116517027303147,0.0008778112420158,64.0,0.3856624808119847,-0.2573743949747606,0.3856624808119847
2019-06-19,-0.21295607466488,1.45382115797516,1.45664903094138,0.0028278729662161,6.8467,0.8851,2.6623,-190.6198,1.6109,0.7412000000000001,-1.2356999999999996,0.0111437894543882,0.00951972964448,54.0,0.1718502569266592,-0.3203404035814199,0.0
2019-06-20,-0.20181739590067,1.45351515885836,1.45524676446987,0.0017316056115004,6.9178,0.8942,2.6899,-192.5986,2.2893,0.7795999999999998,-1.2292000000000003,0.0110795698482653,0.0234783422810798,60.0,-0.1718502569266592,-0.7721651111196476,-0.5108256237659907
2019-06-21,-0.1790788094379,1.45288068090164,1.46688065718659,0.0139999762849481,6.9296,0.8958,2.6945,-192.9283,1.3379999999999996,0.8231000000000002,-1.2140999999999995,0.0129305829903511,0.0049628937508305,57.0,-0.0741079721537218,0.6640107382695983,-1.3862943611198906
2019-06-24,-0.15882296977825,1.45570256635039,1.45820265633038,0.0025000899799827,6.9652,0.9004,2.7083,-193.9177,1.4762,0.8302999999999998,-1.1807000000000003,0.0124148889319801,0.0020524361752336,41.0,-0.3364722366212129,-2.702015814299139,-2.072061434382213
2019-06-25,-0.16410161355569,1.45422149678991,1.47384948646741,0.0196279896774989,6.9059,0.8927,2.6853,-192.2688,2.0727,0.8258999999999999,-1.1727000000000003,0.0118600603220501,-0.0087056092345676,46.0,0.3746934494414107,-0.0108933539078836,1.3862943611198906
2019-06-26,-0.18836832430354,1.45436261756893,1.47113161610259,0.0167689985336685,6.9296,0.8958,2.6945,-192.9283,1.6808,0.8470999999999997,-1.1444000000000003,0.0116724022387319,-0.0019435227988822,43.0,-0.3677247801253174,0.3480265110614221,0.1466034741918754
2019-06-27,-0.23503619613587,1.45498507431683,1.47690326576282,0.0219181914459894,7.0007,0.905,2.7221,-194.9071,2.7408,0.8605,-1.1298000000000004,0.0111795644517637,0.0068671416756789,40.0,0.5389965007326869,0.2087061941105475,-0.9808292530117262
2019-06-28,-0.26791757099279,1.45568414396568,1.47655891840686,0.0208747744411795,6.977,0.9019,2.7129,-194.2475,1.1705,0.8361000000000001,-1.1587,0.0109170332325539,-0.0059957295728274,28.0,-0.4054651081081644,-1.0880864468171088,-3.218875824868201
2019-07-01,-0.25935752609962,1.4549783032467,1.47328156773597,0.0183032644892718,7.0125,0.9065,2.7267,-195.2369,2.8054,0.8788,-1.1549999999999998,0.0106437309577943,0.0219221256388788,59.0,0.1941560144409574,0.2269955802069376,0.6007738604289301
2019-07-02,-0.22573211614599,1.45618501706142,1.47429980847562,0.0181147914141955,7.0244,0.908,2.7314,-195.5667,2.2625,0.8412999999999999,-1.197,0.0123224710168523,-0.0003153307116061,103.0,-0.3646431135879093,0.002097042116678,-0.0157483569681391
2019-07-03,-0.1903376504771199,1.45666717695331,1.47695158984684,0.0202844128935211,6.7164,0.8682,2.6116,-186.9921,1.1343,0.879,-1.1872999999999996,0.0117600691169659,-0.0094664923758074,96.0,0.1541506798272583,-1.1983325759099022,-0.2545298651348804
2019-07-04,-0.17774670744992,1.45709256082909,1.47732207952427,0.0202295186951837,6.7282,0.8697,2.6162,-187.3219,2.7706,0.912,-1.1869000000000005,0.0116434091019339,-0.0033267964817653,50.0,-0.1431008436406733,0.3351950972394457,1.236762627148927
2019-07-05,-0.18701983655078,1.45783908212496,1.47937999575729,0.0215409136323277,6.7164,0.8682,2.6116,-186.9921,0.7381000000000002,0.9343,-1.1657999999999995,0.0111871641737649,0.0019314178038793,31.0,0.2513144282809061,-0.1326067029129981,-0.3566749439387324
2019-07-08,-0.2052832885901299,1.45793434684082,1.47863510396165,0.0207007571208273,6.6216,0.856,2.5747,-184.3537,1.7431,0.964,-1.1579000000000002,0.0107292282386616,-0.0261420949412825,66.0,0.4462871026284195,-0.5971009386190393,-1.5533484457830569
2019-07-09,-0.23044150631763,1.45853318776432,1.4812230382802,0.0226898505158799,6.6098,0.8544,2.5701,-184.024,0.6879999999999997,0.9151000000000002,-1.173,0.0132279741318014,-0.0017517085885554,34.0,0.8472978603872037,-0.5589946162062984,-1.0826119473216689
2019-07-10,-0.21495938612836,1.45884274094366,1.48257368672009,0.0237309457764208,6.5743,0.8498,2.5563,-183.0346,1.3321,0.8847999999999998,-1.1693000000000002,0.0126092439101252,-0.004424489076988,50.0,0.8754687373538999,0.8111923990972887,0.3829922522561057
2019-07-11,-0.17646315587608,1.45802460600503,1.48127634033658,0.0232517343315493,6.5979,0.8529,2.5655,-183.6942,1.0186000000000002,0.9006000000000003,-1.1699000000000002,0.0121097111761078,0.0008430219606623,37.0,0.6190392084062235,0.3472634348876859,0.6931471805599453
2019-07-12,-0.14106322828561,1.45812381035681,1.48102044219855,0.0228966318417363,6.6572,0.8606,2.5886,-185.3431,1.2853000000000003,0.8798999999999997,-1.1753000000000005,0.0115652902391905,0.0043723149792151,40.0,-1.1451323043030026,-2.2509719375148696,-2.1400661634962708
2019-07-15,-0.1120780241634699,1.45735611654329,1.47824719672765,0.020891080184356,6.6335,0.8575,2.5794,-184.6835,2.3683000000000005,0.9025,-1.1437000000000004,0.0111428311067908,0.0039637825223373,28.0,0.0,-0.236431165509444,-0.0512932943875505
2019-07-16,-0.07558571225484,1.45801817702404,1.47876184093515,0.020743663911112,6.6453,0.859,2.584,-185.0133,1.0878,0.8982999999999999,-1.1485999999999996,0.0107420038185498,-0.001553964178262,33.0,0.4054651081081644,0.6472702737625976,0.7375989431307791
2019-07-17,-0.09206675721506,1.45877571994142,1.47653538814825,0.0177596682068299,6.5861,0.8514,2.5609,-183.3644,1.2233,0.8710999999999998,-1.1497000000000002,0.010319133083131,-0.0020187049644526,56.0,1.0986122886681098,1.4945258467983027,0.1603426500751794
2019-07-18,-0.1128184179791199,1.45928157266171,1.47863714916005,0.0193555764983353,6.5979,0.8529,2.5655,-183.6942,2.0111,0.8552,-1.1635,0.0099410853334784,-0.0104635565709001,40.0,0.5306282510621704,0.7550113880966769,0.7472144018302211
2019-07-19,-0.13085246931166,1.45902322980645,1.4801468596721,0.021123629865655,6.6335,0.8575,2.5794,-184.6835,1.3929,0.8592,-1.1635,0.0101412413955995,0.0079047653389263,33.0,-0.4054651081081644,-0.2576850934024956,-1.2992829841302609
2019-07-22,-0.14811396217918,1.45934400400606,1.48219139310432,0.0228473890982526,6.6809,0.8636,2.5978,-186.0027,2.9285000000000005,0.8374000000000001,-1.1717999999999995,0.0100601269672551,-0.0128122494337237,75.0,-0.5679840376059393,-0.5423365663768319,-0.4274440148269396
2019-07-23,-0.15977759229629,1.46077591710951,1.48091269544021,0.0201367783306956,6.7046,0.8667,2.607,-186.6623,1.916,0.8363,-1.1728999999999998,0.0105103584887757,0.0044827386098997,37.0,0.0870113769896296,1.2805292274461246,1.3217558399823195
2019-07-24,-0.15989896833164,1.46146359178716,1.48260440087027,0.0211408090831109,6.7401,0.8713,2.6208,-187.6517,1.6618999999999997,0.8632,-1.1431999999999998,0.0101864562623963,0.0080137849700863,42.0,-0.1541506798272583,0.0212078453773882,2.2335922215070942
2019-07-25,-0.15609625714408,1.4623640931508,1.4891437432539,0.0267796501030997,6.7401,0.8713,2.6208,-187.6517,1.3264,0.8479999999999999,-1.1482,0.010108693994567,0.0048058344724655,33.0,0.2876820724517808,0.230848054063664,0.4855078157817008
2019-07-26,-0.15402436822063,1.46320460387537,1.49064699759076,0.0274423937153907,6.7401,0.8713,2.6208,-187.6517,1.231,0.8348,-1.1516000000000002,0.0098370483302489,0.0024416947668957,52.0,0.0,-0.2214434266648548,0.1541506798272583
2019-07-29,-0.16869751713428,1.44976195485655,1.40987839129907,-0.0398835635574766,6.6927,0.8651,2.6024,-186.3325,2.5205,0.8705000000000003,-1.1423999999999994,0.0095051224491403,-0.0012009078592924,55.0,0.4054651081081644,-0.8127317494514871,0.3364722366212129
2019-07-30,-0.1766270135238,1.45009049228451,1.40806549954033,-0.0420249927441805,6.7046,0.8667,2.607,-186.6623,1.3154000000000003,0.8801000000000001,-1.1485000000000003,0.0091836808319471,0.0038454607312852,37.0,1.3862943611198906,1.7998007183040376,2.3978952727983707
2019-07-31,-0.20376487438788,1.45001949021211,1.41086072661858,-0.0391587635935293,6.6809,0.8636,2.5978,-186.0027,3.4732,0.8282999999999996,-1.1504000000000003,0.0089586455238872,-0.0067402210649696,46.0,-0.0953101798043249,-0.9786768986650184,-0.4054651081081644
2019-08-01,-0.22509974700181,1.44123160401243,1.4233026306463,-0.0179289733661305,6.6453,0.859,2.584,-185.0133,2.4021000000000003,0.8012999999999999,-1.1618000000000004,0.0089444445817843,-0.0081283431143068,38.0,0.8266785731844679,-0.2187845714609383,1.252762968495368
2019-08-02,-0.23012046670413,1.44433609516534,1.45030780771182,0.0059717125464813,6.5861,0.8514,2.5609,-183.3644,0.4418000000000002,0.7683,-1.2089,0.0090487152446879,-0.0141706399553775,57.0,0.5705448584676129,1.596075668453159,-1.2674331582431615
2019-08-05,-0.22102576037523,1.44716325331276,1.4846353045699,0.0374720512571374,6.4913,0.8391,2.5241,-180.726,2.1464000000000003,0.7082999999999999,-1.2357,0.0098570005229091,-0.0162911618946193,68.0,1.3862943611198906,1.4179500274396062,1.586965056582042
2019-08-06,-0.20709603967811,1.44631592157605,1.45237140791245,0.0060554863364044,6.4084,0.8284,2.4918,-178.4175,0.9418000000000002,0.6992000000000003,-1.2172,0.0108223073016269,-0.0156957660721221,74.0,0.550046336919272,0.0721639896039874,0.1335313926245225
2019-08-07,-0.18848848657853,1.4467500347068,1.44710466149045,0.0003546267836551,6.3847,0.8253,2.4826,-177.7579,1.0716,0.6814,-1.2073999999999998,0.0115225381862594,-0.0032008766085471,69.0,1.4586150226995167,0.0505448732120718,1.312186388966169
2019-08-08,-0.1585529080996,1.44738987832077,1.45389840873383,0.0065085304130574,6.4321,0.8315,2.5011,-179.0771,1.1749,0.6753999999999998,-1.2049000000000003,0.0110726286313624,0.0093014231530004,52.0,-0.1625189294977749,-0.3166123603277851,0.4595323293784401
2019-08-09,-0.12844012060904,1.44664769964606,1.44493865347158,-0.001709046174481,6.4676,0.8361,2.5149,-180.0665,1.4911000000000003,0.6363999999999996,-1.2150000000000003,0.0109982007473812,-0.0071101085798401,73.0,-0.3101549283038396,-0.2949317482896535,-0.5108256237659907
2019-08-12,-0.1004101458851299,1.43899886996445,1.40471181570026,-0.0342870542641944,6.5269,0.8437,2.5379,-181.7154,0.7652999999999999,0.6326999999999998,-1.2029999999999998,0.0107862740488576,0.0143984659405314,46.0,-0.2231435513142097,0.1043889382016312,-0.4418327522790392
2019-08-13,-0.08513436495595,1.43998766630945,1.39436370295478,-0.0456239633546749,6.5269,0.8437,2.5379,-181.7154,1.8206,0.5907,-1.2306,0.0112871616031932,-0.0063200486049774,55.0,0.3184537311185346,-0.9901535862672132,-0.0953101798043249
2019-08-14,-0.09035232071572,1.43838362614406,1.38802624384679,-0.0503573822972703,6.5506,0.8468,2.5471,-182.375,1.8670000000000004,0.5680999999999998,-1.2159999999999995,0.0109967736061285,0.0041579217396661,36.0,0.4054651081081644,0.2353229102173438,-0.6931471805599453
2019-08-15,-0.11649064992868,1.43003579004626,1.35605752022198,-0.073978269824279,6.5861,0.8514,2.5609,-183.3644,1.5337999999999998,0.5693999999999999,-1.2104,0.0106159160239218,0.0024474153311073,65.0,-0.2231435513142097,-0.5146094911110615,0.5465437063680699
2019-08-16,-0.14936292158295,1.42851984572394,1.32676178312203,-0.101758062601906,6.515,0.8422,2.5333,-181.3856,1.0496,0.5699999999999998,-1.2089,0.0102160922741467,0.0028463632040542,59.0,0.9555114450274363,1.2922696869446153,0.9985288301111273
2019-08-19,-0.16794255819439,1.42854576144953,1.32690013905301,-0.101645622396516,6.4795,0.8376,2.5195,-180.3962,0.9556999999999998,0.5701,-1.2250000000000003,0.0098610223630141,0.0207727928324015,101.0,0.7166776779701394,0.0183639763961659,0.0
2019-08-20,-0.18969496436993,1.42967394443934,1.33154684893498,-0.0981270955043632,6.4203,0.8299,2.4964,-178.7473,1.6772999999999998,0.5629,-1.2039,0.0115257393740044,-0.0010740059346856,94.0,0.959775843813894,0.1806645429334469,1.529395204760564
2019-08-21,-0.19564845890392,1.43059109704646,1.33201000132485,-0.0985810957216076,6.4321,0.8315,2.5011,-179.0771,1.5023999999999995,0.5383,-1.186,0.0110319412856209,0.0001144031302642,40.0,0.6359887667199967,-0.313802518179046,1.575536360758419
2019-08-22,-0.20666758227332,1.43277190097702,1.33760790379637,-0.0951639971806462,6.3847,0.8253,2.4826,-177.7579,1.0295999999999998,0.5388000000000002,-1.1888,0.0105715010168298,0.0010774552717895,71.0,0.8574502318512216,1.21372265886993,0.6061358035703155
2019-08-23,-0.21628299179387,1.42961254597802,1.32194302678427,-0.10766951919375,6.4203,0.8299,2.4964,-178.7473,0.8982000000000001,0.5451000000000001,-1.1874000000000002,0.0101534733994223,0.0048399458373928,48.0,-0.1431008436406733,-0.3161740917461476,0.5108256237659907
2019-08-26,-0.23086814308189,1.42906038357587,1.3172406759701,-0.111819707605767,6.3729,0.8238,2.478,-177.4281,1.3598,0.5023999999999997,-1.1934999999999998,0.009879169396709,-0.0117543597718121,77.0,-0.0465200156348928,-0.4719588152521931,-0.6466271649250525
2019-08-27,-0.24501148560124,1.42865955250973,1.31945161450046,-0.109207938009269,6.4203,0.8299,2.4964,-178.7473,1.9306000000000003,0.4832999999999998,-1.1904999999999997,0.010230648801024,0.013398571739942,43.0,0.6931471805599453,-0.063428919596924,1.1856236656577397
2019-08-28,-0.23527712756604,1.42856645068046,1.32140995005841,-0.107156500622047,6.3966,0.8269,2.4872,-178.0877,1.2577999999999996,0.4727000000000001,-1.2022,0.0106944042988358,-0.0029112765089829,58.0,0.1823215567939546,0.3755634394983352,0.0
2019-08-29,-0.21642803615612,1.42858098949624,1.31237599810364,-0.1162049913926,6.4203,0.8299,2.4964,-178.7473,1.1148000000000002,0.4569999999999998,-1.2168,0.0103066880680429,-0.0009809366760356,87.0,-0.5212969236332861,-1.885931049536136,-2.772588722239781
2019-08-30,-0.2004786182307399,1.49554671439662,1.96690579701782,0.471359082621208,6.2951,0.8254,2.4826,-177.7579,2.608,0.5013000000000001,-1.2014999999999998,0.0099126745459384,-0.0016211095108653,116.0,0.5108256237659907,-0.1889216239044149,-1.3581234841531944
2019-09-02,-0.18937331787625,1.49591585559914,1.96815753910243,0.472241683503288,6.2951,0.8254,2.4826,-177.7579,1.4288000000000003,0.5185999999999997,-1.1883000000000004,0.0095620904945702,0.0130354912097683,89.0,0.8397506547518208,-0.5996344997257674,0.8873031950009027
2019-09-03,-0.17766841990712,1.49625118857835,1.96210022761468,0.465849039036325,6.3067,0.827,2.4872,-178.0877,1.1995,0.5076999999999998,-1.1882000000000006,0.0100883709914328,0.0020660175830284,86.0,0.2151113796169455,0.1250522685508323,-0.723918839226699
2019-09-04,-0.1972548707317999,1.50296710970687,2.01143304963693,0.508465939930057,6.3885,0.8377,2.5195,-180.3962,1.6713,0.5065,-1.2015000000000002,0.0097259717357677,0.0092595131948725,87.0,-0.0408219945202551,-0.3078987776656465,-0.3001045924503381
2019-09-05,-0.20041671645271,1.50215116158115,2.00237900186208,0.500227840280926,6.4235,0.8423,2.5333,-181.3856,1.3491,0.4902000000000002,-1.2052,0.0098100029827847,0.0095749938142928,75.0,0.3429447511268304,0.2623588231937978,0.4769240720903093
2019-09-06,-0.2055897630794,1.50285805523868,2.00747844324877,0.50462038801009,6.4469,0.8453,2.5425,-182.0452,1.0774999999999997,0.5615000000000001,-1.1984,0.0099129619125506,0.0045899597080332,52.0,-1.0986122886681098,-1.9861502343797155,-2.360854001118021
2019-09-09,-0.21767092675812,1.50353749358991,2.01559140245687,0.512053908866958,6.4352,0.8438,2.5379,-181.7154,0.7967999999999997,0.5535000000000001,-1.1896999999999998,0.0096499567316595,0.0083453608111181,66.0,0.262364264467491,-1.5284132087357063,-0.916290731874155
2019-09-10,-0.2407997371745399,1.50976058382357,2.00686006526017,0.497099481436591,6.4235,0.8423,2.5333,-181.3856,1.2192000000000005,0.5798999999999999,-1.1715000000000004,0.0096620065664368,-0.0011698428040638,32.0,-1.3862943611198906,-2.7001385368715694,-2.19722457733622
2019-09-11,-0.25059114194635,1.50992627454035,2.007007428194,0.497081153653643,6.4819,0.8499,2.5563,-183.0346,1.6556000000000002,0.5601000000000003,-1.1593999999999998,0.009326199713386,-0.0041096478475761,50.0,-0.3053816495511819,-0.9373263434216876,-1.203972804325936
2019-09-12,-0.2666795354322,1.5100491190747,2.00369421975906,0.493645100684354,6.5053,0.853,2.5655,-183.6942,1.4524000000000004,0.5937000000000001,-1.112,0.0091101596924737,0.0074249102320571,36.0,-0.4855078157817007,-0.8961570877149213,0.0
2019-09-16,-0.26947785992723,1.51070488429159,2.01407870287272,0.503373818581128,6.5053,0.853,2.5655,-183.6942,1.1551,0.6078000000000001,-1.0957999999999997,0.0091112668001573,-0.0001585947982949,26.0,0.0,-0.673425667594459,-2.0149030205422647
2019-09-17,-0.2563395109806,1.51093350958856,2.01309020531054,0.502156695721976,6.4352,0.8438,2.5379,-181.7154,1.1399,0.6192000000000002,-1.0749999999999995,0.0088158368363272,-0.0175200752003972,35.0,0.1670540846631662,-1.0891442354505207,-1.3862943611198906
2019-09-18,-0.2402274491678599,1.51112970391176,2.01423047419324,0.503100770281479,6.4235,0.8423,2.5333,-181.3856,1.7605999999999995,0.6270000000000002,-1.0539,0.0102078772113584,0.0025288687948554,36.0,0.7731898882334817,0.2902736512757969,1.6094379124341005
2019-09-19,-0.22028111839835,1.5114549174726,2.01477633659297,0.503321419120371,6.4235,0.8423,2.5333,-181.3856,1.1988,0.5978000000000003,-1.0844,0.0098452870009739,0.0045515340849249,37.0,0.3746934494414107,0.1450939296393505,0.1053605156578263
2019-09-20,-0.20141867562454,1.51156935395467,2.01465549857764,0.503086144622971,6.4586,0.8469,2.5471,-182.375,1.0753999999999997,0.5949999999999998,-1.1054000000000004,0.0095870147588551,0.0023869899761468,23.0,-1.0986122886681098,-1.2119567906284674,-2.3978952727983707
2019-09-23,-0.19621225058813,1.51613094900276,1.96828331143598,0.45215236243322,6.4002,0.8392,2.5241,-180.726,1.1207999999999996,0.5949999999999998,-1.0959,0.0092762322854359,-0.0098170371910049,33.0,0.3566749439387324,-0.2680635064275763,1.2809338454620642
2019-09-24,-0.18647425127187,1.51115713810373,2.01045698385026,0.499299845746525,6.4235,0.8423,2.5333,-181.3856,0.9436999999999998,0.6265999999999998,-1.0728,0.0095012294014377,0.002771998293924,28.0,0.6931471805599453,1.257928771387977,2.70805020110221
2019-09-25,-0.1742377262679,1.5104875108139,2.01517142137589,0.504683910561991,6.4118,0.8407,2.5287,-181.0558,2.0720000000000005,0.6189999999999998,-1.0646,0.0092084821551014,-0.0100688419414982,48.0,0.0741079721537218,0.2040587214152979,-0.9444616088408514
2019-09-26,-0.1883719655846,1.51486118783535,1.97613447601876,0.461273288183412,6.4819,0.8499,2.5563,-183.0346,2.4165,0.6295999999999999,-1.0402,0.0094698762530707,-0.0089540611699039,97.0,0.2762533766281581,0.5221185798882534,0.4054651081081644
2019-09-27,-0.19660793646338,1.51494970343501,1.98246889648462,0.467519193049608,6.4702,0.8484,2.5517,-182.7048,1.7708000000000004,0.6680999999999999,-1.0207999999999997,0.009582566077028,0.001050799034016,91.0,0.8383291904044432,1.1273686539480332,1.0498221244986776
2019-09-30,-0.18942004764986,1.51453786065395,1.98434711414616,0.469809253492207,6.4586,0.8469,2.5471,-182.375,1.5362,0.7130999999999998,-1.0282,0.0092492539835386,-0.0092432228395784,37.0,-0.7621400520468967,-1.4628773031808548,-0.7731898882334817
2019-10-08,-0.17481304867547,1.51403873046304,1.98971156813645,0.475672837673411,6.4936,0.8515,2.5609,-183.3644,1.9026,0.6783999999999999,-1.0729999999999995,0.009419393923597,0.0028807534155959,19.0,0.3364722366212129,-0.7108721330712655,0.6931471805599453
2019-10-09,-0.17068444283299,1.51327858526596,1.9905063978247,0.477227812558738,6.517,0.8545,2.5701,-184.024,1.6174,0.6926000000000001,-1.0731000000000002,0.0091374082458221,0.003866183154555,51.0,0.3566749439387324,-0.410759273436433,-0.1823215567939546
2019-10-10,-0.15889458163911,1.51323100828482,1.99104230686649,0.477811298581666,6.5053,0.853,2.5655,-183.6942,2.3469000000000007,0.7128999999999999,-1.0661000000000005,0.0089177766531699,0.0077833474176127,51.0,-0.5978370007556204,-0.6197535391717288,-0.3053816495511819
2019-10-11,-0.16051798611194,1.51320341614593,1.99103536915061,0.477831953004673,6.587,0.8637,2.5978,-186.0027,1.8683000000000003,0.7223000000000002,-1.0486,0.0089721200831657,0.0087633036994034,40.0,-0.0870113769896298,-1.109624252761373,-0.3364722366212129
2019-10-14,-0.17686855183415,1.51173619107868,1.98478152061516,0.473045329536478,6.6805,0.876,2.6346,-188.6411,1.7393,0.6871999999999998,-1.0715999999999997,0.0091077211187089,0.0114445370803899,57.0,-0.5108256237659907,-0.2749706605444931,-0.2231435513142097
2019-10-15,-0.19315721577833,1.51162764236629,1.98124757779623,0.469619935429943,6.6805,0.876,2.6346,-188.6411,1.4593000000000005,0.7014,-1.0699,0.0095108757249811,-0.0056135164702286,31.0,-0.4054651081081644,-0.5661819399130972,-0.3053816495511819
2019-10-16,-0.22183291101032,1.51122330239027,1.98268930492392,0.471466002533647,6.6805,0.876,2.6346,-188.6411,1.4461000000000004,0.6861999999999999,-1.0731000000000002,0.0093572167086661,-0.0041319989614683,61.0,-0.3566749439387324,-1.681105304926627,-2.302585092994045
2019-10-17,-0.25084603162059,1.51155737717373,1.98440648524742,0.472849108073693,6.6688,0.8744,2.63,-188.3112,1.4003,0.6536,-1.0922000000000005,0.0091391450786716,-0.0004627902087257,36.0,-0.2006706954621511,-0.0754812620290215,0.0
2019-10-18,-0.27372541428436,1.51333316882727,2.02076067395102,0.50742750512375,6.6221,0.8683,2.6116,-186.9921,1.0844,0.6821999999999999,-1.0491000000000006,0.0088427086704976,-0.0132511658613161,43.0,0.3483066942682158,-1.064737353974064,-0.5389965007326869
2019-10-21,-0.28325403993964,1.51907333272159,2.11737064806079,0.598297315339198,6.7622,0.8867,2.6669,-190.9496,1.4053,0.7102999999999997,-1.0361000000000002,0.0095588609106645,0.0005024363812191,120.0,-0.2170645052378275,-0.383344933816484,-0.037740327982847
2019-10-22,-0.27591382420175,1.52058011133405,2.1491603375234,0.628580226189349,6.7856,0.8897,2.6761,-191.6092,1.1231999999999998,0.6919,-1.0503999999999998,0.0092237969341985,0.0050091742033275,58.0,-0.2113090936672069,-1.6401638135439929,-0.8362480242006186
2019-10-23,-0.24120938129385,1.52011536327581,2.14109474700382,0.620979383728004,6.8557,0.8989,2.7037,-193.5879,1.2972,0.6818,-1.0740999999999996,0.0090502724790501,-0.0043287390570254,122.0,-0.1451820098444978,-0.8268351453786303,-0.2876820724517809
2019-10-24,-0.20913576395219,1.51924182320129,2.13403353106233,0.614791707861039,6.914,0.9066,2.7267,-195.2369,1.5507,0.6915,-1.0720999999999998,0.0088726241682322,-0.0002370744500526,180.0,-0.0769610411361283,-0.4739483869984129,0.3101549283038394
2019-10-25,-0.18490121785372,1.51919814331247,2.13391925228583,0.614721108973351,6.9841,0.9158,2.7544,-197.2156,1.4628,0.6846999999999999,-1.0685999999999996,0.0085992673855179,0.0047529080268748,100.0,-0.2151113796169455,-1.093954107892732,-1.580450375560848
2019-10-28,-0.16817802770298,1.51808752594737,2.16213787117364,0.644050345226271,6.823,0.8737,2.7314,-195.5667,2.2201,0.7162000000000002,-1.0284,0.0084775345193509,0.008464136146066,225.0,-1.2636920390275583,-2.4758380666131727,-2.0605135317943173
2019-10-29,-0.17800341776469,1.51853742963125,2.1768687539834,0.658331324352146,6.8,0.8708,2.7221,-194.9071,2.6156000000000006,0.7153,-1.0183999999999995,0.0086514875902386,-0.008720249222522,152.0,-0.7492366472109889,-1.308744363293354,-1.727220948090484
2019-10-30,-0.1973823155689199,1.51764572182367,2.20150872112003,0.683862999296355,6.846,0.8767,2.7406,-196.2263,1.2497000000000005,0.7012,-1.0400999999999998,0.0088518690286119,-0.005041194289987,140.0,-0.0540672212702758,-0.460600599929518,-0.6007738604289302
2019-10-31,-0.20590958893255,1.51732113526371,2.20066624451547,0.683345109251755,6.8,0.8708,2.7221,-194.9071,1.6902000000000004,0.6751999999999998,-1.0891000000000006,0.0087340627963064,-0.0034983473177518,81.0,0.3364722366212129,0.2883257537832805,1.1143606456362487
2019-11-01,-0.2173632385084999,1.51246243248757,2.11001951902273,0.597557086535153,6.8345,0.8752,2.736,-195.8965,0.9344,0.6499999999999999,-1.0919000000000003,0.0085500435515405,0.0099004838635581,65.0,0.4353180712578455,0.0108442328525166,-0.0953101798043249
2019-11-04,-0.2302078574495799,1.51179909587954,2.11155744822921,0.599758352349676,6.7884,0.8693,2.7175,-194.5773,0.7161,0.6772999999999998,-1.0552,0.0088620153755075,0.0058286650471339,49.0,-0.5753641449035618,-0.1202094306766916,-0.3448404862917295
2019-11-05,-0.23284293117706,1.51161344979719,2.11400992984411,0.602396480046925,6.8115,0.8723,2.7267,-195.2369,0.6677999999999997,0.6468000000000003,-1.0965999999999996,0.0087758994177232,0.0053863560089801,77.0,-0.2336148511815052,-0.7557588125170747,-0.5306282510621704
2019-11-06,-0.22013546715593,1.51196128368312,2.111775541333,0.599814257649885,6.8805,0.8811,2.7544,-197.2156,0.9586,0.6438000000000001,-1.0658,0.0086715155122495,-0.0043438451848727,85.0,-0.916290731874155,-0.8529111294332896,0.1000834585569826
2019-11-07,-0.21825899364939,1.51193007618843,2.11500124827499,0.603071172086562,6.846,0.8767,2.7406,-196.2263,1.2656999999999998,0.6501999999999999,-1.0328999999999997,0.0085340593549264,3.991734592023733e-05,58.0,-0.4353180712578455,-1.007491202596554,-0.9555114450274363
2019-11-08,-0.2242798518830099,1.5118529636104,2.11109341362556,0.599240450015165,6.7539,0.8649,2.7037,-193.5879,1.2355,0.7157999999999998,-1.0071999999999997,0.008291481514032,-0.0048897106330354,71.0,0.2006706954621512,-0.7385171020990194,-0.1335313926245226
2019-11-11,-0.23796378610855,1.51161330018864,2.10898506603446,0.597371765845813,6.6389,0.8502,2.6577,-190.29,1.9676,0.7019000000000002,-1.0350999999999997,0.008226505939211,-0.0184577347815277,82.0,0.9808292530117262,1.0714614470161743,0.7419373447293773
2019-11-12,-0.23942576045436,1.51174583669253,2.10809489489245,0.596349058199922,6.6734,0.8546,2.6715,-191.2794,1.6563,0.6970000000000001,-1.0210999999999997,0.0099378155683158,0.0016648135390608,67.0,-0.0465200156348928,-1.6086398364019647,-0.8823891801984737
2019-11-13,-0.23143436228681,1.51180200492865,2.11244635547124,0.60064435054259,6.6504,0.8516,2.6623,-190.6198,1.0611000000000002,0.5982000000000003,-1.0351,0.0095813355598687,-0.0032928533066538,43.0,0.0,-0.6405421833695792,0.5596157879354227
2019-11-14,-0.21015957081038,1.51307658636661,2.13810038727411,0.625023800907504,6.6159,0.8472,2.6484,-189.6304,1.1986000000000003,0.6044,-1.0153000000000003,0.0093066821947765,0.0015919906932175,50.0,0.5978370007556204,-0.0069192150439759,0.6931471805599453
2019-11-15,-0.18954263744556,1.5140646403632,2.1599372317948,0.645872591431596,6.6619,0.8531,2.6669,-190.9496,1.7605999999999995,0.5847000000000002,-1.0351999999999997,0.0090050992926798,-0.0063871688982377,50.0,-0.6359887667199967,-2.635965337521201,-0.9808292530117262
2019-11-18,-0.16892570408074,1.51430191865122,2.16771237326709,0.653410454615871,6.6964,0.8575,2.6807,-191.939,1.1666,0.5926,-1.0591,0.0089590638555657,0.0061570633953103,33.0,-1.1631508098056809,-2.9902433098955234,-2.6741486494265287
2019-11-19,-0.15769720705037,1.51455431390558,2.17053403569458,0.655979721789,6.7309,0.862,2.6945,-192.9283,1.6865,0.5842,-1.0895999999999997,0.0088838888000826,0.0084853460192171,42.0,0.6286086594223741,-0.486127656333482,1.0986122886681098
2019-11-20,-0.17390758345175,1.51457748295207,2.16523579166951,0.650658308717444,6.6734,0.8546,2.6715,-191.2794,1.9467000000000003,0.5863,-1.0882,0.0090051064380128,-0.0078485352580406,50.0,0.6931471805599453,-0.2427953759171984,0.9162907318741552
2019-11-21,-0.1880636704548,1.5092774647929,2.2013354754685,0.692058010675602,6.5929,0.8443,2.6392,-188.9708,1.8383,0.6149,-1.0805999999999996,0.0090765161859291,-0.0025506097013936,80.0,0.2135741002980591,-0.8717991991064844,-2.6816895314111413
2019-11-22,-0.19969028088113,1.51004874644304,2.20131760070344,0.6912688542604,6.5698,0.8413,2.63,-188.3112,1.331,0.6133000000000002,-1.0692999999999997,0.0088245562807879,-0.0063395388036342,69.0,0.5260930958967791,-0.0198379698023088,0.0
2019-11-25,-0.20670702948481,1.50958065721858,2.1979231843174,0.688342527098827,6.7079,0.859,2.6853,-192.2688,1.4282,0.6341999999999999,-1.0475000000000003,0.008796035226143,0.007210789876443,111.0,-0.1718502569266592,0.0488370134267496,-1.0560526742493137
2019-11-26,-0.22097842372145,1.50955244217503,2.19998985352787,0.690437411352839,6.7309,0.862,2.6945,-192.9283,2.2675000000000005,0.6156000000000001,-1.0715,0.0088180239920515,0.0003066798183892,53.0,0.4054651081081644,0.4908642723563152,1.33500106673234
2019-11-27,-0.22633474816151,1.5098306155189,2.20271772770249,0.692887112183592,6.7654,0.8664,2.7083,-193.9177,1.2433,0.6223000000000001,-1.0694999999999997,0.0085490991123313,-0.0013305786533743,59.0,0.0512932943875504,0.6053700163580822,1.55814461804655
2019-11-28,-0.21534293440007,1.50202935136326,2.17001024362591,0.667980892262644,6.7194,0.8605,2.6899,-192.5986,1.0959,0.6236999999999999,-1.088,0.0083178811408882,-0.0046613448122698,31.0,-0.1053605156578262,-2.005542245882568,-2.8134107167600364
2019-11-29,-0.20852220809349,1.50242146264769,2.17486365952262,0.672442196874923,6.6619,0.8531,2.6669,-190.9496,1.7274999999999996,0.6326999999999998,-1.1028000000000002,0.0082363362541631,-0.0061482665082861,50.0,0.0,-0.484913448935261,0.0
2019-12-02,-0.20668942995968,1.50269266841935,2.17935590302131,0.676663234601963,6.6849,0.8561,2.6761,-191.6092,1.4927,0.6566999999999998,-1.0559000000000005,0.0082640867394862,0.0013312600368085,29.0,0.0,-0.1683709110863565,-0.1823215567939546
2019-12-03,-0.21364002862409,1.50272362772827,2.17880145199687,0.676077824268598,6.6619,0.8531,2.6669,-190.9496,1.7997,0.6101000000000001,-1.0878000000000003,0.0080561432499181,0.0030870923705368,23.0,-0.4700036292457356,0.0432694283353973,0.2876820724517808
2019-12-04,-0.2109776452886499,1.50288985472306,2.17866660145033,0.675776746727278,6.6274,0.8487,2.653,-189.9602,1.1854,0.6347,-1.0909,0.0079148785875417,-0.0022846832441079,37.0,-0.0953101798043249,-1.465567943451624,-1.9459101490553132
2019-12-05,-0.20547566960617,1.50334546422711,2.18614645058144,0.682800986354336,6.6389,0.8502,2.6577,-190.29,1.1705,0.6311,-1.0774,0.007769685571457,0.0073916351473304,48.0,0.4054651081081644,-1.0880502629289737,1.3862943611198906
2019-12-06,-0.19743875542536,1.50326869080466,2.17983960699958,0.676570916194924,6.6159,0.8472,2.6484,-189.6304,1.7659999999999996,0.6215000000000002,-1.0875999999999997,0.0079407165337437,0.0043173563199179,54.0,0.2363887780642303,-0.5806533310430559,-1.0986122886681098
2019-12-09,-0.1970351801078199,1.50284382404485,2.16355394667729,0.660710122632435,6.6044,0.8458,2.6438,-189.3006,1.6069,0.6213000000000002,-1.0748000000000002,0.0078676225548987,0.000845757799877,45.0,0.1670540846631662,1.135780226760106,1.3217558399823195
2019-12-10,-0.20714944513366,1.50271193571691,2.15108751126279,0.648375575545876,6.5583,0.8399,2.6254,-187.9815,1.2582,0.6168,-1.09,0.0076928639968199,0.000973354207443,64.0,0.3829922522561057,-0.5633002486462002,0.6931471805599453
2019-12-11,-0.22160168966298,1.50302008174144,2.15155591466732,0.648535832925883,6.6159,0.8472,2.6484,-189.6304,1.5457999999999998,0.6044,-1.1008,0.0075370453547601,0.0024313345024014,38.0,0.1823215567939546,0.0179210426485718,0.0
2019-12-12,-0.23395655630142,1.50304688471168,2.14323005728066,0.640183172568987,6.6044,0.8458,2.6438,-189.3006,2.0073000000000003,0.6008,-1.0908000000000002,0.0074281457030172,-0.0029859020180804,23.0,-0.4054651081081644,-0.52828731915746,-1.9459101490553132
2019-12-13,-0.25015965014068,1.4934922846213,2.11505170514073,0.621559420519432,6.6964,0.8575,2.6807,-191.939,2.8023,0.6231999999999998,-1.0835000000000004,0.0073609753622805,0.0176699445665287,32.0,-1.6739764335716716,-3.7867387690652174,-3.091042453358316
2019-12-16,-0.25575933353162,1.49197434783594,2.10392925348449,0.611954905648552,6.6504,0.8516,2.6623,-190.6198,1.7051999999999996,0.6598999999999999,-1.0734999999999997,0.0091162358956332,0.0056169188327377,49.0,-1.1451323043030026,-2.794543531746696,-3.520460802488973
2019-12-17,-0.25422089228354,1.49242226093249,2.09223870380513,0.599816442872639,6.7194,0.8605,2.6899,-192.5986,1.6425,0.6783999999999999,-1.0401000000000002,0.0089889670945263,0.0126622550920441,53.0,-0.2363887780642304,-0.8377293992696329,-0.2411620568168881
2019-12-18,-0.2564202260441099,1.49512733318048,2.05308251942513,0.557955186244649,6.7539,0.8649,2.7037,-193.5879,1.5787,0.6619000000000002,-1.0444999999999998,0.009563972199364,-0.0017807869616195,32.0,-1.7346010553881064,-1.192870737206762,-1.6094379124341005
2019-12-19,-0.26811237952953,1.496677123125,2.03801708039147,0.541339957266464,6.823,0.8737,2.7314,-195.5667,1.3701999999999996,0.7002000000000002,-1.0456999999999996,0.0092474571135352,7.093009338987599e-06,56.0,-1.272965675812887,-1.686661327304375,-1.1314021114911006
2019-12-20,-0.2842717779960599,1.49429219755811,2.00960585481602,0.515313657257911,6.8345,0.8752,2.736,-195.8965,1.5027,0.6709,-1.0721000000000005,0.0089393749487145,-0.0040279673033225,45.0,-0.6931471805599453,-0.9441593753329444,-0.0741079721537218
2019-12-23,-0.31449623143914,1.50273720107909,2.00784279535442,0.505105594275326,6.7654,0.8664,2.7083,-193.9177,1.3134,0.6760999999999999,-1.0819,0.0087583512008779,-0.0141384725126902,33.0,-0.0800427076735363,-2.2450047481101216,-0.6931471805599453
2019-12-24,-0.32258837171603,1.50265078440314,1.99355388966205,0.49090310525891,6.7424,0.8634,2.6991,-193.2581,2.0523,0.7754000000000003,-1.1002,0.0096186534109768,0.0067040965159579,32.0,-1.3862943611198906,-3.653973306461866,-1.1786549963416462
2019-12-25,-0.31321328674547,1.50445113943931,2.01148447616054,0.507033336721232,6.7079,0.859,2.6853,-192.2688,1.9592000000000005,0.8031999999999999,-1.0973999999999997,0.009507685735454,-0.0002682846202386,31.0,-1.029619417181158,-1.848616416148138,0.3184537311185346
2019-12-26,-0.2769097145718099,1.50226599812611,2.00840787471247,0.506141876586359,6.7424,0.8634,2.6991,-193.2581,1.6111999999999995,0.8578000000000001,-1.1251000000000002,0.0091772382573341,0.0085066801322586,34.0,-0.6931471805599453,-1.7806094425440488,-2.159484249353372
2019-12-27,-0.23687747059215,1.50384093173145,2.02205431071439,0.518213378982939,6.7884,0.8693,2.7175,-194.5773,2.7012,0.9611999999999998,-1.0846,0.00926229329663,-0.0007714403345229,26.0,-0.4054651081081644,-0.966535071214792,-0.6286086594223742
2019-12-30,-0.20072197718162,1.50315203032295,2.01843313209814,0.515281101775197,6.7769,0.8679,2.7129,-194.2475,1.9779,1.0054000000000003,-1.0816,0.0089573298983326,0.0115759956680143,44.0,0.4700036292457356,-0.1853814995492514,1.0986122886681098
2019-12-31,-0.18897156319923,1.50271348850833,2.00112866326026,0.498415174751924,6.7654,0.8664,2.7083,-193.9177,1.4954999999999998,0.9705,-1.0674,0.0094002749256662,0.0033168683012707,44.0,0.2231435513142097,-0.5763256786734522,0.6931471805599453
2020-01-02,-0.2076246323120699,1.50413511869211,2.016873571348,0.512738452655892,6.869,0.8796,2.4881,-35.9964,2.3875,1.0387999999999995,-1.0523000000000002,0.0091342533008003,0.0114334616393723,67.0,-0.7621400520468967,-0.1776428756266255,-0.5596157879354228
2020-01-03,-0.23033166100564,1.50832496900842,2.01100338590159,0.502678416893164,6.892,0.8826,2.4964,-36.117,2.0477000000000003,1.0839,-1.068,0.0095319266282394,-0.0004577091339381,49.0,0.3483066942682158,-0.3450221600599179,0.0
2020-01-06,-0.25362554283014,1.50897943808921,2.00917484943997,0.500195411350759,6.869,0.8796,2.4881,-35.9964,1.7412999999999998,1.0293,-1.0789,0.009200354006364,-0.0001224219618674,53.0,-0.5306282510621704,-0.8257039988633789,-1.203972804325936
2020-01-07,-0.26805897407397,1.50919520663673,2.00421179147681,0.495016584840078,6.915,0.8855,2.5048,-36.2375,1.5755000000000003,1.0333,-1.0786999999999995,0.0088967745568505,0.006914208121179,49.0,0.0800427076735363,0.0366193538123464,-0.4519851237430572
2020-01-08,-0.28504737086196,1.50938630624185,2.002324796364,0.492938490122155,6.8,0.8708,2.4631,-35.6346,1.7085,1.0688,-1.0929000000000002,0.0088833995861576,-0.0122849502155037,38.0,-0.1053605156578262,-0.9397872536759856,-1.2992829841302609
2020-01-09,-0.2862107601608,1.51128715400905,2.04335124677195,0.532064092762902,6.8,0.8708,2.4631,-35.6346,1.2045,0.9947,-1.1161,0.0094611942655323,0.0090849131087971,42.0,0.0,-0.6411683089752618,-0.916290731874155
2020-01-10,-0.28385242379392,1.50231974941605,2.00025065532235,0.497930905906306,6.8,0.8708,2.4631,-35.6346,1.2836999999999998,0.9676,-1.1345999999999998,0.0095629334925349,-0.0008376039651771,38.0,-0.3184537311185346,-0.8749810514139732,-0.6931471805599453
2020-01-13,-0.2634576085738,1.50233595971395,1.99704424506643,0.494708285352476,6.823,0.8737,2.4714,-35.7552,1.6294,0.9537,-1.1209000000000002,0.0092318246362538,0.00749984954248,40.0,-0.262364264467491,-0.9281749372357674,-0.5596157879354228
2020-01-14,-0.24384324126098,1.50260221787261,2.00140317202089,0.498800954148277,6.8345,0.8752,2.4756,-35.8155,1.5167000000000002,0.9573,-1.0954999999999997,0.009224363085209,-0.0028121688823556,45.0,-1.1526795099383855,-2.798169623291173,-1.791759469228055
2020-01-15,-0.22943408522422,1.50248103390805,1.99507808827845,0.492597054370407,6.7654,0.8664,2.4506,-35.4537,1.4573,0.9004000000000003,-1.0843000000000005,0.0089666537097396,-0.0054164675769854,29.0,-0.251314428280906,0.5088447499103901,1.3217558399823195
2020-01-16,-0.21400476361032,1.50287789852522,1.98370083389826,0.480822935373042,6.6734,0.8546,2.4173,-34.9713,1.3431000000000002,0.8854000000000002,-1.0721999999999996,0.0088592256990443,-0.0051772312846445,64.0,0.4700036292457356,0.2916429143784995,1.7635885922613586
2020-01-17,-0.21741057516229,1.50389245790293,1.98704078597527,0.48314832807234,6.6964,0.8575,2.4256,-35.0919,1.4237000000000002,0.8718000000000004,-1.0707999999999998,0.0087487738697239,0.000459901566538,39.0,0.0741079721537218,-0.8137886672686466,-0.6567795363890705
2020-01-20,-0.21669142215283,1.50859995862575,2.08183328850896,0.573233329883206,6.7194,0.8605,2.4339,-35.2125,1.3388999999999998,0.9034,-1.0814,0.0084867160485573,0.006576225328537,26.0,-1.1786549963416462,-2.347633162692203,-0.8209805520698302
2020-01-21,-0.2122332803743699,1.50812231470631,2.06025176854192,0.55212945383561,6.6389,0.8502,2.4048,-34.7905,2.566,0.9283,-1.1150999999999995,0.0084967482231323,-0.0141986453734119,41.0,0.241162056816888,-0.0459980132218285,1.0986122886681098
2020-01-22,-0.1959258031447,1.51799816046821,2.10640442765005,0.588406267181843,6.6619,0.8531,2.4131,-34.9111,1.5376,0.9409999999999998,-1.1086999999999998,0.0094190368750035,0.0028178477550699,34.0,0.0,0.0943036250836766,0.8754687373538999
2020-01-23,-0.18443209947708,1.51693201159476,2.12952246713656,0.612590455541801,6.5813,0.8428,2.3839,-34.489,1.8483,0.9148999999999998,-1.1399,0.0091352116855918,-0.0279039000137713,45.0,0.7985076962177716,-0.2709333651827348,0.1177830356563834
2020-02-03,-0.1797263505865,1.59135865504393,1.86448836294876,0.273129707904824,6.2362,0.7986,2.2589,-32.6801,3.5533,1.0014,-1.1302999999999996,0.0125172767083892,-0.0803917321885157,154.0,0.2578291093020998,-0.1857599125867095,-0.5596157879354228
2020-02-04,-0.18476406293377,1.59247431449186,1.89830236418062,0.305828049688755,6.3282,0.8104,2.2922,-33.1625,2.3136,1.0921000000000003,-1.1046,0.0281230008619134,0.0132669609967974,78.0,-0.1892419996385284,-0.8279531445796701,-0.7621400520468967
2020-02-05,-0.1755655800946499,1.59428896909583,1.89368122762782,0.299392258531993,6.3167,0.8089,2.2881,-33.1022,1.5480999999999998,1.0773,-1.1161000000000003,0.0267938711242239,0.0124257868467498,76.0,0.5947071077466928,0.5789057314169308,0.5108256237659907
2020-02-06,-0.13821149833502,1.59437393612708,1.88929018755068,0.294916251423603,6.3282,0.8104,2.2922,-33.1625,1.5857,1.0725,-1.1148000000000002,0.0255252707017072,0.0170365874382918,101.0,0.4480247225269603,-0.2044047144279623,-0.1335313926245226
2020-02-07,-0.09560062048432,1.5944242934296,1.88889328769887,0.29446899426927,6.2592,0.8015,2.2672,-32.8007,1.5567999999999995,1.1224,-1.1414,0.0246291905383195,0.0032926260331462,102.0,0.4795730802618863,-0.266933303266634,0.750305594399894
2020-02-10,-0.02890206153791,1.59474036897149,1.89302118919401,0.298280820222525,6.2362,0.7986,2.2589,-32.6801,1.3839,1.1231,-1.1219,0.0232263512069736,0.0050374934970376,88.0,0.092373320131015,-0.3606744778428707,-0.3593740009078974
2020-02-11,0.0086777796474618,1.59495715101282,1.88770210056436,0.29274494955154,6.2822,0.8045,2.2756,-32.9213,2.0013,1.15,-1.0501999999999998,0.0219498077756866,0.0038626728750426,89.0,0.1967102942460543,-0.7018193216301795,-0.8754687373538999
2020-02-12,-0.07349440316573,1.59513860989043,1.89279232388643,0.297653713996,6.2822,0.8045,2.2756,-32.9213,1.9938,1.1287,-1.0528,0.02073716129971,0.0086555852763083,100.0,0.4595323293784401,-0.2015704978031496,0.7827593392496325
2020-02-13,-0.11910084156892,1.59505543797773,1.89777248938923,0.302717051411493,6.2247,0.7971,2.2547,-32.6198,2.0567,1.0835,-1.0494,0.0197573546685542,-0.0071406776332585,96.0,0.7339691750802005,-0.3824192337868666,-0.3908663086870116
2020-02-14,-0.11160405074542,1.5944831326487,1.88138065630522,0.286897523656525,6.2477,0.8001,2.2631,-32.7404,2.0552,1.0654,-0.9949,0.0188003637270184,0.0037554732539,101.0,0.1880522315029396,-1.1154291535256873,0.0350913198112701
2020-02-17,-0.07327835382281,1.59441184195358,1.8804107894,0.285998947446419,6.3167,0.8089,2.2881,-33.1022,1.7944999999999998,1.0778,-0.9702000000000002,0.0178048136579377,0.0225798021990764,73.0,0.371563556432483,-0.2783284252679554,-0.0571584138399486
2020-02-18,-0.04776511119191,1.59440730603486,1.87811510113042,0.283707795095555,6.2822,0.8045,2.2756,-32.9213,1.5881,1.0513,-0.9968,0.0182764546840203,0.0004520997819508,91.0,0.5663954749208014,0.5006652736528376,0.5679840376059393
2020-02-19,-0.04685236340606,1.59444765733784,1.87714808787447,0.282700430536635,6.3052,0.8074,2.2839,-33.0419,2.6722,1.0777,-0.9592,0.0172804266217856,-0.0032111102510414,98.0,-0.3528213746227423,-0.9349582815734592,-1.466337068793427
2020-02-20,-0.05694356698519,1.59433425376955,1.87488659283446,0.280552339064911,6.3397,0.8119,2.2964,-33.2228,2.3691000000000004,1.0764,-0.9382,0.0163875846950415,0.018234387005072,147.0,0.4495250979021948,0.5256433436693561,-0.2595111954850845
2020-02-21,-0.06860780398248,1.59440119191439,1.87722681777715,0.282825625862759,6.3167,0.8089,2.2881,-33.1022,2.7140000000000004,1.0439,-0.9765,0.0165457695220241,0.0031351843923097,88.0,0.1381503384808171,-0.1705496115820128,0.0476280489892546
2020-02-24,-0.1062179891767,1.59470067688309,1.85343749601027,0.258736819127177,6.2592,0.8015,2.2672,-32.8007,1.5173,0.9946,-0.9885000000000002,0.0156994193616428,-0.0027791272976589,97.0,0.1941560144409574,0.0565858333107331,0.8873031950009027
2020-02-25,-0.14781294961151,1.59448512565727,1.83090688853214,0.236421762874877,6.2247,0.7971,2.2547,-32.6198,1.9512,0.9819,-0.9588,0.0149130327917645,-0.0060166784546389,145.0,0.6466271649250525,0.5960108353539951,0.4265185173059967
2020-02-26,-0.1600804255045,1.59320263011307,1.80651643163913,0.21331380152606,6.2247,0.7971,2.2547,-32.6198,1.24,0.9485,-0.9835000000000004,0.0142879547087038,-0.0083724830847522,178.0,0.3976829676661094,-0.6606086373523985,-0.17366349405084
2020-02-27,-0.16821868867482,1.59334613465845,1.79903162354681,0.205685488888357,6.2132,0.7957,2.2506,-32.5595,2.1223,0.8779999999999999,-0.9958,0.0138395778625497,0.001137298524604,150.0,0.7230001437096264,-2.644312531644793,-1.1503885581918296
2020-02-28,-0.18328873722407,1.59315843782309,1.78789081736938,0.194732379546291,6.0981,0.7809,2.2089,-31.9566,3.3015,0.8482000000000001,-1.0089,0.0131646784705328,-0.0378219286996452,241.0,0.9456429438866824,-0.2734207761554704,0.1500606945757332
2020-03-02,-0.16773743269465,1.5932360494158,1.78357167695511,0.190335627539309,6.1671,0.7898,2.2339,-32.3183,2.449,0.8556999999999999,-0.9738000000000002,0.0173551122313516,0.0309796643305091,160.0,0.8873031950009027,-1.1940181459846189,-0.0540672212702758
2020-03-03,-0.13526206067598,1.59359773242862,1.80999975264436,0.216402020215734,6.1901,0.7927,2.2422,-32.4389,1.3919,0.8806999999999998,-0.9839000000000002,0.0191019946972077,0.0073663087954978,127.0,0.3364722366212129,-0.1963815520262436,-1.252762968495368
2020-03-04,-0.11115920757586,1.5950372140207,1.90175867016728,0.306721456146579,6.2017,0.7942,2.2464,-32.4992,1.8404,0.8208,-1.0587,0.0181932504485018,0.006251566580337,67.0,0.4054651081081644,0.0959215362968935,0.8472978603872037
2020-03-05,-0.09259534984901,1.59488947323463,1.90044184187242,0.305552368637788,6.2822,0.8045,2.2756,-32.9213,1.5396,0.8353000000000002,-1.077,0.0173112787074201,0.0197303846817877,142.0,0.0706175672139534,-1.0945938003710192,-0.213574100298059
2020-03-06,-0.09385705373649,1.59475225034613,1.90080249903509,0.306050248688961,6.2247,0.7971,2.2547,-32.6198,1.5358999999999998,0.8780000000000001,-1.1227999999999998,0.0175155758787862,-0.0121733089545106,96.0,0.8329091229351039,-0.1868298902898096,0.1541506798272583
2020-03-09,-0.11283905190513,1.59474203753705,1.90352109543956,0.308779057902505,6.1096,0.7824,2.213,-32.0169,1.9407,0.8302000000000003,-1.2052999999999998,0.017022727777081,-0.030522148997675,159.0,0.4295626596872249,-0.7759837176107652,-0.6817184847363225
2020-03-10,-0.1965029461927999,1.59462405566699,1.89879978110445,0.304175725437462,6.1671,0.7898,2.2339,-32.3183,1.3055,0.9139,-1.0929000000000002,0.0188045230647106,0.0180040645647432,126.0,0.4353180712578455,-0.4254123892619696,0.3150810466398954
2020-03-11,-0.22806921170669,1.59459643663742,1.90415104603603,0.30955460939861,6.1211,0.7839,2.2172,-32.0772,0.973,0.8867999999999998,-1.093,0.0186489712588718,-0.0094696694387366,85.0,0.4643056081310978,-0.1415340133445695,-0.0741079721537218
2020-03-12,-0.2166635056647,1.59460857019826,1.90493717584827,0.310328605650009,6.0866,0.7794,2.2047,-31.8963,1.551,0.8754000000000002,-1.0631,0.0178863595067782,-0.0152860332390654,118.0,0.1865859555804121,-1.1600557193541348,-0.832909122935104
2020-03-13,-0.17384992983496,1.5959855420245,1.9171896199515,0.321204077927,6.0061,0.7691,2.1755,-31.4742,1.3996999999999995,0.8806,-1.0901,0.0176054677231536,-0.012410982040099,233.0,0.4719857904497268,-1.4353069186309828,-0.1237942173466643
2020-03-16,-0.10002417009271,1.59463509721021,1.85083542364312,0.256200326432912,5.9485,0.7618,2.1547,-31.1727,1.7929000000000002,0.9185,-1.1452,0.0171213890643826,-0.0345915519667467,159.0,0.1177830356563834,0.1026645463765242,0.5857269319391084
2020-03-17,-0.03885550331692,1.59453004489874,1.84701302385694,0.2524829789582,5.9485,0.7618,2.1547,-31.1727,2.3098,0.9512999999999998,-1.1518000000000002,0.0195749145375491,-0.0034523942663131,127.0,0.8649974374866045,0.443776938899137,0.7472144018302211
2020-03-18,-0.04117621311284,1.59458609286458,1.85318306968041,0.258596976815828,5.8795,0.7529,2.1297,-30.811,1.4731999999999998,0.9463,-1.1667,0.0185239420110553,-0.0184757371166464,151.0,1.1394342831883648,-0.0056677542372238,0.2396728532654202
2020-03-19,-0.0077547148986126,1.59469692783174,1.85416065524859,0.259463727416856,5.7414,0.7352,2.0797,-30.0874,1.6906,0.9692000000000004,-1.1284999999999998,0.0184724910717663,-0.0098057347702678,312.0,1.24971882611414,1.270896421066556,1.7296870405856777
2020-03-20,0.0360116628086299,1.59441996132435,1.83020374293099,0.235783781606639,5.845,0.7485,2.1172,-30.6301,2.405,0.9766,-1.1791999999999998,0.0177429783076033,0.015966056218903,105.0,0.8472978603872037,-2.0324453707944774,0.2980448594873275
2020-03-23,0.06445917109416,1.5951698029572,1.88768585151996,0.292516048562753,5.7414,0.7352,2.0797,-30.0874,1.7482000000000002,0.9566,-1.2081,0.0175149249836898,-0.0316172059331352,107.0,0.714653385780909,-0.8346849583857413,-0.251314428280906
2020-03-24,0.0880340384404999,1.5948847756038,1.8758934183299,0.281008642726108,5.891,0.7544,2.1339,-30.8713,2.2816,0.9940999999999998,-1.2133000000000005,0.0193753056867517,0.0231387859667586,77.0,0.2135741002980591,-1.132400715378026,-2.2335922215070942
2020-03-25,0.07205063522523,1.59431443566646,1.82578646913118,0.23147203346472,5.96,0.7632,2.1589,-31.233,1.9839,1.0000999999999998,-1.2099000000000002,0.0196965498015849,0.0214953348992956,96.0,0.6690496289808848,0.1745545895206632,-0.4989911661189879
2020-03-26,0.05148103851419,1.59439590115403,1.82596759726803,0.231571696114003,5.96,0.7632,2.1589,-31.233,2.6021,1.0167,-1.2353,0.0197915810770338,-0.0060147637867116,72.0,0.0953101798043249,-0.7285544195406588,-0.1923718926474561
2020-03-27,0.01677416808558,1.59444787496089,1.82944331896337,0.234995444002482,5.9945,0.7677,2.1714,-31.4139,1.4211999999999998,1.0817,-1.2205,0.018791873494672,0.0026340089630894,128.0,-0.8347976976229721,-2.848845817013585,-3.91914047319701
2020-03-30,-0.03137024321679,1.59492050134956,1.87856408897672,0.283643587627155,5.9587,0.7532,2.1755,-31.4742,2.0972,1.1364999999999998,-1.2353,0.0177775987475246,-0.0090551847418067,77.0,0.0392207131532813,-0.8039892430001646,-1.2237754316221157
2020-03-31,-0.05476547403081,1.59504193869643,1.87078453004094,0.275742591344517,5.8788,0.7431,2.1464,-31.0521,1.7563000000000002,1.1617000000000002,-1.2866,0.0170649086188359,0.0011213805242773,84.0,0.8303483020734302,-0.3328399001511496,0.9044562742271522
2020-04-01,-0.11884595189468,1.59472446845604,1.86924595789789,0.274521489441851,5.8902,0.7445,2.1505,-31.1124,2.9211,1.1268000000000002,-1.3045999999999998,0.0161561609362706,-0.0057521486976863,66.0,0.0870113769896296,-1.3605323484133809,0.4382549309311553
2020-04-02,-0.14937870046755,1.59424290720156,1.82021722607051,0.225974318868953,5.9244,0.7489,2.163,-31.2933,1.7803999999999998,1.2027,-1.2656,0.0154212749342454,0.0167238955406867,93.0,0.6443570163905132,-0.3181401725862386,-0.0645385211375711
2020-04-03,-0.12411427870911,1.59424682454445,1.8197143223023,0.225467497757856,5.8674,0.7417,2.1422,-30.9918,2.7998000000000003,1.2764999999999995,-1.2498,0.0155393840345405,-0.0060060145278582,77.0,0.071458963982145,-1.81299283335514,-0.2411620568168881
2020-04-07,-0.08708427096387,1.59422597527383,1.82042629467773,0.226200319403898,5.8902,0.7445,2.1505,-31.1124,2.9361,1.4112,-1.2443,0.0148632970372348,0.0203332102504267,112.0,0.84078317936601,-0.9476835415182434,0.0
2020-04-08,-0.06158316593651,1.59410047832814,1.82215450385607,0.228054025527933,5.8674,0.7417,2.1422,-30.9918,2.6314,1.4224,-1.247,0.0154881776787431,-0.0019143631297371,68.0,0.659245628884264,0.6064783897385944,-0.4418327522790392
2020-04-09,-0.0533283817722399,1.59397434406265,1.82646761079635,0.2324932667337,5.8559,0.7402,2.138,-30.9316,2.7063,1.4420000000000002,-1.2090999999999998,0.014702813433644,0.0037349774566761,118.0,1.01160091167848,-0.467462421303927,-0.4054651081081644
2020-04-10,-0.07195171375642,1.59419025659632,1.82689636828611,0.232706111689791,5.8331,0.7373,2.1297,-30.811,2.2857000000000003,1.4301999999999997,-1.2071,0.0140067585420345,-0.0104126218951039,93.0,0.1758906664636642,-0.7222985606786952,-1.0986122886681098
2020-04-13,-0.11695369950355,1.59420217884775,1.82356663206648,0.229364453218725,5.8217,0.7359,2.1255,-30.7507,2.8694,1.4493999999999998,-1.1816,0.0137265280214714,-0.0048689637243288,77.0,0.4212134650763035,0.1698204404918916,0.0909717782057267
2020-04-14,-0.14240746787713,1.59418025841112,1.82420617168865,0.230025913277529,5.8445,0.7388,2.1339,-30.8713,1.808,1.4263,-1.2183000000000002,0.0131515509369071,0.0157695935784749,72.0,0.1625189294977749,-0.7269668287997317,0.0
2020-04-15,-0.16963150572631,1.59411221774313,1.82136403176966,0.227251814026528,5.8559,0.7402,2.138,-30.9316,1.7012,1.4184,-1.2169,0.0134657404788544,-0.0057139545598872,63.0,-0.2231435513142097,-1.0647338898747702,-1.0986122886681098
2020-04-16,-0.16151326960182,1.59476764447322,1.81001227968295,0.215244635209732,5.8445,0.7388,2.1339,-30.8713,2.0335,1.4369,-1.2748,0.0129475475149795,0.0031116097781405,83.0,0.328504066972036,-1.8868674573435125,-3.075005454448499
2020-04-17,-0.14479796889338,1.59345475740635,1.80832007172517,0.214865314318822,5.8788,0.7431,2.1464,-31.0521,1.8509,1.4603000000000002,-1.2534999999999998,0.0123721031400197,0.0065599709446599,88.0,-0.2305236586118323,-0.5904624206934057,1.203972804325936
2020-04-20,-0.12182027164097,1.59339868238796,1.81307922107312,0.219680538685154,5.8445,0.7388,2.1339,-30.8713,2.5504,1.5245000000000002,-1.2542,0.0119788589570919,0.0049405066780172,74.0,0.4989911661189878,-0.5741304364075798,0.3364722366212129
2020-04-21,-0.12564240299419,1.59343594056043,1.81114234927914,0.217706408718711,5.7989,0.733,2.1172,-30.6301,1.6479000000000004,1.5473,-1.2597,0.0115432137598321,-0.0089935293273883,111.0,0.4289956055183586,-1.3992039355771997,-0.9236708391717776
2020-04-22,-0.1420044994397599,1.59353933627379,1.8145912607104,0.221051924436609,5.8103,0.7344,2.1214,-30.6904,1.1439,1.5295000000000003,-1.3020999999999998,0.011412125350904,0.0059838368811444,73.0,0.4855078157817008,-0.562907796545137,0.9162907318741552
2020-04-23,-0.14891200961162,1.59347038219738,1.81181789106454,0.218347508867167,5.7874,0.7316,2.113,-30.5698,1.8792,1.5098,-1.3435,0.0110766799100674,-0.0019290879660465,95.0,1.037987666851675,-0.0373811150204652,-0.8909729238898653
2020-04-24,-0.15606045121365,1.59347064828463,1.81219928274174,0.218728634457109,5.7646,0.7287,2.1047,-30.4492,1.6925000000000003,1.4934999999999998,-1.3571000000000004,0.0106325355941369,-0.010614566698166,78.0,0.6931471805599453,-1.1630855572285357,-0.7353475350503217
2020-04-27,-0.16099438705069,1.59344463946881,1.81333250620974,0.219887866740933,5.8103,0.7344,2.1214,-30.6904,3.2471000000000005,1.5257,-1.3481999999999998,0.0107557218653802,0.0024770177230468,98.0,0.5198754592859086,-0.9451442941537695,1.1895840668738364
2020-04-28,-0.15157378606688,1.59328706937457,1.8195535125209,0.226266443146333,5.8331,0.7373,2.1297,-30.811,2.813,1.5316,-1.3746,0.0103446453393198,-0.0019448522791565,86.0,-0.3302416868705768,-2.888129280907634,-2.6523612952416213
2020-04-29,-0.13172698364636,1.59326432044449,1.81980015906492,0.226535838620425,5.8323,0.7176,2.1464,-31.0521,1.3521,1.5317000000000005,-1.3897,0.0099628264510661,0.0044094783981369,80.0,-0.1892419996385284,1.1756725406015067,0.0
2020-04-30,-0.13105273976999,1.59295075514262,1.82884839784366,0.235897642701038,5.8549,0.7204,2.1547,-31.1727,2.5736,1.5401999999999998,-1.3815000000000004,0.0096869026630909,0.0132477562842474,79.0,-0.0512932943875505,-0.1396210023581987,0.90078654533819
2020-05-06,-0.12086746976346,1.59292996721184,1.83080615337667,0.237876186164826,5.787,0.7121,2.1297,-30.811,1.0527,1.5688000000000002,-1.3388999999999998,0.0102196790127397,0.0062939559861776,78.0,1.0245043165143877,-0.1229686475855017,1.0986122886681098
2020-05-07,-0.11397634535637,1.59307645934049,1.82462853247017,0.231552073129683,5.7756,0.7107,2.1255,-30.7507,1.4123,1.5524,-1.2837,0.0100182912209808,-0.0023017009730725,73.0,0.2047944126460132,-0.9884702213917544,-0.8109302162163288
2020-05-08,-0.13232354686012,1.59306267157353,1.82577816136879,0.232715489795254,5.7756,0.7107,2.1255,-30.7507,1.7959999999999998,1.5706999999999998,-1.3164000000000002,0.0096731910477105,0.0082614469893194,114.0,0.4700036292457356,-0.4297364527206064,-0.4054651081081644
2020-05-11,-0.15723658499621,1.59309507295701,1.82505160819138,0.231956535234366,5.8209,0.7162,2.1422,-30.9918,1.5923,1.5869,-1.3095,0.0096753437122063,-0.0001873527762912,77.0,-0.048790164169432,0.2699225260289775,-0.2006706954621511
2020-05-12,-0.18447700861016,1.59289278422535,1.88469411940409,0.291801335178736,5.8096,0.7148,2.138,-30.9316,1.3558000000000003,1.5896,-1.3529000000000004,0.0093298533973314,-0.0011218110307069,55.0,-0.4307829160924542,-1.0371809517611823,-2.079441541679836
2020-05-13,-0.21014257816543,1.59811115482668,1.95173155822217,0.353620403395491,5.8096,0.7148,2.138,-30.9316,1.4663,1.5794999999999997,-1.2956,0.0090229998313728,0.0022430206250509,80.0,-0.4054651081081644,-1.3357030205324936,-2.0476928433652555
2020-05-14,-0.21360361581348,1.598252841594,1.95575526728985,0.357502425695849,5.7756,0.7107,2.1255,-30.7507,1.2176000000000002,1.5437,-1.3053,0.0087606384886042,-0.0096066683846931,59.0,0.496436886313891,0.4907127677446366,-0.5485659517488378
2020-05-15,-0.1987823881367,1.59830274857193,1.9566559640655,0.35835321549357,5.7643,0.7093,2.1214,-30.6904,1.7359999999999998,1.525,-1.3274000000000004,0.009037453170632,-0.0006564089259937,73.0,0.8574502318512216,-0.1976580009105024,0.6466271649250525
2020-05-18,-0.18971863269682,1.59832350538943,1.95789995589844,0.359576450509013,5.7756,0.7107,2.1255,-30.7507,1.063,1.5552,-1.2938,0.0087517756981933,0.0024230686878805,66.0,0.0444517625708337,-1.053623337182452,-0.5108256237659907
2020-05-19,-0.17066441578715,1.59829159736192,1.95788398872158,0.359592391359657,5.7983,0.7134,2.1339,-30.8713,0.9208,1.5255999999999998,-1.2871000000000006,0.0085197240975489,0.0080216660376066,71.0,-0.1823215567939546,-0.4635556834189912,-0.8472978603872037
2020-05-20,-0.15060399154442,1.59829293481137,1.95767731082121,0.359384376009847,5.7983,0.7134,2.1339,-30.8713,1.5988000000000002,1.4522,-1.3213000000000004,0.0086464621842238,-0.0051322820183949,77.0,-0.4769240720903093,-1.5579585294944462,-0.6931471805599453
2020-05-21,-0.14368313000867,1.59823416366922,1.96033850812206,0.36210434445284,5.7756,0.7107,2.1255,-30.7507,1.6908999999999998,1.4385,-1.3259000000000003,0.0085566298968898,-0.0054989814160402,65.0,-0.0571584138399486,-1.2147329892743262,0.0
2020-05-22,-0.13574695793721,1.59822201564215,1.96114596215763,0.362923946515474,5.719,0.7037,2.1047,-30.4492,1.7405999999999997,1.3167,-1.3788,0.0085003126120201,-0.0190647321314392,72.0,0.7259370033829363,0.6342431407725082,-0.587786664902119
2020-05-25,-0.1416039585230999,1.59821895345103,1.96130881763169,0.363089864180664,5.7643,0.7093,2.1214,-30.6904,1.3664,1.3591,-1.3012,0.010251040237237,0.0014930747651975,54.0,-0.4462871026284195,-1.220904060861691,-0.8472978603872037
2020-05-26,-0.1523093248411099,1.59824894207329,1.95989595704878,0.361647014975495,5.753,0.7079,2.1172,-30.6301,1.0192,1.3798,-1.2631,0.0098649388638819,0.0100901250568039,66.0,0.4855078157817008,-0.7651240730921622,1.637608789400797
2020-05-27,-0.15474898315168,1.59821186654133,1.95969038654724,0.36147852000591,5.7983,0.7134,2.1339,-30.8713,1.2816,1.2481,-1.2655000000000003,0.0100108759005589,-0.003428860796351,79.0,-0.3856624808119846,1.750436678380347,1.466337068793427
2020-05-28,-0.1383401569324999,1.59818068767463,1.96106341426467,0.362882726590036,5.8549,0.7204,2.1547,-31.1727,0.69,1.2067,-1.3017999999999996,0.0097012910066068,0.0033144700665133,80.0,-0.7621400520468967,0.6661831838638764,1.1597667118214403
2020-05-29,-0.12442378759926,1.59809560150028,1.95549244531559,0.357396843815305,5.7983,0.7134,2.1339,-30.8713,1.6373000000000002,1.1510999999999998,-1.2966000000000002,0.0094070691550639,0.0021512411866693,78.0,0.4054651081081644,-0.992642513460227,0.1590646946296872
2020-06-01,-0.1155062902819799,1.5980491044908,1.95658566362436,0.358536559133551,5.8436,0.719,2.1505,-31.1124,0.7550000000000001,1.1709999999999998,-1.2889,0.0091071317944436,0.0218740624650424,69.0,-0.1466034741918754,-0.9114696840116115,-1.0775588794702773
2020-06-02,-0.1375463576613,1.59814548702458,1.96527584849619,0.367130361471608,5.8776,0.7232,2.163,-31.2933,0.9138000000000002,1.1719000000000002,-1.2592000000000003,0.0111770644318829,0.002044569740307,106.0,-0.4054651081081644,-0.0353783567575656,0.4763567605643434
2020-06-03,-0.1628362683871499,1.59973812578766,1.98781298617671,0.388074860389055,5.8776,0.7232,2.163,-31.2933,0.6587000000000001,0.9768,-1.266,0.0107219227845513,0.0006751678436547,97.0,-0.5436154465889815,-0.2094256402263901,-2.360854001118021
2020-06-04,-0.17606504248012,1.59981151105199,1.98595211474209,0.386140603690099,5.8662,0.7218,2.1589,-31.233,0.6408,0.9167999999999998,-1.226,0.010288419385461,-0.0014104971688118,58.0,-0.2076393647782445,-0.8684975978803957,0.5260930958967791
2020-06-05,-0.1926450089091499,1.59981209002669,1.98682405124153,0.387011961214843,5.9002,0.726,2.1714,-31.4139,0.7016999999999998,0.8296000000000001,-1.2054999999999998,0.0099017106671529,0.0039482449550973,60.0,-0.5260930958967791,-0.990965892733414,-0.8266785731844679
2020-06-08,-0.2117259285466,1.59969621667486,1.99286126774167,0.393165051066808,5.9342,0.7302,2.1839,-31.5948,1.285,0.8195999999999999,-1.2279000000000004,0.0096121898206822,0.0023760141519826,62.0,-0.3184537311185346,-1.29658744156245,-1.7578579175523736
2020-06-09,-0.23064784557773,1.59969528983412,1.99294156917975,0.393246279345629,5.9568,0.733,2.1922,-31.7154,0.5929,0.8265000000000002,-1.2349,0.0092988645723244,0.0062235574815572,71.0,-0.4855078157817007,-1.9834157530961527,-1.37304913436987
2020-06-10,-0.21967848638283,1.59968878201271,1.99353667482893,0.393847892816216,5.9682,0.7343,2.1964,-31.7757,2.87,0.8191999999999999,-1.2078999999999995,0.0091904109614468,-0.0041896280554158,70.0,-0.4248831939652659,-2.396450415367558,-3.332204510175204
2020-06-11,-0.2039038499483599,1.59826919069412,1.97122701173721,0.372957821043088,5.9682,0.7343,2.1964,-31.7757,1.2974,0.8116999999999999,-1.2779000000000005,0.0089917090960195,-0.007794435623972,86.0,-0.7282385003712154,-1.8142444044901556,-1.0560526742493137
2020-06-12,-0.1871733772355,1.59730609814626,1.9321393776707,0.334833279524441,5.9115,0.7274,2.1755,-31.4742,1.8416,0.8946999999999998,-1.2729,0.0090600739825321,-0.0003958471982903,466.0,1.066351426449888,1.075967258407365,1.6302719993369423
2020-06-15,-0.17792027518047,1.59731659828551,1.93034614199178,0.333029543706262,5.9342,0.7302,2.1839,-31.5948,2.0517000000000003,0.9373999999999998,-1.2052,0.0087703857255815,-0.0102277549132878,101.0,0.3920420877760237,-0.1205521189549532,0.2363887780642303
2020-06-16,-0.17250751088397,1.59879419418287,1.951780679604,0.352986485421137,6.0021,0.7385,2.2089,-31.9566,1.3961,0.8864999999999998,-1.1728,0.0091144889107674,0.0143321852901854,50.0,-0.7419373447293773,-1.7162784380936522,-2.159484249353372
2020-06-17,-0.17627866430234,1.59881614748641,1.94954048065949,0.350724333173084,5.9568,0.733,2.1922,-31.7154,1.2866,0.7418,-1.1491000000000002,0.009896154372964,0.0014055780921395,41.0,0.0,0.109152114513289,0.6576404921030355
2020-06-18,-0.16886076790183,1.59863521940913,1.9431660048813,0.34453078547217,5.8776,0.7232,2.163,-31.2933,1.7203000000000002,0.7187999999999999,-1.1624000000000003,0.0095394947873282,0.0011717413418059,115.0,0.6729444732424258,0.1228848312895186,0.3920420877760237
2020-06-19,-0.16284719223033,1.59860496853587,1.94178298395121,0.343178015415341,5.8889,0.7246,2.1672,-31.3536,1.4899999999999998,0.7414999999999998,-1.129,0.0092112793646166,0.0095884410064535,100.0,0.5020919437972361,-1.039209169112235,-1.2602536402245257
2020-06-22,-0.16941970454462,1.59861579604214,1.94366352186532,0.345047725823178,5.8436,0.719,2.1505,-31.1124,1.5376999999999998,0.7403999999999997,-1.1138,0.0093952306610087,-0.0007963720323536,78.0,0.9162907318741552,-0.4516070810197276,-2.3291521203787675
2020-06-23,-0.18254470212737,1.59864659376221,1.94183635511333,0.343189761351121,5.8209,0.7162,2.1422,-30.9918,1.6283999999999998,0.7206000000000001,-1.1288999999999998,0.00907859915206,0.0018021222244373,156.0,0.7640989165322297,-0.6076947232431283,-1.754854912292604
2020-06-24,-0.21515540842545,1.59860804814635,1.93699606877035,0.338388020623997,5.9115,0.7274,2.1755,-31.4742,1.6923,0.7399,-1.1676999999999995,0.0088015636729019,0.0030016639875549,89.0,-0.037740327982847,-0.1466390882675793,-1.203972804325936
2020-06-29,-0.23002336587585,1.59869682202636,1.94128640026482,0.342589578238456,5.9455,0.7316,2.188,-31.6551,1.7075000000000002,0.7599,-1.182,0.0085821707314531,-0.0060710157599972,192.0,-0.3914788661334245,-0.8502805090192107,-0.925340567394073
2020-06-30,-0.23928557113353,1.59715051904918,1.91366349354422,0.316512974495041,5.6398,0.6939,2.0755,-30.0271,1.9477,0.7519999999999998,-1.2293999999999996,0.0085625454749659,0.0077891272007928,211.0,0.8109302162163288,-0.3250798396966214,-0.322773392263051
2020-07-01,-0.24238248067552,1.59706661620693,1.91861914397783,0.321552527770892,5.6511,0.6953,2.0797,-30.0874,1.5998,0.7877000000000001,-1.1917999999999995,0.0086627581532107,0.013744774775791,194.0,0.98794672078059,-0.18429934186015,0.0845573880280629
2020-07-02,-0.23268817673199,1.59652506350539,1.93491219753751,0.338387134032122,5.7304,0.7051,2.1089,-30.5095,1.5658999999999998,0.7985000000000002,-1.1786,0.009446319577415,0.0211199769914554,122.0,0.5996211225491218,-0.4236426666257044,0.3930425881096072
2020-07-03,-0.22535402979587,1.59605700526437,1.94995115052047,0.353894145256093,5.8436,0.719,2.1505,-31.1124,1.5336,0.8487,-1.1296,0.0112801652173379,0.0199396299164273,113.0,0.0588405000229333,-1.8598406037931328,-0.2170645052378275
2020-07-06,-0.2312207404645899,1.59617495973533,1.96645032561508,0.370275365879752,6.3419,0.7803,2.3339,-33.7654,2.1959,0.9166999999999996,-1.0586000000000002,0.0124849646563973,0.0555420617673672,374.0,-0.4589537930591506,-0.6558860110620358,0.2935471919041789
2020-07-07,-0.24550912734618,1.59308639378157,1.86545260915863,0.272366215377066,6.2966,0.7748,2.3172,-33.5243,1.2196999999999998,0.9373,-1.0597999999999996,0.0211868099699282,0.0037304008916745,156.0,0.0,-1.0068530355762564,-0.2151113796169455
2020-07-08,-0.29223647343583,1.59277250099674,1.85079282939921,0.258020328402472,6.1947,0.7622,2.2797,-32.9816,1.7511,0.9764,-1.0123999999999995,0.0200242171480751,0.017219308223785,251.0,0.7548407495652852,-0.4400823257415365,0.4263426931297195
2020-07-09,-0.36116349639129,1.59250139481827,1.8452014379115,0.25270004309323,6.0927,0.7497,2.2422,-32.4389,1.2855,0.9525,-1.0106999999999997,0.0196651057972881,0.0137595310123863,289.0,1.0736109864626924,0.2009374779809122,0.7621400520468967
2020-07-10,-0.43071803344952,1.59224098797052,1.84887640210881,0.256635414138292,5.9115,0.7274,2.1755,-31.4742,1.0621,0.9205,-1.0857,0.0190668692754058,-0.0196881190596069,340.0,1.17599895228353,1.2015131344176964,1.5435458186253972
2020-07-13,-0.48069704352624,1.5920812405961,1.85316745623662,0.261086215640515,5.9002,0.726,2.1714,-31.4139,2.3549,0.9406,-1.0872000000000002,0.0190748848073766,0.0175682089513529,354.0,0.7431576011346067,0.1318833150793472,-0.3824755898834656
2020-07-14,-0.49780803010993,1.59209015507092,1.85473688748836,0.262646732417438,5.8209,0.7162,2.1422,-30.9918,1.6602,0.9555000000000002,-1.1414999999999995,0.0188482676910103,-0.0083605320877424,296.0,1.0216512475319812,0.3513045085939987,0.6840973450400274
2020-07-15,-0.4460381166316,1.59192993698974,1.85433656953893,0.26240663254919,5.753,0.7079,2.1172,-30.6301,1.1750000000000005,0.9144,-1.1912999999999996,0.0180136563952493,-0.0157366901123321,463.0,1.2740609661743023,0.3879399001449357,0.4076997459095807
2020-07-16,-0.35986780721391,1.59180184827363,1.85692896012501,0.265127111851378,5.7304,0.7051,2.1089,-30.5095,1.2967,0.8839999999999999,-1.2213000000000005,0.017759048137847,-0.0460274597440726,278.0,0.5596157879354227,-0.3367094889544734,-0.3899609215721991
2020-07-17,-0.2497724605879,1.59143407429808,1.8638544044807,0.272420330182623,5.7304,0.7051,2.1089,-30.5095,2.1728,0.8994999999999997,-1.2265,0.0222540163366947,0.0012546568919411,242.0,0.8131064956389242,-0.5023859409544504,0.9734491457141036
2020-07-20,-0.13280298219976,1.5916185027858,1.87519896206636,0.283580459280563,5.8096,0.7148,2.138,-30.9316,1.2752,0.8872,-1.2359999999999998,0.020990386774262,0.0306445686931198,138.0,0.3867729750960119,-0.5227492380140566,0.4248831939652659
2020-07-21,-0.06215909522425,1.5919244627701,1.89699874440519,0.30507428163509,5.7756,0.7107,2.1255,-30.7507,1.8205,0.8877999999999999,-1.2555,0.0220340367931014,0.0020333558087024,162.0,0.5322168137473082,-1.0369321023335496,-1.4000876832522264
2020-07-22,-0.01295325049272,1.59205895312434,1.90091067696096,0.30885172383662,5.7643,0.7093,2.1214,-30.6904,1.4208999999999996,0.8924999999999998,-1.2504999999999995,0.0207908352172712,0.0036876184530925,196.0,0.7308875085427924,-0.0253989565241187,0.5996211225491218
2020-07-23,0.03935496570239,1.59208937381389,1.90230245960885,0.310213085794955,5.6964,0.7009,2.0964,-30.3286,1.7240000000000002,0.883,-1.2032000000000005,0.0196548009940193,-0.0024190366121921,279.0,1.1271856611121658,-0.2139900069508366,-0.1267517056391439
2020-07-24,0.05943541699096,1.59206819080146,1.90078662853826,0.308718437736801,5.6398,0.6939,2.0755,-30.0271,1.6233,0.8564000000000003,-1.2162999999999995,0.0185811944052246,-0.0393623918773915,235.0,1.0072625100798818,0.2216118653033942,1.5279448781829177
2020-07-27,-0.0067988786202191,1.59185042270728,1.90493697030116,0.313086547593876,5.6284,0.6925,2.0713,-29.9668,1.8217,0.8634000000000004,-1.1883999999999997,0.021551046192921,0.0026424277611685,202.0,0.6626879730752367,0.167977044520678,0.2825669717850104
2020-07-28,-0.06639936701926,1.59187379297265,1.90560624600605,0.313732453033402,5.6398,0.6939,2.0755,-30.0271,1.2613000000000003,0.8908,-1.1361,0.0203470585045566,0.0070676303749355,174.0,0.8708283577973978,0.6314805024321775,1.6973497847569805
2020-07-29,-0.07349197564503,1.59190035130072,1.90886315087578,0.316962799575054,5.6851,0.6995,2.0922,-30.2683,1.4866,0.9079000000000002,-1.1190000000000002,0.0193337426016787,0.0204197428080803,217.0,0.9120263330876976,0.6486306896937237,0.4795730802618863
2020-07-30,-0.0466308521415399,1.59188904773597,1.90996697283048,0.318077925094504,5.6398,0.6939,2.0755,-30.0271,1.4868,0.9028,-1.1241000000000003,0.0193588476924662,-0.0023490849896177,143.0,1.1601701816675432,2.478032226832298,3.079613757534693
2020-07-31,-0.0054825555168315,1.59187387737911,1.90983345294103,0.317959575561918,5.6171,0.6912,2.0672,-29.9065,0.7261,0.8828,-1.0939999999999994,0.0183047792699478,0.0070290126403431,190.0,0.8960880245566357,-0.0618979780400121,1.2809338454620642
2020-08-03,0.03514200351534,1.59185816577726,1.91090382223607,0.319045656458812,5.6398,0.6939,2.0755,-30.0271,1.094,0.863,-1.1262,0.0174434754514613,0.0173587888009585,175.0,1.1100409844917325,0.1316531864811102,0.1988508587451651
2020-08-04,0.0024014248594314,1.59203582760518,1.90679165606238,0.314755828457201,5.719,0.7037,2.1047,-30.4492,1.6342999999999996,0.8129,-1.1563000000000003,0.0173811372925274,0.0011044189404483,146.0,0.3083013596545166,-0.0330499346725521,0.4353180712578455
2020-08-05,-0.05628874327447,1.59206565386922,1.90813852081114,0.316072866941925,5.6624,0.6967,2.0838,-30.1477,0.8719000000000001,0.7643,-1.1251999999999995,0.0164500423071337,0.0017416155818033,106.0,0.4554755286828257,0.2837760354560845,0.5436154465889816
2020-08-06,-0.10354346823773,1.5920467843891,1.90934348463615,0.317296700247051,5.6851,0.6995,2.0922,-30.2683,1.5602,0.7763999999999998,-1.0928,0.0155900188261269,0.0026310669514586,110.0,0.3946541920039487,-0.8112782065755363,0.664976303593249
2020-08-07,-0.11972956943204,1.59188996727028,1.91339783245633,0.321507865186048,5.6398,0.6939,2.0755,-30.0271,1.7533,0.7826,-1.0977,0.0148042556460121,-0.0096218851305653,90.0,0.5020919437972361,0.2937357629692724,1.3322271398496148
2020-08-10,-0.13827157947252,1.59184977327258,1.91380495034249,0.321955177069915,5.6511,0.6953,2.0797,-30.0874,1.4024,0.7450999999999999,-1.1352000000000002,0.0143886202980453,0.0074903433209421,118.0,0.2732933349996813,-0.7579080056220961,-0.125163142954006
2020-08-11,-0.14768368413386,1.59174377850452,1.91597708835374,0.324233309849229,5.6398,0.6939,2.0755,-30.0271,1.158,0.7594000000000003,-1.1213000000000002,0.0138659302198987,-0.0115968720315873,150.0,0.7915872533731978,0.4552996085613122,1.07880966137193
2020-08-12,-0.13453744574493,1.59168641404459,1.91585460017917,0.324168186134582,5.6511,0.6953,2.0797,-30.0874,1.3579,0.7270000000000003,-1.1134999999999995,0.013696732547503,-0.0063140759269995,136.0,0.0,-1.3130103273586973,-0.4054651081081644
2020-08-13,-0.11719341717337,1.59169530236494,1.91580375077832,0.324108448413377,5.6398,0.6939,2.0755,-30.0271,1.0420000000000005,0.7096999999999998,-1.1160000000000003,0.0131870299180659,0.0004399101955367,117.0,0.714653385780909,0.1422321878405565,-0.1541506798272583
2020-08-14,-0.10761806174448,1.59174339445552,1.91722707839726,0.325483683941733,5.6851,0.6995,2.0922,-30.2683,1.7035,0.6400999999999999,-1.1346000000000005,0.0125577469256496,0.0117869144694431,153.0,-0.2182535660200179,-0.1882914217364207,-0.4795730802618862
2020-08-17,-0.09188408628185,1.59164089059479,1.91900887689524,0.327367986300452,5.7643,0.7093,2.1214,-30.6904,1.1608999999999998,0.653,-1.1364999999999998,0.0125307683501292,0.0231524858125204,128.0,-0.0235304974101941,-1.199194886988603,-1.244324099849503
2020-08-18,-0.09223243550331,1.59211060119333,1.90422113290121,0.312110531707875,5.719,0.7037,2.1047,-30.4492,1.4418000000000002,0.6861999999999999,-1.1033,0.0139943070493378,0.0035670851977247,86.0,0.8803587226480917,-0.6821865086809471,-1.868132448012629
2020-08-19,-0.09398935361503,1.59216804847369,1.90150127250584,0.309333224032143,5.6964,0.7009,2.0964,-30.3286,1.254,0.6024000000000003,-1.1078999999999994,0.0133483628147227,-0.0125265476348044,60.0,1.0033021088637848,0.5721245185465597,1.770706060030223
2020-08-20,-0.11637230829421,1.58813660047861,1.78541672591579,0.197280125437186,5.6624,0.6967,2.0838,-30.1477,1.6086,0.5274999999999999,-1.1026999999999996,0.0133218709827256,-0.0130627432561993,84.0,0.8649974374866045,-0.1782189960252254,-1.0761394328160512
2020-08-21,-0.15528425146758,1.58817764493384,1.7851995822417,0.197021937307854,5.6737,0.6981,2.088,-30.208,1.6347,0.4994,-1.1227000000000005,0.0133505228605259,0.0049769537641832,77.0,-0.4274440148269396,-1.6576604430525017,-0.5596157879354228
2020-08-24,-0.20035238715397,1.58841424886795,1.7955396480017,0.207125399133743,5.6511,0.6953,2.0797,-30.0874,1.4575999999999998,0.5011000000000001,-1.1256999999999997,0.0128005932681869,0.0014648436078186,94.0,0.7166776779701394,-0.2856507182535975,-1.1541821398229204
2020-08-25,-0.22417607537278,1.58860510851047,1.79307205455793,0.204466946047459,5.6624,0.6967,2.0838,-30.1477,1.0483000000000002,0.5232000000000001,-1.1129000000000002,0.0122077113795047,-0.0035685239485001,75.0,0.241162056816888,-0.2184305999368294,-0.2702903297399117
2020-08-26,-0.2078989421519599,1.58862131249772,1.79406443225181,0.205443119754088,5.6398,0.6939,2.0755,-30.0271,1.0042999999999995,0.5312000000000001,-1.0994000000000002,0.0117119477163805,-0.0130800693699892,68.0,0.7949298748698876,0.6725174252471173,0.2170645052378275
2020-08-27,-0.16634524956917,1.58862000892919,1.79462028152664,0.206000272597445,5.6284,0.6925,2.0713,-29.9668,1.7504,0.54,-1.0906000000000002,0.011950563492366,0.0061001544344296,82.0,1.128465251817791,-0.3559035621629454,0.0434851119397388
2020-08-28,-0.1362221451156099,1.58862441119133,1.79664610031191,0.208021689120585,5.6624,0.6967,2.0838,-30.1477,1.6484,0.5629,-1.0832000000000002,0.0115715265057864,0.0159003766740131,85.0,0.5753641449035618,-0.1507852071119206,0.0425596144187959
2020-08-31,-0.12881092439704,1.58833277384754,1.80363827646853,0.215305502620992,6.0317,0.7002,2.0672,-29.9065,1.6848,0.488,-1.1424999999999996,0.0121392527122185,-0.0023910943105409,105.0,1.1741198411762548,1.173360700674801,0.8627064857400486
2020-09-01,-0.12654847509809,1.58835560431215,1.80336624531595,0.215010641003798,6.0317,0.7002,2.0672,-29.9065,1.0527000000000002,0.5279000000000003,-1.1207999999999996,0.0116176920220547,0.0043869234034126,101.0,0.2305236586118323,-0.6901491134289013,-0.8241754429663495
2020-09-02,-0.13290251054874,1.58832135081143,1.80122697969118,0.212905628879749,5.983,0.6945,2.0505,-29.6653,1.1014999999999997,0.5668000000000002,-1.0753999999999997,0.0111912534120148,-0.0017035226586514,202.0,1.2437942985126076,-0.246040324011722,1.0753554265038423
2020-09-03,-0.14660040301835,1.58841886983886,1.7989141323108,0.210495262471937,5.9709,0.6931,2.0463,-29.6051,2.5221,0.5692000000000004,-1.0952000000000002,0.0107335077838339,-0.0058385248392198,190.0,0.9267620317414504,0.4468910235040288,0.5465437063680699
2020-09-04,-0.18204402598154,1.58843913961045,1.79949185169109,0.211052712080647,5.9587,0.6917,2.0422,-29.5448,1.3195,0.5768999999999997,-1.0545,0.010469110820632,-0.0087871409801145,126.0,0.4626235219481129,0.2587084553034752,-0.4054651081081644
2020-09-07,-0.2093481720140599,1.58842387816775,1.80058796934552,0.212164091177767,5.9587,0.6917,2.0422,-29.5448,0.9817,0.5545,-1.0482,0.0104430837184599,-0.0188863324885737,98.0,0.2876820724517808,0.2631690480312202,-1.8607523407150064
2020-09-08,-0.2084342104678599,1.5884881454716,1.80034361982072,0.211855474349122,6.0195,0.6988,2.063,-29.8462,1.7876,0.5430000000000001,-1.0817999999999994,0.0116956630330329,0.0072102815748582,94.0,-0.1823215567939546,-0.8073847192323236,0.5108256237659907
2020-09-09,-0.19773734047233,1.58851829359412,1.80006985959981,0.211551566005686,6.0073,0.6974,2.0588,-29.7859,1.3300999999999998,0.4255999999999997,-1.1162,0.0114037252126555,-0.0188070305974132,87.0,0.1177830356563834,-0.6343078788528986,-0.7801585575495751
2020-09-10,-0.17282430233624,1.588410686797,1.80359814871598,0.215187461918978,5.9709,0.6931,2.0463,-29.6051,1.8152,0.4832999999999998,-1.1134,0.0124481359503404,-0.0061036166442161,102.0,1.0560526742493137,-1.1599755431787246,-0.0425596144187958
2020-09-11,-0.14044421050532,1.58843036475827,1.80441307669961,0.215982711941343,5.9952,0.6959,2.0547,-29.7256,1.481,0.5341,-1.0771000000000006,0.0120376030856328,0.0078590193421721,100.0,-0.1541506798272583,-1.3509980058696545,-0.3677247801253174
2020-09-14,-0.11477014462757,1.5884817935058,1.80033764713123,0.211855853625431,5.9952,0.6959,2.0547,-29.7256,1.785,0.5533000000000001,-1.0617,0.0117536061711195,0.0056483552571648,73.0,0.8472978603872037,0.3735536687514498,0.8109302162163288
2020-09-15,-0.10700329212542,1.58848256236941,1.80199576972867,0.213513207359255,5.983,0.6945,2.0505,-29.6653,1.5981,0.5360999999999998,-1.0966000000000005,0.0113698138822378,0.0051306575967497,80.0,0.4567584024957149,-0.2317103252880618,0.4855078157817008
2020-09-16,-0.12424597170747,1.58846133444718,1.80096570924067,0.212504374793488,6.0073,0.6974,2.0588,-29.7859,1.3797,0.5577000000000001,-1.0507000000000004,0.0109962907544896,-0.003573197622785,75.0,0.2876820724517808,0.1323147427056919,0.5753641449035618
2020-09-17,-0.12791698989668,1.58847322087087,1.80037093983667,0.211897718965806,6.0073,0.6974,2.0588,-29.7859,1.6313,0.5564,-1.0476,0.0106036097233166,-0.0041161670340237,85.0,0.5436154465889816,-0.3041650478120991,1.2163953243244932
2020-09-18,-0.14998497376413,1.58848651771203,1.80102157976913,0.212535062057094,6.056,0.703,2.0755,-30.0271,1.6969,0.5390999999999999,-1.0759999999999996,0.0102666480775516,0.0204756936725356,123.0,0.0,-1.0424025956478435,-0.0689928714869514
2020-09-21,-0.18221880747245,1.58840145747587,1.80489894802089,0.216497490545016,6.0317,0.7002,2.0672,-29.9065,1.3609999999999998,0.5217,-1.1024000000000005,0.011781742894496,-0.0063575033565328,74.0,0.8266785731844679,0.6972168747488584,1.312186388966169
2020-09-22,-0.20251834250482,1.58833524155278,1.80608624211425,0.217751000561469,5.9952,0.6959,2.0547,-29.7256,1.8749,0.5251999999999999,-1.1183999999999998,0.011446300787835,-0.0129366300041908,82.0,0.1177830356563834,-0.2245810456418323,-0.0465200156348928
2020-09-23,-0.20887480547619,1.58825804592394,1.80947688694808,0.221218841024136,5.983,0.6945,2.0505,-29.6653,1.4087,0.5291999999999999,-1.1457000000000002,0.0117057841163093,0.0016505924090601,64.0,0.7339691750802005,-0.3285088585273988,0.2231435513142097
2020-09-24,-0.21100374113625,1.58827717799461,1.8111930515852,0.222915873590591,5.9587,0.6917,2.0422,-29.5448,1.4696000000000002,0.5163000000000002,-1.1607999999999996,0.0112013854519089,-0.0173878233535056,89.0,0.1823215567939546,0.2982837877246618,-0.125163142954006
2020-09-25,-0.21353989339493,1.58828919808516,1.81188241588517,0.223593217800007,5.9465,0.6903,2.038,-29.4845,1.4085,0.5618000000000003,-1.1204,0.012073006858429,-0.0011667661353094,83.0,0.2762533766281581,-1.2949668104343497,-0.0540672212702758
2020-09-28,-0.21990242516806,1.58831186902441,1.81305364661218,0.224741777587762,6.0073,0.6974,2.0588,-29.7859,1.7146000000000003,0.5430000000000001,-1.1689000000000005,0.0115365492350746,-0.0005851526957005,81.0,-0.4989911661189879,-1.8172647596364169,-0.7884573603642702
2020-09-29,-0.19333442478995,1.58832955684248,1.81302077561561,0.224691218773136,5.9709,0.6931,2.0463,-29.6051,1.0526999999999995,0.5249000000000001,-1.1479,0.0110376329512541,0.0021188497231552,105.0,0.418710334858185,-0.3047786695829558,0.0
2020-09-30,-0.16153754480889,1.59069183984744,1.88632433849301,0.295632498645565,5.983,0.6945,2.0505,-29.6653,1.8084,0.5483000000000002,-1.1349999999999998,0.0105954184470775,-0.0019580252248641,67.0,-0.2231435513142097,-0.348842666587302,-0.2411620568168881
2020-10-09,-0.14429668586738,1.58827492537968,1.81692935013803,0.228654424758352,5.9709,0.6931,2.0463,-29.6051,1.3243,0.5863999999999998,-1.1134,0.0101923724093956,0.0166484683585164,80.0,1.3397743454849975,-0.1109006960334416,0.4054651081081644
2020-10-12,-0.1223676775604,1.58828800461733,1.81923891655295,0.230950911935623,6.0317,0.7002,2.0672,-29.9065,1.2785000000000002,0.5379,-1.1130999999999998,0.0111068958664271,0.0260593769245662,79.0,0.1431008436406732,-0.6648337569980894,0.4519851237430572
2020-10-13,-0.12766634838368,1.58841659766328,1.82105593895623,0.23263934129295,5.983,0.6945,2.0505,-29.6653,1.7657999999999996,0.5373999999999999,-1.1140000000000003,0.0134332593200248,0.0003824527784654,108.0,1.2939210409888755,0.6392754786648889,1.6650077635889111
2020-10-14,-0.1565708374423,1.5884750777533,1.82180261269998,0.233327534946674,5.983,0.6945,2.0505,-29.6653,1.4687,0.5150999999999999,-1.1035000000000004,0.0127852222279526,-0.005662762819222,99.0,0.8909729238898652,0.6966702281138446,0.7537718023763802
2020-10-15,-0.1904347513054,1.58854108521821,1.82190692374128,0.233365838523074,5.9952,0.6959,2.0547,-29.7256,1.1122999999999998,0.5301999999999998,-1.0829999999999995,0.0123231029965667,-0.0025760690757561,124.0,0.3101549283038394,-0.9148456136551713,0.5465437063680699
2020-10-16,-0.22761223093359,1.58534418123455,1.75503884786147,0.169694666626921,6.0681,0.7044,2.0797,-30.0874,1.2799,0.5305,-1.0961999999999996,0.0117908931990388,0.0012521480470955,149.0,-0.262364264467491,-0.3740326816051713,-0.3321338350226148
2020-10-19,-0.27536702516249,1.58520233482835,1.7581670114981,0.172964676669745,6.1046,0.7087,2.0922,-30.2683,0.7307999999999999,0.5112000000000001,-1.1227999999999998,0.0112749947773772,-0.0071262175099953,92.0,0.1823215567939546,-0.0841751286463133,-0.3746934494414107
2020-10-20,-0.29787439027791,1.5852020169688,1.75659340024753,0.171391383278736,6.056,0.703,2.0755,-30.0271,1.4302,0.5063,-1.1223999999999998,0.0110359565652962,0.0046488066290795,79.0,0.0,-1.3829646388182166,-1.0986122886681098
2020-10-21,-0.27115891801685,1.58511761739496,1.75453418749749,0.169416570102527,6.1411,0.7129,2.1047,-30.4492,1.2813,0.5019,-1.1273,0.0106713155655864,-0.0009253393004637,150.0,-0.1150693297847872,-0.831695561112621,-0.3123746850421524
2020-10-22,-0.2258061555275599,1.58498004647978,1.7567410549124,0.171761008432621,6.1533,0.7143,2.1089,-30.5095,1.4137000000000004,0.4883999999999999,-1.1178,0.0102459913472628,-0.00377376039593,103.0,-0.1431008436406733,-0.8414667779110356,0.2006706954621512
2020-10-23,-0.18539946647884,1.58497284286364,1.75772945929038,0.172756616426739,6.1533,0.7143,2.1089,-30.5095,2.0301000000000005,0.5074999999999998,-1.0894999999999997,0.009927919146543,-0.0104707161138293,93.0,-0.1484200051182733,-0.989774766964896,-1.0986122886681098
2020-10-26,-0.15605316865153,1.58494263090607,1.75883090703959,0.173888276133528,6.1046,0.7087,2.0922,-30.2683,1.1973999999999996,0.5062000000000002,-1.1034000000000002,0.0101306339001618,-0.0082334428855155,72.0,0.048790164169432,-1.4164012208638266,-1.3862943611198906
2020-10-27,-0.1403732055246299,1.58549561647756,1.76758332065007,0.182087704172512,6.1168,0.7101,2.0964,-30.3286,0.9968,0.4363999999999999,-1.1344000000000003,0.0100977915772606,0.0009828398878948,49.0,-0.125163142954006,-0.7857362016895156,-0.1823215567939546
2020-10-28,-0.1499333889491,1.5861713141024,1.77940619757957,0.193234883477172,6.0803,0.7058,2.0838,-30.1477,1.2336,0.3913000000000002,-1.1143,0.0097190372979395,0.0045749070868197,61.0,0.6190392084062235,0.6490071628094393,1.9616585060234524
2020-10-29,-0.14974586297448,1.58590543082346,1.77684400081862,0.190938569995161,6.0317,0.7002,2.0672,-29.9065,1.3325999999999998,0.4165000000000001,-1.1098999999999997,0.0094740691149346,0.0010667743155341,59.0,1.1349799328389845,1.5869321418148286,1.33500106673234
2020-10-30,-0.14337058671764,1.58604567707413,1.77394765224566,0.187901975171532,5.983,0.6945,2.0505,-29.6653,1.6837999999999995,0.3965000000000001,-1.1254999999999995,0.0091505295503952,-0.0148357260470994,91.0,0.8472978603872037,0.715864982139606,2.5649493574615367
2020-11-02,-0.1384087343924699,1.5860182485093,1.77523581068862,0.189217562179322,6.0883,0.6823,2.0588,-29.7859,1.5063000000000004,0.3991000000000002,-1.1049000000000002,0.010036804595852,0.0001820563318837,52.0,-0.0571584138399486,-1.2300867881563633,-0.6466271649250525
2020-11-03,-0.1466610910360199,1.58592525796288,1.77618115891684,0.190255900953962,6.1006,0.6837,2.063,-29.8462,1.205,0.4370000000000003,-1.0974999999999997,0.0096595316630925,0.0141484588039801,73.0,0.5232481437645479,-1.3502384017011158,-1.5869650565820417
2020-11-04,-0.16222817445004,1.58586820028369,1.77336790279896,0.18749970251527,6.1006,0.6837,2.063,-29.8462,1.2244000000000002,0.4296999999999999,-1.0942000000000005,0.0103160116828238,0.0019441972398368,47.0,0.0,-0.8391356946048251,-0.7375989431307791
2020-11-05,-0.17773092856532,1.58587646991782,1.77406128486556,0.188184814947744,6.1006,0.6837,2.063,-29.8462,0.6806000000000001,0.4424999999999999,-1.0510000000000006,0.0099315816737056,0.0129422418495632,78.0,0.2876820724517808,-1.1850306018794852,-0.1670540846631662
2020-11-06,-0.18299500721852,1.58592175296725,1.77256512288263,0.18664336991538,6.1129,0.6851,2.0672,-29.9065,1.705,0.4468000000000001,-1.0364999999999998,0.0103862321458919,-0.0024046901077134,45.0,0.5465437063680699,0.7752910875698187,1.88706964903238
2020-11-09,-0.1854989948278199,1.58604186578422,1.7674758863437,0.181434020559484,6.1376,0.6878,2.0755,-30.0271,1.1303,0.4674999999999998,-0.9966,0.0100114187795747,0.0184198113022819,56.0,0.4274440148269396,-1.6124270754598926,-2.8484420647580406
2020-11-10,-0.21298884619443,1.58600185533273,1.76830905431298,0.182307198980252,6.1869,0.6933,2.0922,-30.2683,1.1967,0.4697999999999998,-0.9993999999999996,0.0112388519284684,-0.0040348844923112,60.0,-0.3285040669720361,-1.4975365483912957,-1.6739764335716716
2020-11-11,-0.24713981438113,1.5860081244577,1.76897262716333,0.182964502705633,6.2485,0.7003,2.113,-30.5698,1.6268999999999996,0.4391000000000002,-0.9899,0.0108418601317323,-0.0053551486298921,73.0,-0.2451224580329849,0.1412379075911703,-0.6225296133459919
2020-11-12,-0.26395342967821,1.58599823206936,1.77073200705253,0.18473377498317,6.1745,0.692,2.088,-30.208,1.4319000000000002,0.4317000000000002,-0.9927,0.0105406783172676,-0.001054860928825,60.0,0.5978370007556204,-0.6789731975491244,-0.3794896217049037
2020-11-13,-0.27736608846473,1.58645770415242,1.77289179434583,0.186434090193418,6.1129,0.6851,2.0672,-29.9065,1.6310000000000002,0.4115999999999999,-1.0307999999999995,0.0101277239992473,-0.0085953697702105,70.0,0.6241543090729939,-0.2001261814274613,0.3746934494414107
2020-11-16,-0.27376546837603,1.5860660243887,1.79380487919485,0.207738854806153,6.1376,0.6878,2.0755,-30.0271,1.6334999999999995,0.4442999999999997,-1.0495,0.010125807256709,0.0110754298180353,53.0,0.2231435513142097,0.4356046658001811,1.0216512475319812
2020-11-17,-0.2687520312358299,1.58620907092119,1.7929085999725,0.206699529051303,6.1622,0.6906,2.0838,-30.1477,0.9651,0.4518,-1.0519999999999996,0.0103376361226254,-0.0021158505474545,59.0,0.0571584138399486,-0.380520306286816,0.5679840376059393
2020-11-18,-0.23783269999037,1.58621669309142,1.79460464087071,0.208387947779285,6.1992,0.6947,2.0964,-30.3286,0.8649999999999998,0.4563999999999999,-1.0342000000000002,0.0099601308686834,0.0022156970939715,73.0,0.6241543090729939,1.4708433751308538,0.9257694758286988
2020-11-19,-0.2132121780994799,1.58613928942999,1.7985937740667,0.212454484636709,6.2115,0.6961,2.1005,-30.3889,0.8357000000000001,0.4643999999999999,-1.0153,0.0096120880530477,0.0047044141274863,63.0,-0.3022808718729337,-1.1858263255697694,-0.6418538861723948
2020-11-20,-0.19828535327194,1.58621525610694,1.79380027447752,0.207585018370581,6.1992,0.6947,2.0964,-30.3286,0.8283999999999998,0.2873999999999999,-1.0761999999999996,0.0093837864558022,0.0043434286609347,64.0,0.4700036292457356,-0.0697840348425854,0.4519851237430572
2020-11-23,-0.19373435882643,1.52446050510857,1.90571478942238,0.381254284313806,6.2485,0.7003,2.113,-30.5698,1.1026000000000002,0.2907999999999999,-1.1062,0.0091608848292041,0.0108252021901869,67.0,0.1625189294977749,0.0414491173635311,-0.2006706954621511
2020-11-24,-0.20628403400161,1.52378709905318,1.86921503650085,0.345427937447672,6.2238,0.6975,2.1047,-30.4492,1.1285000000000005,0.2957999999999998,-1.0978000000000003,0.0094841046660723,-0.0034228771418352,69.0,-0.1823215567939546,-2.155556651996306,-2.754570216737103
2020-11-25,-0.21701549616722,1.52144787342305,1.92304633482122,0.401598461398165,6.2115,0.6961,2.1005,-30.3889,0.6637000000000004,0.2676000000000003,-1.1102999999999996,0.0092235416988823,-0.0119718215439821,72.0,-0.1541506798272583,-0.8288694148609049,-1.0986122886681098
2020-11-26,-0.22593177972415,1.52193084977498,1.94664632725278,0.424715477477799,6.2731,0.703,2.1214,-30.6904,0.7323,0.3002000000000002,-1.0824999999999996,0.009703937440165,0.0022002186871752,83.0,0.0,0.0983960140388403,-0.4542552722775964
2020-11-27,-0.23214198457291,1.51991829401491,1.92606962502243,0.406151331007513,6.6429,0.7445,2.2464,-32.4992,0.8144,0.3301999999999996,-1.0583,0.009378301151298,0.0113820849669785,638.0,-0.1915382118988785,-1.3154561126484916,-1.8736104956583752
2020-11-30,-0.2331718602328699,1.51841003334868,1.83452377190881,0.316113738560134,6.5566,0.7348,2.2172,-32.0772,1.0480999999999998,0.3597000000000001,-1.0846,0.0097322933791425,-0.00486820037891,571.0,0.6297009588209831,-0.0328183466575089,1.8106949462302588
2020-12-01,-0.22775181337424,1.51808271772665,1.82444953020854,0.306366812481892,6.7415,0.7555,2.2797,-32.9816,0.8319999999999999,0.4521999999999999,-1.0380000000000005,0.0095134886423393,0.0175884123035583,242.0,0.1147755145924282,0.0433976842988352,0.4648885285789651
2020-12-02,-0.21230671287575,1.51590473601709,1.7831457897425,0.267241053725411,6.7168,0.7527,2.2714,-32.861,1.0693,0.4521999999999999,-1.0166,0.0107137397274027,-0.0007412786321534,112.0,-0.5423242908253616,-1.6946770820928885,-1.8044984950054848
2020-12-03,-0.19970788040626,1.51652732416156,1.7711999469273,0.254672622765743,6.6305,0.7431,2.2422,-32.4389,0.3207,0.4247999999999998,-1.0111999999999997,0.0102831546301582,-0.0021024698333906,76.0,0.0465200156348929,-1.0097268105309103,0.2363887780642303
2020-12-04,-0.21090967470886,1.51665435017702,1.76632160148754,0.249667251310521,6.5443,0.7334,2.213,-32.0169,0.7639,0.3912999999999997,-1.0177999999999998,0.0099100745842118,0.0007102077800666,114.0,0.1053605156578263,-1.7322978833200355,-1.0330150061822965
2020-12-07,-0.22946078795199,1.51703739449426,1.76959119616004,0.252553801665774,6.3964,0.7168,2.163,-31.2933,1.5710000000000002,0.4191999999999996,-1.0042000000000004,0.0095454424083748,-0.0081554001705956,151.0,0.8362480242006185,-0.0123471663287499,1.2762934659055625
2020-12-08,-0.23524010787526,1.51702672059591,1.76777418685471,0.250747466258801,6.3101,0.7072,2.1339,-30.8713,1.5615000000000006,0.4236,-1.0182999999999995,0.0095761634809001,-0.001882762047499,190.0,1.0086640520051702,2.0394058352830906,0.7318616927406357
2020-12-09,-0.25003220530356,1.51694506348869,1.76574952500963,0.248804461520944,6.2855,0.7044,2.1255,-30.7507,1.3706,0.4712,-0.9956,0.0092607130033188,-0.0112688615046607,147.0,0.5045560107523953,-0.4290753199956368,-0.6763400622435641
2020-12-10,-0.23735872657232,1.51728975015745,1.76907070354524,0.251780953387792,6.2362,0.6989,2.1089,-30.5095,1.7452000000000003,0.4975,-0.9991,0.0096498240172655,0.0003889557837624,183.0,1.0622446444972349,0.9623878251090032,1.8021222562636017
2020-12-11,-0.21280314086034,1.51582436270079,1.7765138325256,0.260689469824809,6.2608,0.7016,2.1172,-30.6301,1.4693999999999994,0.4869000000000003,-0.9533,0.0093063882555668,-0.007762833079532,157.0,0.3964152725882464,0.0070315252250256,-0.916290731874155
2020-12-14,-0.18916212357474,1.51551775724764,1.77606489665959,0.260547139411945,6.2238,0.6975,2.1047,-30.4492,1.7654999999999998,0.4990999999999999,-0.9533000000000004,0.0093328465809012,0.0065301257191592,95.0,0.8303483020734302,-0.1896929093073979,1.0245043165143877
2020-12-15,-0.16931046611281,1.51621032120944,1.79217339564195,0.27596307443251,6.1745,0.692,2.088,-30.208,1.2451000000000003,0.5219999999999998,-0.9545,0.0092414211395277,-0.0005603922874737,183.0,0.8602012652231116,-0.198017936446154,-0.1017826943099423
2020-12-16,-0.15973996572533,1.51680794932907,1.80581359057075,0.28900564124168,6.1622,0.6906,2.0838,-30.1477,1.2073,0.5524999999999998,-0.9530000000000004,0.0089364599731652,-7.406950045130145e-05,114.0,0.9473813189441862,1.0386955503709776,0.8472978603872037
2020-12-17,-0.16291394904978,1.51674521056427,1.80426343601316,0.287518225448885,6.1992,0.6947,2.0964,-30.3286,1.5303999999999998,0.5914999999999999,-0.9586000000000006,0.0086567049167547,0.0111905489926833,122.0,0.241162056816888,-0.2907757240993242,0.1335313926245225
2020-12-18,-0.1806791524640099,1.51753324782568,1.82208600932874,0.30455276150306,6.1622,0.6906,2.0838,-30.1477,1.9888,0.6065,-0.9385999999999995,0.0091015291250998,-0.002934572296974,101.0,0.2876820724517808,-0.9475936638418314,-0.0889474860164961
2020-12-21,-0.19644104441477,1.51828667614578,1.82756062915561,0.309273953009834,6.1622,0.6906,2.0838,-30.1477,0.637,0.6116999999999999,-0.9504,0.0088596542692811,0.0075338719523507,80.0,1.0986122886681098,0.239417377440309,2.1400661634962708
2020-12-22,-0.2210342566977099,1.51849906863176,1.82673319305427,0.308234124422505,6.0883,0.6823,2.0588,-29.7859,1.7222000000000004,0.6233,-0.9529,0.008900224726692,-0.0188241626729865,166.0,0.8564722366632449,0.5152371170228818,1.0498221244986776
2020-12-23,-0.2359440888803,1.51896974981138,1.81855866843551,0.299588918624129,6.1129,0.6851,2.0672,-29.9065,2.1327,0.6269,-0.9371,0.0105018927440546,0.0075788802051182,127.0,-0.0822380982369721,-0.7719060445786846,0.3313571359544424
2020-12-24,-0.24895984803122,1.51957789948899,1.82070411235294,0.301126212863951,6.1129,0.6851,2.0672,-29.9065,1.5848000000000004,0.6633,-0.9245999999999994,0.0103567170645387,-0.0056945943934607,73.0,0.5947071077466928,0.4282292173272699,0.3184537311185346
2020-12-25,-0.25912144971086,1.51962153994686,1.81970645757738,0.300084917630519,6.1252,0.6864,2.0713,-29.9668,1.2824,0.6178000000000003,-0.9670999999999994,0.0101212422807735,0.0098967978686701,74.0,-0.1910552367627092,-1.992247599650904,-0.6418538861723948
2020-12-28,-0.25149782093043,1.51939865037707,1.81408570061084,0.294687050233766,6.1252,0.6864,2.0713,-29.9668,2.2340000000000004,0.5962000000000001,-0.977,0.0102148944539749,0.0002127807400835,119.0,0.3502024294331149,-0.8819838400038921,-0.0870113769896298
2020-12-29,-0.24191639669977,1.51942726838462,1.82945302811425,0.310025759729631,6.1376,0.6878,2.0755,-30.0271,1.8334,0.6389,-0.9496000000000002,0.0098224639414848,-0.0053861800534509,106.0,0.1823215567939546,-0.0329592169097434,-0.2076393647782445
2020-12-30,-0.2250797199559799,1.51968575227813,1.84705169484047,0.327365942562343,6.1129,0.6851,2.0672,-29.9065,2.3081,0.6082999999999998,-0.9646,0.0096230302388035,0.0104266957324554,130.0,0.5773153650348236,0.0037037809041781,0.0281708769666962
2020-12-31,-0.23418595700823,1.51943496466261,1.8593595923576,0.339924627694991,6.1499,0.6892,2.0797,-30.0874,1.2959,0.7113,-0.9452999999999996,0.0098362014796515,0.0170215108571909,130.0,0.2602830982636665,-0.0406950560640794,-0.0930904230660119
2021-01-04,-0.23471030148095,1.4943313693845,1.85340731767323,0.359075948288728,6.1745,0.692,2.023,5.2408,1.6431,0.8134000000000001,-0.8902999999999999,0.0108780483481344,0.0085691411163999,108.0,0.0,-0.4692395447328031,-0.6649763035932491
2021-01-05,-0.24922323402794,1.49981934893162,1.91347183231764,0.413652483386022,6.1252,0.6864,2.0068,5.199,1.7200000000000002,0.7840000000000003,-0.9278999999999996,0.0107662497119539,0.0073150595321109,117.0,0.84078317936601,-0.2559156455941191,0.4906229164484712
2021-01-06,-0.2563734962705,1.49972908647904,1.90487647429761,0.405147387818571,6.1252,0.6864,2.0068,5.199,1.6526,0.8858999999999999,-0.9278999999999996,0.0105746483708582,0.0062716026030678,119.0,0.6523251860396901,-0.2856537499484821,0.676886659688165
2021-01-07,-0.270726819331,1.485421148174,1.7592939883679,0.273872840193903,6.1622,0.6906,2.0189,5.2304,1.8894,0.9156,-0.9219000000000004,0.0103360649847248,0.0071075396949087,92.0,-0.4054651081081644,-1.7146139045602296,-0.7731898882334817
2021-01-08,-0.30133300040526,1.48324072119583,1.74880098323331,0.265560262037477,6.1622,0.6906,2.0189,5.2304,1.7091999999999998,0.9781,-0.8771000000000004,0.0101754959497834,-0.0017061669841513,102.0,0.5533852381847866,0.1460958662406189,0.780158557549575
2021-01-11,-0.3315453162448,1.48310529647962,1.75244531217532,0.269340015695695,6.1499,0.6892,2.0149,5.2199,1.5331,1.0459999999999998,-0.8546000000000005,0.0098035773872066,-0.0108738165536159,84.0,0.7777045685880083,-0.4459715318163378,0.0425596144187959
2021-01-12,-0.3365271956158,1.48070367797376,1.75788845901848,0.277184781044715,6.1869,0.6933,2.027,5.2513,1.5906999999999998,1.0157000000000005,-0.8721999999999999,0.0100668538283059,0.0215254410425274,130.0,0.1150693297847872,0.3017758030299057,0.3908663086870116
2021-01-13,-0.32693181314108,1.4794160510602,1.75135922297132,0.271943171911121,6.2362,0.6989,2.0431,5.2931,1.8411,1.0343,-0.8973,0.0118159342928777,-0.0026882526250009,80.0,-1.0986122886681098,-0.4649622069728094,-1.1986957472250923
2021-01-14,-0.30676215046653,1.48064626653492,1.76006338360125,0.27941711706633,6.2608,0.7016,2.0512,5.314,1.6884,1.0618000000000003,-0.8925999999999998,0.0113275621748345,-0.0091415089003863,101.0,-0.8909729238898653,-1.416516298788161,-1.1221427860783038
2021-01-15,-0.28018261936507,1.48049531382302,1.7561218144042,0.275626500581186,6.3471,0.7113,2.0795,5.3873,2.0992,1.0848,-0.8451,0.0112324766956879,0.000132692446586,152.0,-0.4489502200479031,-1.5703365570341246,-0.3184537311185346
2021-01-18,-0.25580545642505,1.48046131218955,1.75140112300672,0.270939810817171,6.3348,0.7099,2.0755,5.3768,2.0984,1.0408,-0.8400999999999996,0.0107557259646684,0.0083338638178087,114.0,0.4307829160924543,-0.6109580887183176,-0.1978257433299199
2021-01-19,-0.2456153313771099,1.49456983600841,1.89851386231865,0.403944026310235,6.4087,0.7182,2.0997,5.4396,2.2951,0.9905999999999996,-0.8462000000000005,0.0106391634496316,-0.0083328543907708,111.0,0.2295744416445001,0.2561703199073463,0.8023464725249373
2021-01-20,-0.26072057897662,1.49383684578753,1.9066825501734,0.412845704385867,6.3471,0.7113,2.0795,5.3873,1.569,0.9860000000000002,-0.8554999999999997,0.0105559116102006,0.0046746465076541,97.0,0.3417492937220567,0.0075761980055595,0.1226023220923322
2021-01-21,-0.24802221815813,1.50541190313736,1.94415480288989,0.438742899752523,6.3224,0.7085,2.0714,5.3664,2.1459,0.9780000000000002,-0.8829999999999996,0.010236168009901,0.0105970489766455,92.0,0.6443570163905132,0.2612483371013476,0.659245628884264
2021-01-22,-0.2291961881949299,1.50511393423677,1.94722743721646,0.442113502979688,6.2115,0.6961,2.0351,5.2722,2.2355,0.983,-0.8978999999999999,0.0103836337375892,-0.0040161848363933,140.0,0.5639354490799391,0.3743850202687297,0.5306282510621704
2021-01-25,-0.22793994622904,1.50417065346566,1.93939213997159,0.435221486505928,6.2238,0.6975,2.0391,5.2827,1.8656,0.9831,-0.8796999999999997,0.0100626773611192,0.0048371079649562,87.0,0.2305236586118323,0.157263876394637,0.6007738604289301
2021-01-26,-0.23286235134272,1.50424133023186,1.94379862259112,0.439557292359266,6.1992,0.6947,2.031,5.2617,2.4614,0.8996,-0.8938999999999995,0.009796940024403,-0.0152384478839717,78.0,0.6190392084062235,1.088329765007183,2.5649493574615367
2021-01-27,-0.22848067646653,1.50216307340714,1.9541807525695,0.452017679162361,6.2485,0.7003,2.0472,5.3036,1.4619,0.8097000000000003,-0.9092999999999996,0.0106177744205821,0.0010954294431062,98.0,0.1743533871447777,-0.2901468967732523,0.4924764850977942
2021-01-28,-0.2478510779482899,1.50149107232243,1.9548904300902,0.453399357767769,6.1992,0.6947,2.031,5.2617,1.1558000000000002,0.6417999999999999,-0.9164,0.010196043461302,-0.0192603637879962,90.0,-0.3715635564324829,-0.5754075510455378,-0.6931471805599453
2021-01-29,-0.257796630285,1.50220291975258,1.96357575237654,0.461372832623967,6.2731,0.703,2.0553,5.3245,1.2632,0.653,-0.9469,0.0115645220931793,-0.0063268455602205,77.0,-0.3877655310087634,0.4283740862906421,-0.7472144018302211
2021-02-01,-0.24032879815737,1.50225213075671,1.97908161625037,0.476829485493665,6.3348,0.7099,2.0755,5.3768,1.2742,0.7476999999999996,-0.9538000000000002,0.0112479055630037,0.0063575710782863,64.0,-1.1314021114911006,-0.9446585800941624,-1.8718021769015916
2021-02-02,-0.21805629567036,1.50216038571855,1.97481383691058,0.472653451192027,6.2731,0.703,2.0553,5.3245,1.3744,0.7860999999999998,-0.9166000000000004,0.0109485029288759,0.0080697773053852,60.0,-0.3053816495511819,-0.8009833526542339,0.8362480242006185
2021-02-03,-0.18728443630785,1.50169597245856,1.97366790141926,0.471971928960704,6.2115,0.6961,2.0351,5.2722,1.6919000000000004,0.7811999999999997,-0.9027000000000004,0.0107910810669315,-0.0046452832052299,94.0,0.0689928714869514,-1.4588725483058589,-1.0473189942805592
2021-02-04,-0.1722611175322,1.50126979499842,1.97407657433489,0.472806779336473,6.2485,0.7003,2.0472,5.3036,1.3574000000000002,0.7575000000000003,-0.8997000000000002,0.0104599682603343,-0.0044018968362937,79.0,-0.579818495252942,-0.8447293279091366,-0.1941560144409575
2021-02-05,-0.15614844883928,1.50132745951754,1.97917285818843,0.477845398670889,6.3841,0.7154,2.0916,5.4187,0.7120000000000002,0.7263999999999999,-0.9300999999999996,0.01014851311139,-0.0015793510866082,119.0,-0.1823215567939546,-0.4558774762159578,-0.1823215567939546
2021-02-08,-0.16975409552202,1.50102376016288,1.97904080693023,0.478017046767352,6.3594,0.7127,2.0835,5.3977,1.2058,0.7568000000000001,-0.9159999999999996,0.009776634767019,0.0102760706264692,45.0,0.0,-0.2579025430648787,1.236762627148927
2021-02-09,-0.1914973984949,1.50119299539589,1.9715317826933,0.470338787297419,6.3471,0.7113,2.0795,5.3873,1.4935,0.8640000000000003,-0.9275999999999996,0.0099531511956581,0.0199117957914847,92.0,0.4653632496892333,-0.4760339747436053,0.377294231141468
2021-02-10,-0.20508483877233,1.49336060593266,1.85908491612029,0.365724310187631,6.4703,0.7251,2.1199,5.4919,1.7600000000000002,0.8786,-0.9083,0.0114441448861083,0.014217626729355,104.0,0.3184537311185346,0.4059486504102671,1.55814461804655
2021-02-18,-0.20485907934658,1.4931972467882,1.85304362010646,0.359846373318264,6.458,0.7237,2.1158,5.4814,1.3947000000000005,0.9029000000000004,-0.8849999999999998,0.011821886120651,0.005530128492829,56.0,-0.6359887667199967,-1.4346776904586502,-0.4700036292457356
2021-02-19,-0.21691050589664,1.48103988965249,1.82729672433934,0.346256834686851,6.458,0.7237,2.1158,5.4814,2.185,0.9276,-0.8880000000000003,0.0114262914786236,0.0056463092797436,71.0,-0.2719337154836418,-3.3187462240650003,-4.857872539543846
2021-02-22,-0.2453622623434,1.48145100442233,1.83276399882613,0.3513129944038,6.6182,0.7417,2.1683,5.6174,1.9901,0.9884,-0.8654000000000002,0.0110722057816736,-0.0146414752922883,112.0,-0.8938178760220964,0.8717010205534415,-0.0779615414697118
2021-02-23,-0.28845014801304,1.48102125084363,1.82257400724272,0.341552756399084,6.6305,0.7431,2.1724,5.6279,1.9853,0.9822000000000002,-0.8656000000000001,0.0115912896454109,-0.0016726931855295,117.0,-0.2682639865946794,-0.62022448357014,-0.7801585575495751
2021-02-24,-0.32756054100421,1.48083882716093,1.81665384765445,0.335815020493513,6.5319,0.732,2.1401,5.5442,2.0046,1.0177,-0.8667000000000002,0.0111003228148109,-0.0200765108260263,118.0,0.0779615414697119,0.4121713389992962,0.4989911661189878
2021-02-25,-0.33810629783573,1.48278794200303,1.81171139832841,0.328923456325378,6.7045,0.7514,2.1966,5.6906,1.8816,1.036,-0.8569999999999998,0.0124063168738702,0.0058653214352339,146.0,-0.4700036292457356,-1.3268230161397678,0.0555698511548107
2021-02-26,-0.31307066990393,1.48283788766256,1.82235365510268,0.339515767440126,6.6182,0.7417,2.1683,5.6174,2.2652,1.029,-0.8559999999999999,0.0119747220085662,-0.021417240573978,129.0,0.712949807856125,0.8791163245314803,-0.1397619423751587
2021-03-01,-0.2665751520418,1.48233699113123,1.82311892131657,0.340781930185339,6.5812,0.7375,2.1562,5.586,1.7153,1.0003000000000002,-0.8797000000000001,0.013314285394551,0.0119878267774993,45.0,0.5108256237659907,-0.2333119680124681,1.6094379124341005
2021-03-02,-0.20230350692225,1.48229654706827,1.83167787312519,0.349381326056925,6.5196,0.7306,2.136,5.5337,1.6593999999999998,0.9566999999999996,-0.8801000000000005,0.0132180567802222,-0.0121272462398724,89.0,0.3610133455373305,0.1667222411658089,-0.5996211225491218
2021-03-03,-0.16321192721657,1.48115280354173,1.83764410211307,0.356491298571343,6.7168,0.7527,2.2006,5.7011,1.6255000000000002,0.9449,-0.8723999999999998,0.013169325040731,0.0192831721829964,118.0,-0.8544153281560676,-1.3707993753398189,-1.0498221244986778
2021-03-04,-0.13972809189674,1.48066960494014,1.83938926210959,0.358719657169452,6.7168,0.7527,2.2006,5.7011,1.8471,0.9550999999999998,-0.8679999999999999,0.0139270554417285,-0.0207376903467206,113.0,-0.0896121586896871,-0.4226987714285146,0.339507140316367
2021-03-05,-0.15177769780627,1.47993657663028,1.8418766809758,0.361940104345524,6.8647,0.7693,2.2491,5.8266,1.6505,1.0553,-0.8599999999999999,0.014794884740191,-0.0004296351965429,124.0,-0.2702903297399117,-0.7730180363693654,-0.1082135846402327
2021-03-08,-0.15331371153364,1.47938677303182,1.843113526688,0.363726753656184,6.8154,0.7638,2.2329,5.7848,1.7224,0.9496000000000002,-0.8769,0.0140467294154207,-0.0232764908790645,71.0,-0.2744368457017603,-0.8174061196367524,0.4989911661189878
2021-03-09,-0.18122655838345,1.48036362368704,1.8695121227603,0.389148499073266,6.7291,0.7541,2.2047,5.7116,1.7749,0.9449999999999998,-0.8595000000000006,0.0152667835363162,-0.0183237076615476,100.0,-0.0689928714869514,-0.3164149519428055,-0.5996211225491218
2021-03-10,-0.1810451012106,1.47751917300471,1.82541123625084,0.347892063246128,6.6552,0.7458,2.1804,5.6488,2.0613,0.9131,-0.8584999999999998,0.0156145815179416,-0.0004629427627822,62.0,-0.1823215567939546,-1.2007866152899649,0.2231435513142097
2021-03-11,-0.18160100345251,1.47579317096313,1.82365261277691,0.347859441813778,6.7538,0.7569,2.2127,5.7325,1.9916,0.9150999999999998,-0.8438000000000003,0.0148070863973384,0.0232826184367649,60.0,-0.7308875085427924,-1.1946964430363474,-0.0870113769896298
2021-03-12,-0.13727386846193,1.47548247126467,1.82811358524414,0.352631113979471,6.7045,0.7514,2.1966,5.6906,1.6669,0.8914999999999997,-0.8352999999999997,0.0158494051417241,0.0047160071667029,58.0,-0.1941560144409575,-0.3033833893058882,-0.1541506798272583
2021-03-15,-0.10949453525101,1.47535842644201,1.8220454555374,0.346687029095398,6.8401,0.7666,2.241,5.8057,2.232,0.904,-0.8209999999999997,0.0150937125329693,-0.0096412758114539,99.0,0.3794896217049037,0.0455816324355669,-0.4870149750722722
2021-03-16,-0.0785400049552999,1.47516448253826,1.82316336739536,0.347998884857105,6.9017,0.7735,2.2612,5.858,2.3964000000000003,0.8886000000000003,-0.8290999999999995,0.0146521644717685,0.0078022974116098,89.0,-0.2776317365982795,0.1926478477504601,0.496436886313891
2021-03-17,-0.08962406450361,1.47494974987163,1.82248864764034,0.347538897768709,6.8154,0.7638,2.2329,5.7848,2.2789,0.9119000000000002,-0.8407,0.0141233178624104,-0.0003431373286808,76.0,0.3513978868378886,-0.8630372734115107,-0.4054651081081644
2021-03-18,-0.13417331763888,1.47471125347445,1.82421119882434,0.349499945349885,6.7538,0.7569,2.2127,5.7325,1.9496,0.9135999999999996,-0.8311999999999999,0.0134242925281044,0.0050711256590663,87.0,-0.5212969236332861,-1.5573550846421518,-1.3268709406490895
2021-03-19,-0.19443045038917,1.47434996290826,1.82309360467993,0.348743641771666,6.6059,0.7403,2.1643,5.6069,2.5515000000000003,0.8931,-0.8423000000000003,0.0128718888497625,-0.0170088501677678,142.0,1.329135947279942,1.091927478023254,1.551808799597464
2021-03-22,-0.21032282157793,1.47393685517412,1.82554297181191,0.351606116637793,6.6798,0.7486,2.1885,5.6697,2.4245,0.8646000000000003,-0.8486000000000002,0.0134101789899109,0.0113246593030655,67.0,0.4054651081081644,-0.0191562674098483,-0.0953101798043249
2021-03-23,-0.20572388359846,1.47337200199115,1.8221761549533,0.34880415296215,6.6552,0.7458,2.1804,5.6488,2.2933000000000003,0.8304,-0.8691999999999998,0.0132455041742336,-0.0093160826120559,61.0,-0.1112256351102243,0.9624811376917306,0.2006706954621512
2021-03-24,-0.2076501212794899,1.47349791705632,1.82387781992128,0.350379902864957,6.6675,0.7472,2.1845,5.6593,1.925,0.8365,-0.8767999999999998,0.0129603024779466,-0.0131145185455245,69.0,-0.832909122935104,-1.5475173570129228,-1.3350010667323402
2021-03-25,-0.19531528168688,1.47301213086598,1.82634301321406,0.353330882348074,6.6059,0.7403,2.1643,5.6069,1.6736999999999995,0.8367,-0.8818999999999999,0.0130388213625486,-0.0010308363159019,61.0,0.2513144282809061,-0.8476612096327096,-2.2072749131897207
2021-03-26,-0.18067672494331,1.47265381580776,1.82494621119745,0.352292395389683,6.5936,0.7389,2.1602,5.5965,2.4769,0.8761000000000001,-0.8765000000000001,0.0124258418956803,0.0161418604184628,220.0,0.0775582343458744,-1.2375628986144922,-1.6914018502855306
2021-03-29,-0.1693887536556099,1.4631915792488,1.78934729253029,0.326155713281488,6.16,0.7295,2.2047,5.7116,2.0051,0.8761000000000001,-0.8738999999999999,0.0128906995968427,0.0049518731663429,96.0,-0.8472978603872037,-1.3817067493648054,-1.087801372563894
2021-03-30,-0.1795018049211,1.46222342315073,1.79603660480997,0.333813181659242,6.1826,0.7321,2.2127,5.7325,2.1811,0.9049,-0.8651000000000004,0.0123779063733034,0.006204571739385,59.0,-1.0986122886681098,-1.9012660469404792,-0.6539264674066639
2021-03-31,-0.17006178377163,1.45497510428464,1.83279059283798,0.377815488553336,6.2502,0.7402,2.237,5.7952,1.9994,0.9047,-0.8712999999999997,0.0119655761699801,-0.004280621579932,84.0,-0.7282385003712154,-1.6307050832658003,-0.2876820724517809
2021-04-01,-0.17312713554444,1.45492891736785,1.83461412521922,0.379685207851376,6.2051,0.7348,2.2208,5.7534,2.2337,0.9319000000000002,-0.8641000000000001,0.0115150457390356,0.0070698444495107,58.0,-0.7375989431307791,-2.881247251588658,1.2809338454620642
2021-04-02,-0.2005562988933699,1.45433488822135,1.83607415921972,0.381739270998364,6.1149,0.7241,2.1885,5.6697,1.9176,1.0172,-0.8487999999999998,0.0112320458978703,0.0051968516971143,60.0,-0.6131044728864089,-1.0199115344056768,-1.0608719606852628
2021-04-06,-0.23953135760511,1.46241475575957,1.89065025776967,0.428235502010098,6.1149,0.7241,2.1885,5.6697,1.6506999999999998,0.9979,-0.8564000000000003,0.0108740471468118,-0.0004090502172342,42.0,-1.6094379124341005,-2.592124414050392,-1.6094379124341005
2021-04-07,-0.25313761116803,1.44964168554998,1.78423385554031,0.334592169990328,6.1487,0.7281,2.2006,5.7011,1.6838000000000002,1.0122,-0.8460999999999999,0.0104279359238024,-0.0009599298010414,52.0,-1.6486586255873816,-2.5547843046071748,-3.367295829986474
2021-04-08,-0.25990311137852,1.45830788672397,1.84517523475669,0.386867348032718,6.1374,0.7268,2.1966,5.6906,2.1211,1.0323000000000002,-0.8404999999999996,0.0100234146583348,0.0008414605783091,38.0,-1.466337068793427,-2.0774009461600653,-3.218875824868201
2021-04-09,-0.25421785788266,1.45817939845911,1.85032028060403,0.392140882144919,6.1149,0.7241,2.1885,5.6697,1.5581,0.9723000000000002,-0.8401999999999998,0.0096499009901659,-0.009195660733976,48.0,-0.9985288301111273,-1.8860581257836189,-1.312186388966169
2021-04-12,-0.25226855875491,1.45773611387906,1.85207188481819,0.394335770939127,6.1826,0.7321,2.2127,5.7325,1.3663000000000003,0.9699999999999998,-0.8575999999999997,0.0097621368758014,-0.010994155590934,68.0,0.0,-0.4141318654071829,1.33500106673234
2021-04-13,-0.24153224154788,1.45725731103943,1.84124894928437,0.383991638244941,6.2164,0.7361,2.2249,5.7639,1.9534,0.9884,-0.8845000000000005,0.0100446156599373,-0.0048396890566788,61.0,-0.3629054936893685,-0.9508249585120028,-1.5260563034950494
2021-04-14,-0.22943469210439,1.45734511684544,1.84046680642661,0.38312168958117,6.1487,0.7281,2.2006,5.7011,1.9195,0.9808999999999996,-0.8820000000000006,0.0097935493154803,0.0059447207761476,73.0,-0.4855078157817007,-1.0646691906370764,0.048790164169432
2021-04-15,-0.21393557927017,1.45738085508159,1.84205739832135,0.384676543239765,6.1487,0.7281,2.2006,5.7011,1.7165,0.9986000000000002,-0.8843999999999999,0.0096147253251746,-0.0052037846095469,54.0,-0.0741079721537218,-0.7510385811244219,0.4054651081081644
2021-04-16,-0.19944995633114,1.45715049594428,1.84183051500465,0.384680019060374,6.1261,0.7255,2.1925,5.6802,2.1171,1.0,-0.8741000000000003,0.0094261082666777,0.0080961174018394,48.0,0.0870113769896296,0.1755409020002986,-0.1177830356563835
2021-04-19,-0.1789847430105,1.45652592651766,1.8472325101121,0.390706583594431,6.1374,0.7268,2.1966,5.6906,2.0903000000000005,1.0175999999999998,-0.8767000000000005,0.0094442206604949,0.0147538809622318,49.0,0.1670540846631662,-0.0031414421606347,1.3862943611198906
2021-04-20,-0.17450900170692,1.45752016215054,1.83837018320548,0.380850021054937,6.081,0.7201,2.1764,5.6383,1.6014999999999997,1.0196,-0.8721999999999994,0.0102242144719709,-0.0013253165975264,79.0,-0.1743533871447778,-0.6166459647521412,-1.8925641683500207
2021-04-21,-0.19273664781584,1.45680781673709,1.8425207621729,0.385712945435818,6.0585,0.7174,2.1683,5.6174,1.9604,1.0459999999999998,-0.8646999999999996,0.0098417169731126,-3.714436163093637e-06,78.0,0.2006706954621512,-1.1779600092762337,0.2876820724517808
2021-04-22,-0.22216730198772,1.45775784740485,1.83971682925026,0.381958981845404,6.0133,0.7121,2.1522,5.5756,1.6113,1.0638999999999998,-0.8462999999999998,0.0094813165096726,-0.0022530856699791,94.0,0.581921545449721,-0.6160928672577599,-0.1177830356563835
2021-04-23,-0.24404775988055,1.45998434687,1.87741525771992,0.417430910849925,5.9682,0.7068,2.136,5.5337,1.164,1.0745999999999998,-0.8354999999999997,0.0091832956219934,0.0026089753967486,118.0,0.2719337154836417,0.2331117506269969,-0.3746934494414107
2021-04-26,-0.27509392908295,1.46256681377406,1.93185715468493,0.469290340910866,5.9456,0.7041,2.1279,5.5128,1.5786,1.1044999999999998,-0.8018000000000001,0.0089154390817562,-0.0095441408900605,79.0,-0.1133286853070031,-1.2133559180856677,0.0
2021-04-27,-0.2935631135022299,1.44936353406259,2.07306289923204,0.623699365169446,5.9118,0.7001,2.1158,5.4814,1.3447,1.1171000000000002,-0.8164000000000002,0.0091630841588745,0.0004199148351933,104.0,0.4754236967150748,-0.3916650369982219,1.2205021062771466
2021-04-28,-0.28046239112655,1.36281105201898,1.6877807399312,0.324969687912225,5.8667,0.6947,2.0997,5.4396,2.2441000000000004,1.125,-0.8245,0.0088629796591437,0.0041906936017923,170.0,0.8873031950009027,-0.0636054929597003,0.2484613592984997
2021-04-29,-0.25933871281414,1.35483222983585,1.65079827294686,0.295966043111016,5.8892,0.6974,2.1078,5.4605,1.8747000000000005,1.142,-0.8151999999999999,0.0086852025649579,0.0051451004210232,112.0,-0.3794896217049037,-1.377371355543878,-2.1316272948504063
2021-04-30,-0.24008119104526,1.34269091409651,1.62251889674057,0.279827982644059,5.7651,0.6644,2.0714,5.3664,2.2032000000000003,1.1208,-0.8359999999999999,0.0085763469328034,-0.0081033909271273,204.0,0.5355182363563621,-1.2069585787812795,-1.724661135724885
2021-05-06,-0.22509003691898,1.34207821638066,1.63777933970168,0.295701123321023,5.7539,0.6631,2.0674,5.3559,1.7826999999999995,1.1046,-0.8393999999999999,0.0087271220236324,-0.0016183765213071,69.0,0.2231435513142097,1.074609734825008,1.8207470061013076
2021-05-07,-0.2151487327435099,1.3419211780161,1.63364381069319,0.291722632677096,5.8663,0.6761,2.1078,5.4605,1.8655,1.1433,-0.8327,0.0084844545179478,-0.0065329643851441,56.0,-0.5306282510621704,-1.1407197147062764,-0.1910552367627092
2021-05-10,-0.2294462228277499,1.34146207078408,1.62544377786561,0.28398170708153,5.9,0.68,2.1199,5.4919,2.3164,1.1265,-0.8523000000000001,0.0085113938170291,0.0026630597763919,58.0,-1.0498221244986778,-2.023030064803764,-0.7672551527136672
2021-05-11,-0.24302031174129,1.3490802924409,1.6285191325772,0.279438840136298,5.8775,0.6774,2.1118,5.471,2.0460000000000003,1.1119,-0.8601000000000001,0.0083096185270805,0.0040334349110366,35.0,0.2006706954621512,-0.8896822484169801,-0.5831462853456169
2021-05-12,-0.2470858020453999,1.34344647197862,1.67482034787892,0.331373875900304,5.9112,0.6812,2.1239,5.5023,1.7974,1.1006999999999998,-0.8571000000000004,0.0081820017340242,0.0060556654632115,51.0,-0.8873031950009028,-1.4598118176982726,0.1335313926245225
2021-05-13,-0.2374679650041399,1.3464290543827,1.68678214551734,0.340353091134633,5.8887,0.6787,2.1158,5.4814,2.1421,1.0875,-0.8464,0.008190296469823,-0.0096384422795292,51.0,-0.3101549283038396,-0.6764540668171958,-0.4855078157817007
2021-05-14,-0.23748374388873,1.34657769529188,1.70588299709477,0.359305301802892,5.9337,0.6838,2.132,5.5233,2.2622,1.0789999999999995,-0.8337000000000003,0.0085574434271602,0.0175845198836608,60.0,0.0953101798043249,0.3896098178018122,-1.3581234841531944
2021-05-17,-0.23963452723516,1.346714074703,1.70786709555633,0.361153020853332,5.9225,0.6825,2.1279,5.5128,1.3512,1.0523000000000002,-0.8325,0.0099783360687766,0.0077739064719732,57.0,0.1000834585569826,-0.0138576722089593,0.5798184952529422
2021-05-18,-0.25330389633646,1.34723800812897,1.71211566700575,0.364877658876787,5.9112,0.6812,2.1239,5.5023,1.7412,1.028,-0.8270999999999997,0.0099055589724429,0.0032351945876012,64.0,-0.4248831939652659,0.3312603434639156,0.6701576623352465
2021-05-19,-0.27136040223554,1.35543061229291,1.71611522762311,0.360684615330202,5.855,0.6748,2.1037,5.45,1.3191000000000002,1.0135,-0.8435999999999999,0.0095899701506232,-0.0051277821407467,74.0,0.6190392084062235,-0.2185746062912728,0.5108256237659907
2021-05-20,-0.28901818785849,1.35706022998784,1.72858416242727,0.371523932439438,5.8775,0.6774,2.1118,5.471,1.9232,0.9771999999999998,-0.8632,0.00939960957511,-0.001145725994025,72.0,-0.3856624808119846,-1.46948895935824,-0.9808292530117262
2021-05-21,-0.29828706879811,1.35653516374288,1.72858154616903,0.372046382426147,5.8101,0.6696,2.0876,5.4082,1.8751,0.9881000000000002,-0.8609,0.0090868192962636,-0.0058304293885509,104.0,0.1335313926245225,-0.5759286715214375,0.5465437063680699
2021-05-24,-0.3221113638971,1.356967936235,1.72563786472586,0.368669928490855,5.8326,0.6722,2.0956,5.4291,2.5083,0.9775,-0.8573,0.0089928448637015,0.0030714363350998,45.0,0.262364264467491,-0.0967747435668117,1.455287232606842
2021-05-25,-0.31843609754665,1.35689577348975,1.7268726391541,0.369976865664353,5.9112,0.6812,2.1239,5.5023,2.0409,0.9756,-0.8595999999999999,0.0087572546431396,0.0237514106875931,110.0,-0.7654678421395714,-1.7930905674119404,-1.7469089030627032
2021-05-26,-0.29424160553984,1.35637589888396,1.72321257253919,0.366836673655237,5.9112,0.6812,2.1239,5.5023,1.5261,0.9590999999999998,-0.8877000000000002,0.0113112025847814,0.0033493284016898,63.0,-0.3448404862917295,-0.9545858582743784,-0.6729444732424258
2021-05-27,-0.26408451579639,1.35640219107328,1.7262728750351,0.369870683961816,5.9112,0.6812,2.1239,5.5023,1.9051,0.9707999999999996,-0.8812000000000002,0.0108758518176379,0.0043024929427932,77.0,-0.2744368457017603,-0.5592859266010607,-1.001448540214462
2021-05-28,-0.25124960693813,1.35756166441301,1.72709898009036,0.369537315677349,5.9225,0.6825,2.1279,5.5128,1.7705,0.976,-0.8694000000000002,0.0105113628211195,-0.0022376453880994,57.0,-0.6418538861723948,-0.6466641355518936,0.2231435513142097
2021-05-31,-0.2530150213723199,1.35753104040363,1.7250055831303,0.367474542726673,5.855,0.6748,2.1037,5.45,1.8995,0.9326,-0.9145,0.0101216486148406,0.0040721694735168,99.0,0.4054651081081644,-0.1857085660809688,1.5459245067117746
2021-06-01,-0.28747913973023,1.35790612392121,1.7239894295031,0.366083305581891,5.8213,0.6709,2.0916,5.4187,1.9324,0.9470999999999998,-0.9194999999999998,0.0098166086668516,0.0025514533755153,78.0,0.1670540846631662,-1.2412263958669516,0.1823215567939546
2021-06-02,-0.32646937044639,1.35789202007498,1.72669703590413,0.36880501582915,5.8326,0.6722,2.0956,5.4291,2.0055,0.9737999999999998,-0.8923000000000001,0.0094892468072303,-0.0076368319835502,104.0,-0.037740327982847,-0.3864664040002294,1.3173014896329391
2021-06-03,-0.3291481395466,1.35985256553684,1.73721854497542,0.377365979438575,5.7876,0.667,2.0795,5.3873,1.9081,1.0018000000000002,-0.8967,0.0094831026049068,-0.0035998284329643,121.0,0.2513144282809061,-0.1439757343351493,0.3364722366212129
2021-06-04,-0.30957079192457,1.36056026475469,1.74125553529656,0.380695270541866,5.8101,0.6696,2.0876,5.4082,1.857,1.0231999999999997,-0.8467000000000002,0.0092296179239759,0.0021272414895676,85.0,0.0800427076735363,-0.0581729323865684,0.7691330875378674
2021-06-07,-0.27810708916055,1.36558507845828,1.75385967642561,0.38827459796733,5.8101,0.6696,2.0876,5.4082,1.3537,1.0034999999999998,-0.855,0.0089453871490076,0.0021404227945467,90.0,-0.496436886313891,-0.7966855339671628,0.2702903297399117
2021-06-08,-0.24884575455799,1.36696536173929,1.75978679845327,0.39282143671398,5.8438,0.6735,2.0997,5.4396,1.6874,0.9939,-0.8569,0.0086878792102505,-0.0054138446240301,102.0,-0.6567795363890705,-2.1652357437283483,-0.6931471805599453
2021-06-09,-0.22413541440094,1.36710880709451,1.75331176397,0.386202956875485,5.8326,0.6722,2.0956,5.4291,1.8652,0.9580000000000002,-0.8613,0.0086111516171953,0.0031486313656525,82.0,-0.1335313926245226,0.0961886142954415,-0.0444517625708338
2021-06-10,-0.2138263408383499,1.36735210352216,1.74853464989163,0.381182546369476,5.8438,0.6735,2.0997,5.4396,1.6099,0.9791000000000004,-0.8756999999999997,0.0084156114085999,0.0054045701027778,81.0,-0.0953101798043249,-1.240535234719548,0.7777045685880083
2021-06-11,-0.21387913941373,1.37120101584053,1.78774383288023,0.416542817039697,5.8326,0.6722,2.0956,5.4291,2.0642000000000005,0.9717000000000002,-0.8527,0.0083524687561404,-0.0058636612702098,63.0,0.3483066942682158,0.1492173234276738,1.4170660197866445
2021-06-15,-0.2239387852236699,1.37147497616834,1.79166954398364,0.420194567815299,5.7988,0.6683,2.0835,5.3977,2.2296,0.9636999999999998,-0.8605,0.0083451310647389,-0.0092885285101527,82.0,0.1000834585569826,-0.3557213568303967,-1.3723081191451507
2021-06-16,-0.2308377990730599,1.37215252841097,1.79955511395121,0.427402585540234,5.8101,0.6696,2.0876,5.4082,2.067,0.9622000000000002,-0.8304999999999998,0.008649365359838,-0.0108072865644768,75.0,-0.0606246218164348,-0.1862598493027483,-0.3364722366212129
2021-06-17,-0.23355055346316,1.3735039662563,1.80749699490063,0.433993028644326,5.8213,0.6709,2.0916,5.4187,2.0613,0.9377999999999996,-0.8235000000000001,0.0090803522138567,0.0020656079987109,63.0,0.2363887780642303,0.3914710108281476,0.8109302162163288
2021-06-18,-0.24150068377869,1.37291500738001,1.80505925041597,0.43214424303596,5.8213,0.6709,2.0916,5.4187,2.1665,0.9204,-0.8456000000000001,0.0088085538190708,-0.0001439289514273,101.0,0.3610133455373305,-0.0365707187202395,0.1786917887433759
2021-06-21,-0.24018436067531,1.3719012100473,1.79952049098003,0.427619280932725,5.7876,0.667,2.0795,5.3873,1.4487,0.8959000000000001,-0.8711000000000002,0.0085407575164633,0.001158389177748,95.0,0.371563556432483,-0.0761290309633894,-0.3101549283038396
2021-06-22,-0.2234205095527199,1.37108983918359,1.79420157647929,0.423111737295707,5.7988,0.6683,2.0835,5.3977,2.0404,0.8866999999999998,-0.879,0.0083038765133032,0.0079670281458348,69.0,0.0953101798043249,-1.23703269982249,0.3794896217049037
2021-06-23,-0.21117002630469,1.37184493977805,1.79787181552273,0.426026875744689,5.7764,0.6657,2.0755,5.3768,2.2927,0.8941000000000003,-0.8655999999999997,0.0084545721553172,0.0024728690679314,106.0,0.5520685823000399,-0.2930851979678819,0.664159643686693
2021-06-24,-0.21288871096526,1.37223423851723,1.79665894456069,0.42442470604346,5.8438,0.6735,2.0997,5.4396,2.0974000000000004,0.8880000000000003,-0.8683999999999998,0.0082527968516129,0.0001216900824836,96.0,-0.2468600779315257,-0.8743286203466614,-0.6716409753389816
2021-06-25,-0.2313894531537299,1.37337478075996,1.79738718670913,0.424012405949161,5.8775,0.6774,2.1118,5.471,2.0592,0.8971999999999998,-0.8605,0.0080369730509389,0.0114042691421953,114.0,-0.6061358035703156,-1.50759487642194,-0.3074846997479605
2021-06-28,-0.24991993247086,1.37596985204741,1.81587002923704,0.43990017718963,5.8213,0.6709,2.0916,5.4187,2.2081,0.8999000000000001,-0.8350999999999997,0.0086145839528434,-0.0003298061808667,91.0,-0.251314428280906,-0.294240442147487,0.1541506798272583
2021-06-29,-0.26992877189857,1.37686548799723,1.81861046049138,0.441744972494151,5.8101,0.6696,2.0876,5.4082,1.7434000000000005,0.8455000000000004,-0.8306999999999998,0.0083656525395135,-0.009246968421273,76.0,-0.496436886313891,-1.1957499593055525,-0.6931471805599453
2021-06-30,-0.2893628957988799,1.37733293875458,1.83216305077932,0.454830112024739,5.8101,0.6696,2.0876,5.4082,1.8505,0.8616999999999999,-0.8489,0.0086622854670697,0.0050302052157267,75.0,-0.0909717782057267,-0.6442827173424182,-1.491654876777717
2021-07-01,-0.29718497439712,1.37633195506419,1.82898737123356,0.452655416169366,5.9112,0.6812,2.1239,5.5023,2.138100000000001,0.8842000000000003,-0.8348,0.0085492658263812,-0.000672815401181,182.0,-0.3136575588550416,-0.7442870509180475,-0.5596157879354228
2021-07-02,-0.29819057485001,1.37569612218167,1.82274673151229,0.447050609330621,5.9,0.68,2.1199,5.4919,2.1566000000000005,0.8857999999999997,-0.8319000000000001,0.0083090818311992,-0.0197042449840942,134.0,0.0,-0.372460285135675,0.0202027073175194
2021-07-05,-0.30073340279062,1.37576254381757,1.82203568140309,0.446273137585519,5.8438,0.6735,2.0997,5.4396,1.4268999999999998,0.9274,-0.8102,0.0102347922984474,0.0044130284941186,193.0,0.0727593542824283,-0.1285075730495767,-0.0815498669641077
2021-07-06,-0.2846905253180299,1.37607549046314,1.82127333807968,0.445197847616545,5.5628,0.6411,1.9987,5.1781,1.4815,0.9373999999999998,-0.7958000000000003,0.0099334294217586,-0.001150330186757,193.0,0.023530497410194,-0.2494375133294359,0.0540672212702757
2021-07-07,-0.26086683709922,1.37661076994979,1.8197464255575,0.443135655607713,5.5516,0.6398,1.9947,5.1676,1.3837000000000002,0.9407,-0.8129999999999997,0.0095735772511718,0.0066224648491175,105.0,0.3417492937220567,0.2732814944445959,1.5705980791178364
2021-07-08,-0.25132789448093,1.38310877611035,1.83648750692841,0.45337873081806,5.4954,0.6333,1.9745,5.1153,1.9904,0.9237000000000002,-0.8441999999999998,0.0094619298820887,-0.0079702994786643,168.0,0.5520685823000399,-0.5641411232990979,0.0242926925690444
2021-07-09,-0.23571226065278,1.38364841847503,1.83497605110348,0.451327632628449,5.4505,0.6281,1.9584,5.0735,1.6914000000000002,0.9497999999999998,-0.8058999999999998,0.0094869780957345,-0.0004016686409755,204.0,0.5198754592859086,-1.7470526423158586,-0.95297229850876
2021-07-12,-0.21674300696785,1.38327206298279,1.83172849216778,0.448456429184994,5.3606,0.6178,1.9261,4.9898,2.2781,0.9533999999999998,-0.8607,0.009159036994965,0.0067161887656066,469.0,1.0900285449767182,0.4297715741228978,0.0392207131532813
2021-07-13,-0.23126686335802,1.38372652236547,1.82611589655807,0.442389374192609,5.3381,0.6152,1.918,4.9688,1.5287,0.9389000000000004,-0.8618999999999999,0.0091003917241251,0.0052531348950264,270.0,0.8803587226480917,-0.0400681219129485,0.6296337748376194
2021-07-14,-0.24025657941634,1.38329214702212,1.8246297484755,0.441337601453386,5.2931,0.61,1.9018,4.927,1.5036999999999998,0.9477,-0.8167,0.0089532969724446,-0.0107178682161706,431.0,1.2660669341217308,0.5341682411404451,0.7254659718151126
2021-07-15,-0.24393184576679,1.38330260077366,1.82207542868479,0.438772827911127,5.3381,0.6152,1.918,4.9688,1.7429,0.9646,-0.7960999999999996,0.0093255569684871,0.0101759331413564,166.0,0.2537805207760996,-0.2813455781270728,0.3760512229018711
2021-07-16,-0.2381822629721799,1.37347907723712,1.85444371205872,0.480964634821594,5.3268,0.6139,1.9139,4.9584,1.8781,0.989,-0.7877000000000001,0.0095540788981447,-0.0071190552096656,108.0,0.0689928714869514,-0.5361151344296731,0.6359887667199967
2021-07-19,-0.24614028273001,1.37348482680379,1.85209187551149,0.478607048707697,5.3156,0.6126,1.9099,4.9479,1.7217000000000002,1.0211,-0.7671999999999999,0.009499382283223,-5.122607550234193e-05,87.0,0.2984929885559965,-0.7360381863885712,0.9509762898620452
2021-07-20,-0.2578227261326,1.37408313385953,1.84918249365995,0.475099359800422,5.2931,0.61,1.9018,4.927,1.7338,1.0189,-0.7915999999999999,0.0091689835143808,-0.0006591375796816,105.0,0.1590646946296872,-0.6689559623112226,0.2461330695389085
2021-07-21,-0.26024599867839,1.37343490758384,1.84472481802692,0.471289910443084,5.2707,0.6074,1.8937,4.9061,1.4220999999999997,0.9767,-0.7816000000000001,0.0088713777567459,0.0072880881425518,167.0,1.2305398317106575,0.8304401567799907,1.972021293058999
2021-07-22,-0.25031986650734,1.37487917467167,1.84329349578688,0.468414321115203,5.2931,0.61,1.9018,4.927,1.5692000000000002,0.9684,-0.7632000000000003,0.0088903876980529,0.0033831140548041,79.0,0.4054651081081644,0.0809671194353579,-0.2972515234679316
2021-07-23,-0.25753263740811,1.37718789434922,1.8422358180206,0.465047923671383,5.2819,0.6087,1.8978,4.9165,2.4715,0.9534000000000002,-0.7794999999999996,0.00867584085377,-0.0068316204543421,77.0,0.2762533766281581,1.1115040980239357,1.0033021088637848
2021-07-26,-0.25030651514345,1.37137225163905,1.78717781343119,0.415805561792144,5.2482,0.6048,1.8857,4.8852,1.8798,0.9112000000000002,-0.8184999999999998,0.0087029212948637,-0.023642430143635,150.0,0.7519876805828787,0.4627327124205301,1.1080910326226534
2021-07-27,-0.2497421165790699,1.37088808186223,1.78119972577713,0.410311643914896,5.192,0.5984,1.8655,4.8329,1.6914999999999998,0.9414,-0.7484999999999999,0.011305736005565,-0.0251910920962323,207.0,1.0712133144799951,-0.2422181072763997,0.0
2021-07-28,-0.25279290322763,1.37173550792165,1.78969334166179,0.417957833740142,5.2482,0.6048,1.8857,4.8852,1.5852,0.9313,-0.7307999999999999,0.0134629792355223,-0.0058118093944461,158.0,0.1335313926245225,0.343095730958262,0.5671064596645803
2021-07-29,-0.25308784699353,1.374333859892,1.78294314231212,0.408609282420117,5.192,0.5984,1.8655,4.8329,1.3833,0.8939999999999999,-0.7705000000000002,0.0129494738270614,0.014803807793438,232.0,1.410986973710262,0.1916658177914117,1.6306401200847034
2021-07-30,-0.22989470727837,1.37405128770143,1.77125259815267,0.397201310451242,5.1583,0.5945,1.8534,4.8015,1.3329,0.8667,-0.7944999999999998,0.0131816905450958,-0.0042198412604985,246.0,1.161625256496844,0.5923915609800486,0.2521753839948711
2021-08-02,-0.19326463356962,1.3708044452292,1.76026792918297,0.389463483953773,5.1695,0.5958,1.8574,4.8119,2.0754,0.8623000000000001,-0.7999999999999998,0.0126275558230648,0.019508483482479,205.0,1.1180303745252111,1.076891346125051,0.5940562779157145
2021-08-03,-0.15325787855738,1.37178902775246,1.75640605063836,0.384617022885906,5.147,0.5932,1.8493,4.791,1.4806,0.8894,-0.7806000000000002,0.0135104481257856,-0.0047145190077255,148.0,0.8421827597204332,0.1329676629743265,0.3244960455744972
2021-08-04,-0.14680128035686,1.37225266002288,1.75056979828656,0.378317138263683,5.1133,0.5893,1.8372,4.7596,2.0063000000000004,0.8654000000000002,-0.8005,0.0129472838296815,0.0084408627411498,220.0,1.0473189942805592,0.0159996021610013,0.495491259765884
2021-08-05,-0.18078778401565,1.36012075878082,1.76568388896195,0.405563130181128,5.1021,0.588,1.8332,4.7492,1.1514000000000002,0.8296999999999999,-0.8412999999999999,0.0126127501626704,-0.0030731178973457,143.0,0.5849335959197126,-0.0578029782095392,1.2602536402245257
2021-08-06,-0.22466946895649,1.36042620926334,1.7821438913834,0.421717682120061,5.0908,0.5867,1.8291,4.7387,1.4249,0.8449999999999998,-0.8236000000000003,0.0120695782466072,-0.0024033710387598,233.0,1.1597667118214403,0.7056285716987803,1.4910733123530675
2021-08-09,-0.2425554415258999,1.35874535662887,1.76935483934483,0.410609482715964,5.1133,0.5893,1.8372,4.7596,1.8285,0.8724999999999998,-0.7953000000000001,0.0115539016152488,0.0104726456906298,138.0,0.3958956570920137,-0.0941868960829274,-0.150282203049338
2021-08-10,-0.26286711416181,1.35925621912815,1.76950990147958,0.410253682351425,5.1246,0.5906,1.8413,4.7701,1.3391,0.8921999999999999,-0.8104,0.0115251401004683,0.0100494175883145,143.0,0.6007738604289301,0.7637491298101164,1.1089750757036565
2021-08-11,-0.2559505007873,1.35694651128747,1.78464182456043,0.427695313272957,5.2257,0.6022,1.8776,4.8642,1.5824,0.8859000000000001,-0.8085,0.0114624227258696,0.0007618775915432,130.0,-0.4554755286828257,-0.4314653133527815,0.5618111784988583
2021-08-12,-0.24944960033387,1.35862577771235,1.78535658544404,0.426730807731691,5.2032,0.5997,1.8695,4.8433,1.3806,0.8513999999999999,-0.8345000000000002,0.0109689561456923,-0.0022342362389995,92.0,0.3746934494414107,0.8276674508889483,1.1727202608218317
2021-08-13,-0.23364826117162,1.36129522745859,1.79455183889611,0.433256611437517,5.1807,0.5971,1.8614,4.8224,1.9464,0.8792,-0.8105000000000002,0.0105402040545809,-0.0023969494490998,80.0,-0.3448404862917295,-0.4790064056702228,-0.3448404862917295
2021-08-16,-0.234322505048,1.36023780323693,1.78956929620612,0.429331492969198,5.192,0.5984,1.8655,4.8329,1.8208,0.9055,-0.8069999999999999,0.0101518482580034,0.0002973707703084,76.0,-0.5947071077466928,-1.4203925024171749,-0.4446858212614455
2021-08-17,-0.24455086354708,1.35970179754031,1.79167623522469,0.431974437684377,5.192,0.5984,1.8655,4.8329,2.5487,0.8863999999999999,-0.8311000000000002,0.0097648840972392,-0.0202090334222049,88.0,-0.5436154465889815,-0.4019627454062013,-0.4054651081081644
2021-08-18,-0.25526836746862,1.35892971595678,1.7684285197145,0.409498803757715,5.2482,0.6048,1.8857,4.8852,1.5618,0.8971000000000002,-0.847,0.0113988374317003,0.0110527532160009,99.0,-0.0666913744986722,-0.5584678068596279,0.6359887667199967
2021-08-19,-0.2427508569428099,1.35804875700166,1.76529891130638,0.407250154304714,5.2145,0.6009,1.8736,4.8538,1.4737,0.8872000000000002,-0.8531,0.0114424856265107,-0.0056774005962836,84.0,0.3101549283038394,-1.085915826768426,0.6190392084062235
2021-08-20,-0.22719469737198,1.35823784428084,1.76270154629065,0.404463702009812,5.2369,0.6035,1.8816,4.8747,1.852,0.8936999999999999,-0.835,0.0111017195560524,-0.0110900364285804,96.0,-0.6931471805599453,-0.4611386591412463,0.5423242908253617
2021-08-23,-0.21048182418424,1.36172196751992,1.7842936141982,0.422571646678282,5.2032,0.5997,1.8695,4.8433,2.4259000000000004,0.8884000000000001,-0.8252999999999999,0.0112117589348656,0.0144252037008421,64.0,0.5798184952529422,0.5242435437663547,-0.5991182309116689
2021-08-24,-0.19561325985367,1.36197701719232,1.77803805037095,0.416061033178635,5.2032,0.5997,1.8695,4.8433,1.2110999999999998,0.8720999999999999,-0.8335000000000004,0.0116495942494944,0.0106811712440855,72.0,0.0540672212702757,0.0012140964461407,-0.3829922522561058
2021-08-25,-0.18596204440269,1.34954119194187,1.77653423072343,0.426993038781566,5.2032,0.5997,1.8695,4.8433,1.7049,0.8045999999999998,-0.8245,0.0116283497782935,0.0073460950320374,79.0,-0.3364722366212129,-0.6859917098974277,0.2151113796169455
2021-08-26,-0.21052673331732,1.34950398398633,1.7785479458045,0.429043961818173,5.192,0.5984,1.8655,4.8329,0.9581,0.8047,-0.8182,0.0113515422463015,-0.0109967413424474,82.0,-0.1335313926245226,-0.3176859288367101,0.2578291093020998
2021-08-27,-0.22056938648231,1.35059734358107,1.78471941530283,0.434122071721754,5.2145,0.6009,1.8736,4.8538,1.3461000000000003,0.7892000000000001,-0.8472999999999997,0.0114206514447912,0.0058351310903361,131.0,-0.9328200338253656,-2.1573804834566515,-2.522867412027223
2021-08-30,-0.23150354662696,1.35020210901376,1.7853930072396,0.435190898225844,4.9377,0.597,1.8493,4.791,1.1684,0.7596999999999996,-0.8702000000000001,0.0110766533309565,0.001700493518733,185.0,0.752336051950276,-0.1181731847645415,0.2876820724517808
2021-08-31,-0.26114842950123,1.35070482091237,1.79036198415465,0.43965716324228,4.9808,0.6022,1.8655,4.8329,1.5431,0.7550000000000003,-0.8809999999999998,0.0106241848721747,0.0044651646422497,105.0,0.5959834321062976,-1.1224120292584137,-1.55644538229359
2021-09-01,-0.27421213218612,1.35064839316391,1.76651267369647,0.415864280532557,5.0455,0.6101,1.8897,4.8956,2.1068,0.7324999999999999,-0.9047999999999998,0.0102891015459314,0.0065140060073769,113.0,-0.1112256351102243,-1.0488825041694412,-0.9057086225436182
2021-09-02,-0.26611695750835,1.35138367073073,1.7725465543031,0.421162883572371,5.0563,0.6114,1.8937,4.9061,1.5710000000000002,0.7300999999999997,-0.8856000000000002,0.0100943160571946,0.008358842827338,76.0,-0.8362480242006186,-1.5850092894573589,-0.2006706954621511
2021-09-03,-0.2471009740498199,1.34594611270651,1.73150756776372,0.385561455057216,5.0994,0.6166,1.9099,4.9479,1.1608,0.7326999999999999,-0.8828,0.0100547138489088,-0.0042648554770217,110.0,-0.2702903297399117,-0.0858816625748487,-0.2921364228011611
2021-09-06,-0.24389179167512,1.34554092276049,1.73575504037927,0.390214117618786,5.0994,0.6166,1.9099,4.9479,1.5508000000000002,0.7279999999999998,-0.8674,0.0097751711064776,0.0111403603962259,79.0,-0.6931471805599453,-1.2572382500751913,-1.3062516534463542
2021-09-07,-0.24004902639589,1.34563028356661,1.73718015787264,0.391549874306031,5.1209,0.6192,1.918,4.9688,1.3624,0.7002999999999999,-0.8405,0.0100433382035568,0.0149972546230561,97.0,-0.0363676441708748,0.2362471814983541,2.315007612992603
2021-09-08,-0.24988169901972,1.34582793246206,1.72988989146661,0.384061959004552,5.1425,0.6218,1.9261,4.9898,1.2382000000000004,0.6504999999999996,-0.8307000000000002,0.0107483310844041,-0.0003808877118167,97.0,-0.5108256237659907,-0.4361231345063482,-0.7731898882334817
2021-09-09,-0.26438674212441,1.35535409642864,1.72478449583921,0.369430399410572,5.1209,0.6192,1.918,4.9688,1.3193,0.6472000000000002,-0.8396999999999997,0.0103124587734624,0.0048703489981818,92.0,0.1892419996385283,-0.4613756478727293,0.7221347174331975
2021-09-10,-0.2794531493926,1.3533504355715,1.72802244061372,0.37467200504222,5.1641,0.6244,1.9341,5.0107,1.3949000000000005,0.6206,-0.8476999999999997,0.0100244727320368,0.0026988594726766,130.0,-0.2295744416445002,0.2226897170037127,0.8649974374866045
2021-09-13,-0.2834221457486,1.35288903304893,1.72704945525155,0.374160422202625,5.1425,0.6218,1.9261,4.9898,1.3067000000000002,0.6280999999999999,-0.8163,0.0096823921934475,0.0033058003443766,66.0,0.1112256351102244,0.1151940138444479,0.9162907318741552
2021-09-14,-0.30095370029478,1.35410145294694,1.72773947261041,0.373638019663468,5.0778,0.614,1.9018,4.927,0.8972000000000002,0.5915000000000004,-0.8393999999999999,0.0093896254345652,-0.0143052012219442,92.0,0.5389965007326869,0.3571726017119235,0.4480247225269603
2021-09-15,-0.30819317392333,1.35311499843995,1.72926284074334,0.376147842303388,5.0455,0.6101,1.8897,4.8956,1.2914000000000003,0.6051000000000002,-0.8308,0.0101527651678576,-0.0017429852131236,97.0,0.2384110234449981,0.0100739019544519,-0.1026541540600833
2021-09-16,-0.2928560980963,1.35385743758422,1.72031413724209,0.36645669965787,5.0455,0.6101,1.8897,4.8956,1.2115999999999998,0.5883000000000003,-0.8565999999999998,0.0097835144153075,-0.0135287390535481,103.0,0.419853845560264,0.5526071577809457,0.3001045924503381
2021-09-17,-0.27560674283231,1.21923897631417,1.36901146376308,0.149772487448912,5.067,0.6127,1.8978,4.9165,1.6056,0.5735999999999999,-0.8783000000000003,0.0103703024532326,0.0019039042756592,76.0,-0.1000834585569825,-0.420298438209579,0.1541506798272583
2021-09-22,-0.25312911484555,1.20052590168091,1.25359952437086,0.0530736226899486,4.9916,0.6036,1.8695,4.8433,1.5568,0.5791,-0.8912,0.0099804889846635,0.0040106338147225,126.0,0.6443570163905132,0.5000321649683244,2.8213788864092133
2021-09-23,-0.2216089722251,1.20229169406493,1.26458828263854,0.0622965885736071,5.0239,0.6075,1.8816,4.8747,1.9467,0.5648,-0.8971999999999998,0.0096861015802809,0.0037769945808054,62.0,0.2076393647782445,0.2399172885720164,0.9614111671546248
2021-09-24,-0.1896172837073,1.20385477754266,1.26506331861701,0.0612085410743581,5.0024,0.6049,1.8736,4.8538,2.1039000000000003,0.5784000000000002,-0.8855,0.009410091398343,-0.0080364165026267,59.0,-0.2076393647782445,-0.5925358275695878,0.1967102942460543
2021-09-27,-0.18539097015636,1.20375293271371,1.26192829184473,0.0581753591310255,4.9916,0.6036,1.8695,4.8433,1.8542,0.5905999999999998,-0.8777000000000004,0.0094471898361204,-0.008403892872252,79.0,0.1541506798272583,-0.2837515169666143,0.8630462173553427
2021-09-28,-0.18414322451295,1.20152207679074,1.26173342141915,0.0602113446284078,5.0239,0.6075,1.8816,4.8747,1.7813999999999997,0.5853999999999999,-0.8567999999999998,0.0095120283142081,0.0053966915979408,68.0,-0.4989911661189879,-1.4591099197154909,-0.2231435513142097
2021-09-29,-0.20229379683942,1.20130233589064,1.26302352600066,0.0617211901100194,5.0455,0.6101,1.8897,4.8956,1.8582,0.5726999999999998,-0.8930000000000002,0.0093302123331407,-0.0184704786691352,89.0,-0.5389965007326869,-0.6355506537588508,1.0068047394149868
2021-09-30,-0.21768063684094,1.20383875927543,1.27523174134042,0.0713929820649915,5.0239,0.6075,1.8816,4.8747,2.4166,0.6778,-0.8843999999999999,0.0107638163378173,0.0089725632757904,81.0,0.4054651081081644,0.9343092373768334,1.8082887711792652
2021-10-08,-0.2234004825068899,1.19706012310614,1.27951150551322,0.0824513824070805,5.0778,0.614,1.9018,4.927,1.8275,0.7124999999999999,-0.8584,0.0106973744758976,0.0067035677067277,43.0,-0.2876820724517809,-0.5743030929847243,-0.4054651081081644
2021-10-11,-0.21284501559254,1.20473799801527,1.27168436361478,0.0669463655995044,5.1102,0.6179,1.9139,4.9584,1.2931,0.7279,-0.8232999999999997,0.0104728643533925,-0.0001274799412556,63.0,-0.3448404862917295,-1.104468231733972,0.262364264467491
2021-10-12,-0.21027487804397,1.20787501479308,1.27782280477274,0.0699477899796579,5.1209,0.6192,1.918,4.9688,1.4436,0.7351999999999999,-0.8355999999999999,0.0100589816609204,-0.0125438616710429,61.0,-1.1314021114911006,-1.7908361332039515,0.3053816495511819
2021-10-13,-0.2184143549746399,1.20844767212551,1.27484524032382,0.066397568198316,5.0886,0.6153,1.9059,4.9375,1.6062999999999998,0.7143000000000002,-0.8590999999999998,0.0104766349851431,0.0041712618694216,76.0,0.6007738604289301,-0.3894880512074236,1.777773227253315
2021-10-14,-0.21820619507402,1.2059592147067,1.27260551931084,0.0666463046041339,5.0778,0.614,1.9018,4.927,1.3969,0.7046000000000001,-0.8519999999999999,0.0101429573516694,-0.0009783089413257,55.0,-0.7339691750802004,-2.6116967121551804,0.4643056081310978
2021-10-15,-0.2412627867494,1.18313056477593,1.24518097353148,0.0620504087555451,5.1209,0.6192,1.918,4.9688,1.4491999999999998,0.7098,-0.8567999999999998,0.0097628933102174,0.0039510358298251,80.0,-0.5947071077466928,-0.9657984392656656,0.4795730802618863
2021-10-18,-0.2500285640225,1.183269096288,1.24995379028425,0.0666846939962529,5.0994,0.6166,1.9099,4.9479,1.3676,0.7491000000000003,-0.7807999999999997,0.0094865225879343,-0.0011843142822982,58.0,-0.2719337154836418,-2.174562147563132,-0.7884573603642702
2021-10-19,-0.23795528978607,1.18544018732036,1.25397294343035,0.0685327561099884,5.0886,0.6153,1.9059,4.9375,1.6738999999999995,0.7400000000000002,-0.8167999999999997,0.0091665016672729,0.0069863104427323,74.0,0.3448404862917296,0.0950986179481383,1.265666373331276
2021-10-20,-0.2188719426279199,1.18550640060808,1.2564972505319,0.0709908499238221,5.067,0.6127,1.8978,4.9165,1.3512,0.7529999999999997,-0.8557000000000001,0.0091269186694935,-0.0017137240606128,80.0,-0.1133286853070031,0.2791713827838723,-0.5500463369192721
2021-10-21,-0.22440365543907,1.18260850083157,1.24911404444486,0.0665055436132886,5.1102,0.6179,1.9139,4.9584,1.0598999999999998,0.7001000000000004,-0.8704999999999998,0.0088488213136901,0.0021672060997488,103.0,0.3364722366212129,-0.2257002331365205,-0.968250470804866
2021-10-22,-0.22666003593625,1.17610642440285,1.2295239880746,0.0534175636717453,5.0994,0.6166,1.9099,4.9479,1.0578,0.7252999999999998,-0.8300000000000001,0.0086010448757243,-0.003393856900745,64.0,-0.2578291093020998,-0.4880186442921939,-0.7308875085427924
2021-10-25,-0.23599385305479,1.17293012934513,1.23010751539269,0.057177386047558,5.0886,0.6153,1.9059,4.9375,1.0396999999999998,0.7178999999999998,-0.8259000000000003,0.0084261109742793,0.0075799120234574,69.0,-0.3364722366212129,-0.9109013054460418,-1.0459685551826876
2021-10-26,-0.24321572715821,1.17217831740856,1.23224429409683,0.0600659766882625,5.067,0.6127,1.8978,4.9165,0.8887999999999998,0.7180000000000004,-0.8301999999999996,0.0085256997733281,-0.0033922750508086,105.0,0.4653632496892333,-0.0695283687913674,0.5978370007556204
2021-10-27,-0.2517727376505,1.17116615466951,1.23121634243477,0.0600501877652542,5.067,0.6127,1.8978,4.9165,1.6324999999999998,0.6480999999999999,-0.8300999999999998,0.0083583888954531,-0.0098695722298458,86.0,0.3894647667617233,-0.2120737658512841,1.550597412411167
2021-10-28,-0.24788809763907,1.19422974739417,1.25600892456037,0.0617791771661915,5.0347,0.6088,1.8857,4.8852,1.1939000000000002,0.6282000000000001,-0.8399999999999999,0.0087255152953351,-0.0123968045370794,46.0,0.7985076962177716,0.4120219644000565,1.6486586255873816
2021-10-29,-0.24533495273545,1.19347483603943,1.25334366506964,0.059868829030211,5.0347,0.6088,1.8857,4.8852,1.0637000000000003,0.6134999999999997,-0.8201,0.0093459412771923,0.0081858685734577,81.0,0.2984929885559965,-0.774609417693736,-2.1420925066415037
2021-11-01,-0.23682892017801,1.19246459931205,1.24117902559812,0.048714426286061,4.9721,0.5984,1.9099,4.9479,1.0259,0.5940999999999996,-0.8122000000000003,0.0093815137355044,-0.0008056047465458,75.0,-0.322773392263051,-1.1758449071480006,0.5232481437645479
2021-11-02,-0.2323082697413399,1.19226615214926,1.24062730448831,0.0483611523390537,4.888,0.5883,1.8776,4.8642,0.7161999999999997,0.5867,-0.8077999999999999,0.009066202545784,-0.0110215600635132,101.0,1.2431935174792172,1.2509950951074922,1.1130010261202097
2021-11-03,-0.21515298090475,1.19372999422968,1.24048418062241,0.0467541863927283,4.8775,0.587,1.8736,4.8538,0.9533999999999998,0.6092,-0.7951999999999999,0.0094564501225434,-0.0020249386820285,76.0,0.6007738604289301,-0.3499978537564494,0.5705448584676129
2021-11-04,-0.20131186471343,1.19514438404218,1.2478698256516,0.0527254416094212,4.888,0.5883,1.8776,4.8642,1.8956000000000004,0.6164000000000001,-0.7958000000000003,0.0091550533940809,0.0080647489002618,54.0,0.5389965007326869,0.3501987889855582,0.1961148789262903
2021-11-05,-0.1982416578992099,1.19485649498417,1.24569638011041,0.0508398851262357,4.8985,0.5895,1.8816,4.8747,1.5398999999999998,0.5819999999999999,-0.8277000000000001,0.0092038735363606,-0.0100587397795379,40.0,0.2876820724517808,-1.3166664584233734,-0.5725191927713306
2021-11-08,-0.21327832803874,1.1972179374664,1.2521345271976,0.0549165897312074,4.867,0.5857,1.8695,4.8433,1.2836000000000003,0.5928,-0.8401000000000001,0.0094648448753958,0.0020208588937009,73.0,1.3397743454849975,0.6915292442310416,-0.125163142954006
2021-11-09,-0.2128698976797799,1.19597765240717,1.25184068403089,0.0558630316237207,4.8775,0.587,1.8736,4.8538,1.1366999999999998,0.5488,-0.8504,0.0091568732907899,0.0023897924604199,30.0,-0.2231435513142097,-1.0316936763774782,-1.6739764335716716
2021-11-10,-0.2084293554264499,1.1941943145888,1.25512116507903,0.0609268504902283,4.8565,0.5845,1.8655,4.8329,1.096,0.5640000000000001,-0.8429000000000002,0.0088856473147399,-0.0041546673178345,70.0,0.5877866649021191,0.1277716517928158,0.0
2021-11-11,-0.2160177851566299,1.19140744162378,1.25705274668494,0.0656453050611592,4.8985,0.5895,1.8816,4.8747,0.9907,0.5967000000000002,-0.8354999999999997,0.008716243370177,0.0114799210785978,55.0,0.1718502569266592,-0.693357066173057,-0.8803587226480918
2021-11-12,-0.2279083884598499,1.17504053724166,1.23449982903771,0.0594592917960575,4.888,0.5883,1.8776,4.8642,1.0796,0.5994999999999999,-0.8291000000000004,0.0091867617076135,0.0017857758674413,14.0,0.3364722366212129,1.0578021954385497,1.791759469228055
2021-11-15,-0.22457904381015,1.17698487438269,1.24215397997632,0.0651691055936381,4.909,0.5908,1.8857,4.8852,1.213,0.5977999999999999,-0.8322000000000003,0.0088994738612058,-0.0016394997464352,26.0,-1.791759469228055,-3.281533744426782,-2.3978952727983707
2021-11-16,-0.2362863692999899,1.17122273767054,1.24478275005582,0.0735600123852849,4.888,0.5883,1.8776,4.8642,1.2748,0.625,-0.8367,0.0086409963162708,-0.0032645682394019,39.0,0.5753641449035618,0.2835827727008402,0.9808292530117262
2021-11-17,-0.24741594486155,1.17285924256776,1.24237907934269,0.069519836774925,4.888,0.5883,1.8776,4.8642,1.1932,0.6299000000000001,-0.8289,0.0084567189071395,0.0044139928730082,45.0,0.0,-0.798808855683984,-0.4519851237430572
2021-11-18,-0.251101528175,1.17562675946702,1.25080745792264,0.0751806984556223,4.8775,0.587,1.8736,4.8538,1.4253,0.6154000000000002,-0.8332999999999999,0.0083322951443464,-0.0047195946964908,41.0,0.3101549283038394,0.0943643512948886,0.3677247801253173
2021-11-19,-0.26033035502296,1.18003074108682,1.26227253553473,0.0822417944479106,4.8985,0.5895,1.8816,4.8747,1.3866999999999998,0.6314000000000002,-0.8201,0.0082525501397564,0.0112025827680746,39.0,0.5465437063680699,0.0973513195260492,0.1431008436406732
2021-11-22,-0.25967856571312,1.19190205980923,1.2988644442127,0.106962384403468,4.867,0.5857,1.8695,4.8433,1.4596,0.5899000000000001,-0.8681000000000001,0.0087664465063079,0.0060781265265106,65.0,0.7672551527136672,0.7125755744520572,1.3705460041517514
2021-11-23,-0.25119498772222,1.19580774047691,1.30715013739194,0.111342396915032,4.867,0.5857,1.8695,4.8433,1.0850000000000004,0.6043000000000003,-0.8642999999999996,0.0087077213708908,0.0019549677701871,46.0,0.780158557549575,0.1815937343504941,0.4895482253187058
2021-11-24,-0.24757251994716,1.19557164368044,1.29492555435146,0.0993539106710188,4.8775,0.587,1.8736,4.8538,1.158,0.5874999999999999,-0.8953000000000002,0.0084685312764647,0.0010061835138461,65.0,-0.1053605156578262,-0.7280266384573099,-0.2468600779315257
2021-11-25,-0.2553132766017,1.20363821722035,1.30892461337944,0.105286396159092,4.867,0.5857,1.8695,4.8433,1.2308,0.5800000000000001,-0.8793000000000002,0.0082367631155147,-0.002375322553453,79.0,-0.3856624808119846,-0.4370975107567416,0.4054651081081644
2021-11-26,-0.26171950374756,1.20596925133381,1.3042151206934,0.0982458693595927,4.846,0.5832,1.8614,4.8224,1.1833999999999998,0.5549999999999997,-0.9326000000000004,0.0080614942333418,-0.0056207887921111,79.0,1.0986122886681098,0.5703942469847089,0.4877032063451365
2021-11-29,-0.28238377376617,1.2044031741559,1.30706572032838,0.102662546172485,4.8144,0.5794,1.8493,4.791,1.3310000000000004,0.5406,-0.9268999999999998,0.0080717454734255,-0.0003908072948011,129.0,1.029619417181158,0.6208625875828051,0.4700036292457356
2021-11-30,-0.2869602571791,1.20412331717415,1.29825407615324,0.0941307589790836,4.8144,0.5794,1.8493,4.791,1.0293,0.5316000000000001,-0.9284999999999995,0.007875220097841,0.0003340731018024,70.0,1.203972804325936,1.4974346836100925,1.519825753744413
2021-12-01,-0.27510788732702,1.20476406401867,1.2912214357165,0.0864573716978303,4.8354,0.5819,1.8574,4.8119,1.2955,0.5601000000000003,-0.9106999999999998,0.0076966418210834,0.0036405345096337,49.0,0.1177830356563834,-0.9108048102716968,-1.0986122886681098
2021-12-02,-0.25515123959451,1.20464344498296,1.29952925186414,0.0948858068811749,4.846,0.5832,1.8614,4.8224,1.3701,0.5751,-0.8767,0.0076170682143964,-0.0008529210249488,62.0,-0.1000834585569825,-0.4343230861291268,-0.7339691750802004
2021-12-03,-0.23535116694761,1.19043359326376,1.25033113285472,0.059897539590964,4.846,0.5832,1.8614,4.8224,1.0576999999999996,0.5850999999999997,-0.8650000000000002,0.0074706886532179,0.0093567445497502,71.0,0.3429447511268304,-0.0595472316710171,0.125163142954006
2021-12-06,-0.22031085552701,1.18537323360847,1.26898146657735,0.0836082329688743,4.867,0.5857,1.8695,4.8433,1.2597999999999998,0.5485000000000002,-0.9019999999999996,0.0078921035519133,-0.0050373204006941,54.0,-0.6539264674066639,-1.2230494494977884,-1.9218125974762528
2021-12-07,-0.2241730409719,1.18793527720563,1.28224615579674,0.094310878591108,4.8985,0.5895,1.8816,4.8747,1.1582,0.5754000000000001,-0.8603999999999998,0.0078827654221981,0.0016096280373716,62.0,-1.0033021088637848,-0.9702773792688074,-1.0986122886681098
2021-12-08,-0.23563397310997,1.226392863073,1.37472288532307,0.148330022250069,4.8775,0.587,1.8736,4.8538,1.0802,0.5201000000000002,-0.8554999999999997,0.007717370903094,0.0117466640793093,60.0,0.3364722366212129,0.3589328604314377,0.8754687373538999
2021-12-09,-0.24874015740724,1.21743222566477,1.35311133731633,0.135679111651555,4.8985,0.5895,1.8816,4.8747,1.1363000000000003,0.5028999999999999,-0.8561000000000001,0.0084002352504047,0.0097047947369901,63.0,-0.2113090936672069,-0.560871806522149,0.1718502569266592
2021-12-10,-0.2589369581371299,1.21983524233697,1.36193065328724,0.142095410950276,4.8985,0.5895,1.8816,4.8747,1.7325,0.4881000000000002,-0.8685999999999998,0.0087133319975105,-0.0018239397760186,76.0,0.0769610411361284,-0.0108276386520633,-0.1000834585569825
2021-12-13,-0.27390565769686,1.20724546904999,1.32669671516337,0.119451246113379,4.867,0.5857,1.8695,4.8433,0.9914,0.5007999999999999,-0.8559999999999999,0.0084764621567364,0.0040106867166098,68.0,1.4170660197866445,1.636862999350866,1.5040773967762742
2021-12-14,-0.27735577150173,1.20908338956968,1.3276302803233,0.118546890753618,4.8565,0.5845,1.8655,4.8329,0.9679000000000002,0.4885999999999999,-0.8371999999999997,0.0083301870462786,-0.0053269214724878,48.0,0.3053816495511819,-0.0960753604789455,-1.2878542883066382
2021-12-15,-0.28967604597009,1.20449501371798,1.30365473219599,0.0991597184780091,4.846,0.5832,1.8614,4.8224,1.5699999999999998,0.4862000000000002,-0.8319999999999999,0.008288519482093,-0.003802085356801,69.0,1.0986122886681098,0.0665478824938848,-1.1314021114911006
2021-12-16,-0.30494939937856,1.20553808375764,1.30762765607586,0.102089572318218,4.8565,0.5845,1.8655,4.8329,1.2833,0.5061999999999998,-0.8246000000000002,0.0081644760794749,0.0074797625220579,57.0,0.4855078157817008,-0.1395854549163406,-0.5436154465889815
2021-12-17,-0.30541548335431,1.19151496795073,1.26570265633695,0.0741876883862156,4.846,0.5832,1.8614,4.8224,1.2203,0.5068000000000001,-0.8298999999999999,0.0082897245247381,-0.011673865475732,53.0,0.3566749439387324,0.9358802671219598,0.7884573603642703
2021-12-20,-0.28709255705763,1.19446343563669,1.25665279080678,0.0621893551700865,4.846,0.5832,1.8614,4.8224,1.2692,0.484,-0.8378000000000001,0.0088917071741274,-0.0107286066415195,38.0,-0.3677247801253174,-0.9414938772530352,-0.7472144018302211
2021-12-21,-0.27152547364362,1.19391683536261,1.2495906744363,0.0556738390736919,4.888,0.5883,1.8776,4.8642,1.6453000000000002,0.4518,-0.8468,0.0092748120671466,0.0087337837764298,68.0,-0.9718605830289656,-1.228912216415926,-0.7487170317147561
2021-12-22,-0.24760589835688,1.18954778399269,1.23804096342313,0.048493179430442,4.8775,0.587,1.8736,4.8538,0.7732999999999999,0.4320999999999997,-0.8699000000000003,0.0093680369018242,-0.0006918843934204,44.0,-0.1177830356563835,-0.435713666964198,0.949080554697146
2021-12-23,-0.23146227877494,1.18983975186975,1.24066298247574,0.0508232306059897,4.888,0.5883,1.8776,4.8642,0.8521999999999998,0.4650999999999996,-0.8879000000000001,0.009052827780491,0.0057036826561418,38.0,0.0800427076735363,-0.7485510895973011,-1.2367626271489267
2021-12-24,-0.22878411655491,1.1780158577514,1.19445771974017,0.0164418619887714,4.888,0.5883,1.8776,4.8642,1.1749,0.4611,-0.8916,0.0089377673372834,-0.0069644222797098,33.0,-0.3184537311185346,-0.4649505613943442,-0.0953101798043249
2021-12-27,-0.21865953456605,1.17436895055717,1.18062581858498,0.0062568680278136,4.8985,0.5895,1.8816,4.8747,1.6008,0.4540000000000002,-0.8940999999999999,0.0089435646211506,-0.00057489414535,36.0,0.2231435513142097,0.5864536972840426,0.8109302162163288
2021-12-28,-0.22106824198761,1.10695103826475,0.97317268060967,-0.13377835765508,4.9195,0.5921,1.8897,4.8956,1.016,0.4423999999999997,-0.9079000000000002,0.0086657834369026,0.0039020841648103,68.0,-0.6539264674066639,-0.0908937172400729,0.5520685823000399
2021-12-29,-0.23973951750574,1.14473629478395,1.0909485704802,-0.053787724303751,4.8985,0.5895,1.8816,4.8747,0.928,0.4554,-0.9253999999999998,0.0084949891635655,-0.009163143743093,56.0,-0.4307829160924542,-0.9183988977404854,-0.7884573603642702
2021-12-30,-0.2418648118847499,1.07860632628392,0.958393342921272,-0.120212983362649,4.8775,0.587,1.8736,4.8538,1.7203,0.4854000000000003,-0.9459999999999996,0.0087634303623992,0.0061496367519531,81.0,0.3794896217049037,-0.049991838370307,-0.4700036292457356
2021-12-31,-0.23845353841119,1.06928845286701,0.943782642876704,-0.12550580999031,4.867,0.5857,1.8695,4.8433,1.5994000000000002,0.6191,-0.9311000000000004,0.0087099639445237,0.0056721193808915,80.0,0.371563556432483,0.4717419461907858,0.25489224962879
2022-01-04,-0.22919740195528,1.06495917753639,0.94115743556591,-0.123801741970481,4.909,0.5908,1.7655,-4.6969,1.1856999999999998,0.6145,-0.9210000000000004,0.0086307127358388,-0.0020479636417345,45.0,-1.0986122886681098,-1.758710149979316,-2.03688192726104
2022-01-05,-0.22732760413069,1.05155321503918,0.915272950529237,-0.136280264509945,4.9511,0.5959,1.7806,-4.7371,1.1196000000000002,0.6408,-0.9039,0.008407256097636,-0.0102810381322129,82.0,-0.3074846997479605,-0.6508885031518331,-0.3001045924503381
2022-01-06,-0.22790110589772,1.0487248211511,0.902434559328233,-0.146290261822867,4.9406,0.5946,1.7768,-4.7271,1.3342,0.6541999999999999,-0.887,0.0088144981764551,-0.0025335138456501,59.0,-0.6190392084062235,-0.8888599990516592,0.1292117314800062
2022-01-07,-0.22838782379948,1.04697534981671,0.900344096299058,-0.146631253517652,4.9826,0.5997,1.7919,-4.7673,2.0019,0.6631999999999998,-0.8914,0.0085871078749123,-0.0018244060053014,53.0,0.780158557549575,1.1293121933076378,2.1400661634962708
2022-01-10,-0.23897060032179,1.03963511329191,0.879427876998289,-0.160207236293619,4.9931,0.6009,1.7957,-4.7774,1.3080000000000005,0.6656,-0.9083,0.0083623505823458,0.0038968069297666,37.0,-0.3184537311185346,-1.00141874683157,1.203972804325936
2022-01-11,-0.2406474102501699,1.03755199478003,0.864018981726158,-0.173533013053867,4.9931,0.6009,1.7957,-4.7774,1.5129,0.6827000000000001,-0.9190999999999998,0.0082227727928697,-0.0072833577442992,63.0,-0.3022808718729337,-0.8219966436256042,-0.1941560144409575
2022-01-12,-0.2260713621648,1.06712811612199,0.921092721581978,-0.146035394540015,4.9616,0.5971,1.7844,-4.7472,1.4653999999999998,0.6817000000000002,-0.9188999999999998,0.0083458185610923,0.0083717813742705,79.0,0.5465437063680699,-1.5562680584643491,-2.717528945056754
2022-01-13,-0.21037804767402,1.06338211708801,0.9057134232956,-0.157668693792412,4.9721,0.5984,1.7882,-4.7572,1.2501000000000002,0.6637,-0.9333999999999998,0.0085290765191886,-0.0117925102847866,69.0,-0.3566749439387324,-1.0250671135241192,0.1082135846402327
2022-01-14,-0.21156207089887,1.06132457540575,0.899427356737343,-0.161897218668405,4.9195,0.5921,1.7692,-4.707,1.2547,0.6780999999999997,-0.9244000000000004,0.0091042015969194,-0.0096100593498746,97.0,0.1213608570042675,-0.500980850435054,-0.456758402495715
2022-01-17,-0.2148343688119499,1.06205160900381,0.897055402270219,-0.164996206733588,4.888,0.5883,1.7579,-4.6768,1.1305,0.6785999999999999,-0.9169999999999998,0.0093318455799145,0.0057795221586616,61.0,0.6931471805599453,-0.3121508321125917,0.9707789171582248
2022-01-18,-0.22105974566513,1.06861337304717,0.906993080658791,-0.161620292388379,4.9301,0.5933,1.773,-4.717,1.0671,0.6776999999999997,-0.9515000000000002,0.0091914581472514,0.0079443800059841,71.0,0.0392207131532813,-0.870265869581335,-0.4754236967150748
2022-01-19,-0.21995461686326,1.07042097049681,0.905978905928357,-0.164442064568455,4.9406,0.5946,1.7768,-4.7271,1.1473000000000002,0.7457999999999998,-0.9241,0.0092254787910945,-0.0032925521468456,44.0,-0.1112256351102243,-0.6804949436562365,-0.0425596144187958
2022-01-20,-0.2245936089343899,1.07832259816144,0.88168924975301,-0.196633348408428,4.9931,0.6009,1.7957,-4.7774,1.5420999999999998,0.7518,-0.919,0.0089846923635683,-0.0008763092779275,72.0,-0.5108256237659907,-1.262618207287463,-0.6751286750572671
2022-01-21,-0.21253429294204,1.07895728726197,0.894093187994442,-0.184864099267529,4.9406,0.5946,1.7768,-4.7271,1.9298,0.8200000000000001,-0.9558,0.0087061023953833,-0.0091825158010259,68.0,0.3136575588550416,-0.5406483318873919,-0.1541506798272583
2022-01-24,-0.21165188916503,1.09460931251925,0.92827344253606,-0.166335869983193,4.9406,0.5946,1.7768,-4.7271,1.2194999999999998,0.8108,-0.9907,0.0089459134016951,0.0004362626295257,29.0,0.5596157879354227,1.2040616497793284,2.3978952727983707
2022-01-25,-0.22614843594725,1.0936682172676,0.927052187200252,-0.166616030067346,4.909,0.5908,1.7655,-4.6969,1.4673,0.8476000000000001,-0.9663999999999996,0.0086655968062463,-0.0261741620266207,48.0,0.2076393647782445,-0.230246574582456,-0.6061358035703156
2022-01-26,-0.23261717175131,1.09155456170471,0.924089375314515,-0.167465186390199,4.9301,0.5933,1.773,-4.717,1.4981000000000002,0.8328,-0.9497,0.0118290727373319,0.0065634112843593,34.0,-0.3184537311185346,-0.1950928528673864,0.262364264467491
2022-01-27,-0.21735413530585,1.09247310327255,0.925062247466649,-0.167410855805904,4.9195,0.5921,1.7692,-4.707,1.5715,0.841,-0.9395000000000002,0.0114861893624354,-0.0179336950778736,45.0,-0.4054651081081644,-0.7099235386370094,-1.1349799328389845
2022-01-28,-0.2026815932723699,1.08631695818029,0.910686400752935,-0.17563055742736,4.8985,0.5895,1.7617,-4.6868,1.5224,0.8080000000000003,-0.9621999999999996,0.0123849046209508,-0.0097126931509237,41.0,0.2231435513142097,-0.5252485567303453,-1.0986122886681098
2022-02-07,-0.18019850336402,1.11672790173547,0.969713030167798,-0.147014871567676,4.9826,0.5997,1.7919,-4.7673,2.5927,0.9031,-0.9171999999999998,0.0122198113798793,0.0200687027778272,44.0,-0.8472978603872037,-1.7910345688701066,-1.9218125974762528
2022-02-08,-0.16183734361621,1.17009729707603,1.12861850311556,-0.0414787939604746,5.0982,0.6136,1.8335,-4.8779,1.7388,0.8959000000000001,-0.9230999999999998,0.0132596857802229,0.0066978447816907,144.0,-1.129864832172214,-1.2408120353954353,-0.5831462853456169
2022-02-09,-0.14061656447551,1.15425771135541,1.07879145007102,-0.0754662612843886,5.0877,0.6123,1.8297,-4.8679,1.3527999999999998,0.9074000000000002,-0.9209999999999998,0.0127942400726978,0.007880807047222,106.0,-0.6021754023542185,-0.6245894618887377,0.0327898228229909
2022-02-10,-0.15820577263849,1.1557564862682,1.07797627346652,-0.0777802128016767,5.1088,0.6148,1.8373,-4.888,1.4939000000000002,0.9274000000000002,-0.9261999999999996,0.0124384501100396,0.0017115783353123,50.0,0.1177830356563834,-1.519682394845164,-0.7091475219063865
2022-02-11,-0.16319190017073,1.15196722495891,1.06489781039753,-0.0870694145613837,5.1193,0.6161,1.8411,-4.8981,1.6996,0.99,-0.9249,0.0118767363637592,-0.006608076739532,63.0,0.3448404862917296,-0.9340504407795596,-0.3958956570920136
2022-02-14,-0.19095606137723,1.14857393996453,1.05065085771426,-0.0979230822502692,5.0457,0.6072,1.8146,-4.8276,1.5138999999999998,1.0083,-0.9182,0.011546726301084,-0.0098859308606638,75.0,0.0425596144187959,-0.7696252841803586,-1.3173014896329391
2022-02-15,-0.23726890830616,1.14159934767681,1.04002291708166,-0.101576430595152,5.0036,0.6022,1.7995,-4.7874,1.5811000000000002,1.0147000000000002,-0.9429999999999996,0.0114898170188841,0.0050055300384812,51.0,-0.1718502569266592,-0.5973089166869342,0.6931471805599453
2022-02-16,-0.25400848422167,1.14605952563473,1.0406586359413,-0.105400889693439,5.0247,0.6047,1.8071,-4.8075,1.478,0.8992000000000002,-0.9505999999999996,0.0110999487101685,0.0057124667362291,24.0,-0.9555114450274363,-1.6937179940301783,0.4519851237430572
2022-02-17,-0.2456772331551399,1.14324766371989,1.03362459811208,-0.109623065607815,5.0247,0.6047,1.8071,-4.8075,1.3046,0.8599000000000001,-0.9533,0.0107795198786864,0.0006359800163764,21.0,0.0,-0.0661519604853476,0.3022808718729337
2022-02-18,-0.2215234021201799,1.1447029802093,1.04226194840226,-0.10244103180704,5.0562,0.6085,1.8184,-4.8377,1.1663,0.8574999999999999,-0.9363,0.0103410473853568,0.0065304376004622,34.0,-0.6286086594223742,1.5164961169279652,0.2336148511815051
2022-02-21,-0.18941337196791,1.14640276106764,1.0423091456639,-0.104093615403736,5.0667,0.6098,1.8222,-4.8478,1.2856000000000003,0.8700000000000001,-0.9322,0.0101419563083433,-4.1539127227707695e-05,35.0,-0.3677247801253174,-0.5040570988860084,-1.0986122886681098
2022-02-22,-0.16939300181685,1.14240671648785,1.03034728827159,-0.112059428216262,5.0247,0.6047,1.8071,-4.8075,1.2953,0.8517999999999999,-0.9525,0.0097558400089071,-0.0096337717540659,33.0,-0.4418327522790392,-1.252263924985053,-2.1000608288825715
2022-02-23,-0.1868201729726299,1.14170447659792,1.02713693367388,-0.114567542924039,5.0142,0.6035,1.8033,-4.7975,1.5471,0.8287,-0.9847,0.0098967028861815,0.0092137572339225,36.0,-0.2006706954621511,-0.2273585206735218,1.0986122886681098
2022-02-24,-0.20440634673472,1.1432904295694,1.04035597605348,-0.102934453515919,4.9406,0.5946,1.7768,-4.7271,1.1908999999999998,0.8013000000000001,-0.9886,0.0099549483404911,-0.0171096007049502,61.0,0.0953101798043249,-0.8981255936594019,-0.7985076962177716
2022-02-25,-0.21339060087144,1.1510101506203,1.02666176976601,-0.124348380854282,4.909,0.5908,1.7655,-4.6969,1.4477,0.7949999999999999,-0.9998,0.0110265520574417,0.0062341635017215,79.0,1.1631508098056809,1.4254397722054395,2.360854001118021
2022-02-28,-0.21732743257807,1.15167798568455,1.01448539287251,-0.137192592812049,4.8985,0.5895,1.7617,-4.6868,1.3451,0.7749999999999999,-1.0042,0.0107414456500522,0.0031532433643288,44.0,0.8109302162163288,0.4566188984324328,0.5596157879354227
2022-03-01,-0.20775329090954,1.15182398836527,1.01344130253069,-0.13838268583457,4.9195,0.5921,1.7692,-4.707,1.7983999999999998,0.7997000000000001,-0.9966999999999996,0.0103491464088574,0.0076328270173888,40.0,0.1431008436406732,0.507755948427043,1.6739764335716716
2022-03-02,-0.19328951565687,1.15361002339861,1.01217371280052,-0.141436310598092,4.9406,0.5946,1.7768,-4.7271,1.1773000000000002,0.8037999999999998,-0.9586,0.0102244570781778,-0.0013317318726357,36.0,-0.9985288301111273,-1.7642339811305408,-1.4816045409242156
2022-03-03,-0.19684097845125,1.15526004246465,1.01397088804328,-0.141289154421367,4.9826,0.5997,1.7919,-4.7673,1.241,0.7852000000000001,-0.96,0.0098420338032745,-0.0008841251311828,50.0,-0.6931471805599453,0.0406274861395724,-0.2876820724517809
2022-03-04,-0.19189004996926,1.15608817725495,1.01973784884016,-0.13635032841479,4.9616,0.5971,1.7844,-4.7472,1.0442999999999998,0.7768999999999999,-0.9993,0.0094869290670158,-0.0096593771306032,36.0,-0.5753641449035618,-0.393415288142332,1.0986122886681098
2022-03-07,-0.20958788968388,1.15595084555998,1.0212972166892,-0.134653628870777,4.888,0.5883,1.7579,-4.6768,1.1985,0.8108000000000004,-1.0113,0.0096664962689288,-0.0219329234609784,76.0,0.328504066972036,0.1128174459476303,0.3448404862917296
2022-03-08,-0.22122178267233,1.15487401901277,1.01552958779098,-0.139344431221793,4.8565,0.5845,1.7466,-4.6466,1.3255,0.8551,-0.9779,0.0116430471329601,-0.0237996577443837,68.0,0.4769240720903093,0.3026505981427732,0.9555114450274363
2022-03-09,-0.22002804936464,1.20330981048735,1.12288504138066,-0.0804247691066897,4.7934,0.5769,1.7239,-4.5863,1.5823,0.8086000000000002,-0.9716,0.0134614642549578,-0.0113412397750547,117.0,0.3829922522561057,0.1155458572344401,-1.0986122886681098
2022-03-10,-0.19450570353109,1.2012050091148,1.11581753998112,-0.0853874691336773,4.7934,0.5769,1.7239,-4.5863,1.4248999999999998,0.8049,-0.964,0.0133146853355677,0.012118856461555,121.0,0.5108256237659907,-1.6546854344536897,-3.345894829783887
2022-03-11,-0.1626262878459899,1.22720233314362,1.15583900534602,-0.0713633277975971,4.846,0.5832,1.7428,-4.6366,1.075,0.7549000000000001,-1.0233,0.0132302256645036,0.0041340758240231,89.0,0.4643056081310978,-0.6435727864996806,-1.052092273033217
2022-03-14,-0.1174392036449499,1.22912761098833,1.15931811097688,-0.0698095000114487,4.8249,0.5807,1.7352,-4.6164,1.3199,0.8104,-1.0391,0.0126607738947778,-0.026393759788883,44.0,-0.1823215567939546,0.062259192184864,0.4700036292457356
2022-03-15,-0.08061796268052,1.33458817390323,1.44222025549208,0.107632081588852,4.7724,0.5744,1.7163,-4.5662,1.0894,0.8200999999999998,-1.0003000000000002,0.0146991621109291,-0.0507680068805953,135.0,0.6751286750572669,0.8497453627103445,0.9315582040049436
2022-03-16,-0.07139823903521,1.34871552992691,1.44275634577512,0.09404081584821,4.7829,0.5756,1.7201,-4.5762,1.0072,0.7751999999999999,-1.0228000000000002,0.0213037560594178,0.0342457380785248,191.0,0.8649974374866045,2.2548849075948088,1.1887633856624071
2022-03-17,-0.091081183808,1.34466179014707,1.38692969123205,0.042267901084982,4.7514,0.5718,1.7088,-4.546,1.1479000000000004,0.7576,-1.0331,0.0228130834449845,0.0138855667723554,242.0,0.9328200338253656,0.5603111341953466,1.6117341246944503
2022-03-18,-0.11184073401436,1.34098010767627,1.35510976071933,0.0141296530430612,4.7829,0.5756,1.7201,-4.5762,1.1708999999999998,0.8027,-0.9887,0.0219445813766836,0.0111437121821644,182.0,0.9426080401915286,0.4721586723383099,1.0159205728229963
2022-03-21,-0.09834918080486,1.33948446294906,1.348661651275,0.0091771883259397,4.7724,0.5744,1.7163,-4.5662,1.3386,0.8029999999999999,-0.9677000000000002,0.0209896533745992,0.0008035041735379,57.0,0.8109302162163288,0.7359215826124255,0.7654678421395714
2022-03-22,-0.0615989448211,1.33720588472769,1.33948811497625,0.0022822302485585,4.8249,0.5807,1.7352,-4.6164,1.2048,0.8123,-0.9605,0.0198091024717211,0.0018964172000544,86.0,0.3908663086870116,0.2084483152277622,0.083381608939051
2022-03-23,-0.06221432132033,1.3410376891577,1.36932000745309,0.0282823182953882,4.8039,0.5782,1.7277,-4.5963,1.5450999999999997,0.7718000000000003,-0.9634,0.0187158244384605,0.0034208517882046,57.0,0.3629054936893685,-0.2228502053757623,-0.1823215567939546
2022-03-24,-0.1487305524387699,1.33917933911521,1.36952689358982,0.0303475544746072,4.8144,0.5794,1.7314,-4.6064,1.1026000000000002,0.6736,-0.9924999999999996,0.0177197325313826,-0.0063693374275821,61.0,-0.1177830356563835,-0.4309370499214842,0.3462762367178337
2022-03-25,-0.18150390262423,1.33929998518484,1.39041361381938,0.0511136286345406,4.8565,0.5845,1.7466,-4.6466,0.9506,0.6667000000000001,-1.0015999999999998,0.0168876033356661,-0.0117678649158037,51.0,-0.5465437063680699,-0.4901125821684491,-0.8803587226480918
2022-03-28,-0.16984027250712,1.34564627017162,1.42916533944952,0.0835190692778989,4.9301,0.5933,1.773,-4.717,1.0568,0.6600999999999999,-1.004,0.0164249910693783,0.0007041825803035,79.0,-0.492476485097794,-1.311390785678978,-0.7375989431307791
2022-03-29,-0.1312863886380399,1.34196246614691,1.41230873154298,0.0703462653960678,4.9616,0.5971,1.7844,-4.7472,1.0713,0.7203999999999997,-1.029,0.0155594695569694,-0.003291580585266,87.0,-0.8754687373538999,-1.5284189744110197,-1.0076405104623831
2022-03-30,-0.0939844985736099,1.34373881092787,1.44513152578342,0.101392714855552,4.9511,0.5959,1.7806,-4.7371,2.1158,0.6966000000000001,-1.0438999999999998,0.0147943638081727,0.0193673495504693,209.0,-0.2972515234679316,-1.8606231334016927,-2.419544744495224
2022-03-31,-0.06260454527399,1.33841216502653,1.43030381328613,0.0918916482596042,4.8805,0.5855,1.8033,-4.7975,1.5484,0.7458999999999998,-1.0260000000000002,0.0153060473499935,-0.0044158513952936,136.0,-0.958850346292951,-1.882817157840735,-2.065455299705096
2022-04-01,-0.04763645259443,1.33214107249638,1.42242568000935,0.090284607512966,4.9009,0.588,1.8108,-4.8176,1.2478,0.7582000000000004,-1.0334999999999996,0.0145905954767332,0.009338729195587,83.0,-0.2876820724517809,-2.083924638420309,-1.1093075777848578
2022-04-06,-0.04820327867952,1.33396389501418,1.43792532377275,0.103961428758579,4.9419,0.5929,1.826,-4.8578,1.0762000000000005,0.7450000000000001,-1.0235,0.0141590080234903,0.0002161086151115,64.0,-0.587786664902119,-2.9006284366687014,-3.2441536320524693
2022-04-07,-0.07656643062048,1.33695570249421,1.47678166464379,0.139825962149575,4.9316,0.5917,1.8222,-4.8478,1.2863000000000002,0.7203999999999997,-1.0409000000000002,0.013456534180195,-0.014334641569345,55.0,0.0,-0.932112092779778,-0.6711682738411702
2022-04-08,-0.1107823349860999,1.33802902059127,1.4749480631079,0.136919042516629,4.9214,0.5904,1.8184,-4.8377,1.5832,0.7349000000000001,-1.0007,0.0135988016517069,0.0046713483094293,47.0,-0.3053816495511819,-1.0771515398203997,-0.5108256237659907
2022-04-11,-0.15217520432205,1.33799395510439,1.45503386662331,0.117039911518919,4.8907,0.5868,1.8071,-4.8075,1.2254,0.7368999999999999,-0.9893,0.0130175374870547,-0.0263996061874678,44.0,-0.8649974374866046,-0.9357148770336492,-0.6931471805599453
2022-04-12,-0.16388374357224,1.32650013825359,1.4088189283403,0.0823187900867179,4.8907,0.5868,1.8071,-4.8075,0.9992,0.7608000000000001,-0.9914999999999998,0.0149719117818313,0.0144831065310953,42.0,-0.2231435513142097,-0.112903722484854,-0.3067302674224755
2022-04-13,-0.16559271814999,1.32628968567466,1.43779527126201,0.111505585587355,4.9009,0.588,1.8108,-4.8176,1.1526,0.7618,-0.9962999999999996,0.0149170713059294,-0.0082826919294056,51.0,-0.8109302162163288,-0.8374845495998148,-0.916290731874155
2022-04-14,-0.14299856916929,1.32772002304076,1.45232240615592,0.124602383115166,4.8805,0.5855,1.8033,-4.7975,1.0615,0.8046,-0.9645,0.0144066168698869,0.0121068171125759,51.0,-0.1541506798272583,-0.44457623822479,-0.9555114450274363
2022-04-15,-0.11259508607407,1.32748179086277,1.46279877331529,0.135316982452518,4.8703,0.5843,1.7995,-4.7874,1.6894,0.8156000000000001,-0.9718999999999998,0.0142002612322043,-0.0044731020572239,53.0,0.0,-1.3435213336927618,-1.8152899666382487
2022-04-18,-0.10203355035795,1.31650725703847,1.41519431014033,0.0986870531018569,4.8293,0.5794,1.7844,-4.7472,1.0204000000000002,0.8544000000000003,-0.9278,0.0135729691718513,-0.0049075694917988,49.0,0.3364722366212129,0.2588869676887423,1.2992829841302609
2022-04-19,-0.09894270961772,1.31320402117745,1.41511326916309,0.101909247985641,4.8396,0.5806,1.7882,-4.7572,1.0717,0.8616000000000001,-0.9192,0.0130120330401766,-0.0004680452912761,42.0,0.0953101798043249,0.5907458349611477,1.312186388966169
2022-04-20,-0.1315807255237699,1.31206637375574,1.40913085963775,0.0970644858820147,4.8498,0.5819,1.7919,-4.7673,1.1463,0.8676000000000001,-0.9112,0.0123971164753167,-0.0135473681936932,37.0,0.3677247801253173,-0.2381230269667292,0.3254224004346279
2022-04-21,-0.14532716840751,1.31021918349698,1.40447876328954,0.0942595797925585,4.8907,0.5868,1.8071,-4.8075,1.0592,0.8730999999999998,-0.9175,0.0125940023829935,-0.0228685071853558,98.0,-0.8556661100577202,-1.6408860848260582,-2.3470368555648795
2022-04-22,-0.15646888157261,1.30180900515944,1.37545746205903,0.073648456899591,4.9521,0.5941,1.8297,-4.8679,1.0923000000000005,0.8916,-0.9078,0.0140400839418448,0.0023064433215935,69.0,-0.2047944126460132,-0.8402804173222904,-1.0586069540544103
2022-04-25,-0.13728904046635,1.29310026046041,1.28343981936122,-0.0096604410991927,4.86,0.5831,1.7957,-4.7774,1.1818,0.9204,-0.9438,0.0133641436073304,-0.0526792273868395,90.0,-0.1292117314800062,-0.5929563048483399,0.2578291093020998
2022-04-26,-0.11614412134775,1.30307766246033,1.35056383828463,0.0474861758242928,4.9214,0.5904,1.8184,-4.8377,0.9129999999999998,0.9360000000000002,-0.9204,0.0209928865294084,-0.0144754212347892,59.0,0.1000834585569826,-0.4582778246817087,-0.8873031950009028
2022-04-27,-0.08866276630362,1.32273360754941,1.52436250955663,0.201628902007221,4.8191,0.5782,1.7806,-4.7371,1.0012,0.9338,-0.8891,0.0203421960163126,0.0245897397587819,151.0,0.4054651081081644,-0.2711258861951093,-0.8034952377288106
2022-04-28,-0.05233491892289,1.32284753661917,1.50846741741687,0.185619880797697,4.8805,0.5855,1.8033,-4.7975,1.0235999999999998,0.9086999999999998,-0.8881000000000001,0.0207035224805027,0.0057982892744323,75.0,-0.3513978868378886,-0.9955094386021582,-1.0586069540544103
2022-04-29,-0.0166655365339399,1.32832277563246,1.52195015762429,0.193627381991833,4.8907,0.5868,1.8071,-4.8075,1.1164,0.9385,-0.8927,0.0196232121724799,0.02377099524913,61.0,-0.7339691750802004,-1.2578038098982611,-1.3312345839368631
2022-05-05,-0.01144151197241,1.32284161316629,1.53174244987533,0.208900836709037,4.7926,0.5676,1.7957,-4.7774,1.1252000000000002,0.9336999999999998,-0.8958000000000004,0.0199852745712645,0.006769250871482,41.0,-0.3746934494414107,-1.6400894648799398,-1.9740810260220096
2022-05-06,0.0068025199012798,1.30786233778352,1.45785191628952,0.149989578506004,4.7825,0.5664,1.7919,-4.7673,0.8714999999999999,0.9559000000000002,-0.8933999999999997,0.0189880979868227,-0.0218149097301978,33.0,-0.0953101798043249,-0.0113941472210439,0.1718502569266592
2022-05-09,-0.05071697637165,1.30995964481698,1.44686974737714,0.136910102560158,4.8027,0.5688,1.7995,-4.7874,0.7315,0.928,-0.9062,0.0192378585523903,0.000859316834763,32.0,0.0,-0.6083586670386005,-0.6359887667199967
2022-05-10,-0.13078814001292,1.31177352583451,1.45375235358792,0.141978827753418,4.7724,0.5652,1.7882,-4.7572,0.9073,0.9301,-0.9001999999999999,0.0181767556903401,0.0104979037637829,51.0,0.0,-0.4773131922944487,0.9694005571881036
2022-05-11,-0.1625686342292,1.30991460977157,1.45225257818443,0.142337968412857,4.7018,0.5569,1.7617,-4.6868,1.5047,0.8905999999999998,-0.8848000000000003,0.0174972803378937,0.0075013311283758,127.0,0.8898574748059996,0.8104044341033411,0.6740989855892509
2022-05-12,-0.16484382801187,1.31284861827116,1.46259341529915,0.149744797027991,4.6917,0.5557,1.7579,-4.6768,1.0314,0.8907999999999998,-0.9003000000000001,0.0167184920018581,-0.001213243193737,67.0,1.0608719606852626,0.9179406570312884,2.451005098112319
2022-05-13,-0.137668947457,1.31336792345293,1.46606914160487,0.152701218151931,4.7421,0.5617,1.7768,-4.7271,1.2537,0.9282,-0.8714,0.0158368146870717,0.0095420731423612,45.0,-0.262364264467491,-0.5812667214293069,-1.067840630001356
2022-05-16,-0.09785942850221,1.31803735749565,1.49626164850949,0.178224291013837,4.7219,0.5593,1.7692,-4.707,1.3867999999999998,0.9807,-0.8590999999999998,0.0153044143292285,-0.0034217776249505,41.0,0.4054651081081644,0.1627416769649434,-0.3483066942682157
2022-05-17,-0.0907886675628,1.32423617731864,1.50897445251284,0.184738275194197,4.7018,0.5569,1.7617,-4.6868,1.8754,1.0257,-0.8555999999999999,0.0145614772857362,0.0064687301104591,55.0,0.0,-0.540895624355482,-1.2286654169163076
2022-05-18,-0.1103532707011299,1.33137669088862,1.54342286674502,0.212046175856405,4.6614,0.5521,1.7466,-4.6466,1.2177000000000002,0.9896,-0.8782999999999999,0.0139738374207071,-0.002498418165759,116.0,1.2205021062771466,-0.2297351830467815,-0.1258802458890028
2022-05-19,-0.1230728723258,1.33535810032796,1.56705330951157,0.231695209183612,4.6513,0.5509,1.7428,-4.6366,0.8793,0.9738,-0.871,0.0133110448206181,0.0035542989982797,79.0,0.0870113769896296,-0.7047447368752443,-0.1823215567939546
2022-05-20,-0.13607831451372,1.33744358478679,1.57282794598194,0.235384361195147,4.6715,0.5533,1.7503,-4.6567,0.9428,0.9956,-0.8407999999999998,0.0127181798937997,0.0158895775122953,71.0,0.4462871026284195,-0.8601846892179836,-0.9808292530117262
2022-05-23,-0.15462093143438,1.34064738699777,1.58370059948826,0.243053212490489,4.6614,0.5521,1.7466,-4.6466,1.342,1.04,-0.8626,0.0131086636989953,9.215968050391156e-05,38.0,-0.0953101798043249,-0.2406464422788847,-0.916290731874155
2022-05-24,-0.15810988557056,1.34901857578398,1.62579358826313,0.276775012479148,4.7118,0.5581,1.7655,-4.6969,1.4985999999999997,1.0691000000000002,-0.8477999999999999,0.0124849550188281,-0.0244247367370071,93.0,0.0769610411361284,-0.4458274424874,0.4205029854727048
2022-05-25,-0.16859495438441,1.35442312504277,1.64318378936447,0.288760664321693,4.7018,0.5569,1.7617,-4.6868,1.3236,0.9986,-0.8308,0.0142168050105888,0.0118274560965456,43.0,0.0800427076735363,0.1777339972245477,0.9808292530117262
2022-05-26,-0.17598614805714,1.35489261058079,1.63726352321869,0.282370912637902,4.6917,0.5557,1.7579,-4.6768,1.014,0.9709,-0.8609,0.0140073169539372,0.0050216361752681,57.0,0.3254224004346279,-0.1712905400629233,-0.4054651081081644
2022-05-27,-0.19000022509884,1.35621256482315,1.64526067841232,0.289048113589175,4.7118,0.5581,1.7655,-4.6969,1.2059,0.9653,-0.8612000000000002,0.013405631795282,0.0022808594340162,37.0,0.262364264467491,0.2484205629538464,0.418710334858185
2022-05-30,-0.19898629987609,1.35853925707161,1.65409160974468,0.295552352673069,4.6917,0.5557,1.7579,-4.6768,0.9798999999999998,0.9874,-0.8327999999999998,0.0127775514606056,0.0059947306435432,26.0,0.1335313926245225,-0.0454845649851431,-0.6592456288842639
2022-05-31,-0.18679893216644,1.35463847691205,1.6278155142603,0.273177037348254,4.7018,0.5569,1.7617,-4.6868,1.3002,1.0093,-0.8127,0.0123195505502108,0.0117960398512071,57.0,-0.1177830356563835,-1.052430732425203,-0.8472978603872037
2022-06-01,-0.16740850363885,1.35837273569567,1.65038891148774,0.292016175792079,4.6917,0.5557,1.7579,-4.6768,2.1099,1.0256,-0.8123999999999998,0.0123218033258592,-0.001341114709719,43.0,-0.8873031950009028,-1.4144694828480209,-2.302585092994045
2022-06-02,-0.19423624873261,1.36150580288304,1.67450485489161,0.312999052008569,4.6715,0.5533,1.7503,-4.6567,1.4216,1.007,-0.8220000000000001,0.0117678049123378,0.0041712835035809,56.0,0.1718502569266592,0.044778031358377,0.1978257433299198
2022-06-06,-0.2099993544437199,1.36190305708274,1.68075137666967,0.318848319586924,4.6412,0.5497,1.739,-4.6265,1.1203999999999998,0.9899,-0.8245,0.0113205300318346,0.0127224918883399,93.0,0.9614111671546248,0.734032821253785,0.0183491386681966
2022-06-07,-0.21689229949134,1.36347518023786,1.68808949517031,0.324614314932453,4.6513,0.5509,1.7428,-4.6366,1.2334,0.961,-0.8523999999999998,0.0115451918377074,0.0016645534284123,57.0,0.0,-0.528229772055904,0.9162907318741552
2022-06-08,-0.23096099574894,1.36466264587352,1.69530854497793,0.330645899104414,4.6816,0.5545,1.7541,-4.6667,1.1228,0.9815999999999998,-0.8441000000000001,0.0110539334862481,0.006772666674367,54.0,-0.3053816495511819,-0.5789656396461024,-0.0953101798043249
2022-06-09,-0.24483852475086,1.36490599174873,1.69728473963302,0.332378747884282,4.7018,0.5569,1.7617,-4.6868,1.3072,0.9694,-0.8477999999999999,0.0107980169161506,-0.0076396077332567,54.0,-0.4700036292457356,-0.4994558710917174,0.0800427076735363
2022-06-10,-0.24530460872661,1.36515037933154,1.69709083900463,0.331940459673083,4.732,0.5605,1.773,-4.717,1.4872,0.9768,-0.8333999999999997,0.0106441888582413,0.0140656175815223,44.0,-0.5306282510621704,-0.4785579331119564,0.8023464725249373
2022-06-13,-0.25497342370272,1.36542134073887,1.70435367162651,0.338932330887638,4.7118,0.5581,1.7655,-4.6969,1.1872,0.9915,-0.8363999999999998,0.0111257207015264,-0.008954578293002,51.0,0.7419373447293773,0.7266964157511207,0.4418327522790392
2022-06-14,-0.2643715701199899,1.36448837070254,1.69554964032913,0.33106126962659,4.7623,0.564,1.7844,-4.7472,1.3003999999999998,0.9335,-0.8408000000000002,0.0110379914564813,0.0101935990292467,64.0,-0.2719337154836418,-0.3218810449736834,0.2113090936672069
2022-06-15,-0.25758422222313,1.35474116948404,1.62949978140767,0.274758611923629,4.7724,0.5652,1.7882,-4.7572,1.1609999999999998,0.9358000000000002,-0.8336999999999999,0.0110454812121309,0.0050043223407847,54.0,-0.6061358035703156,-0.1230118271656801,0.3877655310087634
2022-06-16,-0.24883907887605,1.35482751177436,1.63473320727152,0.279905695497157,4.7421,0.5617,1.7768,-4.7271,1.0134,0.931,-0.8441999999999998,0.0106956079496414,-0.0060757991839572,41.0,-0.4519851237430572,-0.7555292982488443,-0.4353180712578455
2022-06-17,-0.2385864451699,1.35119904613027,1.61772588512817,0.266526838997903,4.7926,0.5676,1.7957,-4.7774,1.3546000000000002,0.9861,-0.8508,0.0104487521898137,0.0095124590343598,44.0,-0.1541506798272583,0.1679209057866116,-0.2006706954621511
2022-06-20,-0.24421465192915,1.35250476620148,1.62699797104508,0.2744932048436,4.7421,0.5617,1.7768,-4.7271,0.8978000000000002,0.9813999999999998,-0.8347000000000002,0.0104659690162764,-0.0004087623320216,47.0,0.3746934494414107,0.2735859180222005,0.5108256237659907
2022-06-21,-0.23687747059215,1.35181589707112,1.6297979390593,0.277982041988189,4.8027,0.5688,1.7995,-4.7874,1.2372,0.9686,-0.8246000000000002,0.0100537767625324,-0.002631050823096,47.0,-1.041453874828161,-1.4214834995754724,-0.2006706954621511
2022-06-22,-0.2471258561370599,1.35243825872943,1.61929318447096,0.266854925741528,4.7926,0.5676,1.7957,-4.7774,1.0743,0.9778999999999998,-0.8244000000000002,0.0097143405569774,-0.012022499446445,42.0,-0.1431008436406733,-0.1513345698276163,-0.2363887780642304
2022-06-23,-0.24434695180769,1.35330709057949,1.61991902068896,0.266611930109475,4.8127,0.57,1.8033,-4.7975,1.209,1.021,-0.8197999999999999,0.0101226796614879,0.0160757323779652,52.0,-0.0870113769896298,-0.5154140114777733,0.2762533766281581
2022-06-24,-0.23228520829462,1.34394614196192,1.59138384897013,0.247437707008216,4.7825,0.5664,1.7919,-4.7673,1.2181000000000002,1.0367,-0.8098999999999998,0.0109662130835031,0.0088752495149364,43.0,0.5108256237659907,0.0906451437411677,-0.0741079721537218
2022-06-27,-0.22729543948132,1.35638235437466,1.61930074212699,0.262918387752329,4.7522,0.5628,1.7806,-4.7371,0.946,1.0546,-0.7768999999999999,0.0108688995012347,0.0087497947483541,60.0,0.7308875085427924,0.3262934136829832,-0.2702903297399117
2022-06-28,-0.22159258646033,1.358071975204,1.61410241601664,0.256030440812644,4.7724,0.5652,1.7882,-4.7572,1.2384000000000002,1.0573,-0.7784999999999997,0.0107724296615923,0.0088460655527846,37.0,0.1823215567939546,0.3781503576643046,0.5930637220029628
2022-06-29,-0.21629027435599,1.35867098840638,1.60453780852889,0.245866820122507,4.8127,0.57,1.8033,-4.7975,1.1952,1.0511,-0.7805,0.010694621796147,-0.0140881124785341,51.0,-0.2876820724517809,-0.2469076414883376,-0.4054651081081644
2022-06-30,-0.22736219630076,1.34812988241269,1.60132100299706,0.253191120584371,4.8127,0.57,1.8033,-4.7975,1.3572000000000002,1.0286,-0.7934999999999999,0.01120363001447,0.0109757509318342,50.0,0.3677247801253173,0.2746926375616655,1.6739764335716716
2022-07-01,-0.2671104203577,1.34705635712172,1.59232761614252,0.245271259020799,4.8127,0.57,1.8033,-4.7975,1.3145000000000002,1.0657,-0.7892999999999999,0.0112641083766778,-0.0032356026016362,40.0,-0.5108256237659907,-0.3435975714679296,-0.4307829160924542
2022-07-04,-0.28730982016091,1.34890956491627,1.59341540158365,0.244505836667383,4.8127,0.57,1.8033,-4.7975,1.1309,1.0614,-0.7902999999999998,0.0108371700560316,0.0052375307125469,63.0,-0.4795730802618862,-1.1875004377745582,-1.213022639845854
2022-07-05,-0.29252292087926,1.34075690928341,1.5489687397544,0.208211830470991,4.843,0.5736,1.8146,-4.8276,0.8421999999999998,1.0196999999999998,-0.8001,0.0105174827082643,-0.0004116337233526,56.0,-1.3437347467010947,-0.378055404709237,-0.5273549257172012
2022-07-06,-0.27856771121471,1.3539039439454,1.58170562751457,0.227801683569171,4.8228,0.5712,1.8071,-4.8075,1.0307000000000002,1.0440999999999998,-0.7979000000000003,0.0101009880876888,-0.0144026162583141,39.0,0.4700036292457356,-0.0917886294904841,-0.9360933591703348
2022-07-07,-0.2493907329567199,1.35262719118273,1.58134171565204,0.228714524469314,4.8027,0.5688,1.7995,-4.7874,1.3514,1.0802999999999998,-0.7979000000000003,0.0107499735919418,0.0026930491656926,54.0,0.2682639865946793,0.5362080053111198,1.9694406464655076
2022-07-08,-0.23964059603693,1.34364362543292,1.55579755102229,0.212153925589371,4.8127,0.57,1.8033,-4.7975,1.3569,1.1094,-0.7928000000000002,0.0103445151809898,-0.0024760759501276,47.0,-0.3364722366212129,-1.6527464395243603,-2.553343811341229
2022-07-11,-0.22607257592515,1.36318024159627,1.57497802271278,0.211797781116503,4.8329,0.5724,1.8108,-4.8176,1.1221,1.1265,-0.8046000000000002,0.009975176768058,-0.0127425876339035,123.0,-0.1451820098444978,-0.0913219795750911,0.17366349405084
2022-07-12,-0.21485257521725,1.36398585985319,1.55662319403956,0.192637334186366,4.5504,0.5389,1.705,-4.536,0.7879,1.1252,-0.8224999999999998,0.0104302468184737,-0.0097399569287706,168.0,-0.2326222952687534,-0.564381539675514,0.2318016140573243
2022-07-13,-0.1953565495389,1.35975894057507,1.50796171751123,0.14820277693616,4.4596,0.5282,1.671,-4.4455,1.0174,1.1337000000000002,-0.8279999999999998,0.0104944366710038,0.0008606165640863,300.0,1.3740242685280764,1.152216723313915,0.6343066805370119
2022-07-14,-0.17447501641702,1.35786384452502,1.51835027292635,0.160486428401325,4.4092,0.5222,1.6521,-4.3952,1.459,1.1402,-0.8339999999999996,0.0100810710233476,-0.0007760542907391,230.0,0.7537718023763802,0.6954031963665157,0.5978370007556204
2022-07-15,-0.16826602532861,1.35830536947063,1.51732258020176,0.159017210731135,4.3688,0.5174,1.6369,-4.3549,0.9826,1.1479,-0.8410000000000002,0.0097042240028372,-0.0164933720061348,69.0,1.067840630001356,2.973660482293145,3.4657359027997265
2022-07-18,-0.16040692703959,1.35902190712806,1.51458325242652,0.155561345298458,4.4092,0.5222,1.6521,-4.3952,1.5364,1.1652,-0.8420999999999998,0.0107312921296072,0.0153833765421218,49.0,-0.4307829160924542,-0.7163590544211638,-1.133098464739279
2022-07-19,-0.14528954183655,1.36022946511452,1.5140514903984,0.153822025283888,4.4293,0.5246,1.6596,-4.4153,1.2898000000000005,1.1854999999999998,-0.8435000000000001,0.0113695485004446,0.0004050302740772,36.0,0.0800427076735363,0.3220952088395448,1.1394342831883648
2022-07-20,-0.14625812259866,1.34952154569932,1.50570873322058,0.156187187521256,4.4798,0.5306,1.6785,-4.4656,1.0778,1.1343,-0.859,0.0108820751651436,0.0076830275451165,63.0,-0.8979415932059586,-1.122329536461202,-0.4480247225269604
2022-07-21,-0.16194233388679,1.36821853516781,1.52208852985653,0.153869994688728,4.4293,0.5246,1.6596,-4.4153,1.2273999999999998,1.1276000000000002,-0.8729,0.0107038345032576,-0.0099512652734592,35.0,0.0,-0.2187534910416782,0.1177830356563834
2022-07-22,-0.17357319247435,1.35981664204218,1.4615868209234,0.101770178881224,4.4495,0.527,1.6672,-4.4354,1.3510000000000002,1.0926,-0.8414000000000001,0.01075374116041,-0.0006197822626674,37.0,0.6190392084062235,0.9379000143117996,1.4816045409242156
2022-07-25,-0.1849807191568699,1.36196525651005,1.47248720818382,0.110521951673762,4.4798,0.5306,1.6785,-4.4656,1.1170000000000002,1.0828,-0.847,0.010318879213617,-0.0060076293946771,33.0,0.5108256237659907,0.6941514992142134,1.0986122886681098
2022-07-26,-0.22161989606828,1.36376164199838,1.47237988607725,0.108618244078863,4.4596,0.5282,1.671,-4.4455,1.2974,1.0931,-0.8508999999999998,0.0101057177774469,0.0082869135086092,49.0,0.5877866649021191,-0.2231141088080614,0.3829922522561057
2022-07-27,-0.23171534780865,1.36784236543065,1.46483580628085,0.0969934408501989,4.4293,0.5246,1.6596,-4.4153,1.1737999999999995,1.1009999999999998,-0.8492000000000002,0.0100589303488844,-0.0005128188885272,38.0,0.6466271649250525,0.4451288758725972,0.0645385211375711
2022-07-28,-0.22557978922163,1.36922677187921,1.47178427394704,0.102557502067835,4.4293,0.5246,1.6596,-4.4153,1.3036,1.0994000000000002,-0.8353999999999999,0.00968188066707,0.0020799506322273,41.0,1.0414538748281612,1.2904020149936155,1.6916760106710724
2022-07-29,-0.20312582956176,1.37358230677189,1.46052224993938,0.0869399431674891,4.4192,0.5234,1.6558,-4.4052,1.1103000000000005,1.0998,-0.8644000000000003,0.0093556343017253,-0.0089775495575015,50.0,0.7375989431307791,0.8731715391389656,0.9162907318741552
2022-08-01,-0.19594583019054,1.37410963624467,1.44903107896812,0.074921442723449,4.4092,0.5222,1.6521,-4.3952,2.7442,1.139,-0.8628,0.0094855529742974,0.002063595710176,33.0,0.6931471805599453,0.6818683724706903,1.128465251817791
2022-08-02,-0.19216011164792,1.37786976020803,1.47165535984601,0.0937855996379831,4.389,0.5198,1.6445,-4.3751,2.0408,1.1863,-0.8607,0.009176601367256,-0.0228646414247801,44.0,0.6931471805599453,1.1394342831883648,1.3217558399823195
2022-08-03,-0.20788194950701,1.37860088894094,1.47375956478088,0.095158675839945,4.3587,0.5162,1.6332,-4.3449,0.3891,1.1772,-0.8605999999999998,0.0114732356519563,-0.0071157817396194,55.0,0.9694005571881036,1.3456870586962129,2.6855773452501515
2022-08-04,-0.20834499908188,1.37662553880309,1.47180731154417,0.0951817727410769,4.4092,0.5222,1.6521,-4.3952,0.6846999999999999,1.1891999999999998,-0.8282000000000003,0.0112136381008024,0.0079856067777512,33.0,0.2876820724517808,-0.5144121891138015,-0.665748206371831
2022-08-05,-0.20300627416694,1.38524490289416,1.44312418308032,0.0578792801861581,4.4293,0.5246,1.6596,-4.4153,1.1795,1.1866000000000003,-0.8033999999999999,0.0110220380008117,0.0118415381246492,17.0,-0.1823215567939546,-0.9460526990730932,-1.4816045409242156
2022-08-08,-0.1843926522656,1.38474460340999,1.44139626606961,0.0566516626596212,4.389,0.5198,1.6445,-4.3751,1.1841,1.1875,-0.7975000000000003,0.0111929224015121,0.0030653058324006,46.0,1.2321436812926323,1.1751681218096983,0.8109302162163288
2022-08-09,-0.17606686312065,1.38535550721745,1.44286098393792,0.0575054767204759,4.3789,0.5186,1.6407,-4.365,0.7805,1.1645000000000003,-0.8188,0.0107595047582961,0.0032379757656357,34.0,0.9162907318741552,0.5167249634254244,0.7472144018302211
2022-08-10,-0.16144894030308,1.38687589373072,1.43584176785821,0.0489658741274881,4.3688,0.5174,1.6369,-4.3549,0.8896999999999999,1.1145,-0.8184,0.010368147579386,-0.0053761394064153,48.0,1.1451323043030026,1.1027313201292517,1.33500106673234
2022-08-11,-0.1835648677045,1.38742605613063,1.4344595390964,0.0470334829657697,4.3991,0.521,1.6483,-4.3851,1.3816,1.0696,-0.8279999999999998,0.0101137140745586,0.0158627082743123,38.0,0.0,-0.4602591751793588,0.4855078157817008
2022-08-12,-0.21920694048549,1.39057554953062,1.45051222048487,0.0599366709542486,4.3991,0.521,1.6483,-4.3851,0.9916,1.0733,-0.8268,0.0109280979201554,-0.0014569374593076,39.0,0.0,-0.4730213606946735,-0.4307829160924542
2022-08-15,-0.24386326830681,1.38970233177195,1.45103386797501,0.0613315362030631,4.3789,0.5186,1.6407,-4.365,1.3115,1.0566,-0.8727,0.0104881618280459,-0.0002443775661102,40.0,0.0800427076735363,-0.7599714673765572,-0.6418538861723948
2022-08-16,-0.24367877673308,1.3903976174765,1.45037444111356,0.0599768236370521,4.3688,0.5174,1.6369,-4.3549,0.7344000000000002,1.0546999999999995,-0.8708,0.0100733638804202,0.000548583401752,42.0,0.6931471805599453,0.5182659992570925,0.3746934494414107
2022-08-17,-0.2428582747341,1.39252572534562,1.45132718181854,0.0588014564729185,4.3789,0.5186,1.6407,-4.365,1.6005,1.0097,-0.8811999999999998,0.0096938550266142,0.0044567455226172,44.0,1.0986122886681098,0.46783383387723,0.2231435513142097
2022-08-18,-0.24166939646783,1.39381572458713,1.45470548648712,0.0608897618999948,4.3587,0.5162,1.6332,-4.3449,0.9438000000000002,0.973,-0.8900000000000001,0.0094458525146062,-0.0045607509283076,63.0,0.7672551527136672,1.1683555336072298,1.5260563034950492
2022-08-19,-0.24857447911898,1.39581509745269,1.46000985781204,0.0641947603593456,4.3688,0.5174,1.6369,-4.3549,1.3851,0.9922,-0.8738999999999999,0.0092398275011891,-0.0059567266776436,38.0,-0.0953101798043249,0.5705316551430155,1.2809338454620642
2022-08-22,-0.23800141267951,1.40116853317127,1.43666236715785,0.0354938339865878,4.3688,0.5174,1.6369,-4.3549,1.4175,0.9780999999999996,-0.8585000000000003,0.0091373426932537,0.0060331529416437,18.0,0.0,-0.2124025575961739,0.2876820724517808
2022-08-23,-0.2288375220104599,1.4015440072605,1.42977800955423,0.0282340022937251,4.3587,0.5162,1.6332,-4.3449,0.7894000000000001,0.976,-0.8460999999999999,0.0090340856470436,-0.0004793700908312,57.0,0.1541506798272583,0.2694272068928516,-0.1335313926245226
2022-08-24,-0.22043769348396,1.39969958594857,1.42447232786847,0.0247727419199077,4.3587,0.5162,1.6332,-4.3449,1.111,0.9737999999999998,-0.8423000000000003,0.0087473041911493,-0.0188007660569375,62.0,0.5108256237659907,-0.2448482826138353,-0.9903987040278768
2022-08-25,-0.2135168319482099,1.39740568446151,1.40663913700661,0.0092334525451076,4.3789,0.5186,1.6407,-4.365,1.3371,0.9896999999999998,-0.8102,0.0103839436477865,0.0096093081768824,47.0,0.0,-0.5756900370361513,0.2231435513142097
2022-08-26,-0.19843707331613,1.39880824729815,1.42182065780845,0.0230124105103009,4.389,0.5198,1.6445,-4.3751,1.1414999999999995,0.9589,-0.8213000000000004,0.0104178246369787,-0.003093113245578,37.0,-0.5108256237659907,-0.8561458096757156,-1.0986122886681098
2022-08-29,-0.19777618080364,1.39499881521877,1.4247840491083,0.0297852338895286,4.3688,0.5174,1.6369,-4.3549,1.0194,0.9426,-0.8371,0.0100599801871275,0.0013910561782548,37.0,-0.3566749439387324,-3.1285187486738377,0.3856624808119847
2022-08-30,-0.2047249588275199,1.39363530433831,1.41587676484716,0.022241460508857,4.3991,0.521,1.6483,-4.3851,0.9869,0.955,-0.8460000000000001,0.0096889260076899,-0.0041766631559827,89.0,-0.6190392084062235,-3.459805053508246,-2.4704346171794658
2022-08-31,-0.2016838822617799,1.39234446059636,1.4046012942582,0.0122568336618365,4.3804,0.5274,1.6558,-4.4052,0.9228000000000004,0.9594,-0.8359000000000001,0.0094404390994452,-0.007802529229357,67.0,-0.9903987040278768,-3.5483454250562705,-2.268683541318364
2022-09-01,-0.19276699182468,1.39332125330531,1.40611336548628,0.0127921121809689,4.3604,0.525,1.6483,-4.3851,2.4446,0.9495999999999998,-0.8436000000000003,0.0094539043467427,-0.0053727338738251,37.0,-0.7537718023763802,-1.689897406689173,-1.1700712526502546
2022-09-02,-0.21213921394697,1.39399422731066,1.40794939901446,0.0139551717037945,4.3504,0.5238,1.6445,-4.3751,0.7041999999999999,0.9571999999999998,-0.8330000000000002,0.0092917136288656,0.0004703476267629,31.0,0.2876820724517808,-0.5253537243289005,-0.6466271649250525
2022-09-05,-0.21100434801643,1.39407428946637,1.41006052349332,0.0159862340269512,4.3604,0.525,1.6483,-4.3851,0.6067999999999998,0.9707,-0.8334000000000001,0.0089802318330779,0.0042069839216232,32.0,-0.5389965007326869,-1.8090264674926229,-1.252762968495368
2022-09-06,-0.20140107609941,1.39277979571755,1.40298337858428,0.0102035828667215,4.3604,0.525,1.6483,-4.3851,0.8967,0.9727,-0.8372999999999999,0.0087913081523279,0.013513282912994,37.0,1.33500106673234,0.9824771211006192,0.3794896217049037
2022-09-07,-0.18872820424835,1.39306909820938,1.40737533786994,0.014306239660558,4.3504,0.5238,1.6445,-4.3751,0.5880999999999998,0.9680000000000002,-0.8232999999999997,0.0095174799429556,0.0008776005780966,22.0,0.5877866649021191,1.181993897607161,3.4011973816621555
2022-09-08,-0.18287059678229,1.39407270160265,1.4049018358571,0.01082913425445,4.3504,0.5238,1.6445,-4.3751,0.7296999999999998,0.9593,-0.8115000000000001,0.0091883521655723,-0.0033040133156578,32.0,0.2876820724517808,0.0724883001512591,-0.2876820724517809
2022-09-09,-0.19126981842862,1.39420975339955,1.40455297311874,0.0103432197191935,4.3604,0.525,1.6483,-4.3851,1.0244,0.9775999999999998,-0.7872000000000003,0.0089515891190061,0.0081470025327927,38.0,0.5306282510621704,0.4512919789173572,0.8415671856782185
2022-09-13,-0.21644806320195,1.39350973056558,1.39314334380079,-0.0003663867647876,4.3804,0.5274,1.6558,-4.4052,1.1534,0.9737,-0.7795000000000001,0.0090333014490078,0.0005341831845715,36.0,-0.8754687373538999,-0.3175434461364984,-0.3184537311185346
2022-09-14,-0.2433820123266399,1.3905420447332,1.37180432372378,-0.0187377210094191,4.3604,0.525,1.6483,-4.3851,0.7221000000000002,0.9707,-0.7496999999999998,0.0087454081020689,-0.0080769337917736,27.0,0.0,-0.3482710213885187,1.2992829841302609
2022-09-15,-0.26577285644813,1.38857668722897,1.36667711137245,-0.0218995758565181,4.3904,0.5286,1.6596,-4.4153,1.0732000000000002,0.9576,-0.7473000000000001,0.008871087297679,-0.0116889657939136,45.0,-0.8938178760220964,-1.6004336799413343,-2.159484249353372
2022-09-16,-0.26416947902113,1.38380346462844,1.34360779751488,-0.0401956671135604,4.3604,0.525,1.6483,-4.3851,0.5992999999999999,0.9652,-0.746,0.0093743046493101,-0.0232439560373016,38.0,1.0414538748281612,0.0894378093512887,-0.8472978603872037
2022-09-19,-0.25079323304521,1.38280308320083,1.34417365959756,-0.0386294236032712,4.3804,0.5274,1.6558,-4.4052,0.3921000000000001,0.9400999999999996,-0.7511000000000001,0.0116885153508881,-0.0034590872977826,21.0,2.302585092994046,8.127699852817772,3.1354942159291497
2022-09-20,-0.23959629378403,1.38297344409762,1.34344338170645,-0.0395300623911761,4.3704,0.5262,1.6521,-4.3952,0.9039,0.9192000000000002,-0.7662,0.0112326295206741,0.0021814345301685,17.0,0.5108256237659907,0.6098578126159325,1.466337068793427
2022-09-21,-0.2111554611804399,1.38250748818637,1.34445963095696,-0.0380478572294105,4.3704,0.5262,1.6521,-4.3952,0.9259,0.9028999999999998,-0.778,0.0107754208851149,-0.0016758815632744,26.0,-0.587786664902119,-1.2433356066641013,1.3862943611198906
2022-09-22,-0.17388877016627,1.38220437045381,1.34730039515385,-0.0349039752999623,4.3904,0.5286,1.6596,-4.4153,0.7982,0.9166,-0.7630999999999997,0.0103518020947603,-0.0026558590844629,46.0,-0.1541506798272583,0.2881371054495241,1.11365016603265
2022-09-23,-0.14821652492905,1.3833730457995,1.35017707760123,-0.0331959681982743,4.4004,0.5298,1.6634,-4.4253,1.0967,0.9444,-0.7237999999999998,0.0099866804698992,-0.0066287720402993,59.0,-0.5596157879354228,-1.1389558038734662,-1.0185695809945732
2022-09-26,-0.13376367351956,1.38217552666046,1.34419267261836,-0.0379828540420954,4.3504,0.5238,1.6445,-4.3751,1.0373,0.9669,-0.6938,0.0098483752349456,-0.012099804674726,54.0,0.6931471805599453,0.7783291832291026,1.308332819650179
2022-09-27,-0.14844046371428,1.38280125610915,1.34222757361509,-0.0405736824940564,4.3404,0.5226,1.6407,-4.365,0.948,0.9458999999999996,-0.7119,0.01024522117141,0.0138766069904026,29.0,0.7731898882334817,-0.5817502333700871,-0.5653138090500603
2022-09-28,-0.16624572122018,1.38310926007874,1.33970098044081,-0.0434082796379365,4.3504,0.5238,1.6445,-4.3751,1.1659000000000002,0.9081,-0.6785999999999999,0.0107668158107269,-0.0158972455318,55.0,0.4595323293784401,0.0081540655642433,-0.4054651081081644
2022-09-29,-0.17177197210974,1.38322644281866,1.3462622797332,-0.0369641630854574,4.3304,0.5214,1.6369,-4.3549,0.9322999999999996,0.9188000000000004,-0.6651999999999996,0.0115046245692871,-0.0012691515920302,42.0,0.5465437063680699,0.1566969870061573,0.2182535660200179
2022-09-30,-0.17050298566014,1.38428542866965,1.35307736076252,-0.0312080679071316,4.3504,0.5238,1.6445,-4.3751,1.6268999999999998,0.9501,-0.657,0.0110148345957501,-0.0055441033536869,31.0,-0.1053605156578262,-1.183111552368219,-2.159484249353372
2022-10-10,-0.1713890307182,1.3831167087405,1.35608791878467,-0.027028789955827,4.3604,0.525,1.6483,-4.3851,0.8634000000000002,1.0492,-0.6513,0.010707180455713,-0.0167528463519541,29.0,0.9444616088408516,1.3194984546081945,1.0986122886681098
2022-10-11,-0.17775581065257,1.3814870119955,1.34745578435933,-0.0340312276361696,4.3704,0.5262,1.6521,-4.3952,0.9219000000000002,1.043,-0.6438000000000001,0.0115777869393659,0.0018969635536816,22.0,0.0,0.229406619803772,1.466337068793427
2022-10-12,-0.19573220836832,1.38037721687308,1.34357328008581,-0.0368039367872686,4.4004,0.5298,1.6634,-4.4253,1.0140000000000002,1.0299999999999998,-0.6431,0.0110873554459095,0.0152244841800577,47.0,0.3794896217049037,0.4489206892916184,0.965080896043587
2022-10-13,-0.18605550394991,1.37927041726165,1.34648154679603,-0.0327888704656132,4.3504,0.5238,1.6445,-4.3751,0.5519999999999998,1.0571000000000002,-0.6431,0.0116456420578279,-0.0030286714921903,62.0,0.550046336919272,-0.6397290398578684,-1.252762968495368
2022-10-14,-0.18472036756104,1.37696759124577,1.3395767330278,-0.0373908582179625,4.3404,0.5226,1.6407,-4.365,0.9607,1.0132,-0.6542999999999997,0.0111803940343296,0.0182750049334554,81.0,0.7259370033829363,0.0239356377573382,0.0465200156348929
2022-10-17,-0.18032594820114,1.3745645684762,1.32956327558852,-0.0450012928876848,4.3504,0.5238,1.6445,-4.3751,1.0697,1.025,-0.6406000000000001,0.0121484224916937,0.0042084353776807,53.0,-0.1625189294977749,-2.6718276421085045,-1.0663514264498883
2022-10-18,-0.18215387129353,1.37373281459821,1.33810609587762,-0.0356267187205903,4.3504,0.5238,1.6445,-4.3751,0.6245,1.0155,-0.6391999999999998,0.01167026808117,-0.0012925609395839,36.0,0.0,0.1076877217349125,1.203972804325936
2022-10-19,-0.2143082036987,1.37095351636215,1.31224191242994,-0.0587116039322015,4.3404,0.5226,1.6407,-4.365,0.6646999999999998,0.9946000000000002,-0.6334,0.0111674215342887,-0.0119438803794711,33.0,0.1053605156578263,0.0082519469343636,0.1823215567939546
2022-10-20,-0.25942246227853,1.37022083076592,1.30925207932251,-0.0609687514434119,4.3504,0.5238,1.6445,-4.3751,0.6515,1.0071,-0.6163000000000003,0.0113569335707356,-0.0030684818259452,43.0,-0.1823215567939546,-4.776889656748663,-2.079441541679836
2022-10-21,-0.27641510722775,1.36879768962143,1.30442616362735,-0.0643715259940787,4.3504,0.5238,1.6445,-4.3751,0.8094999999999999,0.9921999999999996,-0.6060000000000003,0.0109170691408316,0.0012771529858532,32.0,0.6190392084062235,0.2805875570452899,0.3677247801253173
2022-10-24,-0.28877058074637,1.36364610275249,1.28163539142176,-0.0820107113307329,4.3604,0.525,1.6483,-4.3851,0.6038000000000001,0.9652,-0.6158999999999999,0.0104723228294256,-0.0204025553322377,83.0,-0.1177830356563835,-0.2495898717919449,-0.0465200156348928
2022-10-25,-0.27081360319628,1.35902847526783,1.25820803962953,-0.100820435638298,4.3404,0.5226,1.6407,-4.365,1.0757,0.9676999999999998,-0.6010000000000004,0.0119717595809407,-0.0004274217517794,44.0,1.2809338454620642,1.5890706096096667,1.5040773967762742
2022-10-26,-0.23120496157999,1.35857033815285,1.25604824742349,-0.102522090729359,4.2804,0.5154,1.618,-4.3047,1.1474000000000002,0.9025,-0.6252999999999997,0.0114373344495397,0.0077716017746132,209.0,1.1741198411762548,0.8273680540327238,1.3217558399823195
2022-10-27,-0.18845146688775,1.35387028476183,1.25197175429477,-0.101898530467059,4.2504,0.5118,1.6067,-4.2745,0.5726000000000002,0.9445,-0.6366999999999998,0.0112077010462183,-0.0055498544305425,149.0,1.486377819676873,1.314290137735194,1.0512100497735255
2022-10-28,-0.17202443426327,1.35323784923853,1.25594808739256,-0.0972897618459687,4.2504,0.5118,1.6067,-4.2745,1.0168,0.9353999999999998,-0.6668000000000003,0.0108821830371007,-0.022709620167733,83.0,0.0,-1.1228236275111088,-1.591893602783191
2022-10-31,-0.16128993769677,1.35285009085265,1.26718757573437,-0.0856625151182784,4.0821,0.4841,1.5689,-4.1739,0.7135999999999998,0.9617,-0.685,0.0126898031199218,-0.007726401495578,274.0,1.6264354888026713,-1.3065676491907028,-0.1731988747979528
2022-11-01,-0.15443583298047,1.34769146822883,1.25072677672378,-0.096964691505049,4.0132,0.4759,1.5424,-4.1035,1.2921000000000002,0.9711,-0.6629,0.012350556583741,0.0258314556492429,590.0,1.2256119794294171,0.8036062159451969,0.9510946540688472
2022-11-02,-0.17237156972437,1.33734804557465,1.2114570541276,-0.125890991447053,4.0034,0.4747,1.5386,-4.0934,0.6037999999999999,0.9743,-0.6516000000000002,0.0143160053367186,0.0114425703730152,245.0,0.841200280519085,-0.3354959918316706,-0.4357049932978825
2022-11-03,-0.18650095399965,1.33588211558461,1.20785273024883,-0.128029385335788,3.9935,0.4736,1.5349,-4.0834,1.2148,0.9524,-0.6560000000000001,0.0140644971450618,-0.0018543705318219,104.0,0.4328640822962789,1.4119516203351852,1.1394342831883648
2022-11-04,-0.17874441846051,1.33741426910658,1.21104811504636,-0.126366154060218,4.023,0.4771,1.5462,-4.1136,0.5546,0.9620000000000002,-0.6321999999999997,0.0133837142073736,0.0240563539310691,90.0,0.371563556432483,-0.3572239294730273,-0.0953101798043249
2022-11-07,-0.17395249258483,1.34009596918495,1.21854909071995,-0.121546878465007,4.0132,0.4759,1.5424,-4.1035,0.6148,0.9549,-0.6303000000000001,0.0148167297573408,0.0022836378202075,70.0,0.5108256237659907,0.0758237751160688,-0.0618754037180875
2022-11-08,-0.21440712516751,1.3430176654737,1.22637629448161,-0.116641370992091,4.023,0.4771,1.5462,-4.1136,1.0237000000000005,0.9225,-0.6518000000000002,0.0140823508415945,-0.0043385050033446,50.0,0.4700036292457356,-0.6407155821223344,0.9044562742271522
2022-11-09,-0.27618692028129,1.34147877393387,1.22468542909624,-0.11679334483763,4.0329,0.4782,1.55,-4.1236,1.1096,0.9341,-0.6450999999999998,0.0134598947604732,-0.0053414512655223,60.0,0.3566749439387324,-0.3450370520084935,0.2876820724517808
2022-11-10,-0.30295458423755,1.34294231776938,1.23326956068694,-0.10967275708244,4.0427,0.4794,1.5538,-4.1337,0.9722,0.9193999999999998,-0.6478000000000002,0.0129259045769526,-0.0039563522135068,52.0,0.2076393647782445,0.4924088969797596,0.965080896043587
2022-11-11,-0.30526801147136,1.33408978764822,1.18582237906875,-0.148267408579473,4.0821,0.4841,1.5689,-4.1739,0.6517,0.922,-0.6382000000000003,0.0123837112207855,0.0167102546329367,69.0,0.6567795363890705,0.5977937596939015,0.3483066942682158
2022-11-14,-0.30245512185208,1.3274641901988,1.1527531074374,-0.174711082761403,4.0821,0.4841,1.5689,-4.1739,0.4851999999999998,0.8024999999999998,-0.6194000000000002,0.0129268282367273,-0.0012612197522283,51.0,0.6931471805599453,0.5959705317934648,0.262364264467491
2022-11-15,-0.26466469324537,1.32761397669352,1.15518262368498,-0.172431353008533,4.1017,0.4864,1.5764,-4.194,0.3157999999999998,0.7627999999999999,-0.6541999999999999,0.0123248246001208,0.0163016622746123,25.0,-0.2876820724517809,-0.6564267404778438,-0.6931471805599453
2022-11-16,-0.21698393839803,1.32728078114366,1.15492978227884,-0.172350998864822,4.0919,0.4852,1.5727,-4.184,0.3910999999999998,0.6328999999999998,-0.6684999999999999,0.0128251406216482,-0.0045082483807536,34.0,0.4519851237430572,-0.8568626573074009,0.3829922522561057
2022-11-17,-0.1992970225265899,1.31439654727843,1.19752258647408,-0.116873960804353,4.1017,0.4864,1.5764,-4.194,0.4539999999999997,0.6326,-0.6960999999999999,0.0123107413266668,-0.0014580266854373,41.0,0.7985076962177716,0.514167764767078,-0.0923733201310151
2022-11-18,-0.2041144373697,1.31547811608197,1.19906393224811,-0.116414183833864,4.1017,0.4864,1.5764,-4.194,1.1305,0.7249000000000003,-0.6736999999999997,0.0117591325836791,-0.0058562675496425,37.0,0.0,-0.3237712814266484,-0.0741079721537218
2022-11-21,-0.2268991467258999,1.3108627732584,1.20295100210773,-0.107911771150668,4.1116,0.4876,1.5802,-4.2041,0.5960000000000001,0.7183999999999999,-0.6800999999999999,0.0113984308873442,-0.0039463760410907,28.0,0.1335313926245225,0.3016004068622711,1.203972804325936
2022-11-22,-0.24262219834534,1.3117397374751,1.20391234733887,-0.107827390136226,4.1607,0.4934,1.5991,-4.2544,0.6560999999999999,0.7275999999999998,-0.6755,0.0109841677327869,0.001262782224197,69.0,-0.2578291093020998,-0.4032457454856241,-0.0317486983145803
2022-11-23,-0.2506251272362499,1.31320936070825,1.21880846113489,-0.0944008995733587,4.1902,0.4969,1.6105,-4.2845,0.7538999999999998,0.6972,-0.7029000000000001,0.0105337298809511,0.0025751366522417,61.0,0.0,-0.2622108497103951,0.4924764850977942
2022-11-24,-0.22836718987347,1.31618864846673,1.23337578545731,-0.0828128630094143,4.1804,0.4957,1.6067,-4.2745,1.176,0.7681999999999998,-0.7054,0.0101439517910552,-0.0024563328259983,34.0,-0.3677247801253174,-3.210046978962924,-3.1380484957342465
2022-11-25,-0.2036938694071999,1.32123600925288,1.21177650570277,-0.10945950355011,4.2493,0.5039,1.6332,-4.3449,0.6000000000000001,0.7878000000000003,-0.6757,0.009791719598204,0.0040005204054374,97.0,-0.037740327982847,-0.820787493049056,0.5543107357057295
2022-11-28,-0.1824682352251,1.33957097410659,1.28326284502864,-0.0563081290779515,4.1706,0.4946,1.6029,-4.2644,0.9453,0.8178000000000001,-0.6562000000000001,0.0095146319661517,-0.0074899362591995,86.0,0.8383291904044432,0.5320764772385352,0.2670627852490451
2022-11-29,-0.1820446328617199,1.35794077006627,1.35932289075163,0.0013821206853565,4.2493,0.5039,1.6332,-4.3449,0.6044999999999998,0.8159000000000001,-0.6564000000000001,0.0094935636784977,0.0228641664693416,55.0,-0.4519851237430572,-1.3939572338654598,-0.2162231084696359
2022-11-30,-0.19107865117294,1.35555144945838,1.42876027546436,0.0732088260059744,4.2296,0.5016,1.6256,-4.3248,0.6480999999999999,0.7908999999999997,-0.665,0.0116471462461865,0.0005038816369804,46.0,-0.2363887780642304,-2.080134782608813,-1.6094379124341005
2022-12-01,-0.2100703594244,1.35890109225333,1.38802228122895,0.0291211889756207,4.1804,0.4957,1.6067,-4.2745,0.6741000000000001,0.766,-0.6812,0.0111377126318848,0.0044756235038061,74.0,0.2744368457017603,0.1789459206573586,0.6359887667199967
2022-12-02,-0.22494742007744,1.35869887360432,1.39757104981979,0.0388721762154673,4.1706,0.4946,1.6029,-4.2644,0.5509,0.7265999999999999,-0.6836000000000002,0.0107568114315429,-0.0029507985933925,47.0,0.1431008436406732,0.2189730170023406,-0.325422400434628
2022-12-05,-0.2452681959160099,1.35691201692077,1.45008844522951,0.0931764283087373,4.2296,0.5016,1.6256,-4.3248,0.5158999999999998,0.7585000000000002,-0.6720999999999999,0.0103648480465718,0.017484918414798,53.0,0.1431008436406732,0.2615476965413935,-0.0953101798043249
2022-12-06,-0.26406570251091,1.35861724208201,1.47075979377424,0.112142551692231,4.2394,0.5027,1.6294,-4.3348,1.1544,0.7646000000000002,-0.6747999999999998,0.0113717498456555,0.0002238359520312,29.0,0.4054651081081644,-0.2960621412657643,0.6359887667199967
2022-12-07,-0.29749326952691,1.35587627483346,1.47157087773602,0.115694602902558,4.2198,0.5004,1.6218,-4.3147,0.8675000000000002,0.7037,-0.7597999999999998,0.0108837912965091,-0.0040279818223947,39.0,-0.5108256237659907,-3.161079336554724,-1.7047480922384253
2022-12-08,-0.30115943267471,1.35420890442486,1.47302763193482,0.118818727509962,4.2296,0.5016,1.6256,-4.3248,0.69,0.7269999999999999,-0.7446999999999999,0.0105179793753613,-0.0007095547872069,49.0,0.7884573603642703,0.707060051803513,-0.0444517625708338
2022-12-09,-0.2954280562854,1.35174969364905,1.45804139641621,0.106291702767157,4.2296,0.5016,1.6256,-4.3248,0.9207,0.7167999999999997,-0.7478000000000002,0.0101034783166235,0.0029980816142636,40.0,0.6931471805599453,0.8132722261260185,1.3862943611198906
2022-12-12,-0.28268964137525,1.35196195768014,1.45446029554929,0.102498337869148,4.2001,0.4981,1.6143,-4.2946,0.7967999999999997,0.7061999999999999,-0.7862,0.0097627263994525,-0.0087405928839832,22.0,-0.2231435513142097,-0.7323409217236362,-1.1786549963416462
2022-12-13,-0.27894337004413,1.35196906911979,1.45332296454939,0.101353895429594,4.2296,0.5016,1.6256,-4.3248,0.3777000000000003,0.6631,-0.8456000000000001,0.0098182849340674,-0.0008547736361723,30.0,0.7731898882334817,-0.305221985908915,-0.6286086594223742
2022-12-14,-0.25317887902005,1.35034362177259,1.45312052448827,0.10277690271568,4.2198,0.5004,1.6218,-4.3147,0.5131999999999999,0.6625999999999999,-0.8754,0.0094649393890323,6.290089484295436e-05,30.0,0.1823215567939546,0.2443731391968345,-0.2876820724517809
2022-12-15,-0.23402270624068,1.3506587375323,1.45791625845142,0.107257520919117,4.1902,0.4969,1.6105,-4.2845,0.6732999999999998,0.7305999999999999,-0.8680000000000003,0.0091374302502651,-0.0024829910620471,53.0,0.8602012652231116,-2.511480193839542,-2.089391872533004
2022-12-16,-0.21748097326279,1.34705056850028,1.48185929012147,0.134808721621187,4.2198,0.5004,1.6218,-4.3147,0.7528999999999999,0.6985000000000001,-0.8754,0.00887768850131,-0.0002494119247806,38.0,1.252762968495368,-0.0745373380146523,0.1451820098444979
2022-12-19,-0.2043201697496199,1.34679339823195,1.48371780014946,0.13692440191751,4.1902,0.4969,1.6105,-4.2845,0.7808999999999999,0.7124999999999999,-0.8912,0.0086039192036442,-0.0193608805250224,21.0,1.203972804325936,1.8319360942518863,0.9555114450274363
2022-12-20,-0.18573628497694,1.34682561456151,1.49011549177664,0.14328987721513,4.1607,0.4934,1.5991,-4.2544,0.6642999999999999,0.6969000000000003,-0.8739999999999997,0.0103821443396944,-0.0107911555525763,26.0,0.6061358035703155,-0.0554146485852997,-0.7472144018302211
2022-12-21,-0.18482778535233,1.36156622122247,1.35173764552752,-0.0098285756949532,4.1804,0.4957,1.6067,-4.2745,0.7597999999999998,0.6393,-0.8874000000000004,0.0105564037759956,-0.0017438122933413,23.0,0.0,-1.5584908185000683,-1.3862943611198906
2022-12-22,-0.1819268981074299,1.35938038104885,1.34631738350804,-0.0130629975408103,4.2001,0.4981,1.6143,-4.2946,0.6892,0.6347,-0.8975,0.0101525073026683,-0.004566253627404,26.0,0.7884573603642703,1.2537591498827478,2.995732273553991
2022-12-23,-0.17025537854802,1.36127834485123,1.3513197683678,-0.0099585764834335,4.1804,0.4957,1.6067,-4.2745,0.9479000000000002,0.6577999999999999,-0.9227,0.0098775980574947,-0.0028080287386202,19.0,0.1823215567939546,-1.6564843969987055,-2.2655438213136967
2022-12-26,-0.15448923843602,1.36266700443134,1.35929455856733,-0.003372445864004,4.1902,0.4969,1.6105,-4.2845,0.6595,0.6416,-0.9086,0.0095592441886794,0.0064457161143618,12.0,-0.4054651081081644,0.0581076308072807,1.6094379124341005
2022-12-27,-0.13436873305579,1.36243259611948,1.37034852904014,0.0079159329206595,4.2296,0.5016,1.6256,-4.3248,0.9617,0.677,-0.8797999999999999,0.0094371814429308,0.0097402376749933,33.0,-0.0870113769896298,-1.1664056001146517,-0.2762533766281582
2022-12-28,-0.13599881321056,1.34882606054812,1.30636518379499,-0.0424608767531294,4.2493,0.5039,1.6332,-4.3449,0.5391999999999997,0.6416,-0.8767,0.0096055728321245,-0.0026421309029007,29.0,-0.251314428280906,-1.144109983546047,-0.4054651081081644
2022-12-29,-0.15202651867874,1.34955831329296,1.30617927112346,-0.0433790421695048,4.2296,0.5016,1.6256,-4.3248,0.4847000000000001,0.6989000000000001,-0.8779999999999997,0.00930701398526,-0.0044466474104769,27.0,0.4054651081081644,0.5077616612004691,1.7047480922384253
2022-12-30,-0.16779265879074,1.32510199454085,1.35931249420595,0.0342104996650994,4.2689,0.5062,1.6407,-4.365,0.4481000000000001,0.7656000000000001,-0.8734999999999999,0.0091091982305934,0.005048332067906,45.0,-0.0870113769896298,-0.086514443581556,1.0498221244986776
2023-01-03,-0.18690877747843,1.32494048253844,1.36343296990367,0.0384924873652284,4.2394,0.5027,1.6733,3.1343,1.2578,0.7570000000000001,-0.8674,0.0089496913288516,0.008783495391599,20.0,0.7884573603642703,0.5985196205250071,-0.6931471805599453
2023-01-04,-0.21350894250591,1.26610187993891,1.04789106449647,-0.218210815442441,4.2886,0.5086,1.6928,3.1707,1.2442,0.7848999999999999,-0.8580000000000001,0.009090201451351,0.002245022812465,44.0,-0.6359887667199967,-0.589710238649668,0.2559333741372007
2023-01-05,-0.23159336489312,1.24895121438418,1.0278418231938,-0.221109391190379,4.2591,0.5051,1.6811,3.1489,1.0256000000000003,0.8206000000000002,-0.8180999999999998,0.008821609940163,0.0100976013363833,39.0,0.6359887667199967,0.541695557701852,0.4519851237430572
2023-01-06,-0.23143072100575,1.25100791251592,1.05069098946697,-0.200316923048953,4.2689,0.5062,1.685,3.1561,1.3877000000000002,0.7839,-0.8207,0.0091145958982115,0.0007667849175643,27.0,-0.1177830356563835,-0.0777283536617865,1.4469189829363254
2023-01-09,-0.23430005048146,1.25180229575839,1.05709241944473,-0.194709876313664,4.2591,0.5051,1.6811,3.1489,1.3286000000000002,0.8050999999999999,-0.8109000000000002,0.0088206962994517,0.0058253441125106,22.0,0.2876820724517808,-0.7024378939673017,-1.1700712526502546
2023-01-10,-0.24914373272478,1.25148919305423,1.04870141340096,-0.202787779653267,4.2296,0.5016,1.6695,3.127,0.9081,0.794,-0.7918000000000003,0.0087389741307951,-0.0020730304332285,41.0,0.8266785731844679,-0.1110455792924346,0.5806691971332549
2023-01-11,-0.26492261732049,1.25536311396235,1.06104139118069,-0.194321722781666,4.2394,0.5027,1.6733,3.1343,0.9501,0.7913999999999999,-0.8028,0.0085057477952917,-0.0024227408216663,26.0,-0.1335313926245226,-1.0754523836650127,-0.4519851237430572
2023-01-12,-0.27407254974547,1.25945007892995,1.06904888491843,-0.190401194011524,4.2296,0.5016,1.6695,3.127,0.8804000000000001,0.8515000000000001,-0.7911999999999999,0.0083051027710932,0.0005101111308931,26.0,0.8754687373538999,-3.250697437191157,-1.9459101490553132
2023-01-13,-0.28523550371675,1.2620014705537,1.07061040577947,-0.191391064774231,4.2689,0.5062,1.685,3.1561,1.1289,0.8784999999999998,-0.7698,0.0080851445179528,0.0100193378949686,34.0,-0.4418327522790392,-1.152375873196007,-0.6931471805599453
2023-01-16,-0.28044357784107,1.26147564186632,1.0608349204181,-0.200640721448221,4.2689,0.5062,1.685,3.1561,1.1730000000000005,0.8825000000000003,-0.7597,0.0084831214061722,0.0100533978404673,34.0,0.6931471805599453,-3.2041005392860464,-2.869318348698332
2023-01-17,-0.27121050283188,1.2589885114073,1.0522067029679,-0.206781808439394,4.2591,0.5051,1.6811,3.1489,0.9216000000000002,0.8437000000000001,-0.77,0.008822322174944,-0.0010374721529498,33.0,0.4054651081081644,-2.957585531348009,-1.052092273033217
2023-01-18,-0.25789130359257,1.26043856395466,1.058491669301,-0.201946894653662,4.2689,0.5062,1.685,3.1561,0.8725,0.8042000000000002,-0.7601999999999998,0.0085607748956154,4.999495399360399e-05,36.0,1.8971199848858813,-0.3530231471376931,1.4271163556401458
2023-01-19,-0.25560275844602,1.25568371177538,1.20237197937886,-0.0533117323965238,4.2591,0.5051,1.6811,3.1489,1.159,0.7746,-0.7909000000000002,0.0083156713147533,0.0049108134172612,32.0,0.6190392084062235,2.1200429236316336,0.8472978603872037
2023-01-20,-0.26465741068325,1.26757892548356,1.04406586082215,-0.223513064661413,4.2591,0.5051,1.6811,3.1489,1.1727,0.8532000000000002,-0.7768000000000002,0.0082338159819196,0.0075431713515445,31.0,0.0,-2.208066861146724,-3.323235840192444
2023-01-30,-0.28453395023242,1.26457025879213,1.03610870307373,-0.2284615557184,4.2493,0.5039,1.6772,3.1416,1.2914,0.9336,-0.7925,0.0083554627750009,0.0013786684601111,23.0,0.6931471805599453,-0.1934081448502951,-0.8754687373538999
2023-01-31,-0.29448981953214,1.26337162834048,1.04895430032078,-0.214417328019694,4.2493,0.5039,1.6772,3.1416,1.1446999999999998,0.9264,-0.8044000000000002,0.0081393769364489,-0.0041835545384412,14.0,-0.1541506798272583,0.2541367974149723,0.1541506798272583
