date,TRUE,baseline_pred,Support Vector Regressor_pred,Decision Tree Regressor_pred,GradientBoostingRegressor_pred,LSTM_pred,CNN_pred,PatchTST_pred,iTransformer_pred,Persistence_pred,AR1_pred,ETS_ANN_pred
2020-04-03,-0.13345952,-0.19753617,-0.114986475,-0.09516883,-0.100344062,-0.14298208,-0.11916442,-0.06281279,-0.05829664,-0.0934189570810039,-0.099659898356787,-0.093418921397386
2020-04-07,-0.10312978,-0.172222825,-0.128180881,-0.098343873,-0.109602314,-0.14374319,-0.14010549,-0.07275787,-0.063041866,-0.1159636415134332,-0.1209092195298327,-0.1159636183468877
2020-04-08,-0.09174059,-0.140477995,-0.125011408,-0.107058023,-0.117854008,-0.14481322,-0.14379625,-0.07367247,-0.058756564,-0.1236613984569543,-0.1278078461379414,-0.123661390546855
2020-04-09,-0.09586534,-0.12568579,-0.115562706,-0.046252437,-0.116181304,-0.14622119,-0.14116172,-0.074063666,-0.06798254,-0.1257488794262866,-0.1293003834484788,-0.1257488772812209
2020-04-10,-0.121913835,-0.109758638,-0.094358047,-0.070941232,-0.101505923,-0.14754549,-0.13778684,-0.07237057,-0.07804757,-0.1169722565357156,-0.1208380852863941,-0.1169722655544119
2020-04-13,-0.16724008,-0.107344021,-0.080377355,-0.082121673,-0.069729116,-0.14835969,-0.1311897,-0.07724362,-0.086415656,-0.1092218151329251,-0.1137841279703197,-0.1092218230971473
2020-04-14,-0.18765782,-0.124002412,-0.091527686,-0.137845921,-0.072097715,-0.14890888,-0.1434864,-0.08826471,-0.09657674,-0.1159779272884275,-0.1207705099794833,-0.1159779203459774
2020-04-15,-0.2102362,-0.151007295,-0.122654289,-0.088609296,-0.107637829,-0.14968517,-0.17119703,-0.108650625,-0.11272376,-0.1328835345388593,-0.1372639655683254,-0.1328835171669568
2020-04-16,-0.1978231,-0.178270023,-0.144315268,-0.213117763,-0.139148487,-0.15125208,-0.19007175,-0.12856892,-0.13133833,-0.1565826567363049,-0.1600754876360608,-0.1565826323834989
2020-04-17,-0.18325835,-0.203951848,-0.159573155,-0.192156997,-0.172792988,-0.15255728,-0.20755179,-0.14489794,-0.14837602,-0.1769742108871246,-0.1793633560959081,-0.1769741899331083
2020-04-20,-0.16551448,-0.215923656,-0.165176163,-0.186278814,-0.184066529,-0.1537905,-0.21947059,-0.15506439,-0.14919728,-0.1892431143598223,-0.1907206034934329,-0.1892431017524981
2020-04-21,-0.17830724,-0.219733676,-0.158008028,-0.202892917,-0.183788752,-0.1554519,-0.21450081,-0.15704833,-0.1521017,-0.1888979956525751,-0.1900854535372425,-0.1888979960071998
2020-04-22,-0.19929995,-0.224829024,-0.158189547,-0.189809528,-0.1820243,-0.1574587,-0.20905364,-0.15897107,-0.1591303,-0.1870278794018189,-0.1882274777853869,-0.1870278813235168
2020-04-23,-0.2121903,-0.22430656,-0.162369584,-0.213708084,-0.177404859,-0.15741602,-0.21111235,-0.1629232,-0.16822502,-0.1848406270749396,-0.1863835451857257,-0.1848406293225223
2020-04-24,-0.22779891,-0.229890796,-0.160573653,-0.168507638,-0.176451614,-0.15663752,-0.21064034,-0.17018059,-0.17591718,-0.1877140651230439,-0.189390141209011,-0.1877140621703534
2020-04-27,-0.23957793,-0.234741136,-0.168672023,-0.223009154,-0.187989029,-0.15592717,-0.21766165,-0.17869388,-0.18529828,-0.1966221755073207,-0.1981116194283916,-0.196622166353505
2020-04-28,-0.23655638,-0.22962676,-0.179412177,-0.179674384,-0.197308321,-0.15551895,-0.22480002,-0.19320174,-0.1958954,-0.2114348653446265,-0.2122978953012733,-0.2114348501233657
2020-04-29,-0.22274266,-0.21712486,-0.174720203,-0.202315256,-0.202637843,-0.15519667,-0.21166675,-0.20333566,-0.20082627,-0.2230846946823867,-0.2233386238684289,-0.2230846827112177
2020-04-30,-0.23439762,-0.205546656,-0.150666313,-0.242918697,-0.185141849,-0.15608063,-0.20146565,-0.20857434,-0.20101619,-0.2277732377140239,-0.2276411842724071,-0.2277732328961499
2020-05-06,-0.23602843,-0.22032801,-0.151567756,-0.231587067,-0.188965038,-0.15878865,-0.19994639,-0.21390519,-0.2067881,-0.2322147014998306,-0.2318121194900708,-0.2322146969358581
2020-05-07,-0.23824254,-0.243952272,-0.181018292,-0.175812739,-0.21075309,-0.16172823,-0.21723703,-0.21829315,-0.2147525,-0.2338606066473686,-0.2333764298638733,-0.2338606049560617
2020-05-08,-0.26165354,-0.27712769,-0.210909107,-0.220821403,-0.234630715,-0.16478288,-0.23278828,-0.22044264,-0.2211521,-0.2335935276531063,-0.2331896059027579,-0.2335935279275501
2020-05-11,-0.2849019,-0.297660196,-0.237445788,-0.256570876,-0.245145275,-0.16749196,-0.24617234,-0.2244377,-0.2264918,-0.2386129618009947,-0.2381781453616697,-0.2386129566431155
2020-05-12,-0.3083562,-0.307850188,-0.246036214,-0.238008493,-0.241616246,-0.17341985,-0.2629848,-0.23539193,-0.23217548,-0.2510448066766673,-0.2502226233775447,-0.2510447939019237
2020-05-13,-0.33348063,-0.315314202,-0.255503302,-0.287400677,-0.258978515,-0.18794222,-0.277075,-0.24763781,-0.24520841,-0.2658365217172885,-0.2645821310106807,-0.2658365065175773
2020-05-14,-0.33553827,-0.31846372,-0.267612873,-0.234805856,-0.279072101,-0.21401802,-0.28929606,-0.26424146,-0.25941032,-0.2853269602021658,-0.2833972292621195,-0.2853269401741292
2020-05-15,-0.32389298,-0.323452996,-0.283830246,-0.279214186,-0.290619078,-0.24430855,-0.30692467,-0.27940226,-0.27348503,-0.3047861080989161,-0.3019494929259058,-0.3047860881030281
2020-05-18,-0.3189263,-0.326197308,-0.292411369,-0.28126177,-0.30584981,-0.27736104,-0.3157577,-0.28915,-0.28064713,-0.3172339941966099,-0.3136421465327497,-0.3172339814053674
2020-05-19,-0.30087006,-0.330380738,-0.287432066,-0.318815435,-0.30342728,-0.3093806,-0.3228827,-0.29441863,-0.28541946,-0.3240388762613873,-0.3199175978572174,-0.3240388692688007
2020-05-20,-0.28375927,-0.327699664,-0.282058473,-0.237089182,-0.293433361,-0.32883653,-0.32260695,-0.29315966,-0.28434363,-0.3225416507417718,-0.3182317328547853,-0.3225416522802864
2020-05-21,-0.28140152,-0.325852106,-0.271484764,-0.311606071,-0.286984126,-0.33909476,-0.323227,-0.28866953,-0.28614306,-0.3125973787049218,-0.3085745339767313,-0.312597388923477
2020-05-22,-0.27827793,-0.331149976,-0.271127536,-0.293755382,-0.288819453,-0.34640843,-0.32172152,-0.28595066,-0.29214028,-0.3017700245211563,-0.2982081678575776,-0.3017700356471596
2020-05-25,-0.28806973,-0.335497924,-0.274806231,-0.278471936,-0.290682707,-0.35212383,-0.3226435,-0.28543746,-0.2952481,-0.2926470123276124,-0.2895113066368381,-0.2926470217022657
2020-05-26,-0.2991914,-0.343853528,-0.275989497,-0.295105014,-0.300316335,-0.35633788,-0.32626066,-0.28684905,-0.2942935,-0.286475698462718,-0.2837797881035248,-0.2864757048042577
2020-05-27,-0.3025857,-0.35079463,-0.276255353,-0.306528002,-0.301179337,-0.3602703,-0.3309526,-0.28964773,-0.29473847,-0.2861399639793825,-0.2836417293752851,-0.2861399643243837
2020-05-28,-0.28841847,-0.349451792,-0.27672032,-0.29526325,-0.301571674,-0.36155328,-0.33462352,-0.29518858,-0.29840803,-0.2899052470533793,-0.2873215395579068,-0.289905243184243
2020-05-29,-0.27847597,-0.34314963,-0.27310039,-0.284115182,-0.294895702,-0.36171886,-0.33795816,-0.29600725,-0.29808027,-0.2913086413715777,-0.2885897178942329,-0.2913086399294712
2020-06-01,-0.27177584,-0.325291674,-0.270644758,-0.268413941,-0.293618484,-0.3629731,-0.33575356,-0.29454902,-0.2958153,-0.2913482525939321,-0.2884538072579587,-0.2913482525532268
2020-06-02,-0.29300252,-0.329034188,-0.269686899,-0.307677463,-0.296761315,-0.3630911,-0.33354026,-0.29067177,-0.29277042,-0.2880894755814328,-0.2851977539733034,-0.2880894789300928
2020-06-03,-0.3153454,-0.343494832,-0.266135611,-0.285818005,-0.29781552,-0.36431533,-0.32914725,-0.28863642,-0.28939706,-0.2868517006804856,-0.2841281093302091,-0.286851701952404
2020-06-04,-0.32840517,-0.359110752,-0.274116928,-0.30027796,-0.299468799,-0.36594003,-0.3307905,-0.2878906,-0.2908327,-0.2894036494150209,-0.2868556275815652,-0.289403646792686
2020-06-05,-0.3467269,-0.37090162,-0.285477597,-0.320360889,-0.305694634,-0.36547595,-0.3424786,-0.29281056,-0.29327166,-0.2974009852398697,-0.2947261104097518,-0.2974009770219498
2020-06-08,-0.36739627,-0.384603638,-0.293878864,-0.331866036,-0.322872108,-0.36788836,-0.35271,-0.30082932,-0.3016814,-0.31105116588095,-0.3079289671063617,-0.3110511518542636
2020-06-09,-0.38307676,-0.390093508,-0.309388092,-0.377999253,-0.337461678,-0.3726481,-0.36442155,-0.31309712,-0.31324762,-0.3301752502627629,-0.3262568522672916,-0.3301752306111862
2020-06-10,-0.36913997,-0.388018232,-0.318536282,-0.364163654,-0.34780079,-0.37776962,-0.3785689,-0.32571307,-0.32060584,-0.3481900979535959,-0.3435191296803045,-0.348190079441845
2020-06-11,-0.35881197,-0.375879786,-0.322126337,-0.361659459,-0.350349843,-0.38357383,-0.37846026,-0.33502394,-0.32647833,-0.3589490050781347,-0.3536842099440732,-0.3589489940224579
2020-06-12,-0.35012066,-0.360213758,-0.319574788,-0.334549548,-0.345629018,-0.38834938,-0.38160864,-0.3388822,-0.3307205,-0.3650303676323618,-0.3592695548641094,-0.3650303613832525
2020-06-15,-0.34898525,-0.3470303,-0.316282711,-0.357384922,-0.346618613,-0.39088374,-0.3798008,-0.33963406,-0.33691803,-0.3657091220323213,-0.3596939641235028,-0.3657091213348392
2020-06-16,-0.34505805,-0.348575412,-0.315978003,-0.339107458,-0.345609395,-0.39199337,-0.3725725,-0.3386232,-0.3455775,-0.3620269227957716,-0.3560876338675352,-0.3620269265795321
2020-06-17,-0.35032004,-0.348307784,-0.314390178,-0.30618041,-0.33794541,-0.39202422,-0.37174773,-0.33713698,-0.344048,-0.3544231799480655,-0.3488733888514439,-0.3544231877615376
2020-06-18,-0.34390432,-0.340675546,-0.311833599,-0.290076203,-0.321316621,-0.3909312,-0.36627167,-0.33994243,-0.34351376,-0.3506591975738388,-0.3453600375914708,-0.3506592014416468
2020-06-19,-0.3370894,-0.34441852,-0.290429664,-0.28785917,-0.316240463,-0.3905105,-0.3578697,-0.34325883,-0.3446841,-0.3476776661657992,-0.3425294284307539,-0.3476776692295708
2020-06-22,-0.34313133,-0.353766782,-0.291074103,-0.340682332,-0.324274626,-0.39012474,-0.3583438,-0.3446135,-0.34957036,-0.3450714128680376,-0.3399923739468938,-0.3450714155461794
2020-06-23,-0.3529333,-0.361622004,-0.303782498,-0.330808804,-0.340151551,-0.38899484,-0.35741812,-0.3455586,-0.35109124,-0.3439006254444575,-0.3388909614100803,-0.3439006266475402
2020-06-24,-0.38170782,-0.371982598,-0.313743248,-0.321262584,-0.345626893,-0.3863406,-0.36270684,-0.3479766,-0.351894,-0.3454756733541216,-0.340460183765523,-0.3454756717356322
2020-06-29,-0.3937359,-0.37836664,-0.316104475,-0.353695531,-0.33930608,-0.38466662,-0.36463875,-0.34887186,-0.35094804,-0.3517532253274294,-0.3467148838811152,-0.3517532188767291
2020-06-30,-0.4026728,-0.383868026,-0.315087456,-0.374646758,-0.342977607,-0.38463676,-0.36245188,-0.35607898,-0.35551512,-0.3617195416854731,-0.3564346388650369,-0.3617195314442605
2020-07-01,-0.40805495,-0.37790479,-0.327127756,-0.397206447,-0.353792414,-0.38568577,-0.37112346,-0.3642752,-0.36244938,-0.3748362232710627,-0.3690350541196516,-0.3748362097925881
2020-07-02,-0.40167737,-0.391338736,-0.350340921,-0.352480256,-0.370594352,-0.38885936,-0.3825708,-0.3725295,-0.36997837,-0.3878209488732441,-0.3814107611860212,-0.3878209355303618
2020-07-03,-0.3990075,-0.405468064,-0.368446929,-0.381959889,-0.38827362,-0.39295077,-0.38983655,-0.37828752,-0.3749859,-0.3975697686746552,-0.3905541893466635,-0.397569758656931
2020-07-06,-0.4095013,-0.413259714,-0.374273653,-0.397521288,-0.401413714,-0.39631426,-0.3964138,-0.3814918,-0.37521297,-0.4010297066077937,-0.3937526019055673,-0.401029703052414
2020-07-07,-0.42990166,-0.413242992,-0.357379361,-0.423511845,-0.39379382,-0.39903456,-0.39142248,-0.38640895,-0.3798451,-0.4041827908020522,-0.396764297752561,-0.4041827875619964
2020-07-08,-0.4785924,-0.423551286,-0.362391329,-0.404923864,-0.407287295,-0.40182567,-0.38761955,-0.39210096,-0.3907481,-0.4096285658569839,-0.402114085301451,-0.409628560261001
2020-07-09,-0.5379911,-0.417810514,-0.390240151,-0.410229199,-0.428039698,-0.40368238,-0.40235645,-0.4022978,-0.40506148,-0.4237360516990154,-0.4160025921008009,-0.4237360372024131
2020-07-10,-0.5787006,-0.420118376,-0.416182946,-0.435919277,-0.428381021,-0.4060003,-0.40872318,-0.4221949,-0.42466533,-0.4509987938061462,-0.4425854953399768,-0.4509987657914319
2020-07-13,-0.58993256,-0.427035018,-0.419274359,-0.43472548,-0.428835698,-0.40764585,-0.41214556,-0.4508899,-0.4514435,-0.4869374170335366,-0.4773186681730259,-0.4869373801036304
2020-07-14,-0.5527686,-0.446264556,-0.42807819,-0.431633317,-0.420696457,-0.40937895,-0.42940634,-0.47912326,-0.4736117,-0.5230236645421537,-0.5118545675285014,-0.5230236274605422
2020-07-15,-0.4674783,-0.438656596,-0.451845781,-0.419663477,-0.4207112,-0.410554,-0.43304664,-0.4945744,-0.4875619,-0.5475970528403256,-0.5348295533898997,-0.5475970275891193
2020-07-16,-0.36584774,-0.421225388,-0.44460294,-0.450243504,-0.403742849,-0.409573,-0.4072825,-0.4893689,-0.47840565,-0.5453742339768912,-0.531710442741783,-0.5453742362609936
2020-07-17,-0.25230166,-0.397686936,-0.406108265,-0.37512209,-0.356607518,-0.40744257,-0.36492005,-0.47522566,-0.4647949,-0.5109455601870762,-0.4976681527644698,-0.5109455955653591
2020-07-20,-0.1378596,-0.345004486,-0.33819747,-0.332125759,-0.302527109,-0.4031288,-0.30481705,-0.4401371,-0.44886222,-0.4456657728862449,-0.434219254958175,-0.4456658399666067
2020-07-21,-0.07234454,-0.26074955,-0.268193816,-0.259415079,-0.238274518,-0.39564055,-0.23721406,-0.3849812,-0.4110268,-0.3552511799514298,-0.3470163938774677,-0.3552512728598945
2020-07-22,-0.031273652,-0.198280567,-0.202983275,-0.157572885,-0.171890402,-0.38026398,-0.18499753,-0.3145176,-0.3486097,-0.2591663648613188,-0.2549386926911497,-0.2591664635964275
2020-07-23,0.009256519,-0.138865566,-0.161384057,-0.123612633,-0.110485282,-0.34434113,-0.1427914,-0.24451242,-0.29260135,-0.1719254366406921,-0.1717248129699995,-0.1719255262879891
2020-07-24,0.020477837,-0.103508888,-0.132662942,0.0020020285234069,-0.039064743,-0.29785424,-0.11494472,-0.17670596,-0.25151315,-0.0969045877801451,-0.1003630354538052,-0.0969046648703008
2020-07-27,-0.045134474,-0.073368213,-0.096092077,-0.000153328,0.0113010117630921,-0.253375,-0.08968983,-0.123036504,-0.20842619,-0.042348685793796,-0.0486600985714906,-0.0423487418545306
2020-07-28,-0.08972861,-0.062677786,-0.102300821,-0.021743942,0.0273953475075056,-0.20562951,-0.07027111,-0.10013486,-0.19441406,-0.0238036618726053,-0.031660716606748,-0.0238036809291931
2020-07-29,-0.08250753,-0.052260393,-0.094279263,-0.022147777,0.0186612146607938,-0.16650711,-0.058137726,-0.095247865,-0.1438634,-0.0272804754404793,-0.0357401134355842,-0.0272804718677883
2020-07-30,-0.05436445,-0.050401835,-0.077424333,-0.078847785,0.0015273936945524,-0.14765634,-0.045136496,-0.09263551,-0.12605363,-0.0375272501678217,-0.0458912496197507,-0.0375272396384181
2020-07-31,-0.023128297,-0.055564744,-0.061395057,-0.042850911,0.0074801552507918,-0.14292786,-0.03513009,-0.08866611,-0.102405004,-0.0502514443062196,-0.0578040635067969,-0.0502514312310577
2020-08-03,0.0065835229999999,-0.035111943,-0.055377402,-0.041013015,-0.003881883,-0.14086515,-0.03297316,-0.08152887,-0.102909476,-0.0589726708621846,-0.0654544091871521,-0.0589726619003969
2020-08-04,-0.028189717,-0.035771272,-0.040314033,0.0255529171869452,0.000667064688251,-0.13994567,-0.02060103,-0.061577946,-0.06529004,-0.0486290715976559,-0.055073120033842,-0.0486290822265416
2020-08-05,-0.08283281,-0.035034195,-0.025485125,0.0359663065639143,0.0057324014660693,-0.13922301,-0.013683056,-0.044284172,-0.046361145,-0.0363212934488879,-0.0434936283570326,-0.0363213060961484
2020-08-06,-0.123998284,-0.040183193,-0.031237173,-0.001712046,0.0099349138967422,-0.13881968,-0.014654907,-0.038876448,-0.035744373,-0.0363863511249483,-0.0441796961017641,-0.0363863510581092
2020-08-07,-0.13909592,-0.060944071,-0.04779509,-0.100527526,-0.009452149,-0.138859,-0.030118793,-0.047817133,-0.04317761,-0.0503131183023809,-0.058150167323203,-0.0503131039914874
2020-08-10,-0.16706692,-0.090433223,-0.073869409,-0.109199513,-0.037545589,-0.13893442,-0.04946245,-0.05723593,-0.059535217,-0.0735066434231163,-0.08064809704009,-0.0735066195898558
2020-08-11,-0.19027926,-0.124155862,-0.105188192,-0.056860375,-0.084591373,-0.1394156,-0.08487525,-0.07554143,-0.074769996,-0.1082367306001489,-0.1138135477313325,-0.1082366949121168
2020-08-12,-0.18724073,-0.161475339,-0.133664682,-0.093698126,-0.12183134,-0.13990359,-0.121540286,-0.09792309,-0.09102999,-0.1406546394285056,-0.1447015194219835,-0.1406546061164138
2020-08-13,-0.18062712,-0.196129424,-0.148253314,-0.113476563,-0.145794399,-0.1411272,-0.14498678,-0.1173694,-0.098814815,-0.1615362231214515,-0.1645125615512875,-0.1615362016638806
2020-08-14,-0.18232408,-0.206812214,-0.159180696,-0.098992069,-0.156661536,-0.14220178,-0.15845823,-0.12866159,-0.10976531,-0.172861989358129,-0.1751739586359322,-0.172861977719955
2020-08-17,-0.1760661,-0.218132148,-0.170457823,-0.155418862,-0.160544749,-0.14366701,-0.16679212,-0.13870607,-0.124950655,-0.181507620545614,-0.1832455355545604,-0.1815076116615082
2020-08-18,-0.1860999,-0.215276046,-0.163013923,-0.165663035,-0.166732715,-0.14532492,-0.1662412,-0.14294869,-0.13947962,-0.1833074576177536,-0.1848271107470029,-0.1833074557682646
2020-08-19,-0.19837022,-0.22476034,-0.16211395,-0.150057448,-0.16082565,-0.1476107,-0.17432964,-0.1477055,-0.15027405,-0.1824715863367317,-0.1840970276614984,-0.182471587195656
2020-08-20,-0.23247127,-0.226383638,-0.178549547,-0.165412406,-0.1697109,-0.15010665,-0.19244596,-0.15688415,-0.1616673,-0.1846974837374358,-0.186355806773499,-0.1846974814501449
2020-08-21,-0.2780925,-0.236243088,-0.187178499,-0.145746221,-0.178312657,-0.15321341,-0.20360951,-0.17034619,-0.16959503,-0.1950663142903972,-0.1965248031638904,-0.1950663036355727
2020-08-24,-0.32429698,-0.24143882,-0.199341966,-0.197850167,-0.20040164,-0.15758136,-0.22104783,-0.18852709,-0.1917358,-0.2142199973747366,-0.2152378516775145,-0.2142199776927483
2020-08-25,-0.33870026,-0.260634046,-0.214476341,-0.218560137,-0.219778804,-0.16394386,-0.24393854,-0.21365207,-0.21126579,-0.2438661712582628,-0.2439540810387627,-0.243866140794372
2020-08-26,-0.32038838,-0.275764898,-0.238182944,-0.288518278,-0.248251413,-0.1758385,-0.26635265,-0.23910049,-0.23614037,-0.2743862435879178,-0.2732667088196227,-0.2743862122260138
2020-08-27,-0.28527528,-0.280724266,-0.257377787,-0.262053691,-0.264550974,-0.19083788,-0.28502208,-0.25712729,-0.24976067,-0.2987898745280859,-0.2963040684096221,-0.2987898494513251
2020-08-28,-0.2652286,-0.278512304,-0.266253017,-0.255011725,-0.266311567,-0.20842707,-0.2916281,-0.26204035,-0.25340387,-0.3093506750349634,-0.3058253490482122,-0.3093506641828506
2020-08-31,-0.2646659,-0.273224116,-0.256082827,-0.168090367,-0.2661802,-0.2243859,-0.28255323,-0.2602879,-0.2544325,-0.3067778980527483,-0.302871345673169,-0.3067779006964761
2020-09-01,-0.2636943,-0.257076812,-0.241266112,-0.231835907,-0.252747622,-0.23715857,-0.2764252,-0.25583214,-0.25647977,-0.294851681900881,-0.2913508153976697,-0.2948516941560472
2020-09-02,-0.27448106,-0.25702785,-0.239391185,-0.262393904,-0.248733058,-0.24609037,-0.26805523,-0.2530843,-0.26110336,-0.2798504867084527,-0.2771501365894183,-0.2798505021234214
2020-09-03,-0.29525667,-0.251516192,-0.239174844,-0.23779903,-0.255772055,-0.24740574,-0.25843066,-0.25690806,-0.2655448,-0.2706690220426236,-0.2686415850675326,-0.270669031477346
2020-09-04,-0.33640078,-0.261602152,-0.235187556,-0.29125083,-0.267781939,-0.2533423,-0.25857192,-0.26661217,-0.2727161,-0.2726653047158682,-0.2708056584124458,-0.2726653026645341
2020-09-07,-0.3597977,-0.287908958,-0.24541657,-0.310160649,-0.286059182,-0.26583797,-0.27613997,-0.27873948,-0.28414285,-0.2868997367413918,-0.2847405158773287,-0.2868997221143455
2020-09-08,-0.35363218,-0.316873552,-0.27215079,-0.261150369,-0.301237719,-0.2797683,-0.2964868,-0.29297325,-0.29751503,-0.3059260974163633,-0.3031995377590758,-0.3059260778652052
2020-09-09,-0.34263486,-0.331875386,-0.28825735,-0.291111903,-0.308522481,-0.29513413,-0.31123763,-0.30723742,-0.30660143,-0.3239136770930158,-0.3203647227574028,-0.3239136586092851
2020-09-10,-0.320695,-0.344107888,-0.293078232,-0.301509443,-0.316755492,-0.313979,-0.31818599,-0.31424624,-0.30733106,-0.3375444373249355,-0.3331388563205946,-0.3375444233181945
2020-09-11,-0.29196316,-0.341205336,-0.296739486,-0.29740635,-0.322116398,-0.32862642,-0.31601584,-0.31528103,-0.31113735,-0.3426321031212735,-0.3375880133475687,-0.3426320978932661
2020-09-14,-0.2640007,-0.337692108,-0.291428089,-0.319432448,-0.314465498,-0.3361864,-0.30959302,-0.30697933,-0.30951813,-0.3337445802141311,-0.3287427875770204,-0.3337445893467831
2020-09-15,-0.25814837,-0.331171974,-0.285337931,-0.34380873,-0.306049833,-0.33969545,-0.29981723,-0.29866013,-0.3086314,-0.3145851856010985,-0.3102032382779728,-0.3145852052889543
2020-09-16,-0.27804938,-0.318203462,-0.27521128,-0.26196022,-0.28706063,-0.33778077,-0.2883274,-0.29073814,-0.30218798,-0.2954884196513583,-0.291900928081459,-0.2954884392748688
2020-09-17,-0.28099898,-0.305515254,-0.26673046,-0.256512405,-0.277851506,-0.33589435,-0.28310728,-0.2880057,-0.2940557,-0.2825713253284911,-0.279800184508325,-0.2825713386018831
2020-09-18,-0.30334744,-0.302018144,-0.252705244,-0.276019221,-0.265161851,-0.33341974,-0.28240636,-0.28485242,-0.29087037,-0.2746321176220774,-0.2724838822029687,-0.2746321257802769
2020-09-21,-0.33248442,-0.309015772,-0.258920284,-0.271834615,-0.266162985,-0.3343429,-0.29132977,-0.2894069,-0.29399082,-0.2769089735853274,-0.2749603729081302,-0.2769089712456799
2020-09-22,-0.34949595,-0.325275976,-0.280203617,-0.289369444,-0.289567111,-0.3367976,-0.30720884,-0.29869375,-0.30652946,-0.2906057125129692,-0.2882909014568553,-0.2906056984384462
2020-09-23,-0.35372478,-0.347178154,-0.289481838,-0.269538473,-0.319768672,-0.3430875,-0.32530814,-0.30740586,-0.31145215,-0.3088752316785556,-0.3058673845333909,-0.3088752129051145
2020-09-24,-0.35629326,-0.35771303,-0.300696253,-0.325654316,-0.330893902,-0.3467064,-0.33660918,-0.31489274,-0.31405115,-0.3240103098756391,-0.3203739748493061,-0.3240102943230879
2020-09-25,-0.36160818,-0.366737888,-0.299367033,-0.339051084,-0.338274751,-0.34805968,-0.34230715,-0.3229012,-0.31739762,-0.3390691648978222,-0.3346431051662414,-0.3390691494235999
2020-09-28,-0.36645386,-0.36756112,-0.307827258,-0.339790013,-0.336722445,-0.3499524,-0.34894627,-0.32828668,-0.3213565,-0.3507213152213272,-0.3456524503957162,-0.3507213032477729
2020-09-29,-0.33556923,-0.3630474,-0.317485081,-0.352674533,-0.33473793,-0.3548203,-0.35194767,-0.33334717,-0.3252802,-0.3575152029881653,-0.3521064155226653,-0.3575151960068771
2020-09-30,-0.30701914,-0.34376101,-0.31316253,-0.341109151,-0.327285394,-0.35718888,-0.34262556,-0.33058175,-0.32773113,-0.3547298575680592,-0.3492513308603707,-0.3547298604302223
2020-10-09,-0.29514003,-0.32535029,-0.295930504,-0.305634204,-0.317877175,-0.36022586,-0.33528823,-0.32621545,-0.32647198,-0.3453887313080576,-0.3400276232850797,-0.3453887409068324
2020-10-12,-0.2772272,-0.314025412,-0.278695711,-0.30516037,-0.305481914,-0.36481464,-0.32338405,-0.32190615,-0.32605824,-0.3331580839916558,-0.3281169790688852,-0.333158096559657
2020-10-13,-0.28751126,-0.31319763,-0.278404852,-0.282710883,-0.304070994,-0.3664725,-0.3161853,-0.3137612,-0.32333514,-0.3162818853289235,-0.3118617237350433,-0.3162819026706121
2020-10-14,-0.32223734,-0.314144332,-0.273031726,-0.261256475,-0.293054947,-0.36223695,-0.31086856,-0.3070832,-0.31199875,-0.3004933688541696,-0.2969695369115023,-0.3004933850781806
2020-10-15,-0.35756814,-0.329954034,-0.264494825,-0.276084235,-0.291247112,-0.36111552,-0.30820584,-0.30865854,-0.31284526,-0.2978269898811994,-0.2948124232813637,-0.2978269926211387
2020-10-16,-0.39347512,-0.342903248,-0.286532996,-0.278299823,-0.309240941,-0.36198646,-0.32480317,-0.3160891,-0.32264572,-0.3079367895637913,-0.3049033581440413,-0.3079367791751473
2020-10-19,-0.43382034,-0.365121134,-0.311767434,-0.280296115,-0.335086869,-0.36569026,-0.3480557,-0.3241758,-0.32808298,-0.3276038098860732,-0.3241201067756174,-0.3276037896765892
2020-10-20,-0.44236094,-0.389995392,-0.348812323,-0.388037374,-0.365104182,-0.37145752,-0.37259436,-0.343494,-0.34272385,-0.3589224389118737,-0.3543206958000188,-0.3589224067293978
2020-10-21,-0.40856844,-0.410522314,-0.373420515,-0.382639498,-0.387234076,-0.37991175,-0.39745194,-0.3631395,-0.35350826,-0.389892371802287,-0.383894786535616,-0.3898923399781125
2020-10-22,-0.3649033,-0.407440984,-0.37703427,-0.393170021,-0.405060703,-0.38993484,-0.40478843,-0.3708969,-0.36416605,-0.4071585932675386,-0.4000074676641006,-0.4071585755250499
2020-10-23,-0.33125708,-0.399566238,-0.36272861,-0.364721505,-0.397520732,-0.3964495,-0.40097672,-0.36562544,-0.36098272,-0.4086256254295602,-0.4007875305673697,-0.4086256239220464
2020-10-26,-0.30865884,-0.379073524,-0.351272112,-0.346930083,-0.372601974,-0.40130988,-0.39205903,-0.3558866,-0.35732442,-0.3961820156424134,-0.3883180473039307,-0.3961820284292396
2020-10-27,-0.29573035,-0.363767394,-0.33937902,-0.352503995,-0.348015287,-0.4032854,-0.37516087,-0.3448886,-0.35559714,-0.3711497161948267,-0.3641458968649328,-0.3711497419175767
2020-10-28,-0.31420377,-0.357489382,-0.318780392,-0.31774621,-0.328299382,-0.40430182,-0.362686,-0.33251855,-0.3494116,-0.3418236011442838,-0.3361893874560672,-0.3418236312792942
2020-10-29,-0.31761408,-0.349135578,-0.309139968,-0.2710824,-0.311165236,-0.4038957,-0.35056597,-0.32760894,-0.34400105,-0.3229506640567453,-0.3184788925406719,-0.3229506834502642
2020-10-30,-0.3161742,-0.347989754,-0.297878885,-0.265233074,-0.310860763,-0.4024435,-0.34568474,-0.3263203,-0.34462583,-0.3134928219823641,-0.3097167643701027,-0.3134928317010911
2020-11-02,-0.31293958,-0.332673108,-0.293491831,-0.270843657,-0.303628846,-0.39948395,-0.34626427,-0.32613343,-0.34355646,-0.3104762485856455,-0.3069796859309955,-0.3104762516854316
2020-11-03,-0.32335955,-0.323893634,-0.2953384,-0.305545654,-0.305841521,-0.39587575,-0.34603643,-0.32550776,-0.34186324,-0.3113323981894891,-0.3077983332492261,-0.3113323973097285
2020-11-04,-0.34364623,-0.321003284,-0.287947451,-0.263479257,-0.310890275,-0.39237833,-0.34109604,-0.3280212,-0.3359342,-0.3168582383929188,-0.3130380695179409,-0.3168582327146647
2020-11-05,-0.3652684,-0.324997554,-0.286509667,-0.270590846,-0.312262051,-0.38860354,-0.3321295,-0.32854515,-0.33232212,-0.3227467352329211,-0.318808834561967,-0.3227467291820026
2020-11-06,-0.37136438,-0.336005238,-0.287685735,-0.322682117,-0.321523744,-0.38593826,-0.33075425,-0.33238825,-0.3315258,-0.3322776020295113,-0.3281366031148603,-0.3322775922357592
2020-11-09,-0.374324,-0.358975226,-0.297458097,-0.336929534,-0.322154319,-0.38481885,-0.3381428,-0.3370985,-0.33400825,-0.3433156375505491,-0.3388017647274325,-0.343315626208054
2020-11-10,-0.40292504,-0.384720888,-0.321656702,-0.323270874,-0.330469964,-0.38616472,-0.35437196,-0.34399718,-0.33923313,-0.3555925166252642,-0.3504972143060733,-0.3555925040097543
2020-11-11,-0.43381792,-0.406290252,-0.347013512,-0.37770329,-0.353616743,-0.38982102,-0.3737388,-0.3510754,-0.34564468,-0.3715056145917267,-0.3657546931096289,-0.3715055982397028
2020-11-12,-0.44281998,-0.42678605,-0.367018723,-0.399982992,-0.384221096,-0.39503726,-0.39703012,-0.36435685,-0.35411626,-0.3895399504161158,-0.3831622847656575,-0.3895399318843426
2020-11-13,-0.44993916,-0.436494054,-0.383149386,-0.420024713,-0.403817362,-0.40060177,-0.41679782,-0.3788464,-0.36712235,-0.4050502605000325,-0.3981272041742616,-0.4050502445619001
2020-11-16,-0.44103727,-0.429789322,-0.398361515,-0.416706897,-0.416172256,-0.4059298,-0.4329521,-0.39208612,-0.38457018,-0.4207652141518626,-0.4131671951804834,-0.4207651980034449
2020-11-17,-0.42940864,-0.423051758,-0.405584573,-0.406118056,-0.418035219,-0.41068417,-0.4392969,-0.40265337,-0.40036607,-0.4341078716392159,-0.4256982840961904,-0.4341078579285266
2020-11-18,-0.39450282,-0.401678636,-0.402098791,-0.380639886,-0.410482195,-0.41394752,-0.44107562,-0.40711135,-0.40313163,-0.4394045897216427,-0.4305023258511435,-0.4394045842788172
2020-11-19,-0.3756412,-0.371355172,-0.387364683,-0.391384302,-0.397488682,-0.41578442,-0.43009573,-0.40354863,-0.39867312,-0.4315415675413197,-0.4226745285681526,-0.4315415756212131
2020-11-20,-0.36316603,-0.35616075,-0.361861434,-0.38353589,-0.38119372,-0.41670766,-0.41227275,-0.39877695,-0.39602494,-0.4181058139696894,-0.4095802288946429,-0.4181058277760344
2020-11-23,-0.36029094,-0.34913355,-0.350622592,-0.363066057,-0.368498582,-0.41629156,-0.4006588,-0.3938683,-0.3997173,-0.4007511923084891,-0.3928984012426397,-0.4007512101417977
2020-11-24,-0.37668833,-0.354036982,-0.34352936,-0.365908354,-0.3626979,-0.4159042,-0.38993412,-0.3867966,-0.39782628,-0.384601929366081,-0.3775183692380267,-0.384601945960789
2020-11-25,-0.39018625,-0.371284798,-0.339013466,-0.381080874,-0.362383055,-0.41498417,-0.38294047,-0.3830601,-0.391012,-0.3740578681135654,-0.3677243896376685,-0.3740578789484686
2020-11-26,-0.40466097,-0.387757812,-0.342314192,-0.368750422,-0.370429599,-0.4135972,-0.3936177,-0.3845665,-0.38856113,-0.3731945550302676,-0.3671474684434351,-0.3731945559174036
2020-11-27,-0.41995573,-0.39730961,-0.353864371,-0.411864507,-0.38404335,-0.41344786,-0.40769854,-0.3896321,-0.39181727,-0.3789985065116212,-0.3729017603651851,-0.3789985005475869
2020-11-30,-0.4254158,-0.40742804,-0.366884077,-0.391995841,-0.398359608,-0.4132584,-0.42004785,-0.3958253,-0.3963903,-0.3903564473508499,-0.3838865970975163,-0.3903564356796298
2020-12-01,-0.4254618,-0.411067192,-0.383815875,-0.407789178,-0.412625164,-0.4120287,-0.42706242,-0.40219295,-0.40514874,-0.4033814164990784,-0.396324305063057,-0.4033814031148443
2020-12-02,-0.4116264,-0.417781388,-0.389755495,-0.430085107,-0.420576909,-0.4108861,-0.4316302,-0.40627223,-0.404218,-0.4131361123544253,-0.4055828936534816,-0.4131361023306629
2020-12-03,-0.4025464,-0.402680664,-0.387621939,-0.451526149,-0.412674362,-0.41077375,-0.4173692,-0.4059195,-0.40204355,-0.4174241419476887,-0.4095020311276361,-0.4174241375413771
2020-12-04,-0.41732585,-0.371552128,-0.372403747,-0.443453902,-0.396505702,-0.4104002,-0.3917362,-0.40186077,-0.39800858,-0.4170012301955593,-0.4089141667486048,-0.4170012306301311
2020-12-07,-0.43355954,-0.356228376,-0.335965086,-0.403045561,-0.387867101,-0.4103489,-0.3735406,-0.40186083,-0.39874572,-0.4164752514890061,-0.4084367036478545,-0.4164752520294927
2020-12-08,-0.4299115,-0.35638612,-0.332472017,-0.424126759,-0.380103067,-0.41126508,-0.37929234,-0.40532905,-0.40659183,-0.4181039969412374,-0.4101634319307616,-0.4181039952675687
2020-12-09,-0.43938366,-0.370194062,-0.36878487,-0.449719752,-0.386190111,-0.41088486,-0.39445037,-0.40851462,-0.41252175,-0.4189939343404208,-0.4111382353799319,-0.4189939334259357
2020-12-10,-0.4205111,-0.390087624,-0.397047549,-0.434859945,-0.417201777,-0.4109723,-0.40545416,-0.41406056,-0.4167888,-0.4245453875842978,-0.4165118077019117,-0.4245453818797242
2020-12-11,-0.3954482,-0.393644108,-0.406260468,-0.411287081,-0.409501208,-0.41038448,-0.40240008,-0.41867897,-0.42068428,-0.42813832464032,-0.419758373531458,-0.4281383209482771
2020-12-14,-0.37592176,-0.387450784,-0.372109006,-0.384077604,-0.401790733,-0.4089746,-0.395078,-0.41847602,-0.4172025,-0.4237627973246664,-0.415299096392244,-0.4237628018208751
2020-12-15,-0.35849825,-0.379948462,-0.350364783,-0.380145213,-0.388364237,-0.4082567,-0.3812255,-0.41251123,-0.41337517,-0.4122352427418344,-0.4040655455408327,-0.412235254587345
2020-12-16,-0.34635273,-0.358188822,-0.350281592,-0.370915057,-0.372474433,-0.40653396,-0.36931115,-0.40310705,-0.40852585,-0.3979525899686527,-0.3902226848609612,-0.3979526046452598
2020-12-17,-0.34751046,-0.339909306,-0.349862022,-0.334302121,-0.358636814,-0.40341797,-0.3548532,-0.3922906,-0.3985261,-0.379346405225233,-0.3724350229270061,-0.3793464243446259
2020-12-18,-0.36334598,-0.33357422,-0.325918086,-0.342799429,-0.333277979,-0.40028796,-0.34644195,-0.3788145,-0.38603717,-0.3647462790549359,-0.3585934009928792,-0.3647462940577805
2020-12-21,-0.3750589,-0.334326002,-0.313566155,-0.352252338,-0.338044677,-0.39761183,-0.34531778,-0.37161708,-0.38300517,-0.3583258310375167,-0.3526760808614727,-0.3583258376350681
2020-12-22,-0.39802787,-0.345883822,-0.318823734,-0.3615058,-0.35020747,-0.39425576,-0.35302216,-0.37073264,-0.37895647,-0.3581532565904085,-0.3527417701229254,-0.3581532567677496
2020-12-23,-0.4102488,-0.368157958,-0.328360239,-0.367754365,-0.357543382,-0.3917243,-0.35956776,-0.3756937,-0.38253742,-0.3660591858845858,-0.3605405357364055,-0.3660591777605965
2020-12-24,-0.4222414,-0.38062909,-0.347780348,-0.347736122,-0.378415616,-0.3891849,-0.37188715,-0.38211602,-0.38669327,-0.3788383952283008,-0.3728745774693595,-0.3788383820966087
2020-12-25,-0.4334415,-0.395628918,-0.356667068,-0.361730422,-0.380326495,-0.3884829,-0.3829602,-0.3902234,-0.38767725,-0.3937845825149192,-0.3871894943625106,-0.3937845671564748
2020-12-28,-0.42229688,-0.397202384,-0.363374564,-0.402972948,-0.393238385,-0.38986203,-0.38296407,-0.39727962,-0.38796857,-0.4078036885766029,-0.4006023399740618,-0.4078036741708079
2020-12-29,-0.41045168,-0.39728721,-0.365531762,-0.401783869,-0.398488411,-0.3921326,-0.38525623,-0.40115035,-0.3907065,-0.4172512881350713,-0.4094769253321786,-0.4172512784268745
2020-12-30,-0.39259842,-0.399072418,-0.361257056,-0.394943844,-0.404167575,-0.39498097,-0.3880991,-0.39929792,-0.39167008,-0.4197360467130699,-0.4116682565590611,-0.4197360441597671
2020-12-31,-0.40137964,-0.394809292,-0.374854059,-0.402645296,-0.406972938,-0.39800745,-0.3925739,-0.3958897,-0.3993626,-0.4162059753125752,-0.4080607901602603,-0.4162059789400099
2021-01-04,-0.39580747,-0.400654832,-0.379693643,-0.409550899,-0.412608875,-0.40113693,-0.39815015,-0.3940217,-0.3990915,-0.4120336248314406,-0.4040299581850795,-0.4120336291188761
2021-01-05,-0.40583694,-0.41052508,-0.38112529,-0.376270758,-0.410774945,-0.40249127,-0.39919394,-0.3937053,-0.3989753,-0.404506816935495,-0.3968965964742086,-0.4045068246699107
2021-01-06,-0.40971166,-0.416581886,-0.371879875,-0.385042272,-0.408207008,-0.40383142,-0.39918098,-0.39589128,-0.3993541,-0.4012148269240636,-0.393889788607397,-0.4012148303068607
2021-01-07,-0.42666435,-0.420371074,-0.372415755,-0.3555788,-0.400577522,-0.40562862,-0.4039321,-0.40030947,-0.4034064,-0.4010668224389216,-0.3938671737808987,-0.4010668225910118
2021-01-08,-0.45516145,-0.421152062,-0.377644753,-0.387171565,-0.401944718,-0.40809616,-0.40735745,-0.40665582,-0.40839297,-0.4078800064840805,-0.4004713477890178,-0.4078799994829762
2021-01-11,-0.47585428,-0.428367466,-0.396178054,-0.412472806,-0.415130809,-0.40975228,-0.41621476,-0.4115293,-0.41310686,-0.4186363690632078,-0.4109891597042646,-0.4186363580101574
2021-01-12,-0.46932364,-0.43383726,-0.389893121,-0.434653717,-0.41354968,-0.4116009,-0.42405462,-0.4239041,-0.421531,-0.4346457302067207,-0.4264665163346106,-0.4346457137557802
2021-01-13,-0.45674148,-0.4469237,-0.400113164,-0.445655646,-0.433009882,-0.41364303,-0.4311009,-0.43094403,-0.43134457,-0.4473430691823132,-0.4385964615873444,-0.447343056134741
2021-01-14,-0.4340236,-0.446983576,-0.412734687,-0.430966054,-0.443687503,-0.4146557,-0.4367478,-0.43661553,-0.43474087,-0.4567490344071802,-0.4473638417420765,-0.4567490247417676
2021-01-15,-0.40525377,-0.439819372,-0.420039788,-0.40514317,-0.427079106,-0.41640893,-0.4405288,-0.4342546,-0.4322187,-0.4582208810927161,-0.448411486913222,-0.4582208795802631
2021-01-18,-0.37587523,-0.415702018,-0.406790932,-0.415812819,-0.409405239,-0.4161338,-0.42182475,-0.42904457,-0.42692456,-0.4482393452374392,-0.4385302087799229,-0.4482393554942828
2021-01-19,-0.36733732,-0.407629108,-0.378271028,-0.385063078,-0.396641165,-0.41642523,-0.40568423,-0.4202629,-0.42116955,-0.4282435394332697,-0.4191869844003996,-0.4282435599806076
2021-01-20,-0.3758807,-0.388322942,-0.374428645,-0.369403531,-0.38638464,-0.41711277,-0.39974838,-0.40936956,-0.41998297,-0.4078462782596357,-0.3996296673146104,-0.4078462992195124
2021-01-21,-0.3541348,-0.37430313,-0.379285017,-0.37647335,-0.382717542,-0.41683397,-0.38333327,-0.40177965,-0.4150697,-0.3916741182349524,-0.3843428287560915,-0.3916741348531923
2021-01-22,-0.3336736,-0.370704318,-0.357163138,-0.338753545,-0.377589392,-0.41520804,-0.3764832,-0.39047626,-0.40360257,-0.375696363142797,-0.36915733952044,-0.3756963795612654
2021-01-25,-0.3343998,-0.369057606,-0.329702175,-0.341218008,-0.361011767,-0.41340312,-0.36697602,-0.37929463,-0.3948284,-0.3613803280335445,-0.3554380470893027,-0.3613803427444594
2021-01-26,-0.3382174,-0.35834875,-0.326217376,-0.330407142,-0.341921379,-0.41134915,-0.36753276,-0.37039736,-0.38999206,-0.3530852378840691,-0.347455101202977,-0.3530852464079684
2021-01-27,-0.33018428,-0.35849799,-0.326278116,-0.273674796,-0.345305082,-0.40853104,-0.36557278,-0.36333567,-0.37901008,-0.3472612576296942,-0.341906065534147,-0.3472612636143194
2021-01-28,-0.3544383,-0.352943722,-0.319293326,-0.273732287,-0.330744431,-0.40492678,-0.35120416,-0.35394934,-0.36729643,-0.3381219764118993,-0.3332788001704987,-0.3381219858032651
2021-01-29,-0.36686862,-0.352042264,-0.309660261,-0.292211691,-0.318075785,-0.40136737,-0.34188604,-0.3522484,-0.36110163,-0.3381826796015547,-0.3335537065463327,-0.3381826795391868
2021-02-01,-0.3492254,-0.344084916,-0.304785535,-0.25768084,-0.316993315,-0.39937723,-0.34122497,-0.35424477,-0.35879064,-0.3448216833869995,-0.3400389386356227,-0.3448216765648796
2021-02-02,-0.33050263,-0.35248795,-0.31679217,-0.344550034,-0.341747928,-0.39798898,-0.34487832,-0.352381,-0.35628164,-0.3477868070504237,-0.3428208980662875,-0.3477868040035094
2021-02-03,-0.30409977,-0.373594696,-0.328481711,-0.293905217,-0.344815071,-0.39565128,-0.3484158,-0.3483355,-0.34824008,-0.3462438486750052,-0.3411696505820078,-0.3462438502605181
2021-02-04,-0.29802716,-0.375129926,-0.323679811,-0.323721508,-0.346813786,-0.3941286,-0.34685022,-0.34415802,-0.3440628,-0.3410269486553572,-0.3358113959274545,-0.3410269540161507
2021-02-05,-0.29021558,-0.368466764,-0.30898614,-0.300950792,-0.330067305,-0.39227822,-0.34043044,-0.33499932,-0.33618236,-0.3297447182441763,-0.3248698598019819,-0.3297447298375972
2021-02-08,-0.31538674,-0.362969032,-0.293202965,-0.287805558,-0.320534214,-0.38988003,-0.32944176,-0.32415307,-0.3278084,-0.3144141089720624,-0.3102539584806071,-0.3144141247255303
2021-02-09,-0.34382927,-0.360970322,-0.289959063,-0.287039051,-0.312085871,-0.3876111,-0.3217895,-0.31894144,-0.32205015,-0.3076463752078388,-0.3040498890318626,-0.3076463821622554
2021-02-10,-0.3575586,-0.356507922,-0.297638619,-0.295352213,-0.318124059,-0.38590652,-0.32735878,-0.32085115,-0.32434142,-0.3103117032169394,-0.3069844471487974,-0.3103117004781038
2021-02-18,-0.35344738,-0.35151949,-0.307230988,-0.299945441,-0.323760358,-0.3854855,-0.33296365,-0.32411247,-0.32753977,-0.3210034687900846,-0.3174411812171239,-0.3210034578034174
2021-02-19,-0.3736944,-0.357162842,-0.309921805,-0.321901682,-0.332132995,-0.3865411,-0.33585596,-0.32861862,-0.33077058,-0.33208750913362,-0.3280584688214158,-0.3320874977438499
2021-02-22,-0.40669337,-0.355798526,-0.314516193,-0.354369155,-0.331876199,-0.38881427,-0.34095532,-0.3385676,-0.33691606,-0.3487832714598954,-0.3439578071755665,-0.3487832543036211
2021-02-23,-0.4450824,-0.35828877,-0.327204943,-0.358994272,-0.342819337,-0.39112866,-0.35055906,-0.34781054,-0.3424716,-0.3670445993855932,-0.3615154941105013,-0.3670445806205663
2021-02-24,-0.47646803,-0.375586972,-0.335084708,-0.372958142,-0.363877473,-0.39449796,-0.3605196,-0.36284918,-0.35689172,-0.3872952257179066,-0.381169930130015,-0.3872952049087109
2021-02-25,-0.47168985,-0.39808054,-0.366628448,-0.404831938,-0.38706441,-0.3988746,-0.38051453,-0.3812557,-0.3787982,-0.4110771120252815,-0.4042163925141089,-0.4110770875874251
2021-02-26,-0.4322681,-0.41182002,-0.403171542,-0.417047952,-0.389069656,-0.402388,-0.40240684,-0.39895868,-0.39406478,-0.4347256088626176,-0.4267562219691417,-0.434725584561826
2021-03-01,-0.3740969,-0.40273426,-0.404823969,-0.37560529,-0.394230105,-0.4048627,-0.4112478,-0.40438545,-0.39764184,-0.4464403522931019,-0.4374847700721184,-0.446440340255219
2021-03-02,-0.30408397,-0.393041166,-0.386049314,-0.383088904,-0.372856014,-0.40705842,-0.40282923,-0.39871627,-0.3915372,-0.4399210563641964,-0.4305234366616178,-0.4399210630632943
2021-03-03,-0.26202166,-0.356816436,-0.346822665,-0.343382427,-0.354647992,-0.40742683,-0.37855887,-0.38811892,-0.38364562,-0.4117213733921446,-0.4027914682179079,-0.4117214023696342
2021-03-04,-0.23515151,-0.312062942,-0.307306102,-0.266215057,-0.32535242,-0.4054869,-0.3402168,-0.3656013,-0.377989,-0.3688321008325317,-0.3613778245902397,-0.3688321449048001
2021-03-05,-0.24191198,-0.285823548,-0.272901902,-0.275896201,-0.270060101,-0.40169972,-0.30593842,-0.33811322,-0.354683,-0.3215244337700917,-0.3161190682852365,-0.3215244823826376
2021-03-08,-0.23412445,-0.26518079,-0.260493212,-0.243602311,-0.239665177,-0.396394,-0.28555638,-0.31308654,-0.3308156,-0.28345320892246,-0.2800719334067989,-0.2834532480438101
2021-03-09,-0.25516653,-0.243516306,-0.257074057,-0.203211579,-0.245918522,-0.39074737,-0.26889876,-0.29194197,-0.31469232,-0.2554587204040667,-0.2536870997774831,-0.2554587491707355
2021-03-10,-0.24567012,-0.246932866,-0.241444644,-0.190803979,-0.253317494,-0.38406622,-0.26760727,-0.27881956,-0.3022287,-0.2456752299248696,-0.2446936542220074,-0.2456752399782365
2021-03-11,-0.23956569,-0.264259592,-0.242970159,-0.274280448,-0.254029029,-0.3749721,-0.27036387,-0.2717594,-0.302783,-0.2424049220448441,-0.241687208823973,-0.2424049254053634
2021-03-12,-0.18911472,-0.273455256,-0.255597975,-0.227251613,-0.25286261,-0.36129206,-0.28119114,-0.26762718,-0.29275787,-0.2432877566774381,-0.2424598141551447,-0.2432877557702567
2021-03-15,-0.16468348,-0.264591432,-0.245394066,-0.184671747,-0.256139784,-0.3395223,-0.26975286,-0.255989,-0.27163842,-0.2327283064687472,-0.2320285320674298,-0.2327283173194458
2021-03-16,-0.13616435,-0.24807687,-0.230072815,-0.19296101,-0.237283199,-0.31131405,-0.25093713,-0.240225,-0.25451103,-0.2188401109489282,-0.2183559399610029,-0.2188401252201971
2021-03-17,-0.14989766,-0.225958374,-0.193893356,-0.199410065,-0.194517717,-0.27794385,-0.22011228,-0.21653138,-0.23060174,-0.1950396737835633,-0.1953793587060015,-0.1950396982404754
2021-03-18,-0.18962899,-0.210584986,-0.16616239,-0.114844906,-0.183553736,-0.24473825,-0.19398381,-0.19721244,-0.2139596,-0.1758851821849573,-0.1771769024606428,-0.1758852018677906
2021-03-19,-0.24176171,-0.210873496,-0.157559009,-0.08389057,-0.170802374,-0.21604407,-0.18810634,-0.18825725,-0.19946447,-0.1658978432496786,-0.1681858042172925,-0.1658978535125072
2021-03-22,-0.24731657,-0.220704682,-0.178567828,-0.17767863,-0.186654347,-0.19507527,-0.20196107,-0.19044225,-0.19872646,-0.1764272401787941,-0.1788787931749819,-0.1764272293589873
2021-03-23,-0.24370238,-0.230796242,-0.195961431,-0.175282869,-0.202268218,-0.18427113,-0.21285677,-0.19747755,-0.20263158,-0.1929538592927938,-0.1950113982118405,-0.1929538423103287
2021-03-24,-0.25388774,-0.23712705,-0.207777347,-0.163273339,-0.21228508,-0.17974295,-0.23574086,-0.20737238,-0.20899506,-0.2144614678277875,-0.2154514228248754,-0.2144614457269416
2021-03-25,-0.24513075,-0.230887762,-0.214195374,-0.265426391,-0.222755333,-0.17900273,-0.24213414,-0.2161568,-0.21476063,-0.2352594834010495,-0.2350906951254611,-0.2352594620293632
2021-03-26,-0.23292623,-0.220135852,-0.201821813,-0.227553696,-0.217454794,-0.17891614,-0.24298081,-0.2201887,-0.21525584,-0.2463598331825492,-0.2454237167509738,-0.2463598217760091
2021-03-29,-0.22726528,-0.232803464,-0.189304603,-0.190031242,-0.209711642,-0.18169267,-0.23705849,-0.21766528,-0.21344453,-0.2445927381947837,-0.243619399259079,-0.2445927400106067
2021-03-30,-0.24382773,-0.241834756,-0.20703405,-0.165378207,-0.214308949,-0.18384664,-0.23683453,-0.2154328,-0.21936142,-0.2405824795165867,-0.2397022110569847,-0.2405824836374576
2021-03-31,-0.23877518,-0.256136256,-0.220620172,-0.190566985,-0.224866065,-0.18719056,-0.24133332,-0.2189515,-0.21586974,-0.2406075481823519,-0.2397705344537033,-0.240607548156596
2021-04-01,-0.24921565,-0.23982575,-0.227324702,-0.255737864,-0.233995339,-0.19108878,-0.2383835,-0.2218632,-0.22696276,-0.2375850328706855,-0.236968441161147,-0.2375850359765674
2021-04-02,-0.28497872,-0.25172914,-0.221364399,-0.267949696,-0.24397898,-0.1986026,-0.24057312,-0.225416,-0.22920223,-0.2384020144756291,-0.2378747039697918,-0.2384020136361168
2021-04-06,-0.32682714,-0.277691954,-0.223753339,-0.259733747,-0.25772009,-0.2102093,-0.25220102,-0.2328969,-0.2400282,-0.2488125131703338,-0.2480658834812299,-0.2488125024726933
2021-04-07,-0.3361158,-0.290909616,-0.242585842,-0.302392462,-0.274137324,-0.22342329,-0.26244572,-0.24965559,-0.25350195,-0.2687248861132935,-0.2674097889986404,-0.2687248656516893
2021-04-08,-0.34172967,-0.296195896,-0.248804879,-0.238444904,-0.288422903,-0.24143735,-0.2786646,-0.26541445,-0.26517844,-0.2871824983340383,-0.2852710742483649,-0.2871824793673098
2021-04-09,-0.33904395,-0.318324764,-0.270629593,-0.209630319,-0.292536922,-0.26412603,-0.2922222,-0.28114995,-0.27906108,-0.307773397199229,-0.3049204167821079,-0.3077733760403753
2021-04-12,-0.34242564,-0.324092122,-0.283059974,-0.238515314,-0.294585201,-0.28882238,-0.30791396,-0.2929862,-0.28608373,-0.3257390563864963,-0.3218470819767278,-0.3257390379252891
2021-04-13,-0.33090842,-0.335726056,-0.293051446,-0.357800312,-0.299187624,-0.3122106,-0.3127044,-0.3035531,-0.29284662,-0.3372284370175109,-0.3326289196145118,-0.3372284252112128
2021-04-14,-0.32018557,-0.336883564,-0.293553347,-0.349906406,-0.309300521,-0.3325229,-0.31076518,-0.306493,-0.30094105,-0.3380446941073489,-0.3332939246887162,-0.3380446932685658
2021-04-15,-0.3087348,-0.342842018,-0.291023881,-0.36923179,-0.302451115,-0.3461234,-0.31452888,-0.3064136,-0.3053813,-0.3348586498371751,-0.3301268192761358,-0.3348586531110956
2021-04-16,-0.2992217,-0.342382852,-0.290703729,-0.33431293,-0.310528626,-0.35446694,-0.31505722,-0.3055847,-0.3105874,-0.3282596772577899,-0.3237130623341412,-0.3282596840387778
2021-04-19,-0.28398284,-0.339856584,-0.293294256,-0.253302639,-0.30465707,-0.3579943,-0.31635138,-0.30539185,-0.31523612,-0.3202952277415122,-0.3160061454995087,-0.3202952359256431
2021-04-20,-0.2874572,-0.330719918,-0.291234204,-0.26286039,-0.292828373,-0.35886416,-0.31335813,-0.30234104,-0.3095829,-0.308606671064498,-0.3047790639861952,-0.3086066830754553
2021-04-21,-0.31505153,-0.317840314,-0.273763396,-0.278437777,-0.284521232,-0.3595461,-0.30400398,-0.3005747,-0.30618027,-0.2999164223893942,-0.2965111394605039,-0.2999164313193484
2021-04-22,-0.34966403,-0.319797618,-0.257273865,-0.297828211,-0.284874556,-0.36155772,-0.3032392,-0.30429277,-0.3073965,-0.2988896149792066,-0.295772131164862,-0.2988896160343444
2021-04-23,-0.36653024,-0.336345162,-0.27325013,-0.316433894,-0.306837052,-0.36395007,-0.31490523,-0.30912673,-0.3142961,-0.3070754615389702,-0.3039753821817479,-0.3070754531273439
2021-04-26,-0.39521667,-0.36218206,-0.303075114,-0.268536102,-0.335022097,-0.36702457,-0.33351466,-0.31640744,-0.32238784,-0.3205371722597452,-0.3171403643287352,-0.3205371584267268
2021-04-27,-0.40812945,-0.386613212,-0.331505583,-0.313908718,-0.355796623,-0.36979496,-0.35101905,-0.3303348,-0.33235037,-0.3427839345194663,-0.3385822176687423,-0.3427839116590827
2021-04-28,-0.3894112,-0.403453828,-0.341912446,-0.346059946,-0.372535624,-0.37274596,-0.36665782,-0.34634683,-0.34325156,-0.3669183855253268,-0.361633837108937,-0.3669183607251792
2021-04-29,-0.36917016,-0.402645804,-0.333204768,-0.345445828,-0.368027255,-0.37555772,-0.36922628,-0.3534358,-0.3481907,-0.3817903200481075,-0.3755991079210977,-0.3817903047659519
2021-04-30,-0.35533348,-0.382227688,-0.327068711,-0.33041598,-0.361420817,-0.38019866,-0.36216822,-0.35423976,-0.3482412,-0.3856915417830234,-0.3790134013946995,-0.3856915377741831
2021-05-06,-0.3447949,-0.355282854,-0.331342051,-0.342331962,-0.346227584,-0.38204694,-0.35396755,-0.35222152,-0.34894243,-0.3834521895235657,-0.3765498220847607,-0.3834521918246794
2021-05-07,-0.33890167,-0.345478524,-0.32465604,-0.342649588,-0.32669024,-0.3845679,-0.34114912,-0.34715572,-0.34792194,-0.3733678350629607,-0.3667668726857888,-0.3733678454254628
2021-05-10,-0.35589424,-0.332574756,-0.309514538,-0.283708859,-0.305835775,-0.38632363,-0.3243633,-0.34316733,-0.35055876,-0.3595222807405992,-0.3535830749455775,-0.3595222949680504
2021-05-11,-0.36699587,-0.321835678,-0.296464084,-0.282616301,-0.309936429,-0.38763323,-0.31716913,-0.34507617,-0.35273916,-0.3528188849506261,-0.3473759047463567,-0.3528188918389286
2021-05-12,-0.36775023,-0.331256822,-0.300558057,-0.340933546,-0.328899693,-0.38814697,-0.3288325,-0.35164714,-0.35655233,-0.3523840309541869,-0.3471666281811183,-0.3523840314010421
2021-05-13,-0.35592765,-0.359911346,-0.320225421,-0.351383115,-0.340786815,-0.39035553,-0.33942783,-0.3568967,-0.35700536,-0.354867379793005,-0.3496534757718625,-0.3548673772411612
2021-05-14,-0.35995275,-0.371072168,-0.349316217,-0.372004394,-0.361860113,-0.39185694,-0.35666817,-0.3603169,-0.36168477,-0.3570939288205477,-0.3517120603662882,-0.3570939265325837
2021-05-17,-0.36544865,-0.387499576,-0.349084769,-0.338520566,-0.367280702,-0.39382607,-0.36791784,-0.36307627,-0.36253637,-0.3613041426684937,-0.3556195795578759,-0.3613041383421519
2021-05-18,-0.3835733,-0.392937326,-0.34833668,-0.364130655,-0.368136255,-0.39734364,-0.36351067,-0.36234885,-0.36418384,-0.3632150266350659,-0.3574319139156906,-0.3632150246714717
2021-05-19,-0.40005293,-0.398277046,-0.347572888,-0.364882951,-0.372679567,-0.39903796,-0.3729663,-0.36296418,-0.36438277,-0.3665305076599091,-0.3607521116254383,-0.3665305042529788
2021-05-20,-0.41224006,-0.40002518,-0.355978729,-0.382653722,-0.375512515,-0.4006051,-0.38632277,-0.36667344,-0.36756423,-0.3729910489039502,-0.3671375707627872,-0.3729910422652116
2021-05-21,-0.4183108,-0.40880269,-0.375949783,-0.391128169,-0.390272212,-0.40238228,-0.39300787,-0.37473905,-0.3741586,-0.3842535338056022,-0.3780119070770058,-0.3842535222324702
2021-05-24,-0.439659,-0.39966446,-0.381710618,-0.383671869,-0.400060635,-0.4039076,-0.4098142,-0.381953,-0.38189352,-0.3959251436893682,-0.389192202627757,-0.3959251316958218
2021-05-25,-0.42866153,-0.392614352,-0.385649195,-0.410494501,-0.402277958,-0.40604,-0.41544205,-0.3923508,-0.390741,-0.4107672111217335,-0.4034167654170923,-0.4107671958702819
2021-05-26,-0.40794095,-0.37728638,-0.364524556,-0.448115338,-0.398119581,-0.4078239,-0.41075975,-0.3994133,-0.39167428,-0.4197848575978349,-0.4119417477210339,-0.4197848483314493
2021-05-27,-0.38489884,-0.374961826,-0.352480719,-0.405201664,-0.392011721,-0.4098548,-0.40245563,-0.4007713,-0.39164522,-0.4213624593272909,-0.4132312659997978,-0.4213624577061664
2021-05-28,-0.38234514,-0.36820933,-0.358027837,-0.374128517,-0.399275222,-0.41109523,-0.40304765,-0.39665407,-0.3937886,-0.4158942167928673,-0.4077173844032211,-0.4158942224119324
2021-05-31,-0.38632035,-0.384837828,-0.364985298,-0.383840269,-0.398089043,-0.4123427,-0.39935687,-0.39332202,-0.39341637,-0.408701085852492,-0.4006601357710915,-0.4087010932440286
2021-06-01,-0.41754547,-0.400550432,-0.366469526,-0.400177924,-0.396202272,-0.4124495,-0.3948769,-0.39136013,-0.39688626,-0.3980333582682646,-0.390559213711251,-0.3980333692302355
2021-06-02,-0.44472256,-0.419942968,-0.36388152,-0.400980428,-0.400448057,-0.41211668,-0.4018628,-0.39392242,-0.396811,-0.395810152093129,-0.3887792471511822,-0.3958101543776666
2021-06-03,-0.43502018,-0.433641562,-0.376627859,-0.412194841,-0.413430179,-0.41308242,-0.4165205,-0.40042758,-0.40368292,-0.4031664742332338,-0.3961942245753182,-0.4031664666740129
2021-06-04,-0.41653535,-0.440383394,-0.391915271,-0.427227978,-0.422700802,-0.4138061,-0.42803258,-0.40769997,-0.41157654,-0.4131907400047798,-0.4058298832460497,-0.4131907297040184
2021-06-07,-0.3919473,-0.434955232,-0.403779104,-0.429516336,-0.424661496,-0.41444564,-0.44093338,-0.41030133,-0.4143803,-0.4200287833541641,-0.4121556469798545,-0.4200287763275042
2021-06-08,-0.3693302,-0.429574496,-0.392752323,-0.414868339,-0.415487348,-0.41485533,-0.43279305,-0.41011494,-0.41404596,-0.4211541766300596,-0.4128132256444002,-0.4211541754736186
2021-06-09,-0.34367323,-0.408254034,-0.361531231,-0.383217223,-0.39968893,-0.41484848,-0.41608554,-0.4036555,-0.40693644,-0.411511122155847,-0.4032590798125248,-0.4115111320648736
2021-06-10,-0.3341555,-0.37861673,-0.341533833,-0.395410174,-0.376710123,-0.41348308,-0.39477414,-0.39375466,-0.39749235,-0.3913012584527093,-0.383780010585577,-0.3913012792200089
2021-06-11,-0.33768475,-0.36520887,-0.319091522,-0.38780039,-0.359035818,-0.41143984,-0.37436792,-0.38143638,-0.38757503,-0.3711283247939005,-0.3644787528775233,-0.3711283455232626
2021-06-15,-0.3495088,-0.3578532,-0.320175114,-0.359849156,-0.347372106,-0.40770617,-0.3661605,-0.37083584,-0.38158455,-0.3553582054703932,-0.3495409809906577,-0.355358221675503
2021-06-16,-0.3567055,-0.36563398,-0.324141935,-0.343865189,-0.350153279,-0.40404835,-0.36547887,-0.3624159,-0.37465352,-0.3468705009789242,-0.341664281082844,-0.346870509700752
2021-06-17,-0.36218515,-0.367049772,-0.325179532,-0.355173493,-0.352657503,-0.40104955,-0.3659895,-0.35815015,-0.37137115,-0.3443455574611597,-0.3394754762134889,-0.3443455600557549
2021-06-18,-0.37380636,-0.360562192,-0.325963279,-0.35163245,-0.348438296,-0.3974262,-0.35977203,-0.359749,-0.36531425,-0.3480479391328323,-0.3431158850639438,-0.3480479353283346
2021-06-21,-0.37129566,-0.34841363,-0.303935511,-0.323477959,-0.329479134,-0.39277992,-0.35488886,-0.36479267,-0.36555022,-0.3559781068107955,-0.3507478653659081,-0.3559780986618951
2021-06-22,-0.35323015,-0.355477784,-0.295871496,-0.348029253,-0.329110521,-0.38956642,-0.35079664,-0.36676404,-0.36815304,-0.3627002902674415,-0.3571296228966224,-0.3627002833598394
2021-06-23,-0.3405272,-0.34500651,-0.313665552,-0.332791235,-0.350171168,-0.38589188,-0.35232353,-0.363382,-0.36636946,-0.3634445613282752,-0.35768545922263,-0.3634445605634686
2021-06-24,-0.34334764,-0.34002437,-0.323757427,-0.343865516,-0.357522241,-0.38114536,-0.34488517,-0.35809818,-0.35818297,-0.3602089050116837,-0.3544048815297923,-0.3602089083365846
2021-06-25,-0.36295506,-0.337311966,-0.311856632,-0.312399838,-0.338710894,-0.37770006,-0.33311224,-0.3539658,-0.35289493,-0.35644140157702,-0.3507184804925337,-0.3564414054484416
2021-06-28,-0.3808461,-0.339354598,-0.294139309,-0.345130446,-0.32853439,-0.3771581,-0.32481247,-0.35189065,-0.35082778,-0.3542711453680226,-0.3488132617032844,-0.3542711475981425
2021-06-29,-0.40203646,-0.350370066,-0.308433209,-0.358567759,-0.335631186,-0.37800184,-0.33554643,-0.35313454,-0.35479468,-0.3561812332854213,-0.3509246922855942,-0.3561812313226519
2021-06-30,-0.42448997,-0.381314482,-0.335761158,-0.354748966,-0.362880913,-0.38100106,-0.35104123,-0.3592678,-0.36059308,-0.3659424943297503,-0.3605080391071713,-0.3659424842992534
2021-07-01,-0.4351481,-0.3917537,-0.374654257,-0.353384362,-0.376787587,-0.38634616,-0.37746853,-0.3707402,-0.37304485,-0.3827350460530994,-0.3767224486922859,-0.3827350287973675
2021-07-02,-0.43571684,-0.406751536,-0.395966719,-0.381295308,-0.402297641,-0.3913401,-0.39701232,-0.38332877,-0.38038924,-0.4010951368058452,-0.394294858652033,-0.4010951179393311
2021-07-05,-0.43440256,-0.412116,-0.382342065,-0.408513612,-0.415280145,-0.39589655,-0.40832677,-0.39339003,-0.38765484,-0.4156474934195296,-0.408129583368767,-0.4156474784657725
2021-07-06,-0.41472322,-0.41930404,-0.379984722,-0.420656462,-0.42340577,-0.40079778,-0.40896654,-0.40201887,-0.39601475,-0.426358783743107,-0.418222822225286,-0.4263587727363639
2021-07-07,-0.3915569,-0.402598606,-0.383159359,-0.423961022,-0.420951364,-0.4041595,-0.4105205,-0.40384802,-0.40064105,-0.4288961358044431,-0.4203978967419575,-0.4288961331970948
2021-07-08,-0.38402396,-0.388641986,-0.381577763,-0.410148869,-0.4089331,-0.4060823,-0.40358514,-0.39877507,-0.39862996,-0.4223095190059379,-0.4138448629347236,-0.4223095257742232
2021-07-09,-0.3645267,-0.366048996,-0.359838185,-0.390628717,-0.384770513,-0.40552968,-0.38629833,-0.3938601,-0.3979996,-0.4120846969730659,-0.4039373242378479,-0.4120847074799146
2021-07-12,-0.33970457,-0.36135129,-0.340500445,-0.355827234,-0.375003679,-0.40375343,-0.3718331,-0.38925657,-0.39416122,-0.397846665230668,-0.3902176265413485,-0.3978466798614219
2021-07-13,-0.35396168,-0.335245462,-0.331204115,-0.349152108,-0.361565437,-0.40008622,-0.36470157,-0.3810753,-0.39278352,-0.3789070676784851,-0.3720348623521218,-0.378907087140487
2021-07-14,-0.36259,-0.329412644,-0.330979515,-0.339603195,-0.352815873,-0.3958538,-0.34200907,-0.37526625,-0.3843372,-0.3667547575218861,-0.360535451038653,-0.3667547700093996
2021-07-15,-0.36580715,-0.316837108,-0.309598923,-0.312564599,-0.331347817,-0.3885734,-0.3268923,-0.37294725,-0.38105753,-0.3609613790116616,-0.3551576270408599,-0.3609613849648451
2021-07-16,-0.36595258,-0.321853022,-0.287609618,-0.339153665,-0.315306772,-0.3832433,-0.31124887,-0.3712789,-0.37879688,-0.357318011620822,-0.3518742671871894,-0.3573180153646864
2021-07-19,-0.3757237,-0.305439414,-0.294367033,-0.319507888,-0.31835324,-0.37890667,-0.30830678,-0.37004724,-0.37808886,-0.3576031902050149,-0.3522506051625252,-0.3576031899119744
2021-07-20,-0.38807487,-0.30867459,-0.309313107,-0.35834627,-0.331490075,-0.37562513,-0.3079844,-0.37370884,-0.3766195,-0.3648070101083226,-0.3591133428075522,-0.3648070027058077
2021-07-21,-0.3842896,-0.31563082,-0.318655773,-0.308637776,-0.3486812,-0.3713527,-0.31169376,-0.37463987,-0.37701267,-0.3716296527531468,-0.3656948570595898,-0.3716296457423154
2021-07-22,-0.37021393,-0.347354406,-0.312505601,-0.342564629,-0.365604185,-0.36860126,-0.3152299,-0.37473866,-0.37416586,-0.3759695709016784,-0.3698516900149874,-0.37596956644205
2021-07-23,-0.38075882,-0.359536018,-0.33022637,-0.327548722,-0.376123972,-0.36777925,-0.32652253,-0.37147814,-0.37279332,-0.3768509298707579,-0.3705831409241094,-0.3768509289650849
2021-07-26,-0.37112954,-0.373331306,-0.346665854,-0.330904792,-0.378513054,-0.36643115,-0.3311997,-0.37267238,-0.37157497,-0.3798121809449365,-0.3733573506683104,-0.3798121779020077
2021-07-27,-0.36655116,-0.361758964,-0.350785319,-0.331260374,-0.362762056,-0.3653885,-0.330199,-0.3706981,-0.37208205,-0.378893357197678,-0.3723970947709221,-0.3788933581418415
2021-07-28,-0.3647018,-0.355443776,-0.334993859,-0.336305032,-0.35776864,-0.36301273,-0.32389754,-0.3685831,-0.37051544,-0.3745886116657132,-0.3682759503996947,-0.3745886160891926
2021-07-29,-0.36360338,-0.356749134,-0.32123179,-0.328791788,-0.353630541,-0.36496454,-0.3265177,-0.3682962,-0.3703577,-0.3706710547510807,-0.3645434343728594,-0.3706710587766957
2021-07-30,-0.33353174,-0.343167156,-0.338176588,-0.358851197,-0.353127085,-0.36147395,-0.3257723,-0.3690862,-0.3704482,-0.3693489430307071,-0.363234550703527,-0.3693489443892893
2021-08-02,-0.29360268,-0.314897108,-0.324674178,-0.31568837,-0.344860842,-0.35454482,-0.313072,-0.3665081,-0.36636382,-0.3599035235185767,-0.3540740013085841,-0.3599035332245199
2021-08-03,-0.24928035,-0.299861114,-0.284807189,-0.283672004,-0.319100287,-0.34486347,-0.2870523,-0.35583648,-0.359094,-0.3443981455388777,-0.3389366774171149,-0.3443981614719329
2021-08-04,-0.23859479,-0.284366556,-0.252423584,-0.283288932,-0.299366445,-0.33189076,-0.27062392,-0.33821434,-0.34573454,-0.3209439845039102,-0.3161103935893846,-0.320944008604997
2021-08-05,-0.26642716,-0.262876054,-0.239629788,-0.281586215,-0.265024182,-0.30505538,-0.24804433,-0.31619912,-0.32644376,-0.2957225807550086,-0.2918340161229841,-0.2957226066720904
2021-08-06,-0.3022362,-0.259802622,-0.221828207,-0.22402344,-0.235586526,-0.2800308,-0.23086253,-0.3000458,-0.30879408,-0.2762873366556916,-0.2735861331718661,-0.2762873566270226
2021-08-09,-0.3108235,-0.2678563,-0.244761856,-0.227649718,-0.241766757,-0.25447747,-0.23887141,-0.29357955,-0.3067047,-0.2700282303744014,-0.2681840468437649,-0.2700282368061659
2021-08-10,-0.32943478,-0.27876592,-0.265222556,-0.29357021,-0.260562355,-0.2362262,-0.24798346,-0.2949173,-0.30008817,-0.2734723978262929,-0.2718932378900842,-0.2734723942871355
2021-08-11,-0.3220836,-0.291949712,-0.280989861,-0.271001652,-0.280773616,-0.23121873,-0.2582733,-0.30277622,-0.30282044,-0.2895032846294013,-0.2873718919143433,-0.2895032681563491
2021-08-12,-0.32124877,-0.31044483,-0.297763984,-0.303204443,-0.297295327,-0.23659551,-0.27078554,-0.3097165,-0.30490768,-0.3062010472691,-0.3031506032794119,-0.306201030110765
2021-08-13,-0.3099547,-0.321319134,-0.303710079,-0.292720528,-0.314114994,-0.25464493,-0.2894675,-0.31041914,-0.30723912,-0.3171653709415093,-0.313427247761316,-0.3171653596747515
2021-08-16,-0.32014027,-0.337678406,-0.296309627,-0.316072886,-0.319341653,-0.27971447,-0.28916943,-0.30726185,-0.30413762,-0.3187090698589629,-0.3147486731402642,-0.3187090682726743
2021-08-17,-0.33417955,-0.34270381,-0.307582449,-0.289997428,-0.319263291,-0.29963005,-0.29779068,-0.30642444,-0.3054877,-0.3205724244618936,-0.3164814075418183,-0.3205724225471426
2021-08-18,-0.34616354,-0.358250366,-0.312350332,-0.299184852,-0.317031409,-0.31670243,-0.30663905,-0.3081524,-0.30352578,-0.3215213792265923,-0.3175364405162091,-0.3215213782514616
2021-08-19,-0.33658627,-0.364431988,-0.31921919,-0.2842139,-0.323666166,-0.33641487,-0.31874657,-0.3118915,-0.3116534,-0.3263373689719256,-0.3222921172071385,-0.3263373640231009
2021-08-20,-0.32462156,-0.368520686,-0.323781415,-0.286915105,-0.328154035,-0.35078335,-0.32757518,-0.31478494,-0.3173113,-0.3294048698845372,-0.3252463839783724,-0.3294048667324239
2021-08-23,-0.31387326,-0.366876248,-0.321517456,-0.34176418,-0.329160586,-0.36207694,-0.33672863,-0.3196198,-0.32215473,-0.3323382411410193,-0.3278767871466586,-0.3323382381267369
2021-08-24,-0.29893073,-0.36156013,-0.314504973,-0.348615613,-0.313842568,-0.37082833,-0.3344062,-0.32123116,-0.32172152,-0.3310848403185105,-0.3264778131444167,-0.3310848416064793
2021-08-25,-0.2879311,-0.34940668,-0.29426474,-0.32879124,-0.307853088,-0.37642026,-0.32963958,-0.31974298,-0.31997404,-0.3240350780864024,-0.3195696089577771,-0.3240350853306115
2021-08-26,-0.31106445,-0.329508488,-0.279752802,-0.270495876,-0.296674091,-0.37563038,-0.31876323,-0.31446198,-0.3166702,-0.3123885938774687,-0.3083843133810204,-0.3123886058451921
2021-08-27,-0.31802568,-0.316422928,-0.27485937,-0.298560349,-0.289069443,-0.3729732,-0.31226906,-0.3143366,-0.31634822,-0.3072842258431544,-0.3036780082548405,-0.3072842310883227
2021-08-30,-0.32850453,-0.312820764,-0.275156255,-0.245872218,-0.269462837,-0.3692897,-0.30898267,-0.31417993,-0.31518084,-0.3059650511866963,-0.302610219053271,-0.3059650525422617
2021-08-31,-0.35671675,-0.311722724,-0.282964851,-0.271750019,-0.277502519,-0.36330506,-0.31504264,-0.3148635,-0.31441313,-0.3088913057817618,-0.3056004314655249,-0.3088913027747971
2021-09-01,-0.36399868,-0.307664766,-0.291105047,-0.31400696,-0.293760054,-0.3611068,-0.31621537,-0.31880647,-0.31933966,-0.3204485089123979,-0.316860911680076,-0.3204484970364225
2021-09-02,-0.3560747,-0.318551426,-0.298171263,-0.294304124,-0.314685559,-0.36016533,-0.32119954,-0.32833588,-0.32795405,-0.3356620224628444,-0.3314237746744301,-0.3356620068297016
2021-09-03,-0.34584227,-0.32108635,-0.295378982,-0.316454572,-0.322277109,-0.36233178,-0.31873763,-0.3315628,-0.33015326,-0.344664073198858,-0.3399674540315051,-0.3446640639484979
2021-09-06,-0.3581823,-0.32069084,-0.295443811,-0.260350231,-0.324142652,-0.36413413,-0.31988293,-0.33387727,-0.33067024,-0.3502273901340308,-0.3450942385567185,-0.3502273844172577
2021-09-07,-0.36325178,-0.351388962,-0.304633661,-0.327177401,-0.316065846,-0.37047225,-0.32574734,-0.33625472,-0.3299101,-0.3561629414670453,-0.3506565063033758,-0.3561629353677745
2021-09-08,-0.37885463,-0.367153188,-0.324066542,-0.34016019,-0.335931415,-0.3754667,-0.33856493,-0.34092197,-0.33922988,-0.3574699456788013,-0.3519532935895195,-0.3574699443357413
2021-09-09,-0.39348984,-0.386651888,-0.334847119,-0.376695302,-0.350789791,-0.3811412,-0.34421626,-0.3449748,-0.3447796,-0.3604411343774003,-0.3549701756219044,-0.3604411313242593
2021-09-10,-0.40785438,-0.39424136,-0.348180628,-0.375908201,-0.354298969,-0.38643867,-0.35313922,-0.35273018,-0.3541108,-0.3679241659551125,-0.3622886470372823,-0.3679241582656818
2021-09-13,-0.41208044,-0.397503054,-0.353954581,-0.4040078,-0.353783922,-0.39098185,-0.36584657,-0.3649033,-0.36164272,-0.3803265849523888,-0.3742200358774185,-0.3803265722078801
2021-09-14,-0.43366593,-0.404914928,-0.36403184,-0.356190694,-0.379137412,-0.3964252,-0.3779071,-0.37394828,-0.37192154,-0.3911062140382015,-0.3845498481531952,-0.3911062029612371
2021-09-15,-0.43786728,-0.401985138,-0.373646784,-0.383496834,-0.398707774,-0.4000786,-0.38885492,-0.3859049,-0.38415304,-0.4051890442215518,-0.3980609623167778,-0.4051890297502795
2021-09-16,-0.41914228,-0.394151206,-0.379626649,-0.390947995,-0.403737852,-0.40303016,-0.39545727,-0.39641953,-0.39228782,-0.4169915718403116,-0.4093436609158396,-0.4169915597122335
2021-09-17,-0.4031806,-0.38842567,-0.371198464,-0.426606298,-0.407295084,-0.4042355,-0.39677727,-0.4015738,-0.39863116,-0.4221220571014205,-0.4140853128989749,-0.4221220518294144
2021-09-22,-0.3849833,-0.383106264,-0.367149222,-0.414996868,-0.404219325,-0.405164,-0.3945277,-0.39995566,-0.39752272,-0.4211873012762765,-0.4129715850509693,-0.4211873022368093
2021-09-23,-0.35533696,-0.371145632,-0.364260208,-0.392783527,-0.396373198,-0.40391406,-0.3872744,-0.3969229,-0.39701274,-0.4157678717563979,-0.4075073196409595,-0.4157678773253065
2021-09-24,-0.32615674,-0.368916856,-0.334919987,-0.38170903,-0.373479618,-0.40246406,-0.3696118,-0.3915232,-0.3915546,-0.4001020786940508,-0.3923027510670797,-0.4001020947919413
2021-09-27,-0.33034497,-0.347635756,-0.32432788,-0.335438041,-0.354990948,-0.399503,-0.35556966,-0.37969974,-0.3890744,-0.3777599736888486,-0.3707819697529443,-0.377759996647207
2021-09-28,-0.33375195,-0.343183342,-0.31172563,-0.343399496,-0.346235255,-0.39676133,-0.3400245,-0.36915767,-0.37762064,-0.3600005154215409,-0.3538296528923588,-0.3600005336708617
2021-09-29,-0.35552955,-0.343397274,-0.305170963,-0.326257232,-0.339492096,-0.39433908,-0.33214337,-0.36081183,-0.36983567,-0.3461147852989,-0.3407200745159268,-0.3461147995676432
2021-09-30,-0.3691386,-0.347596806,-0.307963907,-0.31794438,-0.332063254,-0.39185548,-0.3333753,-0.3574896,-0.3605528,-0.3402240335524461,-0.3354340034016192,-0.3402240396056905
2021-10-08,-0.36953694,-0.356495604,-0.320868861,-0.338353562,-0.336782425,-0.39033684,-0.34393805,-0.35789043,-0.3653375,-0.3429843631789879,-0.3383570878297788,-0.3429843603425294
2021-10-11,-0.35723573,-0.374420838,-0.333190234,-0.348873171,-0.358992265,-0.3903559,-0.3572392,-0.3629476,-0.36690143,-0.3516604015890984,-0.3466840939388556,-0.3516603926737559
2021-10-12,-0.35684308,-0.385395186,-0.34678008,-0.359649133,-0.369926572,-0.39177248,-0.36874294,-0.3635315,-0.36791152,-0.3570385483123556,-0.3516991395434153,-0.3570385427858604
2021-10-13,-0.36471027,-0.3941473,-0.349834086,-0.316285205,-0.378137136,-0.39273757,-0.3707573,-0.3628285,-0.36122805,-0.3616567756451238,-0.3559405398723144,-0.3616567708995114
2021-10-14,-0.35820076,-0.397256722,-0.343032864,-0.388696658,-0.373924627,-0.3950279,-0.3763023,-0.36018682,-0.35589916,-0.3634929185561535,-0.3576698502888966,-0.3634929166693615
2021-10-15,-0.37519467,-0.397525366,-0.348761363,-0.406665952,-0.374262171,-0.39746866,-0.38180166,-0.35775864,-0.35670587,-0.3613053499861501,-0.3555887333303809,-0.3613053522340539
2021-10-18,-0.37461424,-0.40353035,-0.353878572,-0.375731792,-0.372468262,-0.40009052,-0.38691446,-0.35685182,-0.35998774,-0.3624368956226937,-0.356814834325148,-0.3624368944599402
2021-10-19,-0.35785007,-0.404431586,-0.362538805,-0.369872412,-0.372324839,-0.402412,-0.3937302,-0.3590085,-0.36179593,-0.3659126019296953,-0.3601715125118148,-0.3659125983581213
2021-10-20,-0.3407129,-0.397075798,-0.354543462,-0.382420425,-0.371356245,-0.403922,-0.39651465,-0.35976964,-0.36006293,-0.3661140036578613,-0.3602475076576715,-0.3661140034509008
2021-10-21,-0.35504293,-0.381675816,-0.337324458,-0.393931805,-0.364920715,-0.40541667,-0.39158705,-0.35854435,-0.35915646,-0.3613145357921805,-0.3554959413234247,-0.3613145407240264
2021-10-22,-0.36265418,-0.368996134,-0.331159109,-0.373127075,-0.364012999,-0.40655965,-0.3894176,-0.3603163,-0.35944584,-0.3606829676220241,-0.3548336207760118,-0.3606829682710172
2021-10-25,-0.37367183,-0.363463236,-0.329940714,-0.364144354,-0.358125518,-0.4078022,-0.3851489,-0.36067945,-0.3596878,-0.3581748714661341,-0.3525565704350573,-0.3581748740434088
2021-10-26,-0.38065928,-0.367351536,-0.332444185,-0.374189385,-0.354429095,-0.40835804,-0.38626808,-0.36150056,-0.36070046,-0.3579863864892431,-0.3525908033555213,-0.3579863866829295
2021-10-27,-0.39202347,-0.374393314,-0.336148688,-0.370262537,-0.358342938,-0.40870285,-0.39072463,-0.3628383,-0.36202845,-0.3625482248646604,-0.3570854128097427,-0.3625482201769983
2021-10-28,-0.38897192,-0.39179428,-0.344339794,-0.380019233,-0.380340077,-0.40941635,-0.40114442,-0.36815432,-0.3689165,-0.3728103338129641,-0.3669101820357211,-0.3728103232678023
2021-10-29,-0.39057902,-0.406696542,-0.349112844,-0.39727826,-0.377964709,-0.40983596,-0.40748173,-0.3697293,-0.37091953,-0.3795961337127366,-0.3733614178924214,-0.3795961267397608
2021-11-01,-0.38558385,-0.401047796,-0.359332196,-0.376366594,-0.3860078,-0.4094387,-0.41375223,-0.37344787,-0.37547168,-0.385181097076807,-0.3786402987632381,-0.3851810913377927
2021-11-02,-0.38732928,-0.401438416,-0.354139263,-0.379710548,-0.386716124,-0.40901834,-0.41100603,-0.3753932,-0.37174135,-0.3875635011883221,-0.3808346190785673,-0.387563498740201
2021-11-03,-0.36888877,-0.373738276,-0.350360474,-0.347292754,-0.380957303,-0.40740436,-0.40632027,-0.37824652,-0.375891,-0.388897504484419,-0.3820577490613557,-0.3888975031136189
2021-11-04,-0.35873842,-0.353238372,-0.340817724,-0.353983342,-0.37784429,-0.40640718,-0.38651237,-0.3756018,-0.3777709,-0.3842705667366659,-0.3775372582602053,-0.3842705714912218
2021-11-05,-0.35449284,-0.318500224,-0.321400945,-0.330567978,-0.362413518,-0.40403637,-0.3745078,-0.37282178,-0.37627527,-0.3782238673360693,-0.3716388887971451,-0.3782238735495528
2021-11-08,-0.3692768,-0.298364974,-0.310466754,-0.349171515,-0.326562019,-0.4014551,-0.35417062,-0.36996374,-0.3731529,-0.3710066364861161,-0.3646896518965116,-0.371006643902418
2021-11-09,-0.3651199,-0.288357252,-0.302633599,-0.314761337,-0.326660597,-0.39760053,-0.3523816,-0.36984676,-0.37184027,-0.3677452248987912,-0.3616712556405947,-0.3677452282501663
2021-11-10,-0.36100766,-0.313596244,-0.29667784,-0.347908938,-0.324045031,-0.3949961,-0.35061222,-0.36820403,-0.36886957,-0.3633033466542943,-0.3575540134336407,-0.3633033512186913
2021-11-11,-0.37351096,-0.318402246,-0.316422597,-0.329497975,-0.342653837,-0.39219278,-0.35035855,-0.3677101,-0.37052312,-0.3617271249678037,-0.3560740267024519,-0.3617271265875051
2021-11-12,-0.38899443,-0.347710868,-0.320316683,-0.358601654,-0.350274068,-0.39050338,-0.35091242,-0.36988717,-0.37008548,-0.3646816335445736,-0.3589470761946383,-0.3646816305085758
2021-11-15,-0.38037357,-0.36163977,-0.336210718,-0.34674878,-0.358687454,-0.39146623,-0.35446405,-0.371815,-0.37222174,-0.3715819499948347,-0.3656145757326913,-0.3715819429041916
2021-11-16,-0.39242953,-0.378806354,-0.340597208,-0.340870457,-0.367618126,-0.39312515,-0.36176395,-0.3708245,-0.37076974,-0.3738013037342036,-0.3677705604841684,-0.3738013014536287
2021-11-17,-0.4048681,-0.38675363,-0.351042115,-0.384029501,-0.387256074,-0.3954901,-0.37399262,-0.37322348,-0.37352,-0.3792632328205164,-0.37303868411353,-0.3792632272079348
2021-11-18,-0.41002622,-0.399706514,-0.367340541,-0.405454769,-0.399830331,-0.39864248,-0.3894236,-0.3784465,-0.37842405,-0.3880353220571257,-0.3814429350906928,-0.3880353130430802
2021-11-19,-0.42122695,-0.396497798,-0.387118439,-0.405309787,-0.400248964,-0.40155014,-0.41086015,-0.3833004,-0.38458997,-0.3953383752552525,-0.3884484227260285,-0.3953383677507583
2021-11-22,-0.42197457,-0.411589196,-0.400982823,-0.41144664,-0.406532527,-0.4033528,-0.4205142,-0.3887783,-0.38824716,-0.4017848817147138,-0.3947182866629092,-0.401784875090393
2021-11-23,-0.41356504,-0.399397436,-0.390951276,-0.440359705,-0.412089196,-0.40551868,-0.42836165,-0.39604068,-0.39172828,-0.4101050872319202,-0.4026337624438644,-0.4101050786822212
2021-11-24,-0.4141213,-0.384057226,-0.38193583,-0.40970815,-0.412614413,-0.40733925,-0.41804844,-0.39966044,-0.39565232,-0.4143321888369866,-0.4065637067211504,-0.4143321844932849
2021-11-25,-0.4245606,-0.372907908,-0.359029009,-0.424109978,-0.410416861,-0.40873536,-0.405019,-0.40225583,-0.4003126,-0.4161828248276571,-0.4082613902074827,-0.4161828229259727
2021-11-26,-0.42929676,-0.36731162,-0.353548532,-0.440954322,-0.391559436,-0.40971643,-0.40182027,-0.40538064,-0.40398198,-0.4190897015080012,-0.4110457937193013,-0.4190896985209454
2021-11-29,-0.44952288,-0.363558004,-0.365313613,-0.4297636,-0.385983843,-0.40915722,-0.4024489,-0.40986222,-0.40799412,-0.4207036623943261,-0.4126658484578982,-0.4207036607358461
2021-11-30,-0.45179114,-0.387776844,-0.368782859,-0.434219604,-0.398509478,-0.40825453,-0.40577635,-0.41532367,-0.4143024,-0.4262133228550659,-0.4181149103173581,-0.4262133171934371
2021-12-01,-0.43982053,-0.400811866,-0.378478915,-0.437392214,-0.415625952,-0.40793076,-0.41589075,-0.4226762,-0.4235561,-0.4338585407300928,-0.4254820274960524,-0.4338585328739998
2021-12-02,-0.42465264,-0.416955644,-0.386946808,-0.435469525,-0.429038557,-0.40816945,-0.41626635,-0.4266406,-0.4267315,-0.4389983851855195,-0.4302836172414254,-0.4389983799039005
2021-12-03,-0.41453075,-0.42629169,-0.384995422,-0.426519553,-0.42158365,-0.4078725,-0.41230726,-0.42674264,-0.42539424,-0.4390167881772802,-0.4301073577055539,-0.4390167881583642
2021-12-06,-0.40810576,-0.423377418,-0.380118819,-0.412433184,-0.410688237,-0.40812173,-0.4090169,-0.42565417,-0.42385355,-0.436063586880609,-0.4270663712652466,-0.436063589915265
2021-12-07,-0.4167901,-0.420409996,-0.37865345,-0.40570854,-0.408228782,-0.4089489,-0.40818605,-0.4228672,-0.4238373,-0.427780161539011,-0.4190810993812218,-0.4277801700509118
2021-12-08,-0.43136516,-0.425256612,-0.385185504,-0.407715867,-0.413900008,-0.4100032,-0.40371314,-0.42138636,-0.42464823,-0.4207799512735103,-0.4125024211073494,-0.4207799584668082
2021-12-09,-0.4460263,-0.43063674,-0.397963878,-0.428090732,-0.430290841,-0.4107341,-0.41070113,-0.4223685,-0.4250264,-0.4190888784778327,-0.4110909665738569,-0.4190888802155559
2021-12-10,-0.45513767,-0.441644648,-0.400235344,-0.443790698,-0.434894405,-0.41170606,-0.41732892,-0.42586184,-0.4242555,-0.4233636079225314,-0.415379844033114,-0.4233636035298988
2021-12-13,-0.47001383,-0.447627966,-0.403279782,-0.442069942,-0.439951421,-0.4135169,-0.42155248,-0.42971662,-0.4302924,-0.4314849898180172,-0.4232673913437982,-0.431484981472628
2021-12-14,-0.47176012,-0.448696726,-0.414118165,-0.454237917,-0.451475944,-0.41418448,-0.438595,-0.4370249,-0.4383894,-0.4438666019326437,-0.4351607003641713,-0.4438665892095151
2021-12-15,-0.48327205,-0.447390438,-0.422832075,-0.449013021,-0.450854653,-0.41486406,-0.45008868,-0.44410023,-0.4448178,-0.4548606065884472,-0.4456361486842207,-0.4548605952911943
2021-12-16,-0.49700838,-0.44490822,-0.42587613,-0.442005249,-0.448048465,-0.41516867,-0.4492999,-0.45119685,-0.45021963,-0.4652419846104719,-0.4555561700093567,-0.4652419739427446
2021-12-17,-0.4945052,-0.440610516,-0.426831173,-0.438284488,-0.435007955,-0.41586733,-0.45077953,-0.45863146,-0.45286143,-0.4754384036232337,-0.4653513548263882,-0.4754383931455675
2021-12-20,-0.47232783,-0.42572312,-0.426576912,-0.433411539,-0.430555643,-0.41666046,-0.44412938,-0.46531582,-0.45616934,-0.4833119100809272,-0.472841224548393,-0.483311901990244
2021-12-21,-0.456579,-0.430668562,-0.41161132,-0.443754333,-0.422803409,-0.41760856,-0.4340473,-0.4650966,-0.45959616,-0.4837747142604488,-0.4731175774955501,-0.4837747137848714
2021-12-22,-0.43055686,-0.426627452,-0.414742969,-0.432658939,-0.425190393,-0.41817364,-0.430484,-0.4627609,-0.46334174,-0.4807384922494007,-0.4699629692545745,-0.4807384953693668
2021-12-23,-0.41357672,-0.42518791,-0.416764664,-0.4385335,-0.425651511,-0.41782683,-0.4313325,-0.45953196,-0.46293882,-0.4701954568181579,-0.4596031630154976,-0.470195467651993
2021-12-24,-0.40935022,-0.429628988,-0.403745364,-0.423289873,-0.415784063,-0.41664466,-0.4254094,-0.45143163,-0.4565938,-0.4535091285191123,-0.4435125159864895,-0.4535091456656918
2021-12-27,-0.39557678,-0.427033558,-0.399344878,-0.419861626,-0.413732671,-0.41522136,-0.41946054,-0.44177204,-0.44842002,-0.4364781335183522,-0.4272722540834454,-0.4364781510191114
2021-12-28,-0.39633754,-0.417693708,-0.38863544,-0.425793296,-0.407728397,-0.4136726,-0.41576648,-0.43199033,-0.44172254,-0.4211279213345341,-0.4126195173639315,-0.4211279371081518
2021-12-29,-0.41748196,-0.407028212,-0.376913181,-0.414554301,-0.390689285,-0.4122908,-0.40361914,-0.42413443,-0.4360575,-0.4090796268265972,-0.4012165333507106,-0.4090796392072223
2021-12-30,-0.4185159,-0.393624644,-0.366464005,-0.378830641,-0.38739671,-0.40948638,-0.3994333,-0.41968414,-0.4338452,-0.4064646439662978,-0.3989273835654552,-0.4064646466534194
2021-12-31,-0.4173551,-0.40233446,-0.368205321,-0.354102258,-0.390154256,-0.40744805,-0.3999129,-0.41897005,-0.433781,-0.4074524734631679,-0.3999964590775587,-0.407452472448095
2022-01-04,-0.4133631,-0.387874068,-0.374295657,-0.342408213,-0.39546372,-0.4046039,-0.3984311,-0.41915083,-0.42779937,-0.4090534433447294,-0.4015989600591619,-0.4090534416996007
2022-01-05,-0.41738692,-0.383461136,-0.363430024,-0.377238416,-0.394317797,-0.4026602,-0.38163283,-0.4198814,-0.42258522,-0.4126107088686345,-0.4049247090714766,-0.4126107052132514
2022-01-06,-0.4221101,-0.373157514,-0.342687565,-0.404095187,-0.393981293,-0.40109563,-0.37463325,-0.4194833,-0.420404,-0.416820589632329,-0.4088579223747279,-0.4168205853063281
2022-01-07,-0.42010993,-0.385855056,-0.347354472,-0.42473483,-0.400121268,-0.40054566,-0.37703368,-0.41716298,-0.41671926,-0.4177462201179723,-0.4097797023027033,-0.4177462191668068
2022-01-10,-0.43069407,-0.387250376,-0.368313812,-0.420947309,-0.397260647,-0.40094298,-0.3806251,-0.41561246,-0.4172408,-0.4180650312621333,-0.4101040670229274,-0.4180650309345278
2022-01-11,-0.42788184,-0.42526656,-0.383002565,-0.43338802,-0.417692108,-0.4019916,-0.38204914,-0.41584724,-0.4161458,-0.4207328280085342,-0.4127247907671693,-0.4207328252671543
2022-01-12,-0.40943706,-0.420611638,-0.39683589,-0.433716232,-0.424990686,-0.40418643,-0.39466518,-0.41836378,-0.41851074,-0.4236365743389907,-0.4154885528855659,-0.4236365713551507
2022-01-13,-0.39257485,-0.440133384,-0.404284121,-0.430233169,-0.428079081,-0.40624633,-0.39648852,-0.41777712,-0.41769484,-0.4220466005787342,-0.4138362717375967,-0.4220466022125593
2022-01-14,-0.39491642,-0.437611406,-0.394881347,-0.412028176,-0.422539832,-0.408533,-0.39307797,-0.41522986,-0.4150137,-0.4161395508845473,-0.4080128319789636,-0.4161395569545261
2022-01-17,-0.3967486,-0.42417115,-0.392939143,-0.378720415,-0.403938028,-0.40977067,-0.39329928,-0.41286945,-0.41374847,-0.4111008466948303,-0.4030999429491887,-0.4111008518725175
2022-01-18,-0.39737418,-0.420556582,-0.386344865,-0.388866986,-0.398425245,-0.41035548,-0.3916246,-0.40960485,-0.4110754,-0.4043117551691456,-0.3966703492011695,-0.4043117621454982
2022-01-19,-0.39641336,-0.405747218,-0.375206092,-0.346535776,-0.378062341,-0.41051513,-0.38443103,-0.40610474,-0.40771678,-0.3982102208420371,-0.3909706307364517,-0.3982102271118704
2022-01-20,-0.40313312,-0.381693936,-0.367869676,-0.357817628,-0.368554953,-0.4108315,-0.38050658,-0.40299103,-0.40517342,-0.3956054798276451,-0.3885524693699039,-0.3956054825042361
2022-01-21,-0.3917294,-0.36447625,-0.361861424,-0.30941458,-0.363389217,-0.4107851,-0.3755124,-0.40379128,-0.40501815,-0.3977171320966633,-0.3905940024296723,-0.3977171299267704
2022-01-24,-0.39271182,-0.378633132,-0.350709712,-0.35949698,-0.363119038,-0.41129404,-0.3713085,-0.40137655,-0.40357724,-0.3970797327263188,-0.3899275278797191,-0.3970797333812966
2022-01-25,-0.40876102,-0.38285331,-0.358025446,-0.359074116,-0.358686845,-0.4113635,-0.37591863,-0.39925402,-0.4029527,-0.3962723751427049,-0.3891271411678916,-0.3962723759723316
2022-01-26,-0.41223368,-0.399622678,-0.363391042,-0.359030372,-0.373005663,-0.41090426,-0.38495898,-0.39814618,-0.40155157,-0.3985497456115947,-0.391388073120012,-0.3985497432714109
2022-01-27,-0.39036575,-0.407381952,-0.367464748,-0.388652056,-0.382063258,-0.41055718,-0.38616458,-0.39976248,-0.4026751,-0.4017138086542171,-0.3944791454428127,-0.4017138054028809
2022-01-28,-0.37419525,-0.409935718,-0.364158304,-0.39925427,-0.376231997,-0.40951586,-0.39203757,-0.3979654,-0.3994875,-0.3991603383494827,-0.3919787551007765,-0.3991603409733792
2022-02-07,-0.3469743,-0.397431026,-0.37310056,-0.385150339,-0.389771047,-0.40854937,-0.3994758,-0.39550278,-0.39721626,-0.3956535051314829,-0.3884210008942532,-0.3956535087350438
2022-02-08,-0.32371497,-0.388262734,-0.364547925,-0.350770699,-0.386999425,-0.40817946,-0.391862,-0.39003542,-0.39159274,-0.3865060022990921,-0.3793635105808771,-0.3865060116989037
2022-02-09,-0.29281244,-0.37095311,-0.350018251,-0.36144127,-0.36742458,-0.40740013,-0.38184407,-0.3785746,-0.38159144,-0.3694967930642007,-0.3628933773038679,-0.3694968105425652
2022-02-10,-0.30613956,-0.355008234,-0.324048612,-0.357957115,-0.338282352,-0.4060955,-0.35835686,-0.36050135,-0.3664235,-0.3456125462174423,-0.3399189434509128,-0.3456125707604792
2022-02-11,-0.30247256,-0.349605542,-0.297925898,-0.337473935,-0.326232327,-0.40485677,-0.3433705,-0.34625593,-0.3552108,-0.3287673078863597,-0.3239135079437418,-0.3287673251962463
2022-02-14,-0.3232872,-0.354769244,-0.297936906,-0.324861422,-0.309541537,-0.4029643,-0.34062272,-0.3335463,-0.34850562,-0.3144227715720408,-0.3103809240077679,-0.3144227863122439
2022-02-15,-0.35418236,-0.367385874,-0.307713837,-0.287623603,-0.329116301,-0.40051928,-0.3485212,-0.32759464,-0.3410002,-0.309685347543475,-0.3061471773658412,-0.3096853524115811
2022-02-16,-0.35154915,-0.382853334,-0.317767182,-0.324793566,-0.341271114,-0.39802486,-0.3587418,-0.33126673,-0.33613768,-0.3157788266468229,-0.3123426210423458,-0.3157788203852793
2022-02-17,-0.33536446,-0.383402696,-0.321505547,-0.313328621,-0.346835508,-0.39643508,-0.37067467,-0.33749497,-0.33822405,-0.3275261678770168,-0.3236153428797041,-0.3275261558056556
2022-02-18,-0.31587976,-0.375183416,-0.317495674,-0.329031167,-0.349702151,-0.3953452,-0.37549567,-0.33645895,-0.33786976,-0.3333711487731981,-0.3290887061426665,-0.3333711427669893
2022-02-21,-0.29398215,-0.359482806,-0.313186863,-0.339202787,-0.347358648,-0.39568907,-0.36842838,-0.33542514,-0.33588433,-0.3360525878036737,-0.3313175480190389,-0.3360525850482694
2022-02-22,-0.28299594,-0.345969088,-0.301609442,-0.326520517,-0.3294243,-0.3951834,-0.3556506,-0.32701293,-0.3277478,-0.3301915830624309,-0.3253691321922025,-0.3301915890850903
2022-02-23,-0.31045675,-0.336679602,-0.290219106,-0.324273425,-0.311626562,-0.39356956,-0.3479008,-0.3173834,-0.3185651,-0.3159542959571824,-0.3116553229239749,-0.3159543105871665
2022-02-24,-0.33038116,-0.339379908,-0.289094651,-0.284801782,-0.309278243,-0.39163265,-0.33808646,-0.31250867,-0.31664193,-0.3077358177208966,-0.3040321686325834,-0.3077358261660708
2022-02-25,-0.34427205,-0.356004616,-0.287706982,-0.295781992,-0.310565374,-0.38946825,-0.33869487,-0.3135666,-0.31459677,-0.306739151068713,-0.3034206765900346,-0.3067391520928783
2022-02-28,-0.35497233,-0.36700158,-0.298824397,-0.323213992,-0.315114622,-0.3867147,-0.34965736,-0.31688517,-0.3185262,-0.3124176053033308,-0.3091403198525629,-0.3124175994682553
2022-03-01,-0.3526821,-0.360517266,-0.306765688,-0.305151061,-0.325544831,-0.38450682,-0.35879728,-0.3223243,-0.32514668,-0.3246156399859609,-0.3209175680689138,-0.3246156274514756
2022-03-02,-0.34485242,-0.35821054,-0.307112693,-0.307349398,-0.334070913,-0.38440093,-0.3660906,-0.3301458,-0.33115435,-0.3385528739235316,-0.334099728343556,-0.33855285960187
2022-03-03,-0.35439423,-0.34655334,-0.304419116,-0.310037159,-0.331773563,-0.38443118,-0.36617023,-0.33210364,-0.3304733,-0.3454320078958536,-0.3405047049899966,-0.3454320008269655
2022-03-04,-0.34972918,-0.345296938,-0.298802353,-0.336076475,-0.328855894,-0.38547543,-0.3585838,-0.33580896,-0.3299244,-0.3502346243999709,-0.3450385817316793,-0.3502346194648819
2022-03-07,-0.36849967,-0.34704001,-0.298284782,-0.347316881,-0.326776935,-0.38443032,-0.353813,-0.33673036,-0.3324533,-0.3513260507755272,-0.3460349879318181,-0.3513260496539922
2022-03-08,-0.37735757,-0.357179032,-0.303145159,-0.344527962,-0.333338462,-0.38377064,-0.3575603,-0.34064725,-0.341533,-0.3540315204292973,-0.348751782816093,-0.3540315176492046
2022-03-09,-0.36994508,-0.369316338,-0.316529191,-0.366077813,-0.341029252,-0.38203543,-0.36178717,-0.3456987,-0.34974685,-0.3589666168792683,-0.353598932798932,-0.3589666118080498
2022-03-10,-0.33787253,-0.373324458,-0.32464311,-0.38206154,-0.345090125,-0.37992758,-0.36573163,-0.3502421,-0.3517854,-0.3639851478279071,-0.3583566297343212,-0.3639851426709505
2022-03-11,-0.30583897,-0.367314678,-0.320490143,-0.364657654,-0.335540531,-0.37807244,-0.3578965,-0.35213342,-0.3512453,-0.3606808071974899,-0.3549681872813868,-0.3606808105929652
2022-03-14,-0.2616695,-0.350384234,-0.301410986,-0.308435038,-0.314369103,-0.37668735,-0.33984202,-0.3494487,-0.34573713,-0.3519027673018998,-0.3461670300754457,-0.3519027763220578
2022-03-15,-0.22371946,-0.317310386,-0.275650659,-0.275169574,-0.300550161,-0.3733909,-0.31195325,-0.33758762,-0.33922237,-0.3305367285106874,-0.3253253330930818,-0.3305367504660506
2022-03-16,-0.20621486,-0.282984372,-0.239844133,-0.265229127,-0.276847373,-0.36272305,-0.28085834,-0.31664994,-0.32723826,-0.299809102628831,-0.2956598802876267,-0.2998091342040045
2022-03-17,-0.21692805,-0.266292256,-0.217625039,-0.203139477,-0.238668733,-0.34708512,-0.25203747,-0.29059392,-0.3094659,-0.2670630598912678,-0.2643175489248773,-0.2670630935405397
2022-03-18,-0.22113346,-0.240449338,-0.224855117,-0.18307379,-0.223844838,-0.3145486,-0.24483395,-0.26864934,-0.291372,-0.2428741668660836,-0.2414215357831439,-0.2428741917221858
2022-03-21,-0.18830101,-0.225610372,-0.219450261,-0.227285367,-0.211823798,-0.28116196,-0.22615445,-0.25234982,-0.26450366,-0.2259330622812355,-0.2255638106086878,-0.2259330796896327
2022-03-22,-0.13704173,-0.207396474,-0.194061258,-0.252907915,-0.192614963,-0.24689445,-0.20058747,-0.2363312,-0.25509077,-0.2112593679528539,-0.2115736333058325,-0.2112593830312939
2022-03-23,-0.12784515,-0.202885542,-0.164989485,-0.139513621,-0.177833636,-0.21418738,-0.18153615,-0.2211041,-0.24290563,-0.1939238232582169,-0.1946471945946412,-0.1939238410719236
2022-03-24,-0.19520561,-0.18750598,-0.16391285,-0.126609265,-0.165248166,-0.1890205,-0.1692841,-0.20495702,-0.23237859,-0.178249879962213,-0.1793611864955621,-0.1782498960684912
2022-03-25,-0.19928904,-0.192474132,-0.16065685,-0.166305551,-0.158076618,-0.17807223,-0.15888837,-0.19931297,-0.21476398,-0.1739053921108418,-0.1756024189657618,-0.1739053965751753
2022-03-28,-0.16876148,-0.207091352,-0.180235367,-0.156829814,-0.183124055,-0.17034014,-0.17057166,-0.19359809,-0.20546094,-0.1695365091873781,-0.1719278886468666,-0.1695365136767676
2022-03-29,-0.12671773,-0.218365592,-0.194244161,-0.153039792,-0.183090347,-0.1645921,-0.1783447,-0.18859792,-0.18570592,-0.1656286013426396,-0.168321368221318,-0.1656286053583394
2022-03-30,-0.09894273,-0.211419964,-0.183504706,-0.162096227,-0.172088397,-0.1612604,-0.17311959,-0.18572833,-0.18414225,-0.1635637997433457,-0.1658992216162347,-0.1635638018651025
2022-03-31,-0.079918504,-0.212715402,-0.17145912,-0.17557369,-0.16085224,-0.15979892,-0.1660285,-0.17495295,-0.1755532,-0.1577833158908976,-0.1597241136868878,-0.1577833218308202
2022-04-01,-0.08118288,-0.165902262,-0.148827453,-0.091632198,-0.144136068,-0.15865877,-0.15881234,-0.15157081,-0.16019793,-0.1347258929137041,-0.1374958563083073,-0.1347259166070999
2022-04-06,-0.102456205,-0.161746323,-0.133137305,-0.146364048,-0.109595427,-0.15774705,-0.14692578,-0.13288079,-0.1400463,-0.1111046618829695,-0.1150749818356892,-0.1111046861557424
2022-04-07,-0.15032183,-0.149433979,-0.122898844,-0.128564927,-0.09291717,-0.15764293,-0.13417728,-0.1242469,-0.12690748,-0.0978436087128367,-0.1027749989585145,-0.0978436223396794
2022-04-08,-0.19529185,-0.142029235,-0.126491797,-0.200454039,-0.107772293,-0.15669553,-0.1379708,-0.12455148,-0.12633686,-0.1025644296115464,-0.1078175181256432,-0.1025644247605305
2022-04-11,-0.24124007,-0.169737678,-0.139329594,-0.033222604,-0.123206119,-0.15835114,-0.15222988,-0.12747215,-0.1279483,-0.1218342525812998,-0.1267665418828335,-0.1218342327799742
2022-04-12,-0.24906765,-0.206235801,-0.170578897,-0.160536797,-0.134611543,-0.16065356,-0.18196353,-0.14252537,-0.1498114,-0.1540985653230591,-0.1580125306106222,-0.1540985321688162
2022-04-13,-0.25243306,-0.23691579,-0.194325066,-0.189715165,-0.151526909,-0.16444254,-0.21287227,-0.16461676,-0.16661678,-0.1876755202907782,-0.190135516855054,-0.1876754857876742
2022-04-14,-0.23530263,-0.25515671,-0.215188322,-0.191823619,-0.184424585,-0.17214862,-0.23566003,-0.18214421,-0.17956428,-0.2176708882757346,-0.218563803983062,-0.217670857453003
2022-04-15,-0.21182692,-0.266360566,-0.217079283,-0.189103725,-0.201347112,-0.18047014,-0.2454777,-0.19015042,-0.17969552,-0.2346670466604992,-0.2344164550462755,-0.2346670291955235
2022-04-18,-0.20781744,-0.25612503,-0.21586178,-0.107183986,-0.190019414,-0.19262716,-0.2432292,-0.18999429,-0.1815998,-0.237974061343742,-0.2371493041223367,-0.2379740579454957
2022-04-19,-0.20464198,-0.23868635,-0.202868402,-0.195558042,-0.192409578,-0.19395974,-0.2371842,-0.1878552,-0.18277913,-0.2312895358801666,-0.2306039424576563,-0.2312895427490603
2022-04-20,-0.2343727,-0.21676357,-0.193722009,-0.206726432,-0.182365562,-0.2011826,-0.23193116,-0.18656589,-0.1957418,-0.2224044013534448,-0.2220838574178717,-0.2224044104836549
2022-04-21,-0.24188483,-0.192751838,-0.201609399,-0.215703397,-0.187824328,-0.20547104,-0.23225042,-0.19227035,-0.20554113,-0.2187923328912313,-0.2189268229619646,-0.2187923366029368
2022-04-22,-0.24969381,-0.170138824,-0.200521055,-0.163799113,-0.197746419,-0.20648694,-0.22352819,-0.20245853,-0.20738673,-0.2201087754304881,-0.2204453464298742,-0.2201087740777395
2022-04-25,-0.22542185,-0.145933639,-0.178945212,-0.234846578,-0.208784419,-0.2032595,-0.22504708,-0.21369672,-0.21767214,-0.227682153481687,-0.2277998325026918,-0.2276821456994196
2022-04-26,-0.20228432,-0.166310775,-0.158611697,-0.273772986,-0.195337137,-0.20406489,-0.23069589,-0.22188762,-0.2226214,-0.2312030354881867,-0.2310024889007439,-0.2312030318701842
2022-04-27,-0.17410316,-0.19250915,-0.184342917,-0.2392209,-0.211313353,-0.20550561,-0.2327218,-0.22552876,-0.23054701,-0.2307315029134159,-0.2301813807472676,-0.2307315033979505
2022-04-28,-0.1364555,-0.199181904,-0.192869929,-0.186400124,-0.210034176,-0.19645272,-0.22634342,-0.21928272,-0.22159925,-0.2186775928086496,-0.2183465617863545,-0.2186776051950295
2022-04-29,-0.0975099,-0.188599926,-0.17899441,-0.139478872,-0.188605119,-0.18763617,-0.19673802,-0.20657247,-0.20950514,-0.1975917269179212,-0.197869922081947,-0.1975917485853873
2022-05-05,-0.08513018,-0.153525884,-0.133495058,-0.115453092,-0.149301621,-0.17775093,-0.16373454,-0.1862679,-0.19242615,-0.1671549449986435,-0.1685609944140531,-0.1671549762749509
2022-05-06,-0.052450363,-0.132807813,-0.105416968,-0.074592243,-0.130954532,-0.1702619,-0.13507631,-0.16165781,-0.17651223,-0.1390966113434752,-0.1416812695789822,-0.139096640175742
2022-05-09,-0.09324395,-0.11342954,-0.105786108,-0.136815312,-0.106189149,-0.15837927,-0.12266991,-0.13451384,-0.16280574,-0.1091298201102857,-0.1129847809393719,-0.1091298509036464
2022-05-10,-0.15205303,-0.11103365,-0.108005656,-0.192372966,-0.073871686,-0.15316187,-0.11399828,-0.119899936,-0.14431095,-0.0929579791069621,-0.0979147134693597,-0.0929579957248843
2022-05-11,-0.1609079,-0.100501082,-0.119926039,-0.123757793,-0.074634954,-0.14890034,-0.117700554,-0.120894186,-0.14091046,-0.0960774848861841,-0.1015755162983763,-0.0960774816806536
2022-05-12,-0.1498246,-0.118425494,-0.103390844,-0.032652337,-0.081394472,-0.14799854,-0.12875752,-0.12820894,-0.12998572,-0.1087570838715939,-0.1140935591593065,-0.1087570708422647
2022-05-13,-0.12251162,-0.120731821,-0.115262965,-0.012757653,-0.089945087,-0.14624688,-0.12472276,-0.13251959,-0.13687323,-0.1216959702245073,-0.126528300311509,-0.121695956928729
2022-05-16,-0.094464324,-0.106778278,-0.111440966,-0.070564939,-0.087824314,-0.14464484,-0.122395076,-0.13659106,-0.13614695,-0.1357082216621693,-0.139413079100256,-0.1357082072634202
2022-05-17,-0.101691596,-0.120956014,-0.104826057,-0.062627213,-0.091206225,-0.14410752,-0.11588277,-0.1282097,-0.12999082,-0.1359522964561666,-0.139085700589494,-0.135952296205345
2022-05-18,-0.13152489,-0.123216262,-0.099139835,-0.160439832,-0.081896219,-0.14368,-0.109157026,-0.118138455,-0.11914109,-0.1258800093510204,-0.1293737585877732,-0.1258800197011196
2022-05-19,-0.14673673,-0.136044672,-0.093397447,-0.107114317,-0.08078469,-0.14383703,-0.11110835,-0.11288497,-0.112755425,-0.1200034101023184,-0.1240521963362625,-0.1200034161410158
2022-05-20,-0.16339499,-0.160428568,-0.115830172,-0.160992157,-0.094935045,-0.14377502,-0.118224524,-0.11713906,-0.114992596,-0.1193858344565353,-0.123842796617465,-0.119385835091151
2022-05-23,-0.19139361,-0.183777991,-0.138941639,-0.073720608,-0.119990611,-0.14432088,-0.13668226,-0.12248199,-0.12237249,-0.127562508772925,-0.1319442774779105,-0.1275625003707234
2022-05-24,-0.2021867,-0.212523142,-0.16330958,-0.091191327,-0.155928909,-0.14532253,-0.15753849,-0.13032858,-0.1334705,-0.1469483659120778,-0.1506127174744874,-0.146948345991514
2022-05-25,-0.219222,-0.229971218,-0.173509809,-0.156459607,-0.176873812,-0.14679305,-0.18416266,-0.14425929,-0.1451242,-0.1670473861629767,-0.1698212894247517,-0.1670473655095676
2022-05-26,-0.23120148,-0.24665267,-0.175857808,-0.119166184,-0.180226991,-0.1487358,-0.20484217,-0.1590644,-0.15670855,-0.1845868059377771,-0.1866365257177778,-0.1845867879145663
2022-05-27,-0.2506355,-0.25439521,-0.184130532,-0.210455354,-0.181829537,-0.1509589,-0.21677804,-0.17436244,-0.17292753,-0.2014797570564584,-0.2027833409979562,-0.2014797396975497
2022-05-30,-0.26439133,-0.262672372,-0.201776265,-0.212562848,-0.186600102,-0.15402249,-0.23093876,-0.18931074,-0.1813438,-0.2189278571067128,-0.2194752220530771,-0.2189278391773438
2022-05-31,-0.25408512,-0.262742816,-0.213039302,-0.247647457,-0.192844741,-0.15635327,-0.2374384,-0.20285308,-0.19181411,-0.2335274041518766,-0.2334993528953192,-0.2335273891496284
2022-06-01,-0.2384587,-0.2270034,-0.210702889,-0.249079863,-0.191086888,-0.16015317,-0.23615126,-0.21183011,-0.20147064,-0.2439070867551949,-0.2433112224675582,-0.2439070760892059
2022-06-02,-0.26869312,-0.21522498,-0.202485119,-0.184810342,-0.196354705,-0.16480587,-0.23664682,-0.2157086,-0.20663926,-0.2477544245141638,-0.2467722338168814,-0.2477544205606983
2022-06-06,-0.28223196,-0.223509726,-0.201551385,-0.167065371,-0.211262546,-0.17057432,-0.23729305,-0.2252419,-0.22051829,-0.255252747744735,-0.2539450644556407,-0.2552527400395901
2022-06-07,-0.28866217,-0.238219826,-0.217330104,-0.242038164,-0.226473415,-0.17487848,-0.24870276,-0.23500599,-0.23512957,-0.2615720381775442,-0.2601145987302334,-0.2615720316839481
2022-06-08,-0.3094073,-0.265826418,-0.22432079,-0.231402831,-0.233143457,-0.18293922,-0.2563337,-0.24485509,-0.23908122,-0.2664261998320809,-0.2649369758793174,-0.2664261948440258
2022-06-09,-0.32887957,-0.280899286,-0.245091492,-0.258746579,-0.247222104,-0.19357133,-0.26443657,-0.25702187,-0.2547075,-0.2774906336937625,-0.2756789213664027,-0.2774906223241459
2022-06-10,-0.33208895,-0.296432734,-0.257610202,-0.285252871,-0.267614268,-0.21483004,-0.2751492,-0.27386588,-0.26379415,-0.2955748101416254,-0.2929854723840417,-0.2955747915586421
2022-06-13,-0.34353328,-0.310593178,-0.259519098,-0.269826932,-0.290886525,-0.23978207,-0.2863931,-0.285162,-0.27808285,-0.3082539785622625,-0.3051246062105584,-0.3082539655333599
2022-06-14,-0.3554087,-0.338409748,-0.27656895,-0.269222336,-0.312271278,-0.2669977,-0.3029208,-0.297074,-0.29163557,-0.32051424344039,-0.3168624100891438,-0.3205142308419508
2022-06-15,-0.35338286,-0.357610116,-0.303627712,-0.275158786,-0.326082289,-0.2981514,-0.3238153,-0.30849412,-0.30209583,-0.3338635499367042,-0.3295966978270161,-0.3338635362191859
2022-06-16,-0.3527739,-0.368512734,-0.3193284,-0.304898808,-0.328741323,-0.32469615,-0.33232763,-0.31863597,-0.31014597,-0.3426586675858885,-0.3379396242221469,-0.342658658548171
2022-06-17,-0.3465036,-0.359897732,-0.323583032,-0.355102415,-0.333830427,-0.34126863,-0.3337447,-0.32404757,-0.31483594,-0.3474375346592934,-0.3424657163002643,-0.3474375297486071
2022-06-20,-0.35426816,-0.357801242,-0.309374671,-0.378752468,-0.322218542,-0.35452858,-0.33366126,-0.32775936,-0.31632426,-0.3503204617947044,-0.3451020929019998,-0.3503204588322557
2022-06-21,-0.34336865,-0.353428418,-0.306188464,-0.332481971,-0.327201018,-0.36915997,-0.33292764,-0.33308417,-0.32925767,-0.3524674416399189,-0.3471286527213307,-0.3524674394337183
2022-06-22,-0.35588622,-0.352818232,-0.31540718,-0.326304739,-0.329974188,-0.37714338,-0.34107333,-0.33481157,-0.33855927,-0.3500594317502352,-0.3447936514121667,-0.3500594342246602
2022-06-23,-0.35209203,-0.35918697,-0.325194786,-0.338437543,-0.326917686,-0.38195536,-0.3505517,-0.33831605,-0.34075668,-0.3505601032012932,-0.3453323561864174,-0.3505601026868148
2022-06-24,-0.34245342,-0.357622696,-0.324654559,-0.383364125,-0.325359038,-0.3848217,-0.35124457,-0.3423791,-0.34283754,-0.3504237291794218,-0.3452272652364696,-0.3504237293195568
2022-06-27,-0.34102017,-0.354435018,-0.317349337,-0.366126247,-0.323355606,-0.38490492,-0.35814887,-0.3458387,-0.34496036,-0.3496136973709488,-0.3443757617443527,-0.3496136982033229
2022-06-28,-0.3392502,-0.350890512,-0.315347698,-0.321259183,-0.33143909,-0.3854914,-0.35529512,-0.34626213,-0.3469013,-0.3469640963205924,-0.3418255843269482,-0.3469640990432753
2022-06-29,-0.33665675,-0.349433442,-0.316023672,-0.313656916,-0.33941514,-0.38586044,-0.34939605,-0.3470057,-0.34757408,-0.3461404128252289,-0.3409661091792514,-0.3461404136716339
2022-06-30,-0.34995607,-0.34473929,-0.306758566,-0.311902924,-0.332986019,-0.38494658,-0.34660438,-0.34561485,-0.34459168,-0.3422945145336053,-0.3373052149974619,-0.3422945184855815
2022-07-01,-0.38863218,-0.33483754,-0.306552701,-0.342045524,-0.334002838,-0.38425136,-0.34874737,-0.3453574,-0.34522873,-0.3418673217509008,-0.3370158190371962,-0.3418673221898805
2022-07-04,-0.39893278,-0.362864132,-0.313559265,-0.365307223,-0.343266734,-0.3857285,-0.35136893,-0.3450008,-0.34853193,-0.3511030749483328,-0.34613062203922,-0.3511030654578408
2022-07-05,-0.3942762,-0.386395026,-0.339747945,-0.338018733,-0.371803685,-0.38639158,-0.3702702,-0.35317454,-0.35644034,-0.3626855972292224,-0.3574137978552412,-0.3626855853272228
2022-07-06,-0.3770506,-0.406466938,-0.347221342,-0.40123168,-0.383376033,-0.38763362,-0.37502018,-0.35927433,-0.35869664,-0.373690791483134,-0.3679472646865956,-0.3736907801743838
2022-07-07,-0.34606987,-0.40019883,-0.339436572,-0.352377968,-0.383196345,-0.38856012,-0.37815607,-0.36229882,-0.3631085,-0.3817695681871452,-0.375414022905001,-0.3817695598855292
2022-07-08,-0.3365525,-0.391707604,-0.327824744,-0.366698408,-0.369182004,-0.38986555,-0.375209,-0.36083934,-0.3604579,-0.3809923268886941,-0.3742213391551905,-0.3809923276873647
2022-07-11,-0.3226854,-0.369268298,-0.323320876,-0.309507057,-0.355300045,-0.39049214,-0.36796492,-0.3566013,-0.35945114,-0.3705763878846401,-0.3640560095556782,-0.3705763985878709
2022-07-12,-0.30980697,-0.358740044,-0.316600818,-0.3366861,-0.339862492,-0.38996568,-0.3567734,-0.34971437,-0.35515693,-0.3553269091428269,-0.3494028910904869,-0.3553269248129257
2022-07-13,-0.2946727,-0.33732488,-0.309580704,-0.314624934,-0.32181357,-0.3874888,-0.34573188,-0.3427569,-0.3473709,-0.3384330641662047,-0.333269839670681,-0.3384330815260296
2022-07-14,-0.276904,-0.324483384,-0.287027145,-0.306084161,-0.301787775,-0.38063958,-0.3282215,-0.33347827,-0.3411345,-0.3219574809697869,-0.3175438517574695,-0.3219574978998152
2022-07-15,-0.27364868,-0.310233758,-0.273152956,-0.293030271,-0.297032896,-0.37079558,-0.3074112,-0.32083315,-0.33915368,-0.3081243032950602,-0.3042291584244868,-0.3081243175098001
2022-07-18,-0.26620546,-0.298756618,-0.272850978,-0.278986524,-0.298813019,-0.3530567,-0.2902831,-0.30997607,-0.32948318,-0.2955435373779196,-0.2922076596673951,-0.295543550305701
2022-07-19,-0.2491799,-0.278657498,-0.265677341,-0.210370859,-0.266533207,-0.32884064,-0.26388407,-0.29916033,-0.31550005,-0.2842475532167491,-0.2814353246588964,-0.2842475648243109
2022-07-20,-0.25254226,-0.242392032,-0.229284813,-0.236842022,-0.234131304,-0.29466453,-0.2189954,-0.28811952,-0.30203313,-0.2721221414578875,-0.2698231448512173,-0.2721221539177526
2022-07-21,-0.2725249,-0.201164414,-0.160116805,-0.265791687,-0.215811903,-0.26466691,-0.18973361,-0.28017458,-0.29210562,-0.263696050168217,-0.2618185317910486,-0.2636960588267284
2022-07-22,-0.2826483,-0.202184706,-0.168709993,-0.231990016,-0.222647063,-0.23606238,-0.18799597,-0.27702874,-0.29093435,-0.2628202317098572,-0.2611336647186628,-0.2628202326098413
2022-07-25,-0.2907207,-0.24100795,-0.224184201,-0.200849011,-0.22233461,-0.21214978,-0.21552972,-0.27599376,-0.28553793,-0.2646201581317328,-0.2630534830782466,-0.264620156282162
2022-07-26,-0.3252716,-0.259912184,-0.273766138,-0.287127106,-0.25268373,-0.19707341,-0.23186734,-0.2771948,-0.2829986,-0.2695232086792628,-0.2679074057771075,-0.2695232036409751
2022-07-27,-0.32980922,-0.273590274,-0.289401288,-0.282793833,-0.263889373,-0.19153444,-0.23073868,-0.2819507,-0.28077132,-0.2847415509155009,-0.2826388640286984,-0.2847415352774033
2022-07-28,-0.32220617,-0.27733882,-0.261228212,-0.263743181,-0.268728407,-0.19150412,-0.23270614,-0.2911402,-0.2868263,-0.300194945430896,-0.29744218797043,-0.3001949295512521
2022-07-29,-0.30249387,-0.289539668,-0.245989479,-0.233693396,-0.282617962,-0.2043328,-0.23960623,-0.29467478,-0.29158157,-0.310131204853785,-0.30686566858345,-0.3101311946434487
2022-08-01,-0.3017849,-0.291966572,-0.283719296,-0.287725091,-0.305415552,-0.21992716,-0.26000732,-0.29349464,-0.29676914,-0.3141003168342681,-0.310408901907507,-0.3141003127556701
2022-08-02,-0.29939356,-0.301051462,-0.316581396,-0.286983042,-0.307126903,-0.23013845,-0.27955502,-0.29345307,-0.29778874,-0.3163131577961097,-0.3122786271859881,-0.3163131555222302
2022-08-03,-0.31805345,-0.317064234,-0.305194073,-0.284528805,-0.292433079,-0.24638994,-0.28268036,-0.29293254,-0.2956312,-0.3111375456731716,-0.3072971308871836,-0.3111375509915345
2022-08-04,-0.31700537,-0.30669615,-0.274012361,-0.309072669,-0.284671651,-0.24588104,-0.28351957,-0.2943656,-0.2964622,-0.3087863905640516,-0.3052305521790481,-0.3087863929800615
2022-08-05,-0.31282735,-0.296610654,-0.257087099,-0.269798584,-0.287120558,-0.24383536,-0.2776682,-0.29793027,-0.29936963,-0.3077462255821507,-0.3043841230037395,-0.3077462266510078
2022-08-08,-0.29414794,-0.290234736,-0.251705173,-0.282904356,-0.284602194,-0.24808359,-0.2717987,-0.30344513,-0.3045171,-0.3098129225640659,-0.3063503928555223,-0.3098129204403666
2022-08-09,-0.28453654,-0.282358002,-0.256696425,-0.231469868,-0.289021329,-0.25176984,-0.26835942,-0.304968,-0.30758587,-0.3082855252310049,-0.3047357422575275,-0.3082855268005285
2022-08-10,-0.2606002,-0.27524073,-0.257379016,-0.28575473,-0.282944864,-0.25734442,-0.27800187,-0.304315,-0.30747488,-0.3053141213936775,-0.3016877194718538,-0.3053141244470398
2022-08-11,-0.27802026,-0.294698516,-0.241700041,-0.199656641,-0.276266061,-0.2619996,-0.27835315,-0.29839405,-0.30034456,-0.293823473216502,-0.2905299330619948,-0.2938234850240868
2022-08-12,-0.31430733,-0.303176602,-0.260521045,-0.301592766,-0.281763254,-0.25644228,-0.2842588,-0.2954229,-0.29813096,-0.2860264525495062,-0.283155540460103,-0.2860264605615953
2022-08-15,-0.33885026,-0.315371058,-0.275986009,-0.297250948,-0.283754117,-0.24626155,-0.2863198,-0.29452333,-0.29468715,-0.2863224524876303,-0.2838084918564518,-0.2863224521834743
2022-08-16,-0.33665058,-0.32080973,-0.27892672,-0.275809394,-0.286577879,-0.24337931,-0.28638703,-0.2966865,-0.29607916,-0.2952629174183525,-0.2927277135421017,-0.2952629082312926
2022-08-17,-0.3389928,-0.327054054,-0.279463851,-0.264703106,-0.293516523,-0.25227386,-0.2939137,-0.30042222,-0.30154225,-0.3056857250588693,-0.302856606406302,-0.3056857143485718
2022-08-18,-0.34451094,-0.339970666,-0.292620629,-0.293386974,-0.314081622,-0.27713156,-0.31463218,-0.30826384,-0.31060046,-0.3213642449655883,-0.3177083474222035,-0.3213642288546146
2022-08-19,-0.35536242,-0.34898701,-0.318126678,-0.307112135,-0.326458881,-0.3019459,-0.32655984,-0.31424895,-0.31682634,-0.3346623862417442,-0.3302385772444925,-0.3346623725767989
2022-08-22,-0.34515068,-0.371269384,-0.322770494,-0.338192388,-0.325523912,-0.32520902,-0.34568506,-0.32089666,-0.31726545,-0.3428733999629212,-0.3380619101533264,-0.3428733915254184
2022-08-23,-0.3413168,-0.378388804,-0.320782705,-0.365597958,-0.315146481,-0.34371072,-0.3488465,-0.323953,-0.31807217,-0.3441334847465551,-0.339249324550333,-0.3441334834517061
2022-08-24,-0.33803025,-0.3739463,-0.318925274,-0.363451396,-0.326118584,-0.3559879,-0.34902546,-0.32658246,-0.3250923,-0.3450667288970328,-0.3400686183506705,-0.3450667279380467
2022-08-25,-0.33826265,-0.367157344,-0.31420017,-0.360254997,-0.325244092,-0.360477,-0.34743762,-0.32850346,-0.33101925,-0.3448742164343484,-0.3397976345378178,-0.3448742166321697
2022-08-26,-0.32629603,-0.35564066,-0.310759428,-0.309740363,-0.319384486,-0.3673096,-0.34561723,-0.32913566,-0.33308786,-0.343624555605414,-0.3385615127077734,-0.3436245568895431
2022-08-29,-0.32907897,-0.3368102,-0.314408435,-0.344204582,-0.317259342,-0.37244725,-0.34475493,-0.32999513,-0.33267954,-0.3378112786715016,-0.3329870192942546,-0.3378112846451208
2022-08-30,-0.3343157,-0.335825616,-0.304611947,-0.363563162,-0.313404874,-0.37499171,-0.34303632,-0.3316801,-0.33154476,-0.3345969363582926,-0.3299167014000015,-0.3345969396612986
2022-08-31,-0.32703108,-0.34285023,-0.297927445,-0.354014012,-0.31383699,-0.38022178,-0.3321821,-0.3346244,-0.33514538,-0.3331967136232339,-0.328626859417962,-0.3331967150620808
2022-09-01,-0.3184655,-0.333453436,-0.304677343,-0.31381896,-0.318830329,-0.38204446,-0.33415788,-0.33444107,-0.33551636,-0.3309968812503505,-0.3265226400275264,-0.3309968835108597
2022-09-02,-0.33796662,-0.344484218,-0.306517319,-0.262078222,-0.320033749,-0.38371584,-0.33118686,-0.3319426,-0.33231273,-0.3270374508765555,-0.3227156195727174,-0.3270374549451967
2022-09-05,-0.33339286,-0.354342592,-0.305737165,-0.286916741,-0.328392871,-0.38472906,-0.33232448,-0.3325637,-0.33382994,-0.3293715724374776,-0.3250080889769903,-0.3293715700389809
2022-09-06,-0.32253766,-0.364157298,-0.301770793,-0.295427751,-0.331462334,-0.38720673,-0.33836132,-0.3325275,-0.33308306,-0.3302343481918944,-0.3258548947734008,-0.3302343473053193
2022-09-07,-0.3107988,-0.360167056,-0.305848059,-0.33369516,-0.333850717,-0.38671756,-0.3503788,-0.33103618,-0.3317753,-0.3278787449857722,-0.3235860822908042,-0.3278787474063464
2022-09-08,-0.31023034,-0.360202838,-0.308527876,-0.334483153,-0.323856003,-0.38602355,-0.35320416,-0.32868308,-0.32865372,-0.3246322905901314,-0.3203732341867877,-0.3246322939261316
2022-09-09,-0.32386604,-0.345716624,-0.312276968,-0.327759427,-0.323569966,-0.38416544,-0.35091692,-0.32696986,-0.3275496,-0.3229852605875604,-0.3186680622655808,-0.322985262280022
2022-09-13,-0.34957215,-0.329246124,-0.299556015,-0.351062248,-0.313998624,-0.3825953,-0.3373079,-0.32516682,-0.32471204,-0.3201651400642916,-0.3160897343388371,-0.320165142962198
2022-09-14,-0.3781102,-0.320297664,-0.28831206,-0.286141461,-0.300325919,-0.3825683,-0.33288246,-0.3231035,-0.32463333,-0.3234009999206146,-0.3194580901202081,-0.3234009965955067
2022-09-15,-0.40167597,-0.325811732,-0.287427828,-0.2807677,-0.290519799,-0.3840818,-0.33446646,-0.32862702,-0.3293352,-0.3345155041866229,-0.3304040904085041,-0.3345154927655565
2022-09-16,-0.40078336,-0.346977008,-0.314444104,-0.301876003,-0.324335242,-0.38762885,-0.35351315,-0.34070715,-0.341104,-0.3526909382503969,-0.3480042928757846,-0.3526909195736388
2022-09-19,-0.38935384,-0.378166788,-0.340821429,-0.379257793,-0.355863194,-0.39094558,-0.37602416,-0.35153124,-0.34943485,-0.370801537562521,-0.365288378187984,-0.3708015189523784
2022-09-20,-0.3754159,-0.403357284,-0.358140453,-0.383798545,-0.368308904,-0.39559346,-0.39659286,-0.35837862,-0.35477254,-0.3838991018668888,-0.3775706376153603,-0.3838990884080502
2022-09-21,-0.3383296,-0.409219282,-0.360101728,-0.406946764,-0.374824247,-0.3972789,-0.40424043,-0.36200094,-0.3535779,-0.3890678508298225,-0.3822062172877978,-0.3890678455184959
2022-09-22,-0.29507533,-0.397901754,-0.34243933,-0.364109191,-0.369956978,-0.39965567,-0.403724,-0.35652232,-0.35187662,-0.3811117385991221,-0.3742153057699976,-0.3811117467746732
2022-09-23,-0.2670315,-0.3648303,-0.328124908,-0.362426736,-0.344648252,-0.4001372,-0.3902169,-0.34764245,-0.35393915,-0.359791606571577,-0.3534712747620341,-0.3597916284797664
2022-09-26,-0.25136307,-0.334720028,-0.31056262,-0.308778074,-0.313672007,-0.4002871,-0.3709167,-0.3327306,-0.34424457,-0.3330412349244017,-0.3276488745043244,-0.333041262412621
2022-09-27,-0.26540402,-0.310258746,-0.291239902,-0.295320461,-0.291212962,-0.3970583,-0.35071346,-0.31567028,-0.33279884,-0.3054430812426064,-0.3011970077420083,-0.3054431096019968
2022-09-28,-0.28202176,-0.296341664,-0.269388149,-0.287773681,-0.282238808,-0.39327338,-0.33686584,-0.30116114,-0.31661,-0.2834407086219811,-0.2804449980267524,-0.2834407312312493
2022-09-29,-0.28383473,-0.295685994,-0.262410185,-0.279089149,-0.282257533,-0.38876057,-0.3252281,-0.29402804,-0.31399974,-0.2721791335716784,-0.2700785943969508,-0.2721791451438918
2022-09-30,-0.27962345,-0.302350004,-0.256802839,-0.290450266,-0.277271961,-0.3796267,-0.324125,-0.29028505,-0.30750567,-0.2699310142625732,-0.2681679085160554,-0.2699310165727117
2022-10-10,-0.27915898,-0.298867164,-0.257501719,-0.279069861,-0.267285374,-0.3698008,-0.32512742,-0.29018486,-0.30499852,-0.2724494034807763,-0.2706102420429298,-0.2724494008929276
2022-10-11,-0.28236645,-0.296179408,-0.248635894,-0.308128043,-0.262171511,-0.35602808,-0.3187775,-0.2909472,-0.30081972,-0.2780085808646897,-0.2758083138586111,-0.2780085751521772
2022-10-12,-0.29498345,-0.296195692,-0.248202497,-0.276644923,-0.271862799,-0.3429901,-0.31511822,-0.28937048,-0.29931885,-0.2814010673859519,-0.2789847180661965,-0.2814010638998884
2022-10-13,-0.2767075,-0.294983676,-0.239886806,-0.280861977,-0.275519806,-0.32386485,-0.31097022,-0.2871476,-0.2879122,-0.2839934047254516,-0.2815494474165007,-0.2839934020616092
2022-10-14,-0.27079237,-0.292241208,-0.237705594,-0.286930981,-0.268650581,-0.30113962,-0.30152044,-0.28292847,-0.28371418,-0.2825679596748781,-0.2801407540719789,-0.2825679611396368
2022-10-17,-0.26437384,-0.286792446,-0.240343735,-0.2670283,-0.263293824,-0.28127337,-0.2943513,-0.27898082,-0.2818434,-0.2808017458877462,-0.2783594732527535,-0.2808017477026769
2022-10-18,-0.26237312,-0.288047762,-0.240524212,-0.278890628,-0.260733419,-0.2686403,-0.28686467,-0.27571672,-0.27769417,-0.2778447207194923,-0.2754224960942232,-0.2778447237580796
2022-10-19,-0.29247808,-0.275374426,-0.241853484,-0.268561409,-0.257274485,-0.25281268,-0.27719653,-0.27167758,-0.27404776,-0.2738460522414613,-0.2715419231893198,-0.2738460563504236
2022-10-20,-0.33229193,-0.272921326,-0.223241318,-0.290684384,-0.265222532,-0.24188606,-0.27532393,-0.27146992,-0.27319235,-0.2733449809116243,-0.2713324430103506,-0.2733449814265204
2022-10-21,-0.34233752,-0.298447868,-0.23418273,-0.287610586,-0.283354244,-0.24752411,-0.28674728,-0.2759761,-0.28030524,-0.2844618692029361,-0.2823387662122784,-0.2844618577794239
2022-10-24,-0.35314855,-0.320888432,-0.269095544,-0.300330741,-0.301753159,-0.24529795,-0.30754673,-0.28665325,-0.29209358,-0.2987709017782472,-0.2962610609600339,-0.2987708870745331
2022-10-25,-0.3295587,-0.330753208,-0.294030086,-0.275327517,-0.305965612,-0.2419395,-0.31709844,-0.29853874,-0.29950207,-0.3165258422734428,-0.3133023283284568,-0.3165258240287729
2022-10-26,-0.29023975,-0.33187762,-0.30008018,-0.251405207,-0.303612821,-0.24712455,-0.31212965,-0.30499282,-0.30418965,-0.32996296145923,-0.325822276854847,-0.3299629476514713
2022-10-27,-0.2508281,-0.298733914,-0.271861377,-0.251995379,-0.292009838,-0.24194857,-0.2984106,-0.30254006,-0.298878,-0.3295152944232334,-0.3248776797666867,-0.3295152948832338
2022-10-28,-0.24079573,-0.253933124,-0.241620968,-0.244066993,-0.265476172,-0.23715849,-0.25952297,-0.29647043,-0.2944757,-0.3132225259778912,-0.3088520064217079,-0.3132225427200451
2022-10-31,-0.23151068,-0.222471004,-0.203399568,-0.234469144,-0.230296262,-0.23052657,-0.22843495,-0.285376,-0.2882342,-0.2929141676599585,-0.2892231741341044,-0.2929141885284764
2022-11-01,-0.2231375,-0.201197058,-0.203574117,-0.213844307,-0.219681927,-0.21652749,-0.2122616,-0.27451736,-0.28318185,-0.2685865960194709,-0.2660478887037581,-0.2685866210180637
2022-11-02,-0.24390554,-0.197832596,-0.211003738,-0.22132066,-0.211091982,-0.20227198,-0.20648417,-0.26140696,-0.2692218,-0.2473023537788068,-0.2458812939474847,-0.2473023756501338
2022-11-03,-0.25854135,-0.218514612,-0.20421318,-0.23698019,-0.21168918,-0.1942519,-0.20381589,-0.25558987,-0.26416963,-0.2380355126148626,-0.2373212706356407,-0.2380355221373229
2022-11-04,-0.24712178,-0.226568384,-0.225570808,-0.194208712,-0.219030277,-0.18110256,-0.21008818,-0.25552255,-0.26916257,-0.2395781650094495,-0.2390141559010269,-0.2395781634242576
2022-11-07,-0.24297954,-0.229018332,-0.215236868,-0.232965462,-0.216553832,-0.17286041,-0.20801072,-0.25402734,-0.26235354,-0.2408433731338421,-0.2402762028728637,-0.2408433718337355
2022-11-08,-0.28461167,-0.233858588,-0.213530315,-0.282666055,-0.209988535,-0.1718435,-0.20423229,-0.25339955,-0.25894254,-0.2431371436536926,-0.2424112161188905,-0.2431371412966542
2022-11-09,-0.3382516,-0.244422418,-0.23171246,-0.252285433,-0.234433076,-0.17519656,-0.21482341,-0.255177,-0.258718,-0.2554319794377612,-0.2542670211182901,-0.2554319668038085
2022-11-10,-0.34670472,-0.276023936,-0.260575497,-0.242725239,-0.263843047,-0.18858483,-0.23876831,-0.2619137,-0.26491946,-0.2743011888071776,-0.2727178776062889,-0.2743011694175074
2022-11-11,-0.33990747,-0.306330812,-0.28926903,-0.236384037,-0.28813808,-0.21204837,-0.2592676,-0.2734687,-0.27358976,-0.2919338607772196,-0.2898880355194111,-0.2919338426581857
2022-11-14,-0.33892593,-0.335417304,-0.313841847,-0.277793507,-0.305338463,-0.2405006,-0.29471567,-0.28230247,-0.28447536,-0.3104909991321017,-0.3075789691689005,-0.3104909800631043
2022-11-15,-0.30402368,-0.357650512,-0.333289043,-0.301279347,-0.325727613,-0.2756613,-0.3162158,-0.2935116,-0.290604,-0.3296802738849027,-0.3255921740705743,-0.3296802541663324
2022-11-16,-0.26041225,-0.35832076,-0.327502557,-0.372095098,-0.329114122,-0.31206763,-0.32939202,-0.2954216,-0.29142085,-0.3335626725528683,-0.3288158096077717,-0.3335626685633656
2022-11-17,-0.25044245,-0.337486398,-0.311565684,-0.247127117,-0.315252785,-0.3367855,-0.32626718,-0.2881088,-0.2867508,-0.3179948038412469,-0.3135296663096792,-0.3179948198385024
2022-11-18,-0.2623847,-0.31230689,-0.281938295,-0.314918937,-0.29708306,-0.35080656,-0.3124368,-0.28055346,-0.28446448,-0.2987423524221911,-0.2949352668623338,-0.2987423722056774
2022-11-21,-0.28633654,-0.293067156,-0.257208548,-0.274264227,-0.284866988,-0.3582238,-0.3063963,-0.2792703,-0.28896183,-0.2832377995385086,-0.2802045004653903,-0.2832378154707262
2022-11-22,-0.30638096,-0.28017451,-0.2564775,-0.239168374,-0.281168055,-0.36104843,-0.31024805,-0.27967176,-0.28959098,-0.2727199225082932,-0.2705827494119069,-0.2727199333162892
2022-11-23,-0.32566538,-0.283309158,-0.26822348,-0.206947743,-0.283968366,-0.36238363,-0.3139437,-0.2826289,-0.2880441,-0.2731913764964318,-0.2714661072463764,-0.2731913760119854
2022-11-24,-0.31424162,-0.294868244,-0.278172461,-0.301778126,-0.286779877,-0.36368173,-0.3251067,-0.2937181,-0.29133224,-0.286242002792101,-0.2841602347276026,-0.2862419893815137
2022-11-25,-0.30101725,-0.312962738,-0.280711422,-0.318109912,-0.28951042,-0.36626515,-0.33136302,-0.30107987,-0.29847795,-0.2990018360242449,-0.2962583001209241,-0.299001822912458
2022-11-28,-0.2883196,-0.333525958,-0.278096499,-0.278126474,-0.297672508,-0.36925825,-0.33641663,-0.30194506,-0.30155236,-0.3067283482474413,-0.3033840385959341,-0.306728340307804
2022-11-29,-0.29220235,-0.34780422,-0.278129207,-0.319668745,-0.309000337,-0.3702149,-0.33583978,-0.2983102,-0.29830906,-0.3071249625150251,-0.303501972860672,-0.3071249621074632
2022-11-30,-0.30835724,-0.353167464,-0.280518848,-0.343040774,-0.314143473,-0.36894435,-0.33557686,-0.29437336,-0.29724655,-0.304289241470085,-0.3006980296291867,-0.3042892443840201
2022-12-01,-0.33043978,-0.352764786,-0.286790406,-0.32807439,-0.313232269,-0.36806673,-0.3294037,-0.2933822,-0.29491606,-0.3008276124491938,-0.2975728904439766,-0.300827616006304
2022-12-02,-0.34852484,-0.35196805,-0.292124407,-0.351696939,-0.317448957,-0.36909014,-0.33835214,-0.29549178,-0.2994934,-0.3040672415778997,-0.3009470403973406,-0.3040672382489193
2022-12-05,-0.36950105,-0.350307758,-0.299370478,-0.324742069,-0.324897557,-0.37190297,-0.34472448,-0.30219656,-0.30314097,-0.3135687529415493,-0.3102728827960036,-0.3135687431779651
2022-12-06,-0.3873924,-0.359243968,-0.303138626,-0.26371333,-0.333495914,-0.37904328,-0.355385,-0.31393206,-0.31607994,-0.3298050429795459,-0.3259410458981963,-0.3298050262954187
2022-12-07,-0.41681585,-0.375018788,-0.31177836,-0.306067559,-0.343971922,-0.38597113,-0.36977166,-0.32836738,-0.32725072,-0.3488430578084519,-0.3442059938963862,-0.3488430382453161
2022-12-08,-0.4138811,-0.391719394,-0.340775414,-0.386014411,-0.360665986,-0.39282054,-0.3988119,-0.34549078,-0.33884904,-0.3705347820968356,-0.3650492554202617,-0.3705347598067931
2022-12-09,-0.41031626,-0.404033286,-0.346463009,-0.424015876,-0.371471837,-0.39989677,-0.3963445,-0.3597618,-0.3498956,-0.3872230483285233,-0.3809632588094852,-0.3872230311799406
2022-12-12,-0.40152213,-0.405343232,-0.362769349,-0.387998279,-0.387065793,-0.40442348,-0.40719247,-0.36962092,-0.36340767,-0.3995813380277491,-0.3926273491622652,-0.3995813253285771
2022-12-13,-0.39794344,-0.393789584,-0.366137108,-0.380931432,-0.382704729,-0.4080256,-0.41025886,-0.3744943,-0.37025702,-0.4059855539776705,-0.3985376026422662,-0.4059855473968013
2022-12-14,-0.3688062,-0.373020072,-0.362024877,-0.36892447,-0.371727302,-0.41130337,-0.40912914,-0.37722927,-0.37604862,-0.408095759266615,-0.400369858834383,-0.4080957570981995
2022-12-15,-0.354113,-0.352089386,-0.362084101,-0.36572919,-0.366939122,-0.41350794,-0.41030008,-0.37312767,-0.37211514,-0.3984938308711606,-0.3910194792929016,-0.3984938407379259
2022-12-16,-0.34321126,-0.345019102,-0.355186271,-0.333057266,-0.364615576,-0.41539583,-0.41022435,-0.37047675,-0.371617,-0.3865402128364403,-0.3794409271368703,-0.3865402251197715
2022-12-19,-0.33628124,-0.350727568,-0.347265316,-0.369076391,-0.358088682,-0.41699687,-0.40009516,-0.3672918,-0.37384635,-0.373119213092716,-0.3665287888329033,-0.3731192268839046
2022-12-20,-0.32216418,-0.361782022,-0.341782741,-0.360738041,-0.35227787,-0.4170516,-0.4053846,-0.36234665,-0.37297356,-0.3600710318300381,-0.3540465216475634,-0.3600710452381267
2022-12-21,-0.33114064,-0.371064944,-0.338954129,-0.376540644,-0.34574635,-0.4161098,-0.40535265,-0.35330462,-0.3656986,-0.3449151789444464,-0.3396116521060683,-0.3449151945183398
2022-12-22,-0.33596689,-0.37456859,-0.331489894,-0.359204398,-0.34540492,-0.41495633,-0.40046588,-0.3490407,-0.3600708,-0.3373820632242078,-0.3325058211342413,-0.3373820709651169
2022-12-23,-0.32847166,-0.374785084,-0.323566925,-0.373038262,-0.344022829,-0.41332388,-0.39908606,-0.34593397,-0.35481355,-0.3337528400717724,-0.3291525359129664,-0.3337528438011043
2022-12-26,-0.3144898,-0.369723694,-0.318018482,-0.369085365,-0.342258597,-0.4120583,-0.39978573,-0.34179026,-0.3489373,-0.3308049145127266,-0.3263723729990893,-0.3308049175419653
2022-12-27,-0.2940912,-0.35648897,-0.310744654,-0.367958822,-0.336097345,-0.40962,-0.3886866,-0.33655795,-0.34496665,-0.3264466323168389,-0.3221477216822473,-0.3264466367953337
2022-12-28,-0.29794008,-0.338961854,-0.29984074,-0.325468599,-0.322883085,-0.40728354,-0.37695065,-0.33120152,-0.34037876,-0.3208320367868389,-0.3165547634975248,-0.3208320425563
2022-12-29,-0.31695282,-0.32475771,-0.291863664,-0.327335378,-0.306233467,-0.40374097,-0.36985567,-0.3242091,-0.33266956,-0.3141919228749241,-0.3101479181911875,-0.3141919296981906
2022-12-30,-0.33164185,-0.317837536,-0.285403094,-0.341077792,-0.301370755,-0.40052247,-0.3622889,-0.31997076,-0.3236125,-0.3103891058493774,-0.3066923089190365,-0.3103891097570902
2023-01-03,-0.35036278,-0.327633294,-0.287763445,-0.327359696,-0.30958174,-0.39773265,-0.36448622,-0.31855014,-0.32062152,-0.3110231454683599,-0.3075600140137769,-0.3110231448168363
2023-01-04,-0.37752745,-0.34469456,-0.299799977,-0.318287251,-0.321969127,-0.39631772,-0.37503076,-0.32083002,-0.32212037,-0.3181977378683284,-0.3146789471173962,-0.3181977304958467
2023-01-05,-0.39685288,-0.372774562,-0.319878229,-0.369349012,-0.341482514,-0.39730543,-0.38559553,-0.32855397,-0.33131126,-0.3348849893952538,-0.3308074992790141,-0.3348849722477293
2023-01-06,-0.39646944,-0.3942102,-0.335031787,-0.383998359,-0.357771437,-0.3984198,-0.3973187,-0.3399096,-0.33885974,-0.3546675544409372,-0.34981549481867,-0.3546675341127145
2023-01-09,-0.40304384,-0.40511884,-0.339072493,-0.402573212,-0.370848449,-0.40139994,-0.40972528,-0.35008478,-0.34701,-0.3705708827034235,-0.3649874179849993,-0.3705708663614309
2023-01-10,-0.42240506,-0.409912557,-0.347548898,-0.386638328,-0.379600433,-0.40326214,-0.41741592,-0.35964027,-0.35269338,-0.384851279553516,-0.3785438983771665,-0.3848512648792225
2023-01-11,-0.4350563,-0.40763421,-0.352201656,-0.408841895,-0.383848111,-0.40664855,-0.42631203,-0.37141994,-0.36474115,-0.3992597397012519,-0.392287788413968,-0.3992597248953645
2023-01-12,-0.43782705,-0.38638127,-0.359673237,-0.352496792,-0.382230363,-0.40865654,-0.4320013,-0.3827704,-0.3766359,-0.4107655054982921,-0.4033403946879549,-0.4107654936751607
