date,TRUE,baseline_pred,Support Vector Regressor_pred,Decision Tree Regressor_pred,GradientBoostingRegressor_pred,LSTM_pred,CNN_pred,PatchTST_pred,iTransformer_pred,Persistence_pred,AR1_pred,ETS_ANN_pred
2020-04-03,-0.13345952,-0.1739996,-0.152174209,-0.162712626,-0.165335782,-0.1782268,-0.1955686,-0.1373793,-0.15292872,-0.1606660413716292,-0.1615059333009014,-0.1606660198800176
2020-04-07,-0.10312978,-0.11735615,-0.115598603,-0.123268699,-0.142162765,-0.15227088,-0.16491674,-0.118148,-0.12467714,-0.1334595208740015,-0.1346746805420981,-0.1334595488270259
2020-04-08,-0.09174059,-0.08550538,-0.090919662,-0.085778281,-0.105503575,-0.10415638,-0.1298075,-0.10218582,-0.10291816,-0.1031297841706057,-0.1047632910401688,-0.1031298153325958
2020-04-09,-0.09586534,-0.08710915,-0.080605208,-0.0428205,-0.08520296,-0.08466539,-0.1163195,-0.093837984,-0.102283746,-0.0917405966491832,-0.0935311980155814,-0.0917406083509133
2020-04-10,-0.121913835,-0.096455574,-0.086586556,-0.161415531,-0.083095987,-0.057853274,-0.12070253,-0.09972331,-0.10401836,-0.0958653396131585,-0.0975990471564213,-0.0958653353752477
2020-04-13,-0.16724008,-0.13659334,-0.103281827,-0.073374749,-0.115162959,-0.10656714,-0.1352385,-0.112500235,-0.117003456,-0.1219138343576766,-0.1232882471604228,-0.1219138075944268
2020-04-14,-0.18765782,-0.2062239,-0.143331058,-0.1214493,-0.16531757,-0.17012075,-0.18849434,-0.13719508,-0.1375286,-0.1672400816515138,-0.1679892958614139,-0.1672400350815216
2020-04-15,-0.2102362,-0.20564759,-0.167013948,-0.100539758,-0.180891212,-0.19830832,-0.20594238,-0.17110395,-0.17462264,-0.1876578204227646,-0.1881254066067192,-0.1876577994447309
2020-04-16,-0.1978231,-0.22474827,-0.18460717,-0.229397288,-0.211681987,-0.22046722,-0.23518898,-0.19413273,-0.19631349,-0.2102362076364111,-0.2103923633191111,-0.2102361844384687
2020-04-17,-0.18325835,-0.18860123,-0.168025967,-0.17712863,-0.196569235,-0.2189981,-0.22896127,-0.18596539,-0.19778223,-0.1978231103672569,-0.1981504836426075,-0.1978231231209361
2020-04-20,-0.16551448,-0.17899667,-0.157865395,-0.098979286,-0.184297897,-0.20286888,-0.207319,-0.17910247,-0.18166454,-0.1832583517211653,-0.1837866211031724,-0.1832583666855828
2020-04-21,-0.17830724,-0.1632128,-0.147864801,-0.18445498,-0.162678139,-0.1714375,-0.19023845,-0.17019725,-0.17519543,-0.1655144881152776,-0.1662875039570156,-0.1655145063460345
2020-04-22,-0.19929995,-0.18496673,-0.157310841,-0.211710028,-0.184576896,-0.1804189,-0.19513023,-0.18130803,-0.1778954,-0.1783072391689839,-0.1789038007389716,-0.1783072260252283
2020-04-23,-0.2121903,-0.22428736,-0.169483284,-0.193553226,-0.203159783,-0.20425874,-0.21876304,-0.18661867,-0.19573472,-0.1992999460020142,-0.199606948838252,-0.1992999244332701
2020-04-24,-0.22779891,-0.2461173,-0.165682921,-0.238340377,-0.222860944,-0.20541033,-0.2257237,-0.20396636,-0.21037118,-0.2121903006077789,-0.2123195028970496,-0.2121902873637007
2020-04-27,-0.23957793,-0.24891147,-0.180988423,-0.230023826,-0.230318403,-0.21754004,-0.22868665,-0.21844225,-0.22692157,-0.2277989036425492,-0.227712811764836,-0.2277988876056444
2020-04-28,-0.23655638,-0.25814325,-0.182843259,-0.223720547,-0.239873593,-0.2481612,-0.2269463,-0.23045292,-0.23471963,-0.2395779373018066,-0.2393293736619571,-0.2395779251995488
2020-04-29,-0.22274266,-0.2454547,-0.187675125,-0.225311796,-0.234934608,-0.238082,-0.2133246,-0.23091835,-0.22753055,-0.2365563858577846,-0.2363494993878709,-0.2365563889622326
2020-04-30,-0.23439762,-0.21360235,-0.190252771,-0.200182966,-0.21515643,-0.22704813,-0.19167393,-0.22121736,-0.22011447,-0.2227426611602006,-0.222726311559287,-0.2227426753529665
2020-05-06,-0.23602843,-0.24106313,-0.20659557,-0.259687975,-0.237565528,-0.2278641,-0.22562706,-0.23409805,-0.23126957,-0.2343976195368123,-0.2342205095815393,-0.2343976075620653
2020-05-07,-0.23824254,-0.2338523,-0.21677526,-0.213213265,-0.23776867,-0.22926101,-0.2365617,-0.23482932,-0.2354513,-0.2360284293802391,-0.2358288251731764,-0.2360284277046687
2020-05-08,-0.26165354,-0.24087736,-0.21120925,-0.277206602,-0.24164412,-0.2503992,-0.25757334,-0.23690794,-0.23658235,-0.238242542330495,-0.2380123981960492,-0.2382425400556267
2020-05-11,-0.2849019,-0.2834026,-0.230673558,-0.318324138,-0.265673693,-0.28920498,-0.26499844,-0.2465423,-0.25606385,-0.2616535565972267,-0.2611004972855818,-0.2616535325438298
2020-05-12,-0.3083562,-0.31234258,-0.246092708,-0.291122497,-0.290932641,-0.3243888,-0.2916143,-0.2696443,-0.26676413,-0.2849018855385635,-0.2840281550174554,-0.2849018616522936
2020-05-13,-0.33348063,-0.33529273,-0.264953626,-0.326992119,-0.312310185,-0.3345781,-0.3199629,-0.2954748,-0.29151803,-0.3083561947399186,-0.3071589518615265,-0.3083561706420166
2020-05-14,-0.33553827,-0.35097224,-0.28245067,-0.339258222,-0.338265631,-0.34781626,-0.34396598,-0.31818435,-0.3027466,-0.3334806218046255,-0.3319368301297912,-0.3334805959907786
2020-05-15,-0.32389298,-0.34032354,-0.278407563,-0.332203124,-0.338105507,-0.35597897,-0.35417643,-0.32512933,-0.32739866,-0.3355382818142464,-0.3339661082146031,-0.3355382797000992
2020-05-18,-0.3189263,-0.33144447,-0.269755579,-0.312189458,-0.32192864,-0.33446455,-0.3400537,-0.31546685,-0.32023993,-0.3238929870856959,-0.322481440546801,-0.3238929990505264
2020-05-19,-0.30087006,-0.3166803,-0.270741067,-0.305065753,-0.310710319,-0.31923142,-0.32657832,-0.31759045,-0.31854805,-0.3189262958624499,-0.317583256392842,-0.3189263009654356
2020-05-20,-0.28375927,-0.28741053,-0.253589222,-0.262648108,-0.283183607,-0.31319714,-0.31105968,-0.3072594,-0.30816206,-0.3008700671418414,-0.2997760826781565,-0.3008700856935244
2020-05-21,-0.28140152,-0.27644268,-0.243792259,-0.311267253,-0.277634688,-0.32507733,-0.29135767,-0.28879657,-0.29787675,-0.2837592616203756,-0.2829012916554232,-0.2837592792007076
2020-05-22,-0.27827793,-0.28636912,-0.251800068,-0.261561382,-0.27689736,-0.31304815,-0.2969047,-0.28326955,-0.2850341,-0.2814015108954188,-0.2805760620969766,-0.2814015133178825
2020-05-25,-0.28806973,-0.2870341,-0.246612398,-0.292406152,-0.27450958,-0.28671196,-0.30295348,-0.2810139,-0.28226095,-0.2782779261179763,-0.2774955618659963,-0.2782779293272723
2020-05-26,-0.2991914,-0.29615644,-0.245867888,-0.290624242,-0.292524741,-0.29947758,-0.3064683,-0.28747168,-0.28560612,-0.2880697265379776,-0.2871523010309961,-0.2880697164775009
2020-05-27,-0.3025857,-0.3072724,-0.259543519,-0.291122497,-0.291321895,-0.3194102,-0.3191917,-0.2909475,-0.29618436,-0.2991913947251645,-0.2981205646961705,-0.2991913832983159
2020-05-28,-0.28841847,-0.30235457,-0.25588471,-0.30449391,-0.303625242,-0.33258632,-0.32129613,-0.29905248,-0.30048037,-0.3025856769903594,-0.3014680286028509,-0.3025856735029288
2020-05-29,-0.27847597,-0.2792205,-0.245965202,-0.287555296,-0.285956229,-0.32882237,-0.30625567,-0.28685555,-0.28897482,-0.2884184824864108,-0.2874962464834976,-0.2884184970423386
2020-06-01,-0.27177584,-0.27472356,-0.246428155,-0.261561382,-0.272477096,-0.30832872,-0.30205837,-0.2817775,-0.28218803,-0.2784759822297484,-0.2776908861301134,-0.2784759924450782
2020-06-02,-0.29300252,-0.26826644,-0.241816662,-0.271390451,-0.271230795,-0.29313073,-0.29080003,-0.27328333,-0.27533376,-0.2717758414754808,-0.2710831624370748,-0.2717758483594787
2020-06-03,-0.3153454,-0.30453905,-0.262357336,-0.291228295,-0.299529193,-0.3319948,-0.31373408,-0.289473,-0.2905314,-0.2930025202204286,-0.2920170552031591,-0.2930024984113132
2020-06-04,-0.32840517,-0.32883078,-0.283992056,-0.341792708,-0.321799333,-0.3518197,-0.33854944,-0.2983368,-0.30098417,-0.3153454206630361,-0.3140517732845342,-0.3153453977070412
2020-06-05,-0.3467269,-0.33603153,-0.288783707,-0.338661021,-0.325514505,-0.3543048,-0.35038784,-0.31997892,-0.32011968,-0.3284051616106548,-0.3269313772883099,-0.328405148192541
2020-06-08,-0.36739627,-0.36228433,-0.301133325,-0.332203124,-0.348087193,-0.37394527,-0.37441653,-0.33541802,-0.34780106,-0.34672688543515,-0.3450003840528788,-0.3467268666106784
2020-06-09,-0.38307676,-0.38004172,-0.317851826,-0.358239679,-0.370585288,-0.38369942,-0.38618898,-0.35461035,-0.35835057,-0.3673962633845451,-0.3653846630412858,-0.367396242147996
2020-06-10,-0.36913997,-0.3864713,-0.330977995,-0.394332159,-0.386713293,-0.40030223,-0.39787874,-0.37260276,-0.3722494,-0.3830767586745938,-0.3808488725328011,-0.3830767425638159
2020-06-11,-0.35881197,-0.36079085,-0.319618646,-0.349218788,-0.367462145,-0.38535115,-0.39435756,-0.36155444,-0.36611277,-0.3691399562857299,-0.3671043046606358,-0.3691399706049308
2020-06-12,-0.35012066,-0.34591895,-0.309109028,-0.340985068,-0.35282959,-0.36279967,-0.37191084,-0.35623997,-0.35815457,-0.3588119743817902,-0.3569187797245413,-0.3588119849931787
2020-06-15,-0.34898525,-0.35072106,-0.298825937,-0.339275888,-0.350747821,-0.35346046,-0.36128515,-0.35181716,-0.35555843,-0.3501206574349477,-0.3483473447324063,-0.3501206663647586
2020-06-16,-0.34505805,-0.35603824,-0.301346199,-0.363136689,-0.346483514,-0.34533814,-0.35418254,-0.35075602,-0.35296455,-0.3489852672017968,-0.3472276152790129,-0.3489852683683505
2020-06-17,-0.35032004,-0.3418402,-0.297523656,-0.340218728,-0.326888935,-0.34283125,-0.3460639,-0.34691426,-0.3485611,-0.3450580444360628,-0.3433545618807762,-0.3450580484710467
2020-06-18,-0.34390432,-0.35333765,-0.299430515,-0.340977702,-0.347223169,-0.3497086,-0.3458478,-0.35057625,-0.3495302,-0.3503200444145963,-0.3485439815073381,-0.3503200390082152
2020-06-19,-0.3370894,-0.34327486,-0.295691838,-0.314267501,-0.339436842,-0.3530496,-0.33394036,-0.34672195,-0.34460017,-0.3439043173415925,-0.3422167484919192,-0.3439043239333566
2020-06-22,-0.34313133,-0.34769303,-0.290249616,-0.334199924,-0.336676134,-0.3349943,-0.34209174,-0.34022546,-0.34088805,-0.33708939094614,-0.3354958224306476,-0.3370893979480695
2020-06-23,-0.3529333,-0.34851772,-0.291330622,-0.340158717,-0.33778524,-0.32947806,-0.34460443,-0.34406212,-0.34400564,-0.3431313300838963,-0.3414544232804909,-0.3431313238761782
2020-06-24,-0.38170782,-0.35574,-0.293025237,-0.338070921,-0.34806594,-0.3410049,-0.35046828,-0.34654024,-0.35068613,-0.3529332839843832,-0.3511211758759591,-0.3529332739134648
2020-06-29,-0.3937359,-0.39041167,-0.329248957,-0.397761428,-0.378447836,-0.37962246,-0.36353567,-0.36318415,-0.3617153,-0.381707804281135,-0.3794988005399724,-0.3817077747170536
2020-06-30,-0.4026728,-0.39907253,-0.33862765,-0.387049532,-0.388193734,-0.411618,-0.38804248,-0.38300666,-0.38506842,-0.3937358991318111,-0.3913609882524177,-0.3937358867736442
2020-07-01,-0.40805495,-0.40191025,-0.35189695,-0.399354933,-0.404648134,-0.40707108,-0.40525824,-0.39442936,-0.39421928,-0.4026727988740881,-0.4001746186424569,-0.4026727896919539
2020-07-02,-0.40167737,-0.39684844,-0.361736462,-0.401129321,-0.404908399,-0.41511595,-0.400913,-0.4002007,-0.39878803,-0.4080549580948035,-0.4054825401185505,-0.4080549525649525
2020-07-03,-0.3990075,-0.39725313,-0.351625642,-0.391729588,-0.39377101,-0.42641586,-0.40681705,-0.39810196,-0.4002751,-0.4016773829914383,-0.3991929328311518,-0.4016773895440034
2020-07-06,-0.4095013,-0.40455562,-0.355826653,-0.401129321,-0.39953355,-0.41783556,-0.3890877,-0.39804506,-0.3983686,-0.3990074939468279,-0.3965598703709909,-0.3990074966899833
2020-07-07,-0.42990166,-0.37644958,-0.356860283,-0.414895171,-0.407105128,-0.4330773,-0.39360416,-0.40482476,-0.40443733,-0.4095013201031036,-0.406908952019654,-0.4095013093213377
2020-07-08,-0.4785924,-0.3983579,-0.385777018,-0.441469408,-0.434990259,-0.43094823,-0.40964624,-0.41503602,-0.42466527,-0.4299016741487465,-0.4270279178321124,-0.4299016531886113
2020-07-09,-0.5379911,-0.45774502,-0.430024772,-0.463099156,-0.473677397,-0.44781554,-0.44497052,-0.4480974,-0.45945764,-0.4785923873049612,-0.4750470253035989,-0.4785923372781907
2020-07-10,-0.5787006,-0.49333733,-0.469952141,-0.489403216,-0.479184254,-0.46964806,-0.50689167,-0.50279355,-0.53189117,-0.5379910935270917,-0.5336264272646418,-0.5379910324984792
2020-07-13,-0.58993256,-0.4877419,-0.503185736,-0.489403216,-0.478494888,-0.46985334,-0.5112359,-0.55175954,-0.57764435,-0.57870061008378,-0.573774425187288,-0.578700568257163
2020-07-14,-0.5527686,-0.4796086,-0.50190441,-0.489403216,-0.474897858,-0.48308286,-0.53548187,-0.56801605,-0.5753208,-0.5899325576461889,-0.5848514471110176,-0.5899325461060023
2020-07-15,-0.4674783,-0.4621569,-0.470287193,-0.489403216,-0.471180852,-0.45405072,-0.4986701,-0.5374127,-0.5471648,-0.5527686156396059,-0.548200118559868,-0.5527686538232861
2020-07-16,-0.36584774,-0.39777648,-0.389976036,-0.457499149,-0.447690579,-0.35925353,-0.40604764,-0.50782263,-0.49711245,-0.4674782929877894,-0.4640862310397673,-0.4674783806184522
2020-07-17,-0.25230166,-0.31981885,-0.315074851,-0.278178109,-0.323596726,-0.28532556,-0.27896902,-0.3949994,-0.4509705,-0.3658477245780164,-0.3638574836973336,-0.3658478289973396
2020-07-20,-0.1378596,-0.24512056,-0.222538995,-0.242360461,-0.194741189,-0.17981806,-0.18653247,-0.28103152,-0.3411087,-0.2523016735796243,-0.2518776076096334,-0.252301790241399
2020-07-21,-0.07234454,-0.1154522,-0.126585706,-0.096447897,-0.088096647,-0.06473896,-0.07812701,-0.16776307,-0.18116148,-0.1378595929721132,-0.1390140611193272,-0.1378597105545164
2020-07-22,-0.031273652,-0.030768737,-0.072149514,0.080112091679125,-0.01958199,0.004751991,-0.007109013,-0.09270976,-0.10745487,-0.0723445401890508,-0.0744026772092839,-0.0723446075019071
2020-07-23,0.009256519,-0.006469816,-0.027813389,0.080112091679125,-0.001702061,0.021034451,-0.001383173,-0.049504884,-0.051460344,-0.0312736518846562,-0.0338982920483855,-0.0312736940825672
2020-07-24,0.020477837,0.008074746,0.0126063779106376,0.0671319317927463,0.0178014823265688,0.05181264,0.026843369,-0.006930031,-0.010369111,0.009256519724719,0.0060728346858707,0.0092564780823872
2020-07-27,-0.045134474,-0.00325276,0.0277189886694894,0.0189096053962769,0.0361623564081524,0.06346699,0.030063821,0.012497583,0.014907519,0.020477836352121,0.0171393723102846,0.0204778248228572
2020-07-28,-0.08972861,-0.0871025,-0.033945526,0.0030847288773267,-0.033103057,0.030588241,-0.021061331,-0.03149912,-0.038083203,-0.0451344733661595,-0.0475679270407504,-0.0451344059535102
2020-07-29,-0.08250753,-0.093800515,-0.071462725,-0.124232499,-0.075992181,-0.03656171,-0.060607284,-0.053350106,-0.055319406,-0.0897286080284209,-0.0915469613603937,-0.0897285622105881
2020-07-30,-0.05436445,-0.06892884,-0.070781794,-0.097322322,-0.067814923,-0.038073152,-0.06429383,-0.06740312,-0.05840214,-0.0825075255213681,-0.0844254814212078,-0.0825075329405445
2020-07-31,-0.023128297,-0.03929165,-0.041468044,-0.007396958,-0.049242836,0.005469331,-0.042915042,-0.037184052,-0.047077876,-0.0543644509672709,-0.0566705927783668,-0.0543644798825774
2020-08-03,0.006583523,-0.003489628,-0.008713734,-0.040811301,0.0009676249427315,0.045872465,-0.010393959,-0.032511193,-0.040168658,-0.0231282964277036,-0.0258652879347265,-0.0231283285209839
2020-08-04,-0.028189717,0.029270828,0.0195788394847559,0.0671319317927463,0.0289621088358645,0.073632516,0.016066708,-0.000379483,-0.02049944,0.006583522956484,0.003436707367854,0.0065834924293621
2020-08-05,-0.08283281,-0.021878868,-0.006002036,0.0030847288773267,-0.015936799,0.014819998,-0.004019715,-0.033289794,-0.026436128,-0.0281897172845809,-0.0308568950879233,-0.028189681557221
2020-08-06,-0.123998284,-0.105247095,-0.072014171,-0.097322322,-0.072655013,-0.0373848,-0.066860825,-0.041576624,-0.056464955,-0.0828328139016705,-0.0847462830008202,-0.0828327577591725
2020-08-07,-0.13909592,-0.12047316,-0.109129216,-0.073374749,-0.121558512,-0.104288295,-0.10076639,-0.099739574,-0.10396119,-0.1239982868544336,-0.1253439481755189,-0.123998244559354
2020-08-10,-0.16706692,-0.14556658,-0.119809943,-0.201167176,-0.137893335,-0.13060857,-0.14441939,-0.119279765,-0.12779552,-0.1390959220313806,-0.1402333371191799,-0.1390959065194344
2020-08-11,-0.19027926,-0.17992154,-0.145722911,-0.162712626,-0.165615146,-0.16904128,-0.15162732,-0.14665301,-0.14389753,-0.1670669129286792,-0.1678185157069764,-0.1670668841901698
2020-08-12,-0.18724073,-0.20109382,-0.158770569,-0.207766613,-0.190164503,-0.1956273,-0.19829443,-0.1731445,-0.16415416,-0.1902792614263644,-0.1907106892843041,-0.1902792375770573
2020-08-13,-0.18062712,-0.18099365,-0.161407945,-0.098979286,-0.182657249,-0.21765025,-0.18741687,-0.17786904,-0.17059867,-0.1872407323664,-0.1877140715716502,-0.1872407354882794
2020-08-14,-0.18232408,-0.17596066,-0.162964322,-0.098979286,-0.166108322,-0.18818039,-0.1954582,-0.17184032,-0.17686275,-0.180627118037821,-0.1811916808192267,-0.180627124832911
2020-08-17,-0.1760661,-0.18034783,-0.162050065,-0.211710028,-0.181526395,-0.18556748,-0.18685901,-0.17991215,-0.18050481,-0.1823240779688054,-0.1828652340703223,-0.1823240762252891
2020-08-18,-0.1860999,-0.17481945,-0.159177627,-0.197459886,-0.176332026,-0.18532406,-0.18063587,-0.17858973,-0.17789118,-0.1760660982893775,-0.1766935725911256,-0.1760661047190695
2020-08-19,-0.19837022,-0.19386713,-0.168531509,-0.197459886,-0.182344843,-0.18330279,-0.19051594,-0.18362802,-0.18376863,-0.1860999050212549,-0.1865889800019873,-0.1860998947121348
2020-08-20,-0.23247127,-0.19669342,-0.177089752,-0.201211892,-0.205275583,-0.18582836,-0.20616037,-0.18879168,-0.19316319,-0.1983702193699203,-0.1986900462058673,-0.1983702067629073
2020-08-21,-0.2780925,-0.2443531,-0.202652537,-0.252947985,-0.233779942,-0.22099347,-0.23738062,-0.21155877,-0.21497706,-0.2324712708026284,-0.2323207315561576,-0.2324712357658573
2020-08-24,-0.32429698,-0.3002919,-0.240729659,-0.295421701,-0.278859326,-0.27683395,-0.26513383,-0.25068206,-0.25931048,-0.278092493390502,-0.2773126868680321,-0.2780924465174321
2020-08-25,-0.33870026,-0.3489527,-0.278079043,-0.318896409,-0.324967073,-0.33531114,-0.32200626,-0.29795098,-0.29932082,-0.3242969677070086,-0.3228798489416211,-0.3242969202346709
2020-08-26,-0.32038838,-0.3467645,-0.289488708,-0.340886834,-0.335562008,-0.3574963,-0.34409058,-0.3192295,-0.31445968,-0.3387002666695299,-0.3370844788595747,-0.3387002518709667
2020-08-27,-0.28527528,-0.31551284,-0.276555797,-0.321408256,-0.31191478,-0.3390906,-0.33522472,-0.30414414,-0.3131893,-0.3203883740707606,-0.3190251677156714,-0.3203883928851023
2020-08-28,-0.2652286,-0.27292746,-0.24127711,-0.216177718,-0.272002101,-0.28989756,-0.293394,-0.29148483,-0.30166933,-0.2852752733370161,-0.2843963925654434,-0.2852753094136126
2020-08-31,-0.2646659,-0.2768587,-0.21673326,-0.243405461,-0.251584586,-0.27716196,-0.25699794,-0.26927233,-0.2856941,-0.2652286084794262,-0.2646262373994451,-0.2652286290761932
2020-09-01,-0.2636943,-0.28265613,-0.226239464,-0.23716629,-0.256405712,-0.26900735,-0.25015736,-0.2684946,-0.27352196,-0.2646658869476724,-0.2640712776554152,-0.2646658875258557
2020-09-02,-0.27448106,-0.2640158,-0.2317645,-0.278644435,-0.262446739,-0.26432544,-0.25050357,-0.26720527,-0.26645777,-0.2636942907073882,-0.2631130829349679,-0.2636942917056449
2020-09-03,-0.29525667,-0.28087705,-0.238228106,-0.244649759,-0.275664333,-0.25063813,-0.2589146,-0.27256858,-0.27255434,-0.2744810507416151,-0.2737510579362966,-0.2744810396588756
2020-09-04,-0.33640078,-0.28984988,-0.254812601,-0.291122497,-0.295276411,-0.26626,-0.2631806,-0.2808985,-0.2812828,-0.2952566867032394,-0.2942401292881378,-0.2952566653575246
2020-09-07,-0.3597977,-0.34825167,-0.290471635,-0.340158717,-0.333866824,-0.32516485,-0.31243378,-0.3114599,-0.31648022,-0.3364007686070439,-0.3348166984670647,-0.336400726333978
2020-09-08,-0.35363218,-0.3709494,-0.309424884,-0.358239679,-0.349712864,-0.36801124,-0.3476514,-0.34276938,-0.34565437,-0.3597976903225301,-0.3578908993881594,-0.3597976662835714
2020-09-09,-0.34263486,-0.3511215,-0.305347995,-0.343322364,-0.349455048,-0.37024808,-0.34184563,-0.3413951,-0.33892828,-0.3536321890906507,-0.3518104407734059,-0.3536321954253039
2020-09-10,-0.320695,-0.3393781,-0.301777504,-0.334199924,-0.340094039,-0.35999307,-0.33688027,-0.3323388,-0.33379596,-0.3426348519012136,-0.3409647931710489,-0.3426348632003158
2020-09-11,-0.29196316,-0.3147003,-0.281104364,-0.329929912,-0.318435514,-0.32658532,-0.3199962,-0.3289292,-0.33013058,-0.3206950156849296,-0.3193275797296169,-0.3206950382267896
2020-09-14,-0.2640007,-0.29017675,-0.254346764,-0.264907233,-0.27958103,-0.2945896,-0.29670534,-0.30048844,-0.30624133,-0.2919631540713319,-0.2909920253446812,-0.2919631835915969
2020-09-15,-0.25814837,-0.26360083,-0.229154825,-0.243405461,-0.249180772,-0.25291386,-0.26174596,-0.27093518,-0.2846169,-0.2640007172573667,-0.2634152828511681,-0.2640007459871016
2020-09-16,-0.27804938,-0.2512953,-0.221009652,-0.219604438,-0.25167003,-0.24542305,-0.25129655,-0.26200354,-0.26889223,-0.2581483593419497,-0.2576436482727137,-0.2581483653549213
2020-09-17,-0.28099898,-0.28369486,-0.235817501,-0.295421701,-0.274527464,-0.27580205,-0.2665748,-0.28037173,-0.2761413,-0.2780493802868779,-0.2772701684364431,-0.2780493598397944
2020-09-18,-0.30334744,-0.28275105,-0.242444851,-0.2858811,-0.275566697,-0.28633654,-0.2779776,-0.27653396,-0.27703014,-0.2809989771528609,-0.2801790806236764,-0.2809989741223083
2020-09-21,-0.33248442,-0.31913596,-0.260929335,-0.334771408,-0.309306693,-0.32885882,-0.30477506,-0.2927285,-0.28613478,-0.3033474338875821,-0.3022192783575531,-0.3033474109258978
2020-09-22,-0.34949595,-0.3604186,-0.292172295,-0.350738912,-0.336452515,-0.3411752,-0.33930528,-0.31404775,-0.3253956,-0.3324844118955752,-0.3309543612443311,-0.3324843819590773
2020-09-23,-0.35372478,-0.35532755,-0.300937286,-0.362598299,-0.353497398,-0.35823214,-0.3543344,-0.3377552,-0.34605652,-0.3494959551698817,-0.3477312591740035,-0.349495937691524
2020-09-24,-0.35629326,-0.35864398,-0.300282697,-0.371584,-0.350033882,-0.35490122,-0.36370456,-0.3436422,-0.34788474,-0.3537247712722955,-0.3519017459411098,-0.353724766927426
2020-09-25,-0.36160818,-0.35342604,-0.298327833,-0.360263975,-0.34829864,-0.34865376,-0.35296962,-0.3482533,-0.35460192,-0.3562932522637767,-0.3544347990999884,-0.3562932496248141
2020-09-28,-0.36645386,-0.365079,-0.30378811,-0.370045524,-0.360844201,-0.35884383,-0.35853618,-0.3571048,-0.3580459,-0.3616081855051069,-0.3596764218648962,-0.3616081800443333
2020-09-29,-0.33556923,-0.37028193,-0.316663922,-0.368190708,-0.361521205,-0.37792522,-0.35719228,-0.36325502,-0.36379606,-0.3664538507297655,-0.3644552493683506,-0.3664538457511333
2020-09-30,-0.30701914,-0.32512155,-0.280703862,-0.314267501,-0.332897058,-0.33435994,-0.34092164,-0.35380518,-0.3440809,-0.3355692280693511,-0.3339966276186822,-0.3355692598014189
2020-10-09,-0.29514003,-0.29213434,-0.263725853,-0.303692506,-0.303702135,-0.29619566,-0.29180813,-0.31654552,-0.3243333,-0.307019139972288,-0.3058403394933706,-0.3070191693058012
2020-10-12,-0.2772272,-0.29554734,-0.252145778,-0.27522353,-0.281038919,-0.2788336,-0.28739703,-0.29790542,-0.30713987,-0.2951400156817674,-0.2941250675452362,-0.2951400278868759
2020-10-13,-0.28751126,-0.2662953,-0.232421021,-0.276694937,-0.266634659,-0.2930918,-0.27437976,-0.2833903,-0.2835496,-0.2772271921914457,-0.2764593210292656,-0.2772272105957958
2020-10-14,-0.32223734,-0.3001785,-0.253502264,-0.291228295,-0.288785464,-0.27749702,-0.2776233,-0.29048193,-0.28653944,-0.2875112683559958,-0.2866015458310696,-0.2875112577897514
2020-10-15,-0.35756814,-0.33935174,-0.279374165,-0.360298136,-0.324512681,-0.32443762,-0.31491074,-0.29736832,-0.30548355,-0.3222373332045,-0.3208486235986972,-0.3222372975255677
2020-10-16,-0.39347512,-0.37265664,-0.309361923,-0.340977702,-0.350849133,-0.3862021,-0.3683243,-0.33547488,-0.3182133,-0.3575681383852476,-0.3556921003328622,-0.3575681020849556
2020-10-19,-0.43382034,-0.40629598,-0.340344236,-0.431173061,-0.39680755,-0.43394995,-0.39675364,-0.3733349,-0.35726705,-0.3934751172931771,-0.3911038034562986,-0.3934750804009009
2020-10-20,-0.44236094,-0.44963452,-0.376850546,-0.425631106,-0.435476199,-0.44836304,-0.43312573,-0.4098183,-0.4072496,-0.4338203373204481,-0.4308925297013776,-0.4338202958681483
2020-10-21,-0.40856844,-0.4449719,-0.397672464,-0.41327283,-0.443021823,-0.44236147,-0.45420235,-0.4255742,-0.4259286,-0.4423609328080619,-0.439315322180807,-0.4423609240330764
2020-10-22,-0.3649033,-0.39092484,-0.363199921,-0.396830402,-0.40737562,-0.43239456,-0.4204104,-0.39688778,-0.40942106,-0.4085684405307586,-0.4059889399364735,-0.4085684752504818
2020-10-23,-0.33125708,-0.354746,-0.326835334,-0.361189487,-0.357105641,-0.39629972,-0.3635385,-0.3811136,-0.38355753,-0.3649032991953554,-0.3629260850586795,-0.3649033440586703
2020-10-26,-0.30865884,-0.33025333,-0.30358056,-0.337815196,-0.329998783,-0.36403164,-0.3291266,-0.33817333,-0.3516447,-0.3312570683574431,-0.329743946825612,-0.3312571029269467
2020-10-27,-0.29573035,-0.31638572,-0.287310898,-0.319670845,-0.307844684,-0.3068372,-0.31372738,-0.31579593,-0.3362778,-0.3086588400825143,-0.3074574227256772,-0.3086588633008561
2020-10-28,-0.31420377,-0.2843971,-0.271377902,-0.27522353,-0.285135086,-0.28945774,-0.29596967,-0.30186525,-0.31036255,-0.2957303575553479,-0.2947072666553917,-0.2957303708386019
2020-10-29,-0.31761408,-0.3221045,-0.280104572,-0.336096875,-0.319972159,-0.3198234,-0.31767952,-0.31720272,-0.31619707,-0.3142037550930661,-0.312925855051934,-0.3142037361127864
2020-10-30,-0.3161742,-0.3254967,-0.282173241,-0.329929912,-0.306442415,-0.3413041,-0.32149446,-0.31473893,-0.31801197,-0.3176140888234496,-0.3162891490211048,-0.3176140853195194
2020-11-02,-0.31293958,-0.32303452,-0.274820614,-0.321408256,-0.314330939,-0.33978066,-0.32978827,-0.31378388,-0.31569976,-0.3161742013738496,-0.3148691223731615,-0.3161742028532429
2020-11-03,-0.32335955,-0.32216746,-0.266011749,-0.321408256,-0.310987282,-0.32486874,-0.31899646,-0.3098837,-0.31217813,-0.3129395881017323,-0.3116791250970039,-0.3129395914251023
2020-11-04,-0.34364623,-0.32497168,-0.275802495,-0.33578898,-0.321340706,-0.3352146,-0.31616867,-0.3172659,-0.31942308,-0.3233595585724965,-0.32195536977389,-0.3233595478666135
2020-11-05,-0.3652684,-0.35310185,-0.296319925,-0.340158717,-0.335780419,-0.36403492,-0.33652115,-0.32892066,-0.32978988,-0.3436462392930774,-0.3419622301917266,-0.3436462184497347
2020-11-06,-0.37136438,-0.3766905,-0.323626341,-0.370291812,-0.369602215,-0.3837724,-0.35865834,-0.35270557,-0.34450874,-0.3652684228064007,-0.3632861724096885,-0.3652684005908996
2020-11-09,-0.374324,-0.37718362,-0.332983347,-0.379476817,-0.371460841,-0.3931304,-0.3744504,-0.36308882,-0.36089328,-0.3713643789790391,-0.369298045221168,-0.3713643727157918
2020-11-10,-0.40292504,-0.38235986,-0.340362735,-0.368486623,-0.375500207,-0.38910362,-0.38621703,-0.3667508,-0.36713198,-0.3743239834753076,-0.3722168270004254,-0.3743239804344874
2020-11-11,-0.43381792,-0.4180982,-0.362136076,-0.391729588,-0.408271898,-0.42336237,-0.40831554,-0.38613954,-0.38504252,-0.4029250484048086,-0.4004233888193578,-0.4029250190189493
2020-11-12,-0.44281998,-0.44869262,-0.391254782,-0.441469408,-0.436390804,-0.45203212,-0.44386604,-0.41381663,-0.41628468,-0.4338179184150232,-0.4308901441606444,-0.4338178866744464
2020-11-13,-0.44993916,-0.44835937,-0.400840791,-0.41327283,-0.444514869,-0.4501379,-0.46389735,-0.43227705,-0.44137338,-0.442819973225984,-0.4397680309158637,-0.4428199639768871
2020-11-16,-0.44103727,-0.4512722,-0.402832419,-0.453229929,-0.452558153,-0.4334495,-0.46969977,-0.4389617,-0.44921646,-0.4499391472381899,-0.4467890080147931,-0.4499391399236617
2020-11-17,-0.42940864,-0.43476295,-0.385531258,-0.436156972,-0.439633246,-0.42828956,-0.45235562,-0.4347368,-0.44382387,-0.4410372709120742,-0.438009917952378,-0.4410372800582036
2020-11-18,-0.39450282,-0.41681546,-0.373901909,-0.419637822,-0.430663866,-0.43354076,-0.4332535,-0.4332774,-0.43355972,-0.4294086388169425,-0.4265416830852691,-0.4294086507646647
2020-11-19,-0.3756412,-0.3799082,-0.339392854,-0.414895171,-0.389056235,-0.42043972,-0.3990832,-0.40942377,-0.41523603,-0.394502807513408,-0.3921173184355172,-0.3945028433770408
2020-11-20,-0.36316603,-0.37520924,-0.332723161,-0.357223376,-0.368287494,-0.388296,-0.3705328,-0.38059273,-0.38421297,-0.3756412053678326,-0.3735158800543009,-0.3756412247470194
2020-11-23,-0.36029094,-0.36980322,-0.321119173,-0.373062437,-0.363358395,-0.36704856,-0.36759737,-0.36731595,-0.37968868,-0.3631660389321882,-0.3612127873500317,-0.3631660517496835
2020-11-24,-0.37668833,-0.3663627,-0.316513544,-0.376073343,-0.356803096,-0.38551956,-0.3632968,-0.36399472,-0.3644152,-0.3602909562000338,-0.3583773615007162,-0.3602909591540197
2020-11-25,-0.39018625,-0.38801557,-0.343138677,-0.373605033,-0.371447559,-0.38723373,-0.3694266,-0.37567398,-0.37438303,-0.3766883325543645,-0.374548563899885,-0.3766883157070597
2020-11-26,-0.40466097,-0.39633593,-0.341394727,-0.380486575,-0.385718086,-0.40354452,-0.3965404,-0.37979037,-0.38383263,-0.3901862420969189,-0.3878602927070773,-0.3901862282286197
2020-11-27,-0.41995573,-0.40849552,-0.359562962,-0.399354933,-0.405815597,-0.42961213,-0.41394937,-0.39711046,-0.39296198,-0.4046609627746008,-0.4021353591989436,-0.4046609479026906
2020-11-30,-0.4254158,-0.4002089,-0.373909573,-0.433660137,-0.422659232,-0.4518758,-0.42661953,-0.41038296,-0.4098709,-0.4199557431283318,-0.4172191740365344,-0.4199557274138591
2020-12-01,-0.4254618,-0.3865888,-0.366246175,-0.42515658,-0.421848812,-0.4150353,-0.42942965,-0.41859728,-0.42442808,-0.4254158019411761,-0.4226039206121993,-0.4254157963312813
2020-12-02,-0.4116264,-0.3935343,-0.38162611,-0.423705631,-0.421224646,-0.41399705,-0.40753245,-0.42012244,-0.42221904,-0.4254618118310989,-0.4226492958738403,-0.4254618117838207
2020-12-03,-0.4025464,-0.40658948,-0.371449274,-0.391729588,-0.398547759,-0.4101081,-0.40094692,-0.4122863,-0.41334674,-0.4116263900632363,-0.409004710249209,-0.4116264042782914
2020-12-04,-0.41732585,-0.4033451,-0.366584264,-0.414895171,-0.402108409,-0.39086387,-0.3684357,-0.40526685,-0.40468442,-0.4025464040139532,-0.4000499671847306,-0.4025464133431017
2020-12-07,-0.43355954,-0.43272746,-0.381575993,-0.433660137,-0.42049189,-0.38316068,-0.36736155,-0.41834712,-0.41490772,-0.4173258495955662,-0.4146255554180665,-0.4173258344105935
2020-12-08,-0.4299115,-0.44104114,-0.386468306,-0.434575827,-0.434646896,-0.4119038,-0.42065653,-0.42130893,-0.42910117,-0.4335595292023326,-0.4306353189882578,-0.4335595125231977
2020-12-09,-0.43938366,-0.42266887,-0.37177011,-0.434575827,-0.431800292,-0.42197546,-0.4316954,-0.42559826,-0.4298665,-0.4299114988270164,-0.4270376069956332,-0.4299115025751288
2020-12-10,-0.4205111,-0.4401483,-0.38244978,-0.439866668,-0.438930401,-0.43310195,-0.43251055,-0.43291786,-0.43543634,-0.4393836562826206,-0.4363791121280025,-0.4393836465505583
2020-12-11,-0.3954482,-0.41224837,-0.361734493,-0.417042405,-0.418891783,-0.40440398,-0.42197758,-0.42585513,-0.42376724,-0.420511089294064,-0.4177668601451896,-0.4205111086844697
2020-12-14,-0.37592176,-0.384547,-0.334775642,-0.408294338,-0.390790373,-0.37048987,-0.38388994,-0.4060304,-0.40766102,-0.3954482130172981,-0.3930496836762929,-0.3954482387679003
2020-12-15,-0.35849825,-0.36857235,-0.326184604,-0.342712356,-0.362533448,-0.3516217,-0.35646123,-0.37989146,-0.3889233,-0.375921756288173,-0.3737925612512229,-0.3759217763504471
2020-12-16,-0.34635273,-0.3478226,-0.303664443,-0.338465514,-0.338719629,-0.3279181,-0.34134823,-0.363393,-0.36853337,-0.358498234961108,-0.3566093678062676,-0.3584982528627379
2020-12-17,-0.34751046,-0.33950943,-0.290742275,-0.314267501,-0.338788263,-0.3213643,-0.3220344,-0.35056868,-0.35071662,-0.3463527325655217,-0.3446313919865723,-0.3463527450443057
2020-12-18,-0.36334598,-0.34965807,-0.303693245,-0.340977702,-0.342836163,-0.33026013,-0.31285256,-0.35001484,-0.3498822,-0.3475104584425791,-0.3457731490016027,-0.3475104572530989
2020-12-21,-0.3750589,-0.377372,-0.311133202,-0.358239679,-0.363687509,-0.35399738,-0.35150418,-0.36039108,-0.36175036,-0.363345972930202,-0.3613902394641685,-0.3633459566601719
2020-12-22,-0.39802787,-0.38536,-0.324377533,-0.373605033,-0.372587992,-0.35786355,-0.3599756,-0.36653772,-0.36705777,-0.3750588840526316,-0.3729415908725454,-0.3750588720183104
2020-12-23,-0.4102488,-0.3949811,-0.335273625,-0.411461388,-0.395995292,-0.3775904,-0.3899926,-0.38616684,-0.39712954,-0.3980278814319948,-0.3955937699468861,-0.3980278578327334
2020-12-24,-0.4222414,-0.40009505,-0.344594276,-0.406991019,-0.399877685,-0.39394438,-0.3971098,-0.40016904,-0.40428245,-0.4102487792840965,-0.4076461012708365,-0.4102487667278423
2020-12-25,-0.4334415,-0.4248982,-0.360580307,-0.433747627,-0.413227993,-0.407239,-0.40407172,-0.41392168,-0.40803036,-0.4222413948756716,-0.419473299100297,-0.4222413825539749
2020-12-28,-0.42229688,-0.44076732,-0.372345889,-0.440029068,-0.428549009,-0.41125736,-0.424354,-0.42481446,-0.41932577,-0.4334415032386198,-0.4305189209922422,-0.4334414917311763
2020-12-29,-0.41045168,-0.41802788,-0.368519057,-0.390350866,-0.418958098,-0.41094035,-0.40564832,-0.41764194,-0.4188175,-0.4222968818449739,-0.4195280207211048,-0.4222968932953833
2020-12-30,-0.39259842,-0.4055407,-0.359226871,-0.406991019,-0.403233465,-0.4027891,-0.40402117,-0.41252854,-0.41256025,-0.410451674321988,-0.4078461977163062,-0.4104516864922307
2020-12-31,-0.40137964,-0.38435465,-0.336985307,-0.412858957,-0.393650723,-0.3994837,-0.4012123,-0.39774197,-0.40095943,-0.3925984222816228,-0.3902392009633246,-0.3925984406247668
2021-01-04,-0.39580747,-0.37282127,-0.357350467,-0.414895171,-0.404311397,-0.36922547,-0.3974807,-0.404057,-0.40210372,-0.4013796424699989,-0.3988992991344806,-0.4013796334478476
2021-01-05,-0.40583694,-0.37487158,-0.32845653,-0.391049474,-0.390634324,-0.3846335,-0.38919154,-0.39948124,-0.39966342,-0.3958074637588916,-0.3934039791641088,-0.3958074694839573
2021-01-06,-0.40971166,-0.40078574,-0.347887979,-0.409032497,-0.403522739,-0.40118614,-0.40313494,-0.40366378,-0.40259284,-0.4058369317878166,-0.4032951077170559,-0.4058369214831536
2021-01-07,-0.42666435,-0.3959159,-0.36995124,-0.401129321,-0.40224498,-0.4228042,-0.399051,-0.40487814,-0.40744656,-0.4097116518962782,-0.4071163826429993,-0.4097116479152281
2021-01-08,-0.45516145,-0.42903304,-0.383968818,-0.440029068,-0.425132922,-0.43538284,-0.42357004,-0.41758543,-0.4173946,-0.4266643425074172,-0.4238352396820287,-0.4266643250895537
2021-01-11,-0.47585428,-0.4683867,-0.406514618,-0.475635814,-0.452325268,-0.43986934,-0.43604666,-0.43745875,-0.43021867,-0.4551614553656352,-0.4519392832719344,-0.4551614260865655
2021-01-12,-0.46932364,-0.4778655,-0.421211338,-0.463099156,-0.467134212,-0.45902273,-0.46495414,-0.46278206,-0.46335414,-0.4758542694764566,-0.472346675159728,-0.4758542482158175
2021-01-13,-0.45674148,-0.45794508,-0.417646479,-0.471312395,-0.467106829,-0.4553539,-0.46744022,-0.45999476,-0.4675634,-0.469323626665779,-0.4659061114740472,-0.4693236333755958
2021-01-14,-0.4340236,-0.44375223,-0.402337916,-0.457885845,-0.448795068,-0.44988948,-0.45103905,-0.44941652,-0.45511666,-0.4567414780206133,-0.4534975121981233,-0.4567414909480133
2021-01-15,-0.40525377,-0.4234222,-0.385340918,-0.40507922,-0.423701511,-0.4371367,-0.4346601,-0.44242156,-0.44407576,-0.4340235759350961,-0.4310929649845461,-0.4340235992763733
2021-01-18,-0.37587523,-0.37339336,-0.356563799,-0.372902391,-0.390115651,-0.41249964,-0.39554778,-0.41351607,-0.4238046,-0.405253776089251,-0.402719995660837,-0.405253805648496
2021-01-19,-0.36733732,-0.36922577,-0.341077752,-0.342712356,-0.363937604,-0.3871247,-0.35830167,-0.383283,-0.38681212,-0.3758752404556095,-0.3737466870255606,-0.3758752706402999
2021-01-20,-0.3758807,-0.36853397,-0.341271526,-0.378970282,-0.362260655,-0.38352427,-0.35876107,-0.3714434,-0.3822779,-0.3673373207976088,-0.3653265334672197,-0.3673373295698334
2021-01-21,-0.3541348,-0.38720554,-0.34562031,-0.371612502,-0.377182867,-0.37541732,-0.3710088,-0.3795879,-0.3851537,-0.3758806778971968,-0.3737520494668769,-0.3758806691194256
2021-01-22,-0.3336736,-0.3468396,-0.329007325,-0.338465514,-0.353423485,-0.35457608,-0.33542082,-0.3630959,-0.3624765,-0.354134800474319,-0.3523061194867435,-0.3541348228168776
2021-01-25,-0.3343998,-0.33838022,-0.297906494,-0.335887757,-0.336254066,-0.3332305,-0.33053088,-0.3413745,-0.3430369,-0.3336736005429885,-0.3321271470542412,-0.333673621565651
2021-01-26,-0.3382174,-0.34152234,-0.293548688,-0.340158717,-0.335067649,-0.3417626,-0.3241101,-0.33606437,-0.3390741,-0.3343997897082323,-0.3328433196734138,-0.3343997889621386
2021-01-27,-0.33018428,-0.34340978,-0.297448481,-0.340158717,-0.333127971,-0.3505847,-0.3327493,-0.34082627,-0.3423291,-0.3382174195257344,-0.3366082917719913,-0.338217415603351
2021-01-28,-0.3544383,-0.33181632,-0.284837824,-0.292495366,-0.322241264,-0.35242134,-0.32878575,-0.33314753,-0.33251572,-0.3301842718082227,-0.3286859476825972,-0.3301842800617898
2021-01-29,-0.36686862,-0.3710084,-0.312107888,-0.340977702,-0.353698967,-0.36846927,-0.3435809,-0.3386395,-0.34180012,-0.3544383164225955,-0.3526054489480483,-0.354438291503047
2021-02-01,-0.3492254,-0.37248114,-0.320729932,-0.368190708,-0.370672549,-0.39921233,-0.36744487,-0.35497347,-0.35812086,-0.3668686194702127,-0.3648642970785258,-0.3668686066988061
2021-02-02,-0.33050263,-0.3458452,-0.307149702,-0.335516685,-0.354674312,-0.4049285,-0.35920987,-0.34500903,-0.3537879,-0.3492254080253535,-0.3474644437677981,-0.349225426152668
2021-02-03,-0.30409977,-0.33574268,-0.299200061,-0.304009965,-0.324222325,-0.3562652,-0.33166513,-0.33422127,-0.3340008,-0.3305026276486416,-0.3289999123449385,-0.3305026468851793
2021-02-04,-0.29802716,-0.2925562,-0.27476507,-0.305363391,-0.302184059,-0.33260638,-0.30217698,-0.31125033,-0.31173754,-0.3040997717099827,-0.3029612389575717,-0.3040997988373325
2021-02-05,-0.29021558,-0.30498588,-0.27458863,-0.303351315,-0.287507325,-0.31161982,-0.29346576,-0.30125102,-0.3025848,-0.2980271643666911,-0.2969723929179971,-0.298027170605954
2021-02-08,-0.31538674,-0.2882829,-0.267456853,-0.294393954,-0.288289696,-0.31282082,-0.27361324,-0.2941776,-0.2950072,-0.2902155731096431,-0.2892685492940178,-0.2902155811355848
2021-02-09,-0.34382927,-0.33465093,-0.289413672,-0.341792708,-0.321143466,-0.33724785,-0.3018039,-0.31090477,-0.30668226,-0.3153867392042354,-0.3140925219066389,-0.3153867133424001
2021-02-10,-0.3575586,-0.36321735,-0.320429877,-0.340158717,-0.344999601,-0.3579769,-0.33770332,-0.3225976,-0.32909894,-0.343829267694145,-0.3421427340268831,-0.3438292384711487
2021-02-18,-0.35344738,-0.3644808,-0.319698565,-0.346782542,-0.354532982,-0.37345698,-0.358211,-0.34762016,-0.35322422,-0.3575585995757087,-0.3556826930949989,-0.3575585854696245
2021-02-19,-0.3736944,-0.35674292,-0.319983346,-0.335516685,-0.35099856,-0.36241615,-0.34183922,-0.34367025,-0.34512416,-0.3534473660843682,-0.3516281670865653,-0.3534473703083963
2021-02-22,-0.40669337,-0.38533092,-0.333071175,-0.368486623,-0.373560867,-0.370993,-0.36547554,-0.3625206,-0.3626016,-0.3736943847410198,-0.3715959125112767,-0.3736943639384428
2021-02-23,-0.4450824,-0.42075193,-0.355474146,-0.391729588,-0.407749084,-0.41618612,-0.39892036,-0.38415894,-0.38098186,-0.4066933788327246,-0.4041397415296913,-0.406693344928242
2021-02-24,-0.47646803,-0.45548475,-0.400565332,-0.477339924,-0.446323826,-0.44844183,-0.43863282,-0.42338786,-0.43441057,-0.4450823993557117,-0.4419992507199595,-0.4450823599132911
2021-02-25,-0.47168985,-0.47284162,-0.426889239,-0.463099156,-0.471678128,-0.47374034,-0.4838754,-0.4567128,-0.47982106,-0.4764680311125835,-0.472951970996585,-0.4764679988657136
2021-02-26,-0.4322681,-0.46199903,-0.413659931,-0.453199099,-0.469552407,-0.47408682,-0.479013,-0.45732415,-0.47129726,-0.4716898502710482,-0.4682396970438139,-0.4716898551803055
2021-03-01,-0.3740969,-0.42055246,-0.376603072,-0.360612048,-0.427513705,-0.41603538,-0.43089852,-0.42919478,-0.43386212,-0.4322681018934416,-0.4293617047255483,-0.4322681423968975
2021-03-02,-0.30408397,-0.35784242,-0.326713239,-0.342712356,-0.351422148,-0.3515894,-0.35438308,-0.39581063,-0.40968317,-0.3740968991881971,-0.3719928749553433,-0.3740969589556145
2021-03-03,-0.26202166,-0.27077553,-0.264275169,-0.319670845,-0.274499827,-0.2927606,-0.28843623,-0.32271698,-0.34703222,-0.3040839844954525,-0.3029456695008508,-0.3040840564295292
2021-03-04,-0.23515151,-0.24920626,-0.215677697,-0.219604438,-0.239750422,-0.28002042,-0.23199098,-0.27310228,-0.3050853,-0.2620216683145192,-0.2614635315269877,-0.2620217115310669
2021-03-05,-0.24191198,-0.25106683,-0.216637683,-0.158447372,-0.223619918,-0.24885078,-0.20022368,-0.24574105,-0.24739678,-0.2351515149588484,-0.2349640062967521,-0.2351515425663425
2021-03-08,-0.23412445,-0.2509965,-0.230515977,-0.277206602,-0.243999964,-0.23927382,-0.23068228,-0.2488865,-0.24119163,-0.2419119776552829,-0.2416312198932247,-0.2419119707093467
2021-03-09,-0.25516653,-0.23020308,-0.220269757,-0.227805308,-0.231226495,-0.22725746,-0.23690632,-0.23957193,-0.23639163,-0.2341244565962303,-0.2339511144597437,-0.2341244645974278
2021-03-10,-0.24567012,-0.2513071,-0.239672525,-0.318324138,-0.268246997,-0.25875875,-0.23339652,-0.24897881,-0.2511552,-0.2551665320994672,-0.2547029502722799,-0.2551665104800215
2021-03-11,-0.23956569,-0.23733217,-0.224477652,-0.238041297,-0.232543856,-0.26551515,-0.2589263,-0.2418869,-0.24469146,-0.2456701289143917,-0.245337533839095,-0.2456701386713466
2021-03-12,-0.18911472,-0.22849368,-0.220284175,-0.277206602,-0.24233299,-0.26621655,-0.2508955,-0.23962112,-0.24268413,-0.2395656881218187,-0.2393172934386014,-0.2395656943937706
2021-03-15,-0.16468348,-0.1714963,-0.174451437,-0.149180242,-0.179363422,-0.21941036,-0.21174687,-0.21530904,-0.21241458,-0.1891147266118283,-0.1895622172495223,-0.1891147784471319
2021-03-16,-0.13616435,-0.15476377,-0.154284121,-0.165417067,-0.146247514,-0.17511435,-0.16747782,-0.17184594,-0.17282091,-0.164683478997135,-0.1654679571981532,-0.1646835040988105
2021-03-17,-0.14989766,-0.116295114,-0.12816224,-0.16356803,-0.130623484,-0.14032468,-0.14600107,-0.14345676,-0.14800426,-0.1361643462726427,-0.1373421974686268,-0.1361643755743443
2021-03-18,-0.18962899,-0.15254125,-0.139643752,-0.15027577,-0.151566607,-0.13342288,-0.14930022,-0.15497287,-0.14942434,-0.1498976709213618,-0.1508860942304569,-0.1498976568112354
2021-03-19,-0.24176171,-0.20297882,-0.169551462,-0.213509659,-0.196505442,-0.19599763,-0.18975979,-0.16796781,-0.17297617,-0.1896289934454254,-0.1900693906456541,-0.1896289526238914
2021-03-22,-0.24731657,-0.27771658,-0.209849542,-0.258709111,-0.250191344,-0.25342152,-0.24911875,-0.2092907,-0.23152976,-0.2417617112574056,-0.2414830261650722,-0.2417616576941641
2021-03-23,-0.24370238,-0.24900186,-0.217338691,-0.285783731,-0.253188332,-0.2766866,-0.24432036,-0.23046431,-0.23217882,-0.2473165745671339,-0.2469612695706161,-0.2473165688597943
2021-03-24,-0.25388774,-0.24099387,-0.217268529,-0.223720547,-0.235897513,-0.25628543,-0.25809038,-0.22721042,-0.23857702,-0.2437023889476111,-0.2433969355028655,-0.2437023926609613
2021-03-25,-0.24513075,-0.25951162,-0.217736621,-0.318324138,-0.259517502,-0.25542784,-0.25834507,-0.24334738,-0.2453165,-0.2538877487876718,-0.2534418056042025,-0.2538877383228373
2021-03-26,-0.23292623,-0.23921141,-0.218945987,-0.239457208,-0.236612157,-0.233495,-0.23736769,-0.24602231,-0.24578245,-0.2451307423529237,-0.2448055871990713,-0.2451307513502049
2021-03-29,-0.22726528,-0.23233958,-0.197166142,-0.23357606,-0.23106566,-0.25366932,-0.24155226,-0.23881227,-0.24025136,-0.2329262363185781,-0.2327694215955932,-0.2329262488579756
2021-03-30,-0.24382773,-0.23597848,-0.196663634,-0.23357606,-0.224796256,-0.26286244,-0.23007856,-0.22839637,-0.23166284,-0.227265281176149,-0.2271865497139792,-0.2272652869924492
2021-03-31,-0.23877518,-0.26259568,-0.218345752,-0.277206602,-0.246638599,-0.28782994,-0.24319474,-0.24267437,-0.24221227,-0.243827732276437,-0.2435205499333713,-0.2438277152595309
2021-04-01,-0.24921565,-0.25299034,-0.215979062,-0.277206602,-0.242827083,-0.27088654,-0.2465418,-0.2370088,-0.23940212,-0.2387751722293399,-0.2385376813701342,-0.2387751774205208
2021-04-02,-0.28497872,-0.2565969,-0.23349369,-0.285783731,-0.255122478,-0.25950634,-0.23647256,-0.24449867,-0.24510619,-0.2492156503776416,-0.2488341508559794,-0.24921563965069
2021-04-06,-0.32682714,-0.3096321,-0.259781103,-0.291228295,-0.296020466,-0.28460798,-0.28039986,-0.25982422,-0.27260336,-0.2849787297921016,-0.2841039393350392,-0.2849786930476997
2021-04-07,-0.3361158,-0.3510614,-0.289453229,-0.343894529,-0.328275444,-0.33156824,-0.30735284,-0.30105388,-0.31398377,-0.3268271458909475,-0.3253751276151286,-0.3268271028942052
2021-04-08,-0.34172967,-0.33835456,-0.300515218,-0.340158717,-0.328639139,-0.34986675,-0.32144004,-0.32183433,-0.3267238,-0.3361157933801613,-0.3345356539893943,-0.3361157838365963
2021-04-09,-0.33904395,-0.34656218,-0.294135744,-0.339258222,-0.34025798,-0.35666195,-0.343544,-0.32772297,-0.342647,-0.3417296665552933,-0.3400720933194794,-0.34172966078737
2021-04-12,-0.34242564,-0.3408968,-0.29506274,-0.331349357,-0.336314139,-0.3544292,-0.33918765,-0.3306452,-0.33032697,-0.3390439463139782,-0.3374234180270824,-0.3390439490733866
2021-04-13,-0.33090842,-0.34939057,-0.298290625,-0.328907227,-0.34167124,-0.35598427,-0.34747764,-0.33959708,-0.34018075,-0.3424256329471742,-0.3407584600371131,-0.3424256294726995
2021-04-14,-0.32018557,-0.3271455,-0.287385266,-0.335887757,-0.335623503,-0.34756708,-0.337699,-0.33681154,-0.3335044,-0.3309084313401375,-0.3294001186637851,-0.3309084431733586
2021-04-15,-0.3087348,-0.31971374,-0.273434498,-0.305065753,-0.314912197,-0.32294962,-0.33053836,-0.32411402,-0.32730758,-0.3201855720292924,-0.3188251629838974,-0.3201855830463909
2021-04-16,-0.2992217,-0.30523083,-0.257807534,-0.297912014,-0.302199459,-0.31428674,-0.31053218,-0.31135893,-0.31590754,-0.3087348036583675,-0.3075323385130288,-0.3087348154233474
2021-04-19,-0.28398284,-0.30549356,-0.25369977,-0.27522353,-0.283234973,-0.30818453,-0.29502994,-0.30198115,-0.3060548,-0.2992216987325898,-0.2981504507112861,-0.2992217085067391
2021-04-20,-0.2874572,-0.28153825,-0.244478751,-0.311267253,-0.274414628,-0.2925539,-0.277176,-0.28843787,-0.29210007,-0.2839828495621031,-0.2831217955812682,-0.2839828652191046
2021-04-21,-0.31505153,-0.28690425,-0.249884221,-0.298013915,-0.288810516,-0.29548085,-0.2744413,-0.28946275,-0.28702277,-0.2874571879646181,-0.2865482113868332,-0.2874571843949626
2021-04-22,-0.34966403,-0.32717413,-0.277860599,-0.325900344,-0.320010193,-0.33839622,-0.2980761,-0.29860604,-0.30047476,-0.3150515349783544,-0.3137619412536953,-0.315051506626836
2021-04-23,-0.36653024,-0.3710031,-0.313777859,-0.3543831,-0.356657652,-0.3734982,-0.34931913,-0.32680228,-0.33663818,-0.3496640364571859,-0.3478970220654426,-0.3496640008949148
2021-04-26,-0.39521667,-0.3823551,-0.327895501,-0.375596204,-0.371029705,-0.39269903,-0.3689267,-0.3535135,-0.36726406,-0.3665302523364648,-0.3645305971446568,-0.3665302350074164
2021-04-27,-0.40812945,-0.41568112,-0.349380237,-0.431173061,-0.39672205,-0.40486065,-0.39681232,-0.37860024,-0.39865837,-0.3952166608607084,-0.3928213253884021,-0.3952166313871491
2021-04-28,-0.3894112,-0.41033232,-0.355491572,-0.418583636,-0.405662908,-0.39827678,-0.39922848,-0.39444566,-0.4021121,-0.4081294429939206,-0.4055559976250001,-0.4081294297267914
2021-04-29,-0.36917016,-0.37504733,-0.333161643,-0.383483462,-0.380453602,-0.37243217,-0.38247147,-0.3808577,-0.38899216,-0.3894112075922579,-0.3870959484869788,-0.3894112268240936
2021-04-30,-0.35533348,-0.35312882,-0.311378695,-0.361189487,-0.355885547,-0.3949856,-0.34731868,-0.37251297,-0.37892732,-0.3691701451317657,-0.3671340771028176,-0.3691701659282471
2021-05-06,-0.3447949,-0.3534,-0.303347079,-0.338465514,-0.343385675,-0.35122755,-0.33076337,-0.35785055,-0.36182407,-0.3553334910391759,-0.3534882761512854,-0.3553335052555185
2021-05-07,-0.33890167,-0.34166098,-0.308448811,-0.314267501,-0.337456077,-0.33399191,-0.3125387,-0.348396,-0.34983888,-0.3447948885576836,-0.3430950357907576,-0.3447948993854718
2021-05-10,-0.35589424,-0.34712175,-0.305497684,-0.326031281,-0.330781229,-0.3457624,-0.32699075,-0.3417024,-0.34777734,-0.3389016713821129,-0.3372831055362422,-0.3389016774370466
2021-05-11,-0.36699587,-0.37929308,-0.319137554,-0.323785512,-0.352839854,-0.35615155,-0.33450437,-0.35475183,-0.3536245,-0.3558942286423923,-0.3540412793317022,-0.3558942111835785
2021-05-12,-0.36775023,-0.36640036,-0.328703186,-0.368190708,-0.368902064,-0.3633886,-0.3438826,-0.35731047,-0.3597833,-0.3669958751495699,-0.3649897974819355,-0.3669958637432847
2021-05-13,-0.35592765,-0.36480936,-0.312272312,-0.353533576,-0.36549363,-0.39369154,-0.38013682,-0.36413857,-0.36453983,-0.3677502352332661,-0.36573375244959,-0.3677502344581952
2021-05-14,-0.35995275,-0.35074216,-0.312837094,-0.335516685,-0.353483151,-0.3855205,-0.35750163,-0.35244188,-0.3521026,-0.3559276336953973,-0.3540742236187411,-0.3559276458424011
2021-05-17,-0.36544865,-0.36620352,-0.325381989,-0.368190708,-0.350235856,-0.38054457,-0.36121067,-0.3600224,-0.35935178,-0.3599527406218429,-0.3580438110319528,-0.3599527364863026
2021-05-18,-0.3835733,-0.37528893,-0.330102846,-0.375388225,-0.369304563,-0.38768592,-0.38008955,-0.3643062,-0.3643002,-0.3654486484752532,-0.3634639121715602,-0.3654486428285376
2021-05-19,-0.40005293,-0.3945577,-0.348759029,-0.386185774,-0.3853332,-0.406563,-0.38998196,-0.37180975,-0.3753216,-0.3835732802737857,-0.3813385454598953,-0.3835732616518221
2021-05-20,-0.41224006,-0.39412367,-0.350632682,-0.419888545,-0.407678979,-0.39999223,-0.41686022,-0.38967347,-0.40016547,-0.4000529414534716,-0.3975908977050179,-0.400052924521602
2021-05-21,-0.4183108,-0.4039516,-0.360957947,-0.414895171,-0.413920105,-0.40509483,-0.41314372,-0.4043358,-0.41228867,-0.4122400582036579,-0.4096099138799751,-0.4122400456821186
2021-05-24,-0.439659,-0.42194253,-0.361855458,-0.439521387,-0.417064667,-0.41533202,-0.42090648,-0.41102672,-0.41907966,-0.418310790040673,-0.4155969102826966,-0.418310783803352
2021-05-25,-0.42866153,-0.4497351,-0.377946959,-0.460041663,-0.436619348,-0.4296755,-0.43526578,-0.42817345,-0.42955956,-0.4396589856370794,-0.4366506437816752,-0.4396589637030992
2021-05-26,-0.40794095,-0.41471115,-0.375885221,-0.434368261,-0.432159751,-0.43787268,-0.4114944,-0.42260602,-0.4277205,-0.4286615126542928,-0.4258048622590072,-0.4286615239535055
2021-05-27,-0.38489884,-0.39843807,-0.357175762,-0.391729588,-0.398526526,-0.42769992,-0.408987,-0.41316056,-0.41125566,-0.4079409501007515,-0.4053701046711291,-0.4079409713898819
2021-05-28,-0.38234514,-0.37761217,-0.345945649,-0.342712356,-0.382361427,-0.39930937,-0.38140082,-0.3912338,-0.39052892,-0.3848988455315398,-0.3826458267964481,-0.3848988692059239
2021-05-31,-0.38632035,-0.38521677,-0.345101545,-0.360893069,-0.383926897,-0.3978184,-0.3886295,-0.38491145,-0.38330874,-0.3823451353387963,-0.3801273406982274,-0.3823451379626026
2021-06-01,-0.41754547,-0.39199996,-0.352268394,-0.373341773,-0.383284149,-0.3979658,-0.3837221,-0.3892442,-0.38788146,-0.3863203477159424,-0.3840477217726993,-0.386320343631656
2021-06-02,-0.44472256,-0.43184313,-0.372629232,-0.433660137,-0.424248842,-0.42323548,-0.42568514,-0.39703834,-0.4052435,-0.4175454817786151,-0.414842158148205,-0.4175454496966831
2021-06-03,-0.43502018,-0.45015854,-0.395558925,-0.452138569,-0.449572412,-0.44802603,-0.45186117,-0.42667443,-0.4384896,-0.4447225608012753,-0.4416443755271804,-0.4447225328784451
2021-06-04,-0.41653535,-0.42913502,-0.376829249,-0.441469408,-0.43455192,-0.44675937,-0.45029807,-0.42566863,-0.4326425,-0.4350201743892699,-0.4320758170558096,-0.4350201843578536
2021-06-07,-0.3919473,-0.41519976,-0.359488323,-0.394663463,-0.419692063,-0.424042,-0.4208659,-0.40876043,-0.41911674,-0.4165353520857179,-0.4138459614786727,-0.4165353710777597
2021-06-08,-0.3693302,-0.38938648,-0.345736029,-0.412858957,-0.393633945,-0.38599938,-0.38710248,-0.39961824,-0.4106376,-0.3919473140954199,-0.3895970737086152,-0.3919473393581542
2021-06-09,-0.34367323,-0.3573586,-0.324916173,-0.361189487,-0.360202223,-0.37456128,-0.36557218,-0.3749072,-0.38002533,-0.3693302094075518,-0.3672919335637952,-0.3693302326452784
2021-06-10,-0.3341555,-0.331812,-0.304751841,-0.329607048,-0.334951695,-0.35550365,-0.3374362,-0.35047704,-0.35508773,-0.3436732422855874,-0.3419888607238207,-0.3436732686465858
2021-06-11,-0.33768475,-0.33193862,-0.29458648,-0.335887757,-0.335034112,-0.3442049,-0.32426912,-0.33817154,-0.33605263,-0.3341555060952257,-0.3326024055379225,-0.3341555158741484
2021-06-15,-0.3495088,-0.34927446,-0.289122374,-0.351556507,-0.337210972,-0.33446476,-0.3426638,-0.34094056,-0.340958,-0.3376847554681812,-0.3360829749103593,-0.3376847518421019
2021-06-16,-0.3567055,-0.3526385,-0.302635404,-0.364489509,-0.353669802,-0.33064067,-0.3416768,-0.34817964,-0.34966654,-0.3495087916380749,-0.3477439185849212,-0.3495087794895925
2021-06-17,-0.36218515,-0.35443777,-0.307712284,-0.37362757,-0.348478024,-0.3561682,-0.34758195,-0.35153708,-0.35439825,-0.3567054918187295,-0.3548413525104872,-0.3567054844245449
2021-06-18,-0.37380636,-0.36979204,-0.306744591,-0.370045524,-0.358981783,-0.35518202,-0.3536883,-0.35819468,-0.3579311,-0.3621851506439501,-0.3602454287496491,-0.362185145013926
2021-06-21,-0.37129566,-0.37316096,-0.318519534,-0.394650901,-0.372264848,-0.3407579,-0.34216386,-0.36722624,-0.37133807,-0.3738063444850419,-0.3717063279607985,-0.3738063325449656
2021-06-22,-0.35323015,-0.3577028,-0.31210416,-0.394650901,-0.366113559,-0.3492287,-0.35662246,-0.3675993,-0.36984584,-0.3712956727514113,-0.3692302866792498,-0.3712956753309617
2021-06-23,-0.3405272,-0.34668186,-0.300153586,-0.325562336,-0.346255827,-0.3404536,-0.3433557,-0.35887086,-0.3586164,-0.3532301469422431,-0.3514139441135497,-0.3532301655034757
2021-06-24,-0.34334764,-0.33372045,-0.285774347,-0.314267501,-0.329181642,-0.3288853,-0.3251071,-0.34397694,-0.34469023,-0.3405272102357722,-0.3388862228424626,-0.3405272232872868
2021-06-25,-0.36295506,-0.33841383,-0.298255268,-0.319808343,-0.329978654,-0.31729776,-0.30723184,-0.3451682,-0.34345546,-0.3433476334706314,-0.3416677431294066,-0.3433476305728313
2021-06-28,-0.3808461,-0.37248304,-0.313858218,-0.406437461,-0.364202739,-0.37191802,-0.3429446,-0.35652903,-0.35554308,-0.3629550634400553,-0.3610047219064618,-0.3629550432946095
2021-06-29,-0.40203646,-0.39636475,-0.340778099,-0.400852295,-0.379910451,-0.3841142,-0.3779067,-0.36883506,-0.37139565,-0.3808461123384047,-0.3786489941739713,-0.3808460939564185
2021-06-30,-0.42448997,-0.40580785,-0.361799857,-0.414895171,-0.404658461,-0.40338916,-0.40363073,-0.390736,-0.3980772,-0.4020364521638879,-0.3995470492542619,-0.4020364303920825
2021-07-01,-0.4351481,-0.4251746,-0.378893637,-0.431505968,-0.408407433,-0.43856448,-0.42985174,-0.4108968,-0.42068413,-0.4244899688525176,-0.4216908578184317,-0.4244899457828713
2021-07-02,-0.43571684,-0.4380357,-0.379761341,-0.441469408,-0.434004265,-0.44712204,-0.43326315,-0.4249386,-0.42989454,-0.4351480872343601,-0.4322019655604673,-0.4351480762837674
2021-07-05,-0.43440256,-0.43955034,-0.381413993,-0.422134928,-0.434273986,-0.42062646,-0.42831257,-0.42772463,-0.432862,-0.4357168465084781,-0.4327628797664608,-0.4357168459241012
2021-07-06,-0.41472322,-0.42586523,-0.377012001,-0.427868225,-0.432841621,-0.41660297,-0.42428443,-0.42892826,-0.4318404,-0.434402563956291,-0.431466725509716,-0.4344025653066358
2021-07-07,-0.3915569,-0.40526676,-0.359529581,-0.394663463,-0.414725283,-0.41480687,-0.40565374,-0.4249217,-0.4227568,-0.4147232124705686,-0.4120588172515177,-0.4147232326899077
2021-07-08,-0.38402396,-0.38793272,-0.339727086,-0.383483462,-0.381687424,-0.39123207,-0.3779983,-0.39924544,-0.40291077,-0.3915568848599916,-0.3892120297813289,-0.3915569086620062
2021-07-09,-0.3645267,-0.3615811,-0.325582682,-0.362832907,-0.381229033,-0.34703422,-0.3654417,-0.3862116,-0.3904614,-0.3840239770700004,-0.3817830256593341,-0.3840239848096298
2021-07-12,-0.33970457,-0.35442308,-0.309061775,-0.373062437,-0.362239913,-0.32774878,-0.34150106,-0.3706664,-0.38250926,-0.3645266877964883,-0.3625546683743691,-0.3645267078287761
2021-07-13,-0.35396168,-0.33920404,-0.284091338,-0.334199924,-0.326345023,-0.29932785,-0.31222135,-0.34756136,-0.3525085,-0.3397045761953766,-0.338074935641375,-0.3397046016986084
2021-07-14,-0.36259,-0.34572124,-0.292485831,-0.338070921,-0.344883285,-0.31656182,-0.31076607,-0.35796914,-0.3530587,-0.3539616616875736,-0.3521353688554776,-0.3539616470393108
2021-07-15,-0.36580715,-0.352213,-0.309553711,-0.370045524,-0.352680881,-0.30558783,-0.29659215,-0.36245877,-0.36314294,-0.362589992308869,-0.3606446863114413,-0.3625899834437686
2021-07-16,-0.36595258,-0.34582818,-0.310884212,-0.368190708,-0.359964447,-0.35585228,-0.31177518,-0.36329123,-0.36195415,-0.3658071401158029,-0.3638174590288419,-0.3658071368103699
2021-07-19,-0.3757237,-0.3797715,-0.328008021,-0.368190708,-0.355371877,-0.35620448,-0.3175984,-0.36197263,-0.3616004,-0.3659525807174527,-0.363960893524429,-0.3659525805680179
2021-07-20,-0.38807487,-0.39308813,-0.326750469,-0.371612502,-0.372264848,-0.35661453,-0.3468069,-0.37035713,-0.3714101,-0.3757236757119153,-0.3735972128600664,-0.3757236656727087
2021-07-21,-0.3842896,-0.3928905,-0.340367443,-0.402126972,-0.384305842,-0.35146433,-0.3394643,-0.37998816,-0.38540155,-0.3880748749116943,-0.3857780482459253,-0.3880748622215774
2021-07-22,-0.37021393,-0.37544867,-0.323971551,-0.362832907,-0.381136327,-0.35536772,-0.36378524,-0.38064888,-0.3845167,-0.3842895830515269,-0.3820449680574885,-0.3842895869406712
2021-07-23,-0.38075882,-0.360524,-0.310333643,-0.355810442,-0.360194973,-0.35628018,-0.350729,-0.37092903,-0.3722364,-0.3702139349612005,-0.368163469624477,-0.3702139494230775
2021-07-26,-0.37112954,-0.39336306,-0.318533538,-0.397761428,-0.375760881,-0.35936242,-0.35917926,-0.38124746,-0.3796137,-0.3807588360883456,-0.3785629217515394,-0.3807588252541153
2021-07-27,-0.36655116,-0.36883733,-0.30541378,-0.394650901,-0.362298187,-0.3337674,-0.35076645,-0.37598938,-0.37417078,-0.3711295569756229,-0.3690664621884337,-0.3711295668691109
2021-07-28,-0.3647018,-0.35393363,-0.295021655,-0.349218788,-0.361634888,-0.30563936,-0.33285415,-0.36985698,-0.37244096,-0.3665511472518701,-0.3645512038501951,-0.366551151955918
2021-07-29,-0.36360338,-0.33757988,-0.298374053,-0.370045524,-0.359440388,-0.33999723,-0.32676536,-0.36547956,-0.36761352,-0.3647017984783647,-0.3627273637018221,-0.364701800378463
2021-07-30,-0.33353174,-0.36292964,-0.297599459,-0.357700771,-0.359843884,-0.31494614,-0.33198288,-0.36472172,-0.36443824,-0.3636033763593325,-0.3616440924502049,-0.3636033774878964
2021-08-02,-0.29360268,-0.30953825,-0.272340219,-0.314267501,-0.330117948,-0.2691068,-0.28197953,-0.34997743,-0.34657887,-0.3335317385276936,-0.3319872417844886,-0.3335317694244752
2021-08-03,-0.24928035,-0.27393714,-0.247965663,-0.219769418,-0.268203917,-0.22338007,-0.22714148,-0.30767173,-0.31954286,-0.2936026670771279,-0.2926089240533454,-0.2936027081018542
2021-08-04,-0.23859479,-0.22568823,-0.203660453,-0.221492329,-0.229074414,-0.19321682,-0.21215639,-0.2603224,-0.26655906,-0.2492803420770324,-0.2488979502432587,-0.2492803876155701
2021-08-05,-0.26642716,-0.23080999,-0.195663433,-0.277206602,-0.222820359,-0.15894698,-0.18329716,-0.24420987,-0.24554059,-0.2385947797338567,-0.2383597770827218,-0.2385947907126694
2021-08-06,-0.3022362,-0.26428246,-0.227645241,-0.279494945,-0.259222864,-0.21614708,-0.21068667,-0.2708176,-0.25679472,-0.2664271558627477,-0.2658082528573977,-0.2664271272666838
2021-08-09,-0.3108235,-0.3253539,-0.254047238,-0.318745786,-0.303594076,-0.2941893,-0.27954677,-0.27788708,-0.29157645,-0.3022362071212421,-0.3011233790769886,-0.3022361703295886
2021-08-10,-0.32943478,-0.31702936,-0.263571796,-0.33297992,-0.310371691,-0.3372647,-0.29189596,-0.3002238,-0.29191506,-0.3108235043365856,-0.3095922291131385,-0.3108234955136217
2021-08-11,-0.3220836,-0.34272522,-0.2870858,-0.33578898,-0.321075543,-0.33672854,-0.30770856,-0.31609055,-0.3095781,-0.3294347760925745,-0.3279467899872957,-0.3294347569706147
2021-08-12,-0.32124877,-0.32236993,-0.277921242,-0.305497402,-0.323841584,-0.34123477,-0.3146065,-0.31368625,-0.31388438,-0.3220835929323504,-0.3206970039124674,-0.3220836004852247
2021-08-13,-0.3099547,-0.328877,-0.289023449,-0.305497402,-0.317502153,-0.32313848,-0.30709437,-0.31584623,-0.31811345,-0.3212487742247941,-0.3198737001110066,-0.3212487750825273
2021-08-16,-0.32014027,-0.3078267,-0.276876787,-0.303692506,-0.304948472,-0.32918328,-0.30377096,-0.31353626,-0.31439683,-0.3099547017085099,-0.3087354101416186,-0.309954713312484
2021-08-17,-0.33417955,-0.33399075,-0.284742641,-0.301226673,-0.314376067,-0.33256105,-0.31119674,-0.3212929,-0.31885388,-0.320140277351239,-0.3187804930689928,-0.3201402668861909
2021-08-18,-0.34616354,-0.33977765,-0.302675129,-0.358761407,-0.337223824,-0.3397305,-0.3240444,-0.32288623,-0.32409304,-0.3341795499160683,-0.3326261177150961,-0.3341795354915581
2021-08-19,-0.33658627,-0.34673566,-0.308421663,-0.340158717,-0.348834526,-0.37684488,-0.35301763,-0.3394008,-0.3417132,-0.3461635416590168,-0.3444448106472738,-0.3461635293461786
2021-08-20,-0.32462156,-0.34651405,-0.304568655,-0.335887757,-0.337818443,-0.3664974,-0.34521678,-0.3315427,-0.33575028,-0.3365862787878524,-0.3349996498500259,-0.3365862886278954
2021-08-23,-0.31387326,-0.3305278,-0.292842359,-0.329635119,-0.323519717,-0.33292884,-0.3237723,-0.3250843,-0.32674533,-0.3246215579909198,-0.3231999620538963,-0.3246215702839535
2021-08-24,-0.29893073,-0.31304562,-0.276423104,-0.329929912,-0.313806841,-0.3075127,-0.3175455,-0.31623453,-0.32267424,-0.3138732732386951,-0.3125999316334066,-0.3138732842819172
2021-08-25,-0.2879311,-0.29349062,-0.263374372,-0.27522353,-0.287315072,-0.29448926,-0.29370838,-0.30311587,-0.30687147,-0.2989307387555278,-0.2978635040328996,-0.2989307541080853
2021-08-26,-0.31106445,-0.2845991,-0.251864899,-0.311267253,-0.278447034,-0.2857047,-0.2879919,-0.2910103,-0.2927826,-0.2879311206143487,-0.2870156069406556,-0.2879311319158037
2021-08-27,-0.31802568,-0.32051834,-0.263638244,-0.341792708,-0.31387072,-0.30754593,-0.30098316,-0.31027362,-0.30802494,-0.3110644386162805,-0.3098298401136823,-0.3110644148482137
2021-08-30,-0.32850453,-0.33131832,-0.267074296,-0.33297992,-0.312495366,-0.34146118,-0.31336325,-0.30878833,-0.30866262,-0.3180256847086296,-0.316695067640162,-0.3180256775563478
2021-08-31,-0.35671675,-0.33856004,-0.277643064,-0.305497402,-0.321626451,-0.3310781,-0.32135978,-0.32344598,-0.32322735,-0.3285045462140227,-0.3270293910498832,-0.3285045354476219
2021-09-01,-0.36399868,-0.3497064,-0.312449994,-0.351727423,-0.353097165,-0.34823823,-0.33233574,-0.34022614,-0.33982855,-0.356716754408708,-0.3548524597521669,-0.3567167254223674
2021-09-02,-0.3560747,-0.35996723,-0.324495064,-0.368190708,-0.363702993,-0.3719168,-0.34468526,-0.3545181,-0.35920382,-0.3639986883665814,-0.3620339517997681,-0.3639986808848069
2021-09-03,-0.34584227,-0.35443586,-0.317072159,-0.335516685,-0.34913305,-0.38270557,-0.3367406,-0.34856567,-0.3501921,-0.3560746922963487,-0.3542192537960776,-0.3560747004377654
2021-09-06,-0.3581823,-0.35101065,-0.315360756,-0.329607048,-0.34785117,-0.3693008,-0.31742918,-0.34277114,-0.34431922,-0.3458422693844935,-0.3441279697780828,-0.3458422798976946
2021-09-07,-0.36325178,-0.3749751,-0.32710687,-0.37362757,-0.352618398,-0.37539345,-0.35096964,-0.35855967,-0.35689923,-0.3581823028790949,-0.3562977934707017,-0.3581822902004712
2021-09-08,-0.37885463,-0.36998326,-0.329797834,-0.368190708,-0.368321034,-0.38483223,-0.35836032,-0.35876554,-0.36255735,-0.3632517754674884,-0.3612973412954546,-0.3632517702589003
2021-09-09,-0.39348984,-0.3925402,-0.341173659,-0.386185774,-0.381685761,-0.39836106,-0.37887123,-0.37113786,-0.37460044,-0.378854631859576,-0.3766849827857332,-0.3788546158285839
2021-09-10,-0.40785438,-0.40515587,-0.34727328,-0.418583636,-0.395579573,-0.40432167,-0.38875252,-0.38402137,-0.38855132,-0.3934898501849096,-0.3911183331328141,-0.3934898351480956
2021-09-13,-0.41208044,-0.41746783,-0.353733853,-0.407803295,-0.407697868,-0.427653,-0.40772992,-0.39962614,-0.40541083,-0.4078543643708749,-0.4052847132443266,-0.4078543496121941
2021-09-14,-0.43366593,-0.4176637,-0.366785072,-0.416695237,-0.412943605,-0.42682347,-0.4036657,-0.4053145,-0.41024637,-0.412080448308159,-0.4094525055318804,-0.4120804439660994
2021-09-15,-0.43786728,-0.44059065,-0.381831086,-0.434575827,-0.434273986,-0.41817063,-0.42595017,-0.42239943,-0.43188554,-0.4336659263842391,-0.4307402486017601,-0.4336659042064676
2021-09-16,-0.41914228,-0.42473575,-0.375702108,-0.425631106,-0.433216043,-0.4208677,-0.43027627,-0.4301302,-0.4343196,-0.4378672699533756,-0.4348836417725222,-0.4378672656367276
2021-09-17,-0.4031806,-0.40835744,-0.363265143,-0.390350866,-0.416866375,-0.40436968,-0.3997384,-0.4164039,-0.41914827,-0.4191422764904539,-0.4164169277892181,-0.4191422957292423
2021-09-22,-0.3849833,-0.40021244,-0.341800601,-0.418583636,-0.398536823,-0.3876673,-0.39254105,-0.40804005,-0.40942279,-0.4031805852451551,-0.400675400963032,-0.4031806016448426
2021-09-23,-0.35533696,-0.38069338,-0.322806366,-0.342712356,-0.377002477,-0.37138847,-0.36038595,-0.38914114,-0.39723554,-0.3849833007087662,-0.3827291170579554,-0.384983319405387
2021-09-24,-0.32615674,-0.35538745,-0.302317244,-0.338465514,-0.341923749,-0.34079865,-0.33326554,-0.36432606,-0.37127227,-0.3553369610725033,-0.353491698321397,-0.3553369915323349
2021-09-27,-0.33034497,-0.3259927,-0.28020632,-0.304009965,-0.314643981,-0.3065971,-0.30489895,-0.333838,-0.346215,-0.3261567449273647,-0.3247139736941337,-0.3261567749082948
2021-09-28,-0.33375195,-0.33990267,-0.278137229,-0.320863122,-0.317278512,-0.32297528,-0.30906677,-0.33410096,-0.33249933,-0.3303449851539151,-0.3288444442606643,-0.3303449808507835
2021-09-29,-0.35552955,-0.3379723,-0.292689353,-0.340158717,-0.33104586,-0.34668815,-0.30660105,-0.33758488,-0.3351208,-0.3337519346319512,-0.3322044006575004,-0.3337519311315132
2021-09-30,-0.3691386,-0.3731121,-0.307734141,-0.340977702,-0.353487981,-0.38067818,-0.34612826,-0.34428585,-0.34399366,-0.3555295419764964,-0.3536816228989264,-0.3555295196013247
2021-10-08,-0.36953694,-0.38275862,-0.326063618,-0.383802754,-0.369556511,-0.37836042,-0.36759531,-0.3591227,-0.3578935,-0.3691386092052123,-0.3671029761608059,-0.3691385952226997
2021-10-11,-0.35723573,-0.37186587,-0.326936172,-0.353533576,-0.367025301,-0.38462493,-0.37459394,-0.36386204,-0.36661577,-0.3695369369779174,-0.3674958096784633,-0.3695369365686454
2021-10-12,-0.35684308,-0.35764998,-0.312444985,-0.325089319,-0.351843023,-0.39372388,-0.36912435,-0.35223624,-0.3562829,-0.3572357187702007,-0.355364265881776,-0.3572357314089545
2021-10-13,-0.36471027,-0.3582495,-0.319028682,-0.326185448,-0.353441473,-0.39010224,-0.3563953,-0.35735092,-0.3567386,-0.3568430712957919,-0.3549770343123481,-0.3568430716992263
2021-10-14,-0.35820076,-0.3716526,-0.330204413,-0.376073343,-0.36855723,-0.37975624,-0.37622207,-0.36458835,-0.36290297,-0.3647102565316452,-0.3627357050906239,-0.3647102484485908
2021-10-15,-0.37519467,-0.3541172,-0.324763164,-0.367876536,-0.354062665,-0.38479087,-0.38204083,-0.3596285,-0.35963383,-0.3582007663551953,-0.3563160022745103,-0.3582007730432926
2021-10-18,-0.37461424,-0.39015257,-0.335704487,-0.373605033,-0.376804263,-0.39614096,-0.38836133,-0.3656384,-0.3712751,-0.3751946651606356,-0.3730754991107945,-0.3751946477004441
2021-10-19,-0.35785007,-0.3787346,-0.334104465,-0.379384611,-0.375898743,-0.39206064,-0.38990065,-0.3688492,-0.37192982,-0.3746142503052084,-0.3725030900924384,-0.3746142509015314
2021-10-20,-0.3407129,-0.34781772,-0.315727871,-0.345688311,-0.352468198,-0.37053508,-0.37926093,-0.3621749,-0.36080933,-0.3578500799366218,-0.3559701529794251,-0.3578500971607887
2021-10-21,-0.35504293,-0.3295582,-0.294881596,-0.335887757,-0.337210972,-0.35885078,-0.35238728,-0.3462859,-0.34976923,-0.3407129172032415,-0.3390693682977468,-0.3407129348106525
2021-10-22,-0.36265418,-0.36236173,-0.311803009,-0.3543831,-0.352822193,-0.37381095,-0.35649562,-0.3583311,-0.35604984,-0.3550429255044133,-0.3532017184745368,-0.3550429107812187
2021-10-25,-0.37367183,-0.3696343,-0.323614438,-0.368190708,-0.368121112,-0.38447994,-0.37310758,-0.3599852,-0.36081576,-0.3626541843811855,-0.3607079929631532,-0.3626541765610644
2021-10-26,-0.38065928,-0.38596976,-0.337617655,-0.373605033,-0.377751508,-0.39924908,-0.38419065,-0.36866745,-0.36496824,-0.3736718254207536,-0.3715736643585157,-0.3736718141007889
2021-10-27,-0.39202347,-0.38920367,-0.346841661,-0.396359327,-0.387295775,-0.40544468,-0.39957276,-0.37467733,-0.37617993,-0.3806592718137082,-0.3784647307969564,-0.38065926463452
2021-10-28,-0.38897192,-0.40060812,-0.358096169,-0.418583636,-0.395952484,-0.40356427,-0.40504208,-0.38579866,-0.3906044,-0.3920234619447602,-0.3896721712277142,-0.392023450268738
2021-10-29,-0.39057902,-0.38764644,-0.346355175,-0.388184982,-0.386029317,-0.40914544,-0.41024643,-0.38484183,-0.38947403,-0.3889719250032754,-0.3866627250551711,-0.3889719281385321
2021-11-01,-0.38558385,-0.38211548,-0.335831632,-0.388184982,-0.383014662,-0.4031274,-0.40011472,-0.38707808,-0.3900719,-0.3905790012015377,-0.3882476343669661,-0.3905789995503678
2021-11-02,-0.38732928,-0.38364807,-0.335335602,-0.373173349,-0.381572084,-0.40350714,-0.3797959,-0.38583198,-0.38658094,-0.3855838459783294,-0.3833213788255768,-0.3855838511105461
2021-11-03,-0.36888877,-0.37537685,-0.335313274,-0.383483462,-0.383585876,-0.37228078,-0.38904947,-0.3880182,-0.38695842,-0.3873292882941923,-0.3850427457294009,-0.3873292865008616
2021-11-04,-0.35873842,-0.35041022,-0.322295219,-0.352597909,-0.363047785,-0.35627806,-0.35630986,-0.37892306,-0.3771516,-0.3688887732059947,-0.3668565862248403,-0.3688887921525015
2021-11-05,-0.35449284,-0.35531542,-0.317941221,-0.338465514,-0.344830601,-0.32777497,-0.33077353,-0.36215234,-0.36519322,-0.3587384280002925,-0.3568462477904547,-0.3587384384291748
2021-11-08,-0.3692768,-0.35316736,-0.298417775,-0.339275888,-0.347259313,-0.34176645,-0.33539966,-0.35609168,-0.3565527,-0.3544928469517714,-0.3526592273211967,-0.3544928513138586
2021-11-09,-0.3651199,-0.38199544,-0.319719604,-0.391050489,-0.356002991,-0.3401539,-0.3288146,-0.3688731,-0.36722574,-0.3692767880417055,-0.3672392490549523,-0.3692767728521089
2021-11-10,-0.36100766,-0.3621078,-0.310828433,-0.355451734,-0.362097861,-0.3612806,-0.35441044,-0.36291894,-0.3655059,-0.3651198970717075,-0.363139695335228,-0.3651199013426447
2021-11-11,-0.37351096,-0.3604615,-0.305687661,-0.370045524,-0.358738276,-0.36089045,-0.34995446,-0.35957578,-0.36098778,-0.3610076647735415,-0.3590841842968125,-0.3610076689986147
2021-11-12,-0.38899443,-0.37789628,-0.320004777,-0.373605033,-0.371286325,-0.39061004,-0.35658076,-0.36673692,-0.36313626,-0.3735109708841421,-0.3714150285370183,-0.3735109580377592
2021-11-15,-0.38037357,-0.39967465,-0.352254588,-0.396359327,-0.379223524,-0.37715125,-0.38000065,-0.37748086,-0.37710312,-0.3889944292030771,-0.3866849188477608,-0.3889944132947514
2021-11-16,-0.39242953,-0.3889885,-0.342098482,-0.362832907,-0.384981701,-0.39016885,-0.38874483,-0.3759176,-0.37776065,-0.3803735567385501,-0.3781829566759609,-0.3803735655959563
2021-11-17,-0.4048681,-0.40143722,-0.352867026,-0.387049532,-0.388722193,-0.39401048,-0.4023804,-0.38564077,-0.38714668,-0.3924295425032716,-0.3900726505946662,-0.3924295301164879
2021-11-18,-0.41002622,-0.40838248,-0.369638221,-0.421773198,-0.403001425,-0.40434256,-0.41461468,-0.3950053,-0.39969364,-0.404868110956588,-0.4023396501236104,-0.404868098176702
2021-11-19,-0.42122695,-0.39878947,-0.354884833,-0.418583636,-0.401498892,-0.42329508,-0.43537477,-0.40607432,-0.4100484,-0.4100262368747761,-0.4074266284560549,-0.410026231575102
2021-11-22,-0.42197457,-0.4265527,-0.360270943,-0.425013264,-0.41929302,-0.43230188,-0.4217962,-0.41474405,-0.41962162,-0.4212269615003834,-0.4184728581103625,-0.421226949992314
2021-11-23,-0.41356504,-0.42824993,-0.36985895,-0.425013264,-0.421896649,-0.40741238,-0.42132825,-0.41755643,-0.42033803,-0.4219745843245824,-0.419210168747571,-0.4219745835564336
2021-11-24,-0.4141213,-0.40323418,-0.354811902,-0.412858957,-0.412163596,-0.39361364,-0.41263223,-0.4114676,-0.4125859,-0.4135650505286032,-0.410916630186354,-0.4135650591688873
2021-11-25,-0.4245606,-0.40952587,-0.354653341,-0.433747627,-0.413965239,-0.4091588,-0.3887759,-0.41380322,-0.4145346,-0.4141212909099407,-0.4114651981764291,-0.4141212903384464
2021-11-26,-0.42929676,-0.43367326,-0.367751165,-0.433747627,-0.414809995,-0.42211616,-0.4059195,-0.4196079,-0.42132342,-0.4245606202764958,-0.4217605347260206,-0.4245606095507187
2021-11-29,-0.44952288,-0.43688336,-0.369489755,-0.415931997,-0.433534866,-0.41227573,-0.41923055,-0.42494562,-0.42533192,-0.4292967659320084,-0.4264313532967616,-0.4292967610658955
2021-11-30,-0.45179114,-0.4476755,-0.387005405,-0.475635814,-0.447892698,-0.41859835,-0.4294839,-0.43851736,-0.4392854,-0.4495228866282819,-0.4463784890129624,-0.4495228658471669
2021-12-01,-0.43982053,-0.4347567,-0.389456108,-0.453229929,-0.445710353,-0.42046705,-0.43622413,-0.44505855,-0.4516043,-0.4517911399037375,-0.4486154555872084,-0.4517911375732237
2021-12-02,-0.42465264,-0.42702705,-0.380033558,-0.436499157,-0.43546111,-0.427381,-0.42607886,-0.43556622,-0.4378169,-0.4398205131870742,-0.4368099433334793,-0.4398205254861633
2021-12-03,-0.41453075,-0.41887575,-0.369252114,-0.417042405,-0.415325263,-0.41548613,-0.40620425,-0.42926437,-0.4280809,-0.4246526352352991,-0.4218512804947586,-0.4246526508193846
2021-12-06,-0.40810576,-0.4172498,-0.359280936,-0.424255566,-0.416538909,-0.4048668,-0.3996949,-0.41665885,-0.41697204,-0.414530759448652,-0.4118690187921486,-0.4145307698482803
2021-12-07,-0.4167901,-0.40650922,-0.361672855,-0.412858957,-0.405966342,-0.4112861,-0.39501494,-0.4104948,-0.41129497,-0.4081057599202927,-0.4055326412191462,-0.4081057665215999
2021-12-08,-0.43136516,-0.423819,-0.366944733,-0.423006956,-0.419171731,-0.42487708,-0.41472325,-0.41817492,-0.41870967,-0.4167900885762341,-0.4140971843119831,-0.4167900796536209
2021-12-09,-0.4460263,-0.44042045,-0.380607012,-0.415931997,-0.434610396,-0.4328304,-0.42482698,-0.4209088,-0.42212212,-0.4313651492086858,-0.4284712067393749,-0.4313651342336875
2021-12-10,-0.45513767,-0.44842744,-0.397598686,-0.475635814,-0.448920055,-0.43211055,-0.4413346,-0.4376487,-0.4315227,-0.446026282458793,-0.4429301145588596,-0.4460262673953541
2021-12-13,-0.47001383,-0.454539,-0.402326494,-0.447537781,-0.451433085,-0.4488898,-0.4510309,-0.4482501,-0.45659983,-0.4551376689260805,-0.4519158249259111,-0.4551376595646691
2021-12-14,-0.47176012,-0.47197247,-0.411037699,-0.486175988,-0.467254962,-0.4377786,-0.46917468,-0.46144944,-0.47060698,-0.4700138204934252,-0.4665867852501649,-0.4700138052090739
2021-12-15,-0.48327205,-0.44011286,-0.409418166,-0.478891304,-0.469502246,-0.43084756,-0.46989092,-0.46587172,-0.47070396,-0.4717601118552517,-0.4683089894888056,-0.4717601100610277
2021-12-16,-0.49700838,-0.46169618,-0.417711099,-0.477165792,-0.463039241,-0.45160037,-0.46395308,-0.47706294,-0.48121575,-0.4832720393188094,-0.4796621294665054,-0.4832720274910017
2021-12-17,-0.4945052,-0.49235854,-0.427345468,-0.49288394,-0.471883965,-0.46880853,-0.47849384,-0.48810688,-0.48930112,-0.4970083775226019,-0.4932089982165354,-0.4970083634093369
2021-12-20,-0.47232783,-0.49027807,-0.428038288,-0.49288394,-0.47739497,-0.45987073,-0.47834066,-0.49029976,-0.48967668,-0.4945052012145478,-0.4907403489738987,-0.4945052037863948
2021-12-21,-0.456579,-0.46061933,-0.41413845,-0.464703464,-0.463352056,-0.44212562,-0.45842394,-0.477083,-0.47827747,-0.4723278413910337,-0.4688688881599544,-0.4723278641769259
2021-12-22,-0.43055686,-0.44326425,-0.398834285,-0.457499149,-0.446654975,-0.43509874,-0.4494735,-0.4608906,-0.46882257,-0.4565790018000107,-0.453337277061011,-0.4565790179810097
2021-12-23,-0.41357672,-0.42153543,-0.370414302,-0.40507922,-0.423013546,-0.40789515,-0.42547393,-0.4375828,-0.4430726,-0.4305568621625952,-0.427674068640175,-0.4305568888987789
2021-12-24,-0.40935022,-0.40352148,-0.353510299,-0.371670141,-0.401028929,-0.3800447,-0.40465173,-0.4185169,-0.41974524,-0.4135767360273746,-0.4109281545035181,-0.4135767534734498
2021-12-27,-0.39557678,-0.40900376,-0.351948113,-0.403342931,-0.400194571,-0.3846352,-0.39767748,-0.41242588,-0.41500586,-0.4093502262107468,-0.4067599422109028,-0.4093502305532467
2021-12-28,-0.39633754,-0.39293283,-0.34092393,-0.409032497,-0.387121036,-0.37400323,-0.38648242,-0.40054983,-0.40271497,-0.3955767804719435,-0.3931764777612788,-0.3955767946233264
2021-12-29,-0.41748196,-0.38843971,-0.332771643,-0.408294338,-0.389873876,-0.37601748,-0.37847003,-0.39840406,-0.3972098,-0.3963375292603259,-0.3939267333122899,-0.3963375284787173
2021-12-30,-0.4185159,-0.4017228,-0.347336207,-0.439521387,-0.415658478,-0.36935827,-0.39199945,-0.40678027,-0.4142506,-0.4174819478610981,-0.414779500573165,-0.4174819261364921
2021-12-31,-0.4173551,-0.38993666,-0.35185011,-0.433747627,-0.416607816,-0.406697,-0.3956267,-0.4119479,-0.4168398,-0.4185158835117252,-0.4157991748376757,-0.4185158824493968
2022-01-04,-0.4133631,-0.39529496,-0.362550863,-0.433660137,-0.410211797,-0.3533261,-0.39366242,-0.4127402,-0.41743043,-0.4173550756185544,-0.4146543783177092,-0.4173550768112129
2022-01-05,-0.41738692,-0.3689173,-0.343061683,-0.391729588,-0.408244195,-0.36880937,-0.36842418,-0.41055864,-0.41314405,-0.4133631080914693,-0.4107174732021325,-0.4133631121929746
2022-01-06,-0.4221101,-0.406509,-0.362979048,-0.433660137,-0.403386594,-0.41837254,-0.36219308,-0.41726932,-0.4164057,-0.4173869330787983,-0.4146857963584004,-0.4173869289445668
2022-01-07,-0.42010993,-0.42526323,-0.385106288,-0.413733101,-0.415902332,-0.43356743,-0.4048282,-0.4187813,-0.42139676,-0.4221101002893148,-0.4193438154997496,-0.4221100954365432
2022-01-10,-0.43069407,-0.42430562,-0.384629717,-0.416564651,-0.422762357,-0.41843784,-0.40429917,-0.419106,-0.41988936,-0.4201099392325297,-0.4173712432673836,-0.4201099412875687
2022-01-11,-0.42788184,-0.43637425,-0.383362992,-0.425631106,-0.435404039,-0.4286108,-0.41863987,-0.4250243,-0.4240074,-0.4306940593505589,-0.4278093734259659,-0.4306940484760207
2022-01-12,-0.40943706,-0.41559222,-0.38037171,-0.436679387,-0.433500852,-0.44633755,-0.41411048,-0.425044,-0.42818335,-0.4278818397437517,-0.4250359436119593,-0.4278818426331253
2022-01-13,-0.39257485,-0.40139574,-0.367065357,-0.391729588,-0.406254916,-0.40687707,-0.40987206,-0.41894072,-0.41616675,-0.4094370642775158,-0.4068455824940389,-0.4094370832284047
2022-01-14,-0.39491642,-0.37679893,-0.356956201,-0.381777008,-0.393384307,-0.3907326,-0.37684122,-0.39748022,-0.39929187,-0.3925748518183805,-0.3902159556145873,-0.3925748691432986
2022-01-17,-0.3967486,-0.38735062,-0.350361123,-0.381777008,-0.392620228,-0.37355325,-0.38347918,-0.39684322,-0.39722127,-0.3949164182839445,-0.3925252241480098,-0.3949164158781451
2022-01-18,-0.39737418,-0.38356742,-0.360293251,-0.396830402,-0.393042898,-0.3836727,-0.3653139,-0.39901346,-0.4000175,-0.3967486017221355,-0.394332135727713,-0.3967485998396758
2022-01-19,-0.39641336,-0.3962394,-0.357257621,-0.414895171,-0.388653019,-0.40639094,-0.38214216,-0.39768907,-0.39920688,-0.3973741681082096,-0.3949490734880424,-0.3973741674654762
2022-01-20,-0.40313312,-0.4048962,-0.357874964,-0.426352711,-0.392986985,-0.40019602,-0.3805129,-0.39586198,-0.39677548,-0.3964133592055554,-0.3940015173122253,-0.3964133601927275
2022-01-21,-0.3917294,-0.40001798,-0.360276363,-0.414895171,-0.404316382,-0.4138734,-0.37161312,-0.39938766,-0.40035686,-0.4031331131634714,-0.4006285836780817,-0.4031331062593336
2022-01-24,-0.39271182,-0.39558887,-0.351020367,-0.383483462,-0.384019203,-0.41467124,-0.38592428,-0.3968955,-0.39575937,-0.3917294214322223,-0.3893821865046064,-0.3917294331488154
2022-01-25,-0.40876102,-0.40304017,-0.356463861,-0.418583636,-0.393295145,-0.3985202,-0.3849521,-0.39457765,-0.39443403,-0.3927118138040661,-0.3903510284423162,-0.3927118127947297
2022-01-26,-0.41223368,-0.41927022,-0.36528795,-0.412628414,-0.405966342,-0.40692,-0.41066256,-0.3981204,-0.40630805,-0.4087610204526583,-0.4061788635454559,-0.4087610039630727
2022-01-27,-0.39036575,-0.41641402,-0.366212233,-0.426352711,-0.41182185,-0.41030654,-0.4079778,-0.406745,-0.4105919,-0.4122336744186674,-0.4096036181484555,-0.4122336708507095
2022-01-28,-0.37419525,-0.3838561,-0.338262754,-0.378777879,-0.383014662,-0.39524633,-0.40001184,-0.39403382,-0.3932974,-0.3903657616397998,-0.3880373360827858,-0.3903657841077476
2022-02-07,-0.3469743,-0.37031597,-0.319306842,-0.373173349,-0.366717385,-0.36336824,-0.37787226,-0.37941816,-0.3849104,-0.3741952553422232,-0.3720898744532868,-0.3741952719564588
2022-02-08,-0.32371497,-0.33219332,-0.298327572,-0.329607048,-0.339227548,-0.36821327,-0.34193856,-0.35439536,-0.3648223,-0.3469742996421118,-0.3452443856010991,-0.3469743276100066
2022-02-09,-0.29281244,-0.3130109,-0.284979469,-0.313495865,-0.320299955,-0.3630965,-0.32196116,-0.3301056,-0.33538133,-0.3237149742782013,-0.3223058831236235,-0.3237149981757733
2022-02-10,-0.30613956,-0.28107122,-0.267919424,-0.259943034,-0.280225606,-0.32611796,-0.2934596,-0.301034,-0.30533376,-0.2928124401848757,-0.2918295969988376,-0.2928124719353761
2022-02-11,-0.30247256,-0.31418335,-0.284454034,-0.334771408,-0.310189662,-0.3286168,-0.30533367,-0.31071812,-0.30872145,-0.3061395699843868,-0.3049729016794652,-0.3061395562916034
2022-02-14,-0.3232872,-0.30998498,-0.276373785,-0.27522353,-0.306904253,-0.34092522,-0.32154632,-0.30753022,-0.30835196,-0.3024725737706283,-0.3013564854499253,-0.30247257753823
2022-02-15,-0.35418236,-0.33937234,-0.291279125,-0.343256684,-0.32523306,-0.34369493,-0.3313525,-0.31489214,-0.31439397,-0.323287179499283,-0.3218839890470526,-0.3232871581135443
2022-02-16,-0.35154915,-0.36686987,-0.311622178,-0.361081304,-0.355385697,-0.36484468,-0.365698,-0.3331852,-0.34583303,-0.3541823697949408,-0.3523530326693858,-0.3541823380519882
2022-02-17,-0.33536446,-0.34856862,-0.30958307,-0.362598299,-0.355172161,-0.37967548,-0.36962658,-0.34293076,-0.35059318,-0.3515491463358454,-0.3497561300552658,-0.3515491490412898
2022-02-18,-0.31587976,-0.32550186,-0.297628998,-0.329607048,-0.336451677,-0.36513925,-0.348776,-0.3266456,-0.33016267,-0.335364474465293,-0.3337946982428093,-0.3353644910940626
2022-02-21,-0.29398215,-0.30930865,-0.278504061,-0.329929912,-0.316461531,-0.36217543,-0.32935402,-0.32152748,-0.32578927,-0.3158797689230065,-0.3145787511178717,-0.3158797889423745
2022-02-22,-0.28299594,-0.29133412,-0.267315915,-0.25374533,-0.285932129,-0.32608774,-0.30912942,-0.2994582,-0.30172953,-0.2939821557930691,-0.292983178367028,-0.2939821782915565
2022-02-23,-0.31045675,-0.2752847,-0.256037244,-0.311267253,-0.282464871,-0.30357575,-0.30196634,-0.28645018,-0.28743967,-0.282995934268698,-0.2821484931080178,-0.2829959455563962
2022-02-24,-0.33038116,-0.32272026,-0.276840587,-0.341792708,-0.321442689,-0.31489187,-0.32249278,-0.31036255,-0.30991402,-0.3104567551544165,-0.3092305386129983,-0.3104567269401034
2022-02-25,-0.34427205,-0.33932772,-0.291140088,-0.350157555,-0.326706254,-0.34798443,-0.342897,-0.3136816,-0.32253814,-0.3303811412043749,-0.3288801015998206,-0.33038112073325
2022-02-28,-0.35497233,-0.3565479,-0.299564277,-0.348632615,-0.340947723,-0.36067626,-0.36416474,-0.33620033,-0.34575608,-0.3442720400960958,-0.3425793991356169,-0.3442720258240203
2022-03-01,-0.3526821,-0.36192986,-0.303016954,-0.37362757,-0.350951829,-0.36009616,-0.36604363,-0.34488422,-0.35761753,-0.3549723292062191,-0.3531320959323654,-0.3549723182123075
2022-03-02,-0.34485242,-0.34554055,-0.300745044,-0.335516685,-0.348000607,-0.35814342,-0.3573385,-0.34644473,-0.35396537,-0.3526821039565521,-0.3508734604499719,-0.352682106309608
2022-03-03,-0.35439423,-0.3338793,-0.293190895,-0.334199924,-0.335738625,-0.3534833,-0.34752786,-0.3415103,-0.342651,-0.3448524250160259,-0.3431517786313852,-0.3448524330605477
2022-03-04,-0.34972918,-0.35452113,-0.30570022,-0.340977702,-0.350856234,-0.3534281,-0.3482125,-0.35164306,-0.35149834,-0.3543942237249613,-0.3525619644342846,-0.3543942139213512
2022-03-07,-0.36849967,-0.3427381,-0.304946653,-0.340977702,-0.35458277,-0.33772576,-0.3537529,-0.35117635,-0.35066235,-0.3497291719738779,-0.3479612591483172,-0.349729176766925
2022-03-08,-0.37735757,-0.36821774,-0.317388334,-0.370045524,-0.367466697,-0.3507699,-0.36757568,-0.3577849,-0.36045727,-0.3684996774750695,-0.3664728574086274,-0.3684996581895207
2022-03-09,-0.36994508,-0.3668245,-0.323920537,-0.373605033,-0.369324979,-0.37004432,-0.37832734,-0.36865586,-0.37549114,-0.3773575862064067,-0.3752085863345532,-0.3773575771054239
2022-03-10,-0.33787253,-0.36231816,-0.308157176,-0.34415813,-0.360297511,-0.35949898,-0.36219501,-0.36605865,-0.36948267,-0.36994507975922,-0.3678983228233458,-0.3699450873751105
2022-03-11,-0.30583897,-0.32713604,-0.287412091,-0.349864307,-0.324985057,-0.31455103,-0.31304327,-0.35238755,-0.3500104,-0.337872520572876,-0.3362681501143619,-0.3378725535254894
2022-03-14,-0.2616695,-0.29179722,-0.262280309,-0.303692506,-0.296938053,-0.28438663,-0.2739914,-0.31499612,-0.31958222,-0.3058389724959267,-0.3046764504227807,-0.3058390054084845
2022-03-15,-0.22371946,-0.25484958,-0.233865208,-0.219604438,-0.239633958,-0.22772472,-0.24135877,-0.273387,-0.2858503,-0.2616694835190077,-0.2611162045225293,-0.2616695289005074
2022-03-16,-0.20621486,-0.22056203,-0.20193588,-0.158447372,-0.212498192,-0.19368684,-0.1948656,-0.23371553,-0.24498317,-0.2237194567971247,-0.2236896339595289,-0.2237194957885176
2022-03-17,-0.21692805,-0.21970746,-0.184202882,-0.203111374,-0.195732009,-0.19944167,-0.17979985,-0.2125645,-0.2252244,-0.2062148660714038,-0.2064264893305722,-0.2062148840563471
2022-03-18,-0.22113346,-0.2438063,-0.19175217,-0.20638392,-0.216261626,-0.18985966,-0.18636005,-0.22209688,-0.22432107,-0.2169280554469551,-0.2169919084554988,-0.2169280444398225
2022-03-21,-0.18830101,-0.2314498,-0.187595593,-0.221731671,-0.218045001,-0.19288701,-0.2010671,-0.22275758,-0.2190257,-0.221133449571686,-0.2211392963113211,-0.2211334452508878
2022-03-22,-0.13704173,-0.17872444,-0.171553107,-0.190061856,-0.184329169,-0.16098355,-0.15319528,-0.20774719,-0.20266674,-0.1883010118771002,-0.1887597263274304,-0.1883010456104303
2022-03-23,-0.12784515,-0.10828538,-0.120792127,-0.119738099,-0.121360303,-0.14812179,-0.12762927,-0.15784496,-0.16161634,-0.1370417333239394,-0.1382074824558304,-0.1370417859897678
2022-03-24,-0.19520561,-0.13426292,-0.118886581,-0.140189258,-0.109783083,-0.10763102,-0.117184766,-0.13174099,-0.13317926,-0.1278451495913845,-0.1291377499750746,-0.1278451590403695
2022-03-25,-0.19928904,-0.21958776,-0.178661154,-0.213509659,-0.202129734,-0.18951558,-0.1619283,-0.18199584,-0.1774999,-0.1952056161900993,-0.1955690933516979,-0.1952055469813229
2022-03-28,-0.16876148,-0.21299571,-0.182712393,-0.201211892,-0.204469629,-0.25023523,-0.21174832,-0.17776199,-0.19011636,-0.1992890349543674,-0.1995961882899745,-0.1992890307588316
2022-03-29,-0.12671773,-0.15981188,-0.160867872,-0.098979286,-0.152465846,-0.21513061,-0.18064612,-0.15702409,-0.16340803,-0.1687614726534074,-0.1694897018585842,-0.1687615040186182
2022-03-30,-0.09894273,-0.10489566,-0.129816634,-0.086859203,-0.107782975,-0.137368,-0.13608795,-0.13710336,-0.13991672,-0.1267177253274702,-0.1280258766139027,-0.1267177685248978
2022-03-31,-0.079918504,-0.074243754,-0.103187424,-0.046020658,-0.079818139,-0.10526855,-0.10693727,-0.10465687,-0.120312646,-0.0989427303291439,-0.1006339904945596,-0.0989427588663078
2022-04-01,-0.08118288,-0.056761608,-0.087747282,-0.043820838,-0.078268072,-0.1061768,-0.08074073,-0.08633541,-0.095878646,-0.0799185013041318,-0.0818721683954797,-0.0799185208504003
2022-04-06,-0.102456205,-0.06890358,-0.096667202,-0.161415531,-0.075845393,-0.0982347,-0.09269915,-0.0857321,-0.0894842,-0.0811828798006943,-0.0831191069382832,-0.0811828785016423
2022-04-07,-0.15032183,-0.10950113,-0.1180166,-0.100814612,-0.108229414,-0.10857158,-0.101112895,-0.10025667,-0.09586107,-0.1024562068027436,-0.1040990045279963,-0.1024561849456915
2022-04-08,-0.19529185,-0.16036756,-0.15494132,-0.15027577,-0.152777057,-0.16639934,-0.1477616,-0.116793014,-0.12591809,-0.1503218298210188,-0.1513044025785452,-0.1503217806419774
2022-04-11,-0.24124007,-0.23169732,-0.194469224,-0.239248954,-0.185897096,-0.25129005,-0.20134246,-0.16831394,-0.14806673,-0.1952918451779106,-0.1956541329570859,-0.195291798973902
2022-04-12,-0.24906765,-0.28100023,-0.240042471,-0.258709111,-0.257199557,-0.29259372,-0.26101488,-0.21492743,-0.22648108,-0.2412400650129287,-0.2409685751444994,-0.2412400178038775
2022-04-13,-0.25243306,-0.25677374,-0.235103262,-0.273711048,-0.256590181,-0.30065188,-0.2781426,-0.22871964,-0.24074915,-0.2490676546392893,-0.2486881964674606,-0.2490676465968681
2022-04-14,-0.23530263,-0.2567893,-0.232349264,-0.247886196,-0.261450204,-0.3091828,-0.2817874,-0.23633933,-0.24039935,-0.2524330467275257,-0.2520071686881024,-0.2524330432697815
2022-04-15,-0.21182692,-0.23522882,-0.216160929,-0.229741465,-0.227699647,-0.28770828,-0.275354,-0.22844745,-0.2334216,-0.235302621744842,-0.2351130288212942,-0.2353026393453091
2022-04-18,-0.20781744,-0.20663719,-0.193250522,-0.197716158,-0.213312541,-0.25885838,-0.24184492,-0.22112197,-0.22782438,-0.2118269185941243,-0.2119611331210534,-0.2118269427140008
2022-04-19,-0.20464198,-0.21988876,-0.168949892,-0.204076411,-0.209201457,-0.2322693,-0.23084004,-0.20959404,-0.21333459,-0.2078174376950521,-0.2080069562007089,-0.2078174418145748
2022-04-20,-0.2343727,-0.22369368,-0.175374713,-0.155859946,-0.207349682,-0.21890706,-0.20892581,-0.20789133,-0.20718607,-0.2046419820056799,-0.204875300528924,-0.2046419852682718
2022-04-21,-0.24188483,-0.246901,-0.215453657,-0.230023826,-0.236122787,-0.20100437,-0.22940868,-0.22028494,-0.22592059,-0.2343727044164585,-0.2341959381229514,-0.2343726738699512
2022-04-22,-0.24969381,-0.22927277,-0.200026107,-0.277206602,-0.240554944,-0.24024892,-0.24101426,-0.23088664,-0.23394896,-0.241884834441126,-0.2416044510736032,-0.2418848267228375
2022-04-25,-0.22542185,-0.26431686,-0.221897163,-0.274313439,-0.245354794,-0.24678323,-0.21234082,-0.24343069,-0.23905681,-0.2496938088501185,-0.2493057139445011,-0.2496938008268639
2022-04-26,-0.20228432,-0.25120085,-0.193686805,-0.213213265,-0.223689271,-0.25016707,-0.23224536,-0.22367822,-0.22484164,-0.2254218477275509,-0.2253685432986538,-0.2254218726655077
2022-04-27,-0.17410316,-0.21379864,-0.183184616,-0.209450599,-0.187921935,-0.21034963,-0.20439164,-0.21075311,-0.21660908,-0.2022843191318258,-0.2025501576098234,-0.202284342904256
2022-04-28,-0.1364555,-0.1594235,-0.147756819,-0.098979286,-0.15645325,-0.17003216,-0.17278397,-0.18083513,-0.19032398,-0.174103153892627,-0.1747577036781832,-0.1741031828470862
2022-04-29,-0.0975099,-0.12557414,-0.121047793,-0.096447897,-0.124457737,-0.14003201,-0.12218407,-0.14715274,-0.1458374,-0.136455504987484,-0.1376293401435424,-0.1364555436681852
2022-05-05,-0.08513018,-0.08605234,-0.097089347,-0.046020658,-0.07639948,-0.08301961,-0.079916015,-0.10770001,-0.1088899,-0.0975098992537303,-0.0992209228901064,-0.0975099392680132
2022-05-06,-0.052450363,-0.08135812,-0.086183154,-0.043820838,-0.068984503,-0.049393523,-0.079663,-0.09047981,-0.097431906,-0.0851301794517089,-0.0870119602952696,-0.0851301921711598
2022-05-09,-0.09324395,-0.025201455,-0.056249875,-0.012671825,-0.050647152,-0.009413853,-0.05107501,-0.06290723,-0.074646875,-0.0524503629658784,-0.0547829063697931,-0.052450396542417
2022-05-10,-0.15205303,-0.10393545,-0.074038571,-0.124232499,-0.082927306,-0.041726615,-0.086873315,-0.095581286,-0.09184222,-0.0932439488760092,-0.0950138140519465,-0.0932439069631131
2022-05-11,-0.1609079,-0.16261613,-0.129059172,-0.201167176,-0.143916498,-0.103311576,-0.11377502,-0.10459899,-0.12645487,-0.1520530338835938,-0.1530117276216013,-0.1520529734607896
2022-05-12,-0.1498246,-0.15378825,-0.132590494,-0.1214493,-0.159901064,-0.13791524,-0.16203249,-0.14492254,-0.14858489,-0.1609078941807796,-0.1617444501613469,-0.1609078850828866
2022-05-13,-0.12251162,-0.13452883,-0.119375729,-0.134237096,-0.143346031,-0.110164285,-0.1453653,-0.13172306,-0.1293855,-0.1498246112162756,-0.1508140422599074,-0.149824622603666
2022-05-16,-0.094464324,-0.10005541,-0.102034862,-0.085778281,-0.112395598,-0.078912735,-0.111790374,-0.119555764,-0.121787325,-0.1225116201541885,-0.1238777875172366,-0.1225116482166387
2022-05-17,-0.101691596,-0.070931226,-0.076069951,-0.015505546,-0.067457852,-0.06408374,-0.09597364,-0.10199164,-0.11273245,-0.0944643228459955,-0.0962173550358743,-0.0944643516629179
2022-05-18,-0.13152489,-0.09240341,-0.083949322,-0.073374749,-0.099137335,-0.08304142,-0.094938636,-0.105232745,-0.10113638,-0.1016915983578627,-0.1033449425578923,-0.1016915909323059
2022-05-19,-0.14673673,-0.13937443,-0.116494886,-0.073374749,-0.120841449,-0.11801109,-0.1305603,-0.12387596,-0.12491869,-0.1315248979372699,-0.1327667424427387,-0.1315248672853599
2022-05-20,-0.16339499,-0.14354229,-0.13161742,-0.201167176,-0.151041183,-0.15757123,-0.15011497,-0.13455808,-0.1346049,-0.1467367329873601,-0.1477687560662663,-0.1467367173580925
2022-05-23,-0.19139361,-0.17636567,-0.15033822,-0.1214493,-0.169924936,-0.19196197,-0.17135763,-0.15338254,-0.14649242,-0.163394991736137,-0.1641972424303698,-0.1633949746207723
2022-05-24,-0.2021867,-0.22163606,-0.179390461,-0.207766613,-0.194230749,-0.20504716,-0.19870575,-0.17507589,-0.17127973,-0.1913936085417596,-0.1918096658740088,-0.1913935797748646
2022-05-25,-0.219222,-0.21097897,-0.185970259,-0.203699751,-0.203246142,-0.21104184,-0.21455693,-0.19131988,-0.19309938,-0.2021866996123572,-0.2024538845858149,-0.2021866885230824
2022-05-26,-0.23120148,-0.23060629,-0.193625482,-0.247248455,-0.221707004,-0.21960878,-0.23494597,-0.2085945,-0.21960267,-0.2192219968112719,-0.2192542087950525,-0.2192219793085278
2022-05-27,-0.2506355,-0.23603895,-0.192748077,-0.24638974,-0.230130538,-0.23478867,-0.24227986,-0.22100762,-0.23317868,-0.2312014885807665,-0.2310684638232668,-0.2312014762725487
2022-05-30,-0.26439133,-0.2593465,-0.211064581,-0.285783731,-0.250256974,-0.26034725,-0.25743076,-0.24021682,-0.23850787,-0.250635491987409,-0.2502344081624019,-0.2506354720201388
2022-05-31,-0.25408512,-0.27729076,-0.221019466,-0.279494945,-0.262088048,-0.25927883,-0.2708475,-0.25445166,-0.26368862,-0.2643913437675784,-0.2638005213321672,-0.264391329634256
2022-06-01,-0.2384587,-0.2392928,-0.212976893,-0.246414068,-0.254773028,-0.25191295,-0.25504684,-0.24764188,-0.24980307,-0.254085112628949,-0.2536364471465202,-0.2540851232179607
2022-06-02,-0.26869312,-0.22355686,-0.202926825,-0.158447372,-0.22470843,-0.22362268,-0.2358136,-0.23870988,-0.23946701,-0.2384586856061163,-0.2382255601423119,-0.2384587016613313
2022-06-06,-0.28223196,-0.2803883,-0.222765282,-0.279494945,-0.268168746,-0.25522473,-0.25883335,-0.25638676,-0.26051113,-0.2686931047336227,-0.2680429468124102,-0.2686930736696108
2022-06-07,-0.28866217,-0.29314828,-0.233948662,-0.289597952,-0.27789926,-0.2752944,-0.27370337,-0.26709554,-0.27371255,-0.2822319441514551,-0.2813950409367722,-0.2822319302410884
2022-06-08,-0.3094073,-0.28479803,-0.247761013,-0.291122497,-0.284726955,-0.31199405,-0.27726674,-0.28326303,-0.27826485,-0.2886621520402617,-0.2877365550297363,-0.2886621454335995
2022-06-09,-0.32887957,-0.3213418,-0.270631358,-0.326992119,-0.306127766,-0.32035422,-0.30121547,-0.29720655,-0.29455972,-0.309407281937357,-0.3081955410963929,-0.3094072606229899
2022-06-10,-0.33208895,-0.33383238,-0.290083625,-0.360298136,-0.315508515,-0.350794,-0.3095343,-0.31642085,-0.3086774,-0.328879567845431,-0.3273992398948766,-0.3288795478388186
2022-06-13,-0.34353328,-0.34432837,-0.299810951,-0.319808343,-0.339163164,-0.34751132,-0.32711443,-0.32501224,-0.3272522,-0.3320889468368079,-0.3305643509543352,-0.3320889435393454
2022-06-14,-0.3554087,-0.35661018,-0.300931461,-0.346914676,-0.342829947,-0.33883235,-0.34553707,-0.33523914,-0.34114808,-0.3435332685420925,-0.3418508176803659,-0.343533256783744
2022-06-15,-0.35338286,-0.34984264,-0.312151607,-0.323785512,-0.350556153,-0.3577118,-0.35195708,-0.34717587,-0.35142976,-0.3554086845218325,-0.3535624324675681,-0.3554086723205521
2022-06-16,-0.3527739,-0.34597307,-0.3040748,-0.335516685,-0.349722432,-0.39776954,-0.34869358,-0.34944388,-0.35230023,-0.3533828701832786,-0.3515645607968821,-0.3533828722646671
2022-06-17,-0.3465036,-0.36434478,-0.310612567,-0.371584,-0.350562017,-0.3737734,-0.34233212,-0.3486563,-0.34998658,-0.3527739032124559,-0.3509639934910654,-0.3527739038381345
2022-06-20,-0.35426816,-0.3505016,-0.314770377,-0.334199924,-0.346222028,-0.33858523,-0.33488336,-0.34742188,-0.34668922,-0.3465035825138626,-0.344780161216101,-0.3465035889562367
2022-06-21,-0.34336865,-0.36206698,-0.312488294,-0.346782542,-0.352934085,-0.34642652,-0.35578635,-0.35355565,-0.35431686,-0.3542681677681651,-0.352437647205301,-0.3542681597905322
2022-06-22,-0.35588622,-0.33596557,-0.302508512,-0.347198131,-0.338235334,-0.34299982,-0.33832833,-0.34887546,-0.34740925,-0.3433686350734138,-0.3416884550507507,-0.3433686462720131
2022-06-23,-0.35209203,-0.35664767,-0.304882932,-0.3543831,-0.347837829,-0.35180843,-0.35135666,-0.35198957,-0.3532984,-0.3558862274385688,-0.3540333884908951,-0.3558862145775148
2022-06-24,-0.34245342,-0.35057238,-0.303579122,-0.335516685,-0.350981933,-0.35321605,-0.352789,-0.3507524,-0.3521139,-0.3520920331030988,-0.3502915286216813,-0.3520920370013896
2022-06-27,-0.34102017,-0.34312734,-0.293189215,-0.334199924,-0.336595898,-0.3320131,-0.34483948,-0.3466484,-0.34548232,-0.3424534234714973,-0.3407858672383566,-0.342453433374587
2022-06-28,-0.3392502,-0.3424356,-0.293831513,-0.334199924,-0.338439829,-0.3381953,-0.3368454,-0.34167278,-0.34245566,-0.3410201625163834,-0.3393723756836633,-0.3410201639889821
2022-06-29,-0.33665675,-0.33648342,-0.293234553,-0.340158717,-0.331330682,-0.3436813,-0.33365574,-0.3406098,-0.34116966,-0.3392502175965963,-0.3376268441477174,-0.3392502194151086
2022-06-30,-0.34995607,-0.33550325,-0.29023358,-0.328907227,-0.334316837,-0.36068186,-0.33428144,-0.33793688,-0.33751073,-0.3366567359804508,-0.335069135205327,-0.3366567386450975
2022-07-01,-0.38863218,-0.35330424,-0.302437064,-0.340977702,-0.353685937,-0.36957532,-0.34571525,-0.34149897,-0.34520906,-0.3499560691895764,-0.3481850267023197,-0.3499560555253224
2022-07-04,-0.39893278,-0.40618706,-0.341169476,-0.402542114,-0.389069012,-0.39882228,-0.38457304,-0.36076733,-0.37087098,-0.3886321894586573,-0.3863276755853355,-0.3886321497212799
2022-07-05,-0.3942762,-0.40797496,-0.349148566,-0.409116812,-0.402645912,-0.3934273,-0.40472102,-0.38647354,-0.38866755,-0.3989327739208312,-0.3964861809808376,-0.3989327633375658
2022-07-06,-0.3770506,-0.3877086,-0.338748495,-0.387049532,-0.391828669,-0.39962506,-0.39286232,-0.38429695,-0.3829721,-0.3942761888661545,-0.3918938256075811,-0.3942761936505017
2022-07-07,-0.34606987,-0.36842322,-0.328491649,-0.373173349,-0.364038926,-0.36041212,-0.36383274,-0.37223518,-0.3748897,-0.3770506195005069,-0.3749058537129652,-0.3770506371987375
2022-07-08,-0.3365525,-0.32777646,-0.297027958,-0.334199924,-0.341516478,-0.330269,-0.34151202,-0.35809717,-0.36102232,-0.3460698626973208,-0.3443524238277368,-0.3460698945281839
2022-07-11,-0.3226854,-0.3321503,-0.29171082,-0.349864307,-0.329551829,-0.31118545,-0.32188952,-0.33952382,-0.34739375,-0.3365524944383871,-0.3349663314982773,-0.3365525042169373
2022-07-12,-0.30980697,-0.309827,-0.273265029,-0.335125971,-0.317391876,-0.3285877,-0.3152063,-0.32760212,-0.3310455,-0.3226853802117653,-0.3212904905585243,-0.3226853944593925
2022-07-13,-0.2946727,-0.30773032,-0.270174728,-0.303692506,-0.302331814,-0.3132863,-0.3013001,-0.3144986,-0.31171405,-0.3098069639830437,-0.3085897102071364,-0.3098069772148484
2022-07-14,-0.276904,-0.28651392,-0.245766591,-0.264453838,-0.288705334,-0.27209905,-0.2924336,-0.29870626,-0.30356547,-0.2946727035184177,-0.2936642011594302,-0.2946727190679642
2022-07-15,-0.27364868,-0.2848397,-0.214573166,-0.268560134,-0.266579149,-0.24513954,-0.23867975,-0.281857,-0.28923574,-0.2769039743236874,-0.2761405614029937,-0.2769039925799928
2022-07-18,-0.26620546,-0.27474365,-0.230524558,-0.268221417,-0.264045506,-0.23391679,-0.22104733,-0.27593416,-0.28178313,-0.2736486648526841,-0.2729301533968603,-0.2736486681973355
2022-07-19,-0.2491799,-0.27024755,-0.237218764,-0.221492329,-0.251062124,-0.20503464,-0.22414087,-0.26940373,-0.27114445,-0.266205459405913,-0.2655896143266242,-0.2662054670533577
2022-07-20,-0.25254226,-0.23227343,-0.224737539,-0.254962461,-0.23223106,-0.16045114,-0.18553932,-0.25542915,-0.25489107,-0.2491799051887355,-0.2487988987112395,-0.2491799226814657
2022-07-21,-0.2725249,-0.24630006,-0.225657,-0.285783731,-0.255119888,-0.19241698,-0.17097174,-0.2545462,-0.2510035,-0.2525422470700653,-0.2521148627973981,-0.2525422436154813
2022-07-22,-0.2826483,-0.29386085,-0.230034905,-0.269854982,-0.266183796,-0.2489605,-0.23854205,-0.2642242,-0.2678184,-0.2725248820318884,-0.2718218712512842,-0.2725248615009417
2022-07-25,-0.2907207,-0.28938532,-0.238366508,-0.279716498,-0.275768459,-0.27089843,-0.2701134,-0.2742961,-0.2811492,-0.2826482969620619,-0.2818056508675498,-0.2826482865608471
2022-07-26,-0.3252716,-0.29881012,-0.247710105,-0.290624242,-0.288998534,-0.28853258,-0.2773678,-0.28490132,-0.28451234,-0.2907207121435631,-0.2897667207929651,-0.2907207038496363
2022-07-27,-0.32980922,-0.34535465,-0.277731283,-0.318896409,-0.32043513,-0.32001692,-0.30763227,-0.30530053,-0.3002284,-0.3252716163699259,-0.323841053981716,-0.3252715808709628
2022-07-28,-0.32220617,-0.3362301,-0.286747696,-0.305961921,-0.323176679,-0.3146052,-0.3043116,-0.31871977,-0.31971633,-0.3298092196470409,-0.3283160687289367,-0.3298092149848928
2022-07-29,-0.30249387,-0.32415137,-0.2778761,-0.305497402,-0.321825952,-0.3117334,-0.31211838,-0.31366596,-0.317076,-0.3222061791463334,-0.3208178992578465,-0.3222061869579907
2022-08-01,-0.3017849,-0.30316946,-0.250492496,-0.264453838,-0.29457213,-0.29720646,-0.31367823,-0.3035708,-0.306214,-0.3024938568644769,-0.3013774749796445,-0.3024938771176981
2022-08-02,-0.29939356,-0.3061229,-0.241631026,-0.271635824,-0.287786689,-0.26473802,-0.29324058,-0.3034793,-0.30610672,-0.3017849169527714,-0.3006783136898562,-0.3017849176811848
2022-08-03,-0.31805345,-0.28050792,-0.236533479,-0.304628443,-0.285149871,-0.27860245,-0.27581295,-0.30206928,-0.3042491,-0.2993935557552358,-0.2983199372582112,-0.2993935582122148
2022-08-04,-0.31700537,-0.3297938,-0.24855958,-0.325900344,-0.315164708,-0.27438903,-0.29524612,-0.31088516,-0.31462985,-0.318053444101441,-0.3167224441393,-0.3180534249295422
2022-08-05,-0.31282735,-0.30244213,-0.254638283,-0.320863122,-0.31083003,-0.28537986,-0.28342885,-0.311102,-0.31396857,-0.3170053542368286,-0.3156888108941444,-0.3170053553136575
2022-08-08,-0.29414794,-0.31000784,-0.265617403,-0.295095421,-0.306402487,-0.28709775,-0.27837902,-0.30919367,-0.30955476,-0.3128273417740526,-0.3115684270167593,-0.3128273460667076
2022-08-09,-0.28453654,-0.29080617,-0.244054553,-0.264907233,-0.28234103,-0.26577756,-0.28276697,-0.30176252,-0.2977323,-0.2941479302874665,-0.2931466662838502,-0.2941479494794311
2022-08-10,-0.2606002,-0.2760594,-0.237076759,-0.293839539,-0.281012713,-0.23495209,-0.25672376,-0.28714767,-0.2871402,-0.284536536568599,-0.2836678454159707,-0.2845365464437417
2022-08-11,-0.27802026,-0.25144222,-0.210825819,-0.228800313,-0.250321534,-0.23523659,-0.2595048,-0.267917,-0.273381,-0.2606002032155635,-0.2600616731246528,-0.2606002278087016
2022-08-12,-0.31430733,-0.2772652,-0.225362619,-0.244649759,-0.270340757,-0.27938256,-0.26301366,-0.28183183,-0.27906564,-0.2780202509018497,-0.2772414408418038,-0.2780202330038345
2022-08-15,-0.33885026,-0.3380212,-0.266512819,-0.336096875,-0.315037314,-0.31614855,-0.30017138,-0.28692237,-0.2953724,-0.3143073414646729,-0.3130280126254904,-0.3143073041818741
2022-08-16,-0.33665058,-0.35583222,-0.289708561,-0.319808343,-0.336992864,-0.3389622,-0.32855803,-0.32322684,-0.32039922,-0.3388502549410776,-0.3372323982976779,-0.3388502297246871
2022-08-17,-0.3389928,-0.33749372,-0.287479139,-0.339258222,-0.337616879,-0.3303234,-0.33408862,-0.32553732,-0.3221815,-0.336650574771183,-0.3350630589794759,-0.3366505770311948
2022-08-18,-0.34451094,-0.3322959,-0.292150431,-0.340158717,-0.332606723,-0.36184245,-0.33430398,-0.32848778,-0.32970563,-0.3389928027491583,-0.3373729799008697,-0.3389928003426636
2022-08-19,-0.35536242,-0.34714466,-0.293313088,-0.33613295,-0.337541638,-0.35566804,-0.35026342,-0.33948082,-0.3409019,-0.3445109572826296,-0.3428150208653735,-0.3445109516130586
2022-08-22,-0.34515068,-0.3585009,-0.311189473,-0.351727423,-0.351249548,-0.36027604,-0.3389611,-0.34867293,-0.34926066,-0.3553624100705577,-0.3535167962937495,-0.3553623989213436
2022-08-23,-0.3413168,-0.34711856,-0.308458368,-0.326031281,-0.337264048,-0.34564167,-0.35478982,-0.34296972,-0.34602714,-0.3451506788592469,-0.3434459185694359,-0.3451506893511687
2022-08-24,-0.33803025,-0.3310549,-0.299083877,-0.335887757,-0.33935822,-0.32964838,-0.34140405,-0.34101593,-0.3411796,-0.3413167955235717,-0.3396649171423613,-0.3413167994626646
2022-08-25,-0.33826265,-0.33444443,-0.295371656,-0.331557868,-0.331882844,-0.3242453,-0.32667056,-0.33906958,-0.34052646,-0.3380302404357365,-0.3364236944996082,-0.3380302438124761
2022-08-26,-0.32629603,-0.33714867,-0.294325459,-0.340158717,-0.329569385,-0.34823996,-0.33267382,-0.339272,-0.34011894,-0.3382626531379575,-0.336652901463365,-0.338262652899171
2022-08-29,-0.32907897,-0.3256463,-0.280607703,-0.292495366,-0.317536851,-0.35260424,-0.32812032,-0.33199698,-0.33203977,-0.3262960254009954,-0.3248513330302045,-0.326296037695978
2022-08-30,-0.3343157,-0.34101576,-0.286182905,-0.338661021,-0.323304022,-0.33295372,-0.32204157,-0.33091387,-0.3295573,-0.3290789672932021,-0.3275958889659542,-0.329078964433911
2022-08-31,-0.32703108,-0.34034124,-0.295601226,-0.348045975,-0.337893249,-0.34443003,-0.32893538,-0.33416808,-0.3339189,-0.3343156818482782,-0.332760371938527,-0.3343156764678693
2022-09-01,-0.3184655,-0.31458947,-0.295213327,-0.295713047,-0.320531652,-0.3606309,-0.32731256,-0.32910863,-0.32967868,-0.3270310785713192,-0.325576247390563,-0.3270310860558009
2022-09-02,-0.33796662,-0.31450692,-0.293769215,-0.327675777,-0.315900032,-0.35485905,-0.32023424,-0.32203928,-0.32261685,-0.3184655012689826,-0.3171288176781122,-0.3184655100696004
2022-09-05,-0.33339286,-0.35481656,-0.318947318,-0.365174317,-0.338656197,-0.343849,-0.33211252,-0.33003643,-0.3326067,-0.3379666332056064,-0.3363609646231781,-0.3379666131693874
2022-09-06,-0.32253766,-0.33156365,-0.309302555,-0.358761407,-0.337246176,-0.34511295,-0.3445588,-0.3296959,-0.33411744,-0.3333928460652861,-0.3318502651076852,-0.3333928507645538
2022-09-07,-0.3107988,-0.30941558,-0.283979959,-0.329929912,-0.324092332,-0.3274721,-0.3381986,-0.32406265,-0.32370585,-0.3225376658176669,-0.3211448136335934,-0.3225376769707098
2022-09-08,-0.31023034,-0.31047863,-0.267027432,-0.321408256,-0.31273221,-0.31169534,-0.3228277,-0.31406006,-0.31570998,-0.310798806593115,-0.3095678720330889,-0.3107988186540909
2022-09-09,-0.32386604,-0.3138642,-0.267192079,-0.305644405,-0.298658611,-0.3113087,-0.31430948,-0.31156933,-0.31454366,-0.3102303512561279,-0.3090072575719298,-0.3102303518401936
2022-09-13,-0.34957215,-0.32477567,-0.272821591,-0.33578898,-0.319822128,-0.35208014,-0.3257028,-0.32187477,-0.32139075,-0.323866030589262,-0.3224548558694488,-0.3238660165794307
2022-09-14,-0.3781102,-0.36608222,-0.29972147,-0.340977702,-0.352430999,-0.37394652,-0.34290564,-0.33143798,-0.32923725,-0.3495721453469015,-0.3478063984369435,-0.3495721189354163
2022-09-15,-0.40167597,-0.39609072,-0.33813755,-0.402542114,-0.38556708,-0.38541174,-0.3816741,-0.36161745,-0.3534601,-0.3781101871477083,-0.3759508064241945,-0.3781101578265774
2022-09-16,-0.40078336,-0.4101271,-0.350180733,-0.414895171,-0.408330285,-0.42795855,-0.4110849,-0.38701612,-0.39076212,-0.4016759769119848,-0.3991915461461761,-0.4016759526995377
2022-09-19,-0.38935384,-0.40917426,-0.355974727,-0.418583636,-0.403423313,-0.4154691,-0.42179087,-0.38981566,-0.40344283,-0.4007833478167482,-0.3983112293531395,-0.4007833487338454
2022-09-20,-0.3754159,-0.3816117,-0.343109391,-0.382296145,-0.381186144,-0.3992302,-0.40109113,-0.38065317,-0.38197386,-0.3893538521111016,-0.3870393841272643,-0.3893538638542148
2022-09-21,-0.3383296,-0.3666805,-0.326831958,-0.356269872,-0.364746523,-0.37286547,-0.398361,-0.3791026,-0.37835655,-0.3754158901615695,-0.3732936726886007,-0.3754159044819905
2022-09-22,-0.29507533,-0.3142178,-0.297059531,-0.335887757,-0.330603304,-0.35708526,-0.34792092,-0.3528255,-0.35640213,-0.3383296259942064,-0.3367189505428182,-0.3383296640981039
2022-09-23,-0.2670315,-0.27085415,-0.258554418,-0.264453838,-0.275680573,-0.31672776,-0.31610304,-0.3077259,-0.32171878,-0.2950753167742597,-0.2940612610492638,-0.295075361215473
2022-09-26,-0.25136307,-0.25341254,-0.236111724,-0.228800313,-0.253303439,-0.28843,-0.28339016,-0.27364478,-0.28343046,-0.2670314895808717,-0.2664042508183669,-0.2670315183942456
2022-09-27,-0.26540402,-0.25125653,-0.217562631,-0.228800313,-0.244067963,-0.25670886,-0.26849622,-0.2578508,-0.26165792,-0.2513630837021249,-0.250951963985259,-0.2513630998004894
2022-09-28,-0.28202176,-0.27739772,-0.22789439,-0.279494945,-0.267223637,-0.2588367,-0.27599213,-0.26957795,-0.26647687,-0.265404027058443,-0.2647992363771203,-0.2654040126322434
2022-09-29,-0.28383473,-0.28766763,-0.239832022,-0.295421701,-0.280765057,-0.28576216,-0.29503173,-0.27525678,-0.28007227,-0.2820217507426927,-0.2811877467890613,-0.2820217336689766
2022-09-30,-0.27962345,-0.28445384,-0.233921322,-0.317206596,-0.2841833,-0.2873318,-0.30636704,-0.27955616,-0.28207555,-0.2838347202287339,-0.2829757094404489,-0.2838347183660004
2022-10-10,-0.27915898,-0.28362945,-0.233251424,-0.289597952,-0.273621471,-0.27816403,-0.28760672,-0.2741954,-0.27651182,-0.2796234356718868,-0.2788225124010163,-0.2796234399987238
2022-10-11,-0.28236645,-0.2803857,-0.233346537,-0.289597952,-0.269512268,-0.2702081,-0.29122347,-0.27668992,-0.27939633,-0.2791589706216925,-0.2783644538572756,-0.2791589710989065
2022-10-12,-0.29498345,-0.28690502,-0.230139631,-0.278993416,-0.274006607,-0.28087124,-0.28614524,-0.28191644,-0.28294012,-0.2823664596647536,-0.2815277010370451,-0.282366456369254
2022-10-13,-0.2767075,-0.3018703,-0.244641714,-0.327722397,-0.289983119,-0.2926133,-0.294161,-0.28611812,-0.288927,-0.2949834374401915,-0.2939706490345481,-0.2949834244770101
2022-10-14,-0.27079237,-0.2735176,-0.218527451,-0.268560134,-0.263828734,-0.27383304,-0.28962243,-0.28099456,-0.28156668,-0.2767074949758661,-0.275946792154047,-0.276707513753273
2022-10-17,-0.26437384,-0.2687305,-0.223193146,-0.284275443,-0.263938452,-0.25612423,-0.25726858,-0.27415356,-0.2744903,-0.2707923667362273,-0.2701132530613753,-0.2707923728136814
2022-10-18,-0.26237312,-0.26425883,-0.225851838,-0.264054031,-0.250660322,-0.24974804,-0.26319402,-0.2662243,-0.26866597,-0.2643738447804232,-0.2637832637138171,-0.2643738513750707
2022-10-19,-0.29247808,-0.25568473,-0.224161727,-0.268478208,-0.256587241,-0.2314469,-0.25886035,-0.26424262,-0.26262486,-0.2623731172745985,-0.2618101328456139,-0.2623731193302312
2022-10-20,-0.33229193,-0.2994964,-0.249249293,-0.317206596,-0.299197474,-0.25127086,-0.27000958,-0.27109557,-0.27901268,-0.2924780807910067,-0.2914998495248831,-0.2924780498599882
2022-10-21,-0.34233752,-0.3417018,-0.28721187,-0.350738912,-0.335005161,-0.30237642,-0.32868302,-0.30487955,-0.30402538,-0.3322919364324251,-0.3307645406532673,-0.3322918955260761
2022-10-24,-0.35314855,-0.32416055,-0.281014393,-0.335146177,-0.337117333,-0.32305735,-0.3483949,-0.32983145,-0.3416392,-0.3423375296127825,-0.340671571938572,-0.3423375192915039
2022-10-25,-0.3295587,-0.3439024,-0.27283341,-0.338070921,-0.346839916,-0.32697785,-0.34109607,-0.33995906,-0.34889024,-0.3531485472564015,-0.3513334699567738,-0.3531485361487272
2022-10-26,-0.29023975,-0.3040791,-0.283930262,-0.280271214,-0.31571289,-0.30471036,-0.29589075,-0.32360622,-0.3260717,-0.3295587132035345,-0.3280690175963225,-0.329558737440644
2022-10-27,-0.2508281,-0.2837582,-0.236612517,-0.264907233,-0.265733737,-0.23842557,-0.2634563,-0.30794322,-0.3038018,-0.2902397456110238,-0.2892923883768,-0.2902397860088985
2022-10-28,-0.24079573,-0.23508048,-0.210865038,-0.219604438,-0.230675555,-0.19802195,-0.20362696,-0.26042154,-0.27056602,-0.250828094205714,-0.2504243537602485,-0.2508281346988323
2022-10-31,-0.23151068,-0.26216552,-0.213390868,-0.277206602,-0.227094132,-0.19914025,-0.16776663,-0.24576025,-0.25464803,-0.2407957380231189,-0.2405303768908056,-0.2407957483307968
2022-11-01,-0.2231375,-0.25060603,-0.200143651,-0.23357606,-0.225062884,-0.18630904,-0.1987686,-0.23765084,-0.24273439,-0.2315106890539631,-0.2313733994011259,-0.2315106985937972
2022-11-02,-0.24390554,-0.20424353,-0.195345819,-0.197716158,-0.214844599,-0.1711422,-0.17168544,-0.22741581,-0.22502479,-0.2231375020002146,-0.223115706240567,-0.2231375106031652
2022-11-03,-0.25854135,-0.2510256,-0.210887777,-0.277206602,-0.236857113,-0.1990585,-0.21029036,-0.24066642,-0.24007791,-0.2439055397913023,-0.2435972842257284,-0.2439055184534143
2022-11-04,-0.24712178,-0.25296485,-0.230060914,-0.318324138,-0.25948177,-0.22021769,-0.22435713,-0.24590613,-0.2538059,-0.2585413561786485,-0.2580312243855721,-0.2585413411412146
2022-11-07,-0.24297954,-0.23590156,-0.212701294,-0.285783731,-0.2391452,-0.23441404,-0.22468334,-0.24228443,-0.24565187,-0.2471217786450822,-0.2467691605274398,-0.2471217903779887
2022-11-08,-0.28461167,-0.24195509,-0.21465451,-0.277206602,-0.235135211,-0.23498763,-0.21967316,-0.23783182,-0.23815344,-0.2429795416532154,-0.2426840586591089,-0.2429795459091242
2022-11-09,-0.3382516,-0.30451572,-0.251125708,-0.298013915,-0.292180972,-0.28184056,-0.2660078,-0.25366682,-0.26221094,-0.2846116809205575,-0.2837419532792298,-0.2846116381460687
2022-11-10,-0.34670472,-0.36631328,-0.299358365,-0.339258222,-0.341717207,-0.35586435,-0.33163252,-0.3008155,-0.29892725,-0.3382515866383846,-0.3366419876073567,-0.3382515315265971
2022-11-11,-0.33990747,-0.35256904,-0.308702237,-0.339258222,-0.349513949,-0.38998628,-0.361543,-0.33063057,-0.3299327,-0.3467047160288581,-0.344978520435891,-0.3467047073437247
2022-11-14,-0.33892593,-0.34513858,-0.297559762,-0.329607048,-0.338547696,-0.3913218,-0.3660452,-0.3228318,-0.33325997,-0.3399074704194931,-0.3382750312842943,-0.339907477403241
2022-11-15,-0.30402368,-0.3560917,-0.296502616,-0.328907227,-0.338319955,-0.38321096,-0.35688785,-0.32933402,-0.33435163,-0.3389259154172204,-0.3373070151660648,-0.3389259164257157
2022-11-16,-0.26041225,-0.29561839,-0.275749931,-0.305820662,-0.302237644,-0.33731428,-0.32026604,-0.32295522,-0.32101643,-0.3040236742603857,-0.3028861911430371,-0.3040237101203185
2022-11-17,-0.25044245,-0.2331481,-0.234736054,-0.219604438,-0.247124728,-0.2796286,-0.28001374,-0.27535516,-0.29075482,-0.2604122430802776,-0.2598763055801748,-0.2604122878884097
2022-11-18,-0.2623847,-0.24837393,-0.223067716,-0.219604438,-0.244847287,-0.23735577,-0.24953297,-0.25408855,-0.2607323,-0.2504424589335787,-0.2500440376716742,-0.2504424691769721
2022-11-21,-0.28633654,-0.27432004,-0.230720082,-0.295662969,-0.26806052,-0.24894148,-0.25981295,-0.26765805,-0.26435316,-0.2623847060010804,-0.2618215617252979,-0.2623846937311577
2022-11-22,-0.30638096,-0.29947254,-0.244253781,-0.334500861,-0.288980374,-0.29931346,-0.3005025,-0.27733853,-0.2798396,-0.2863365302661438,-0.2854430112578242,-0.2863365056570872
2022-11-23,-0.32566538,-0.31417963,-0.257789238,-0.318745786,-0.299631782,-0.3481351,-0.32052854,-0.2943725,-0.2858291,-0.3063809442010787,-0.3052109465488223,-0.3063809236066361
2022-11-24,-0.31424162,-0.33790642,-0.287187063,-0.33578898,-0.325090592,-0.36829138,-0.3437714,-0.31406665,-0.3136059,-0.3256653745586238,-0.3242293809450159,-0.3256653547450223
2022-11-25,-0.30101725,-0.3149619,-0.279327808,-0.329929912,-0.31543769,-0.3275229,-0.34304205,-0.3055958,-0.3094686,-0.3142416250942982,-0.312963202700823,-0.3142416368314862
2022-11-28,-0.2883196,-0.2935026,-0.261343024,-0.264453838,-0.289372719,-0.33520368,-0.32642525,-0.29744723,-0.3033172,-0.301017267117062,-0.2999212522797443,-0.3010172807042983
2022-11-29,-0.29220235,-0.2963479,-0.254704764,-0.29620818,-0.284553248,-0.31442612,-0.31052992,-0.29119837,-0.29542798,-0.2883196016040625,-0.2873987294949679,-0.2883196146501561
2022-11-30,-0.30835724,-0.29595542,-0.256114847,-0.297433051,-0.296131073,-0.34286597,-0.29990596,-0.29414958,-0.29449084,-0.2922023389763786,-0.2912279111002286,-0.2922023349871153
2022-12-01,-0.33043978,-0.31602317,-0.279759145,-0.313793852,-0.312523111,-0.35589996,-0.32330856,-0.3026386,-0.30590197,-0.3083572294541681,-0.3071599723036504,-0.3083572128559957
2022-12-02,-0.34852484,-0.34610513,-0.305522326,-0.360298136,-0.326844936,-0.3479611,-0.3333399,-0.31618726,-0.31782594,-0.3304397707378277,-0.3289379224384442,-0.3304397480493414
2022-12-05,-0.36950105,-0.35628623,-0.317986135,-0.36191499,-0.356535748,-0.35690674,-0.3681874,-0.33766934,-0.34100762,-0.3485248239353095,-0.3467735230453042,-0.348524805353993
2022-12-06,-0.3873924,-0.38284367,-0.334210707,-0.383802754,-0.368431992,-0.39542595,-0.36402836,-0.35722592,-0.364053,-0.3695010517940456,-0.3674604194697505,-0.369501030242227
2022-12-07,-0.41681585,-0.395638,-0.345138029,-0.386130511,-0.386162503,-0.4141904,-0.40602058,-0.37522024,-0.37748092,-0.3873924131209089,-0.3851049998563531,-0.3873923947386002
2022-12-08,-0.4138811,-0.43005276,-0.373995267,-0.445142525,-0.423031616,-0.41843808,-0.42344567,-0.40079227,-0.39440233,-0.4168158508960867,-0.4141225912843918,-0.4168158206652735
2022-12-09,-0.41031626,-0.41241503,-0.368549991,-0.438905183,-0.420842113,-0.4256262,-0.44035125,-0.4037818,-0.4101406,-0.4138811018962658,-0.4112283221622265,-0.413881104911511
2022-12-12,-0.40152213,-0.41187856,-0.363319787,-0.391729588,-0.407552514,-0.42467952,-0.42664462,-0.40142828,-0.40612864,-0.4103162724314384,-0.4077126634648509,-0.4103162760940871
2022-12-13,-0.39794344,-0.39775276,-0.357405605,-0.412858957,-0.405519834,-0.41361022,-0.42057696,-0.4001951,-0.4038794,-0.401522131543653,-0.3990398228133875,-0.4015221405791021
2022-12-14,-0.3688062,-0.39075303,-0.355576788,-0.41576819,-0.402480561,-0.41046837,-0.41458517,-0.39918107,-0.400956,-0.3979434395656312,-0.3955104928126409,-0.397943443242529
2022-12-15,-0.354113,-0.35436538,-0.32978654,-0.361189487,-0.360960196,-0.38565987,-0.3939289,-0.382195,-0.38207152,-0.3688062089188149,-0.3667751607717632,-0.3688062388555525
2022-12-16,-0.34321126,-0.35187984,-0.320499995,-0.325149905,-0.347530911,-0.35318217,-0.3705847,-0.35854328,-0.36443427,-0.3541130117226642,-0.3522846312739086,-0.3541130268190622
2022-12-19,-0.33628124,-0.34356275,-0.306279377,-0.342500196,-0.342418017,-0.3586432,-0.36644083,-0.34645087,-0.3483112,-0.3432112737128169,-0.3415332642228382,-0.3432112849137058
2022-12-20,-0.32216418,-0.33409363,-0.305771367,-0.335887757,-0.338361022,-0.36517885,-0.36834586,-0.33983952,-0.34717584,-0.3362812252302635,-0.3346988039881174,-0.3362812323504787
2022-12-21,-0.33114064,-0.31089103,-0.293874735,-0.303500403,-0.325005941,-0.345941,-0.3590043,-0.32660705,-0.33076835,-0.3221641751376728,-0.3207764746231398,-0.3221641896420912
2022-12-22,-0.33596689,-0.32735536,-0.295942657,-0.333313657,-0.337943742,-0.35957628,-0.35998473,-0.3333584,-0.3307942,-0.3311406303176218,-0.329629114850775,-0.3311406210948744
2022-12-23,-0.32847166,-0.33667344,-0.29994666,-0.33756078,-0.339353763,-0.36620435,-0.36801496,-0.33499515,-0.33578643,-0.3359668959604874,-0.3343888103567162,-0.3359668910017832
2022-12-26,-0.3144898,-0.32237282,-0.290032154,-0.34095034,-0.324287095,-0.3531013,-0.36288658,-0.32920918,-0.33093604,-0.3284716459175875,-0.3269969445571549,-0.3284716536184963
2022-12-27,-0.2940912,-0.3083344,-0.274522829,-0.329929912,-0.313042821,-0.3227313,-0.34808043,-0.3203108,-0.31924877,-0.3144898142508252,-0.3132079685094956,-0.3144898286163154
2022-12-28,-0.29794008,-0.28483564,-0.254198497,-0.25374533,-0.287649884,-0.3094378,-0.3255537,-0.30052745,-0.3097611,-0.2940911974876727,-0.2930907160166666,-0.2940912184460266
2022-12-29,-0.31695282,-0.3008179,-0.260540653,-0.304628443,-0.288229503,-0.31013486,-0.3233319,-0.300283,-0.30303222,-0.2979400607580477,-0.2968864907556858,-0.2979400568035961
2022-12-30,-0.33164185,-0.32475197,-0.272162291,-0.34167681,-0.318633969,-0.33839008,-0.3412741,-0.31290904,-0.3129496,-0.316952810832754,-0.3156369922370818,-0.3169527912983046
2023-01-03,-0.35036278,-0.34551102,-0.297919747,-0.338212832,-0.339860098,-0.37068275,-0.36777532,-0.32142666,-0.32546052,-0.3316418440125002,-0.3301234151540655,-0.3316418289203911
2023-01-04,-0.37752745,-0.3717052,-0.311628543,-0.364489509,-0.356439333,-0.3969795,-0.39360756,-0.34048375,-0.34421948,-0.3503627762506674,-0.3485861239303124,-0.3503627570160316
2023-01-05,-0.39685288,-0.39142853,-0.337378173,-0.402542114,-0.385881744,-0.41633037,-0.40596676,-0.36204997,-0.34983313,-0.3775274551222999,-0.3753761121972814,-0.3775274272122234
2023-01-06,-0.39646944,-0.40724486,-0.348175777,-0.406558213,-0.397657801,-0.41325673,-0.43131915,-0.38381267,-0.39416575,-0.3968528859864647,-0.394434981567747,-0.3968528661307302
