date,中债国债到期收益率:3月,中债国债到期收益率:10年,中债国债到期收益率:6月,中债企业债到期收益率(AAA):10年
2002-01-04,2.5312,3.2096,2.5492,
2002-01-07,2.5489,3.2003,2.5663,
2002-01-08,1.7235,3.5225,1.7885,
2002-01-09,1.6983,3.5896,1.7680,
2002-01-10,1.6942,3.5784,1.7635,
2002-01-11,1.6907,3.4532,1.7533,
2002-01-14,1.4598,3.5114,1.5341,
2002-01-15,1.5145,3.5023,1.5863,
2002-01-16,1.5396,3.4414,1.6075,
2002-01-17,1.5107,3.4511,1.5804,
2002-01-18,2.2117,3.2968,2.2458,
2002-01-21,2.2104,3.2563,2.2424,
2002-01-22,2.2156,3.3182,2.2506,
2002-01-23,2.3436,3.1897,2.3676,
2002-01-24,2.1836,3.2581,2.2167,
2002-01-25,2.3531,3.0795,2.3715,
2002-01-28,2.2849,3.1584,2.3095,
2002-01-29,1.6353,3.8100,1.7159,
2002-01-30,2.2131,3.2152,2.2430,
2002-01-31,2.2285,3.2186,2.2580,
2002-02-01,2.1434,3.2016,2.1751,
2002-02-04,2.1320,3.2180,2.1657,
2002-02-05,2.1016,3.1893,2.1345,
2002-02-06,2.1783,3.1897,2.2082,
2002-02-07,2.0729,3.2491,2.1116,
2002-02-08,2.0803,3.2085,2.1165,
2002-02-09,2.0977,3.1948,2.1325,
2002-02-10,2.1205,3.2084,2.1551,
2002-02-11,2.1533,3.2173,2.1872,
2002-02-19,2.1460,3.1679,2.1776,
2002-02-20,2.0341,3.1647,2.0699,
2002-02-21,2.1273,3.1583,2.1592,
2002-02-22,2.1088,3.2237,2.1451,
2002-02-25,1.9843,3.1616,2.0220,
2002-02-26,1.9541,3.1512,1.9924,
2002-02-27,1.9500,3.1481,1.9883,
2002-02-28,1.9435,3.1315,1.9814,
2002-03-01,1.9722,3.1155,2.0082,
2002-03-04,2.0503,3.0828,2.0818,
2002-03-05,1.9731,3.0850,2.0076,
2002-03-06,1.8194,3.0864,1.8600,
2002-03-07,1.8029,3.0840,1.8440,
2002-03-08,1.7687,3.0656,1.8117,
2002-03-11,1.8004,3.0730,1.8432,
2002-03-12,1.7951,3.0044,1.8346,
2002-03-13,1.8191,2.9872,1.8569,
2002-03-14,1.8015,2.9798,1.8396,
2002-03-15,1.8342,3.0188,1.8733,
2002-03-18,1.9995,3.0232,2.0320,
2002-03-19,2.0358,2.9442,2.0631,
2002-03-20,2.0388,3.0009,2.0695,
2002-03-21,1.8154,2.9508,1.8521,
2002-03-22,1.7998,2.9468,1.8374,
2002-03-25,1.7290,2.9166,1.7680,
2002-03-26,1.7751,2.9052,1.8117,
2002-03-27,1.6194,3.0714,1.6702,
2002-03-28,1.7270,3.0536,1.7723,
2002-03-29,1.7682,2.8551,1.8043,
2002-04-01,1.8247,2.7433,1.8527,
2002-04-02,1.9022,2.7048,1.9184,
2002-04-03,1.8123,2.9179,1.8505,
2002-04-04,1.7538,2.7323,1.7857,
2002-04-05,1.5875,3.2699,1.6505,
2002-04-08,1.7659,2.7346,1.7976,
2002-04-09,1.7332,2.7982,1.7695,
2002-04-10,1.8074,2.7158,1.8366,
2002-04-11,1.8047,2.6737,1.8315,
2002-04-12,1.8951,2.6736,1.9187,
2002-04-15,1.8524,2.6374,1.8759,
2002-04-16,1.8914,2.5653,1.9101,
2002-04-17,1.8280,2.6181,1.8497,
2002-04-18,1.8720,2.5275,1.8873,
2002-04-19,1.9552,2.5800,1.9725,
2002-04-22,1.8331,2.5865,1.8555,
2002-04-23,1.8618,2.5637,1.8790,
2002-04-24,1.8231,2.6050,1.8479,
2002-04-25,1.7812,2.5478,1.8047,
2002-04-26,4.8938,1.9775,4.7610,
2002-04-27,1.8101,2.6304,1.8373,
2002-04-28,0.9323,3.5186,1.0336,
2002-04-29,1.7798,2.5363,1.8033,
2002-04-30,1.8773,2.5022,1.8951,
2002-05-08,1.8365,2.5363,1.8578,
2002-05-09,1.7951,2.5192,1.8169,
2002-05-10,1.9522,2.4972,1.9562,
2002-05-13,1.7963,2.5072,1.8178,
2002-05-14,1.8223,2.5447,1.8449,
2002-05-15,1.8010,2.5035,1.8223,
2002-05-16,1.8215,2.4959,1.8408,
2002-05-17,1.8339,2.5423,1.8563,
2002-05-20,1.7800,2.4837,1.8014,
2002-05-21,1.8227,2.4961,1.8405,
2002-05-22,1.8292,2.5476,1.8517,
2002-05-23,1.8947,2.5547,1.9163,
2002-05-24,1.8811,2.4983,1.9001,
2002-05-27,1.7825,2.4462,1.8039,
2002-05-28,1.7837,2.4178,1.8038,
2002-05-29,1.7874,2.4199,1.8077,
2002-05-30,1.7913,2.3924,1.8098,
2002-05-31,1.7988,2.3810,1.8167,
2002-06-03,1.8246,2.3353,1.8390,
2002-06-04,1.5034,2.7385,1.5451,
2002-06-05,1.4740,2.8028,1.5197,
2002-06-06,1.7640,2.4016,1.7835,
2002-06-07,1.6186,2.6786,1.6529,
2002-06-10,1.8052,2.4376,1.8246,
2002-06-11,1.7923,2.4831,1.8138,
2002-06-12,1.8122,2.4339,1.8313,
2002-06-13,1.7999,2.4341,1.8193,
2002-06-14,1.7559,2.4564,1.7777,
2002-06-17,1.7662,2.4467,1.7872,
2002-06-18,1.8411,2.3741,1.8568,
2002-06-19,1.7447,2.4818,1.7679,
2002-06-20,1.7609,2.4517,1.7822,
2002-06-21,1.7477,2.4606,1.7699,
2002-06-24,1.7473,2.4936,1.7708,
2002-06-25,1.5364,2.7081,1.5745,
2002-06-26,1.6978,2.6982,1.7303,
2002-06-27,1.7536,2.5912,1.7804,
2002-06-28,1.7038,2.5798,1.7316,
2002-07-01,1.7444,2.5719,1.7709,
2002-07-02,1.7625,2.5258,1.7867,
2002-07-03,1.7268,2.6252,1.7558,
2002-07-04,1.7258,2.5196,1.7509,
2002-07-05,1.6371,2.6093,1.6682,
2002-07-08,1.6771,2.5264,1.7039,
2002-07-09,1.7137,2.5154,1.7388,
2002-07-10,1.6236,2.5941,1.6547,
2002-07-11,1.6783,2.5707,1.7068,
2002-07-12,1.8258,2.5536,1.8487,
2002-07-15,1.4546,2.8396,1.5004,
2002-07-16,1.6329,2.7022,1.6680,
2002-07-17,1.7199,2.7554,1.7541,
2002-07-18,1.8308,2.7564,1.8614,
2002-07-19,1.6570,2.9312,1.6998,
2002-07-22,1.6166,2.9691,1.6623,
2002-07-23,1.5429,2.8758,1.5876,
2002-07-24,1.5578,2.9785,1.6058,
2002-07-25,1.7316,2.7816,1.7666,
2002-07-26,1.6122,2.8931,1.6549,
2002-07-29,1.7298,2.7962,1.7653,
2002-07-30,1.7532,2.8115,1.7880,
2002-07-31,1.6632,2.8690,1.7029,
2002-08-01,1.6493,2.9805,1.6942,
2002-08-02,1.7169,3.0287,1.7605,
2002-08-05,1.6722,3.0054,1.7161,
2002-08-06,1.6779,2.9415,1.7190,
2002-08-07,1.6751,2.9900,1.7182,
2002-08-08,1.7613,2.8753,1.7980,
2002-08-09,1.5581,3.1741,1.6129,
2002-08-12,1.6731,3.0804,1.7208,
2002-08-13,1.7426,2.9737,1.7843,
2002-08-14,1.7081,3.0038,1.7522,
2002-08-15,1.7271,2.9880,1.7683,
2002-08-16,1.5121,3.3451,1.5743,
2002-08-19,1.4666,3.3411,1.5302,
2002-08-20,1.4404,3.3896,1.5067,
2002-08-21,1.4850,3.3991,1.5506,
2002-08-22,1.8728,2.8007,1.9023,
2002-08-26,1.5197,3.3751,1.5828,
2002-08-27,1.5888,3.3321,1.6482,
2002-08-28,1.6761,3.3262,1.7319,
2002-08-29,1.7465,3.0539,1.7900,
2002-08-30,1.6761,3.0595,1.7220,
2002-09-02,1.6226,3.1491,1.6739,
2002-09-03,1.7752,2.8736,1.8118,
2002-09-04,1.7718,2.9627,1.8120,
2002-09-05,1.5574,3.5311,1.6267,
2002-09-06,1.5902,3.4072,1.6536,
2002-09-09,1.4823,3.4970,1.5524,
2002-09-10,1.2160,3.3954,1.2919,
2002-09-11,1.7908,2.9574,1.8304,
2002-09-12,1.8546,3.0011,1.8936,
2002-09-13,1.3724,3.5097,1.4470,
2002-09-16,1.6426,3.1667,1.6943,
2002-09-17,1.6681,3.2284,1.7211,
2002-09-18,1.8642,2.9506,1.9005,
2002-09-19,1.4969,3.2036,1.5548,
2002-09-20,1.8194,3.2078,1.8666,
2002-09-23,1.9495,3.0333,1.9858,
2002-09-24,1.9030,3.0304,1.9416,
2002-09-25,1.8662,3.2877,1.9157,
2002-09-26,1.7565,2.9575,1.7964,
2002-09-27,1.8650,3.1266,1.9072,
2002-09-28,2.0064,2.9491,2.0376,
2002-09-29,1.7748,3.3758,1.8297,
2002-09-30,1.4382,3.1397,1.4965,
2002-10-08,1.9151,3.1328,1.9560,
2002-10-09,1.9202,3.1919,1.9633,
2002-10-10,1.8725,3.0882,1.9135,
2002-10-11,1.8887,3.1010,1.9296,
2002-10-14,1.9009,3.0843,1.9408,
2002-10-15,1.8515,3.0876,1.8932,
2002-10-16,1.8645,3.0828,1.9055,
2002-10-17,1.6934,3.0918,1.7407,
2002-10-18,1.9448,2.9690,1.9799,
2002-10-21,1.8828,3.1401,1.9259,
2002-10-22,1.9172,3.1594,1.9599,
2002-10-23,1.9289,3.0967,1.9689,
2002-10-24,2.0033,2.9092,2.0338,
2002-10-25,1.9771,3.0202,2.0126,
2002-10-28,2.1175,2.8949,2.1436,
2002-10-29,2.0299,3.1323,2.0683,
2002-10-30,1.9221,3.1979,1.9663,
2002-10-31,1.9184,2.9978,1.9541,
2002-11-01,1.8724,3.2675,1.9202,
2002-11-04,2.1171,3.2400,2.1553,
2002-11-05,1.8564,3.3014,1.9059,
2002-11-06,1.8250,3.3012,1.8755,
2002-11-07,1.8149,3.3167,1.8664,
2002-11-08,1.3455,3.3773,1.4157,
2002-11-11,1.8078,3.2947,1.8588,
2002-11-12,1.8092,3.2886,1.8599,
2002-11-13,1.8163,3.3020,1.8673,
2002-11-14,1.8216,3.3067,1.8726,
2002-11-15,1.8294,3.2957,1.8797,
2002-11-18,1.8116,3.2822,1.8616,
2002-11-19,1.4540,3.2926,1.5168,
2002-11-20,1.8247,3.2619,1.8735,
2002-11-21,1.7580,3.2960,1.8117,
2002-11-22,1.7355,3.2490,1.7881,
2002-11-25,1.7260,3.2596,1.7796,
2002-11-26,1.6805,3.2682,1.7361,
2002-11-27,1.7118,3.2826,1.7668,
2002-11-28,1.7177,3.3000,1.7732,
2002-11-29,1.4358,3.5248,1.5097,
2002-12-02,1.7702,3.3229,1.8244,
2002-12-03,1.7626,3.3357,1.8180,
2002-12-04,1.7645,3.3227,1.8193,
2002-12-05,1.7202,3.2596,1.7740,
2002-12-06,1.7460,3.3433,1.8022,
2002-12-09,1.6526,3.3361,1.7119,
2002-12-10,1.7519,3.1527,1.8001,
2002-12-11,1.6916,3.1962,1.7439,
2002-12-12,1.7362,3.3755,1.7941,
2002-12-13,2.1455,3.2664,2.1849,
2002-12-16,1.7293,3.3202,1.7853,
2002-12-17,1.6815,3.3332,1.7397,
2002-12-18,1.7309,2.9758,1.7737,
2002-12-19,1.7504,3.1929,1.8007,
2002-12-20,1.7530,3.1941,1.8011,
2002-12-23,1.7187,3.2778,1.7712,
2002-12-24,2.1796,2.8596,2.2002,
2002-12-25,1.5914,3.1451,1.6449,
2002-12-26,2.1164,3.2320,2.1559,
2002-12-27,1.4613,3.5878,1.5364,
2002-12-30,1.8724,3.4611,1.9265,
2002-12-31,1.9711,3.1776,2.0128,
2003-01-02,1.5555,3.0781,1.6080,
2003-01-03,1.6265,3.1402,1.6768,
2003-01-06,1.5572,3.2379,1.6157,
2003-01-07,1.9912,3.1941,2.0329,
2003-01-08,1.6593,3.1692,1.7098,
2003-01-09,1.6602,3.3369,1.7172,
2003-01-10,1.5756,3.1219,1.6271,
2003-01-13,1.5762,3.0967,1.6268,
2003-01-14,1.5521,3.1497,1.6055,
2003-01-15,1.5037,3.1259,1.5579,
2003-01-16,1.5026,3.2081,1.5601,
2003-01-17,1.4249,3.2389,1.4862,
2003-01-20,1.6185,3.1604,1.6701,
2003-01-21,1.4661,3.2106,1.5251,
2003-01-22,1.4452,3.0718,1.4994,
2003-01-23,1.4399,3.0720,1.4944,
2003-01-24,2.0806,3.0137,2.1105,
2003-01-27,1.6415,3.0528,1.6883,
2003-01-28,1.4184,3.0326,1.4741,
2003-01-29,1.3931,3.1265,1.4534,
2003-01-30,1.9755,3.0535,2.0127,
2003-01-31,2.0063,3.0984,2.0443,
2003-02-08,1.2753,3.1389,1.3403,
2003-02-09,1.2465,3.3187,1.3170,
2003-02-10,1.4067,3.1675,1.4671,
2003-02-11,2.0328,3.0664,2.0664,
2003-02-12,1.2156,3.1915,1.2847,
2003-02-13,1.2005,3.1980,1.2704,
2003-02-14,1.1436,3.2047,1.2157,
2003-02-17,1.9223,3.1263,1.9621,
2003-02-18,1.0911,3.2831,1.1682,
2003-02-19,1.1857,3.2237,1.2572,
2003-02-20,1.0992,3.1959,1.1726,
2003-02-21,1.1474,3.1681,1.2181,
2003-02-24,2.0604,2.9318,2.0878,
2003-02-25,1.0283,3.4377,1.1114,
2003-02-26,1.0837,3.2151,1.1582,
2003-02-27,1.0730,3.2240,1.1485,
2003-02-28,1.0804,3.1225,1.1515,
2003-03-03,1.9201,2.9806,1.9543,
2003-03-04,1.0135,3.1687,1.0867,
2003-03-05,2.0707,2.9242,2.0974,
2003-03-06,2.0166,3.0171,2.0511,
2003-03-07,0.9510,3.2311,1.0310,
2003-03-10,1.9631,2.9959,1.9984,
2003-03-11,2.1297,2.9064,2.1558,
2003-03-12,1.0367,3.2010,1.1103,
2003-03-13,1.8740,3.4914,1.9295,
2003-03-14,1.9612,3.0836,1.9979,
2003-03-17,0.8704,3.1414,0.9474,
2003-03-18,1.6162,3.0897,1.6655,
2003-03-19,1.4079,3.1057,1.4660,
2003-03-20,0.9015,3.1698,0.9765,
2003-03-21,2.1730,2.8760,2.1922,
2003-03-24,1.3337,3.1577,1.3960,
2003-03-25,1.3790,3.1115,1.4394,
2003-03-26,2.0336,2.8754,2.0599,
2003-03-27,0.6522,3.2573,0.7437,
2003-03-28,2.0238,3.0180,2.0567,
2003-03-31,1.9567,2.9228,1.9881,
2003-04-01,2.0843,2.8838,2.1070,
2003-04-02,2.0087,2.9212,2.0385,
2003-04-03,1.9868,2.9597,2.0187,
2003-04-04,2.0674,2.9595,2.0964,
2003-04-07,1.9583,2.9189,1.9896,
2003-04-08,1.9765,2.7718,2.0013,
2003-04-09,1.9017,2.9295,1.9367,
2003-04-10,1.8580,3.3455,1.9107,
2003-04-11,2.0922,3.0019,2.1234,
2003-04-14,0.2467,3.3415,0.3556,
2003-04-15,1.9668,2.8954,1.9985,
2003-04-16,1.9148,2.9654,1.9508,
2003-04-17,1.9328,3.3637,1.9812,
2003-04-18,2.0183,2.9659,2.0499,
2003-04-21,2.0328,2.8122,2.0582,
2003-04-22,0.0258,3.3122,0.1407,
2003-04-23,1.9255,2.8198,1.9538,
2003-04-24,1.5712,3.4933,1.6377,
2003-04-25,2.0702,2.8707,2.0937,
2003-04-28,2.1421,2.9733,2.1672,
2003-04-29,2.1275,2.8340,2.1478,
2003-05-06,1.9769,2.7789,2.0021,
2003-05-07,1.9764,2.8652,2.0048,
2003-05-08,1.9454,2.8743,1.9752,
2003-05-09,2.0185,2.7416,2.0398,
2003-05-12,2.0090,2.7021,2.0289,
2003-05-13,1.9297,2.9153,1.9617,
2003-05-14,2.0199,2.8497,2.0462,
2003-05-15,2.0122,2.8648,2.0394,
2003-05-16,2.0436,2.6620,2.0595,
2003-05-19,1.9266,2.8939,1.9580,
2003-05-20,1.8497,2.8340,1.8829,
2003-05-21,1.9248,2.8850,1.9574,
2003-05-22,1.9205,2.9155,1.9545,
2003-05-23,1.9800,2.7987,2.0056,
2003-05-26,1.9418,2.8539,1.9714,
2003-05-27,1.9764,2.8527,2.0048,
2003-05-28,1.8640,2.8799,1.8986,
2003-05-29,1.9516,2.8693,1.9796,
2003-05-30,1.9537,2.8717,1.9825,
2003-06-02,1.8965,2.8461,1.9287,
2003-06-03,2.0400,2.7828,2.0651,
2003-06-04,1.9534,2.8751,1.9847,
2003-06-05,1.9538,2.8853,1.9855,
2003-06-06,1.8992,2.9811,1.9365,
2003-06-09,2.0140,2.8948,2.0428,
2003-06-10,2.8402,2.8086,2.8366,
2003-06-11,2.1652,2.7466,2.1828,
2003-06-12,2.0525,2.8471,2.0780,
2003-06-13,2.1142,2.9415,2.1412,
2003-06-16,2.0292,2.9529,2.0596,
2003-06-17,2.0618,2.9917,2.0927,
2003-06-18,2.0206,2.8482,2.0471,
2003-06-20,2.0696,2.9221,2.0965,
2003-06-23,2.1079,3.0084,2.1369,
2003-06-24,2.0792,2.9306,2.1061,
2003-06-25,2.0818,2.8583,2.1056,
2003-06-26,2.5788,2.8538,2.5852,
2003-06-27,2.0952,3.0098,2.1244,
2003-06-30,1.9367,3.0821,1.9735,
2003-07-01,1.9812,2.9856,2.0145,
2003-07-02,2.1215,2.9407,2.1482,
2003-07-03,2.0589,3.2163,2.0984,
2003-07-04,2.1276,2.9671,2.1551,
2003-07-07,2.1754,2.8642,2.1975,
2003-07-08,2.0620,2.9663,2.0918,
2003-07-09,2.0214,3.1218,2.0584,
2003-07-10,2.0929,3.0194,2.1238,
2003-07-11,2.0345,2.9361,2.0641,
2003-07-14,2.4021,2.9337,2.4187,
2003-07-15,2.3847,2.9050,2.4007,
2003-07-16,2.4376,2.8744,2.4506,
2003-07-17,2.3862,2.9423,2.4037,
2003-07-18,2.3887,2.9065,2.4047,
2003-07-21,2.4045,2.9592,2.4220,
2003-07-22,2.3798,2.8903,2.3954,
2003-07-23,2.2646,2.8749,2.2849,
2003-07-24,2.2190,2.9626,2.2443,
2003-07-25,2.2471,2.9083,2.2696,
2003-07-28,2.2836,2.9299,2.3055,
2003-07-29,2.2684,2.8954,2.2897,
2003-07-30,2.2503,2.9350,2.2736,
2003-07-31,2.2426,2.9294,2.2659,
2003-08-01,2.2602,2.9460,2.2839,
2003-08-04,2.0508,2.9823,2.0854,
2003-08-05,2.2452,2.9060,2.2676,
2003-08-06,2.2589,2.9110,2.2809,
2003-08-07,2.2512,2.9750,2.2761,
2003-08-11,2.4111,2.9402,2.4275,
2003-08-12,2.5143,2.9035,2.5250,
2003-08-13,2.4478,2.8305,2.4579,
2003-08-14,2.4510,2.8604,2.4622,
2003-08-19,2.5184,2.8873,2.5283,
2003-08-20,2.4703,2.8358,2.4798,
2003-08-21,2.5337,2.8580,2.5419,
2003-08-22,2.5176,2.8825,2.5273,
2003-08-25,2.5084,2.8483,2.5171,
2003-08-26,2.4888,2.8856,2.4997,
2003-08-27,2.6148,2.8531,2.6200,
2003-08-28,2.6182,2.9125,2.6257,
2003-08-29,2.5440,2.8310,2.5507,
2003-09-01,2.5417,2.8366,2.5487,
2003-09-02,2.5680,2.9039,2.5768,
2003-09-03,2.5419,2.8351,2.5489,
2003-09-04,2.5625,2.9013,2.5715,
2003-09-05,2.5538,2.9126,2.5635,
2003-09-08,2.5196,3.0028,2.5339,
2003-09-09,2.5926,2.9273,2.6015,
2003-09-10,2.5958,2.8804,2.6027,
2003-09-11,2.5975,2.9241,2.6061,
2003-09-12,2.6020,2.9758,2.6125,
2003-09-15,2.3540,2.7846,2.3654,
2003-09-16,2.6301,2.9086,2.6370,
2003-09-17,2.6971,3.0240,2.7062,
2003-09-18,2.6270,3.0180,2.6383,
2003-09-19,2.8175,3.0789,2.8246,
2003-09-22,2.5461,3.1364,2.5645,
2003-09-23,2.4029,3.3278,2.4362,
2003-09-24,2.4908,3.1280,2.5137,
2003-09-25,2.6469,3.2146,2.6679,
2003-09-26,2.5036,3.0704,2.5237,
2003-09-27,2.4561,3.3612,2.4894,
2003-09-28,2.5706,3.1061,2.5899,
2003-09-29,2.1775,3.5568,2.2278,
2003-09-30,2.2142,3.2369,2.2509,
2003-10-08,2.2293,3.2024,2.2640,
2003-10-09,2.4375,3.0988,2.4609,
2003-10-10,2.7156,3.1277,2.7306,
2003-10-13,2.7972,3.4612,2.8226,
2003-10-14,2.4970,3.4475,2.5319,
2003-10-15,2.4109,3.2226,2.4399,
2003-10-16,2.3534,3.3946,2.3911,
2003-10-17,2.6178,3.3422,2.6445,
2003-10-20,2.5754,3.4005,2.6053,
2003-10-21,2.2693,3.1024,2.2986,
2003-10-22,2.3760,3.2566,2.4077,
2003-10-23,2.4074,3.5915,2.4510,
2003-10-24,2.0098,3.9011,2.0790,
2003-10-27,2.7880,3.1761,2.8027,
2003-10-28,2.5592,3.4101,2.5910,
2003-10-29,2.5099,3.4410,2.5444,
2003-10-30,2.3033,3.4781,2.3462,
2003-10-31,2.6605,3.3235,2.6852,
2003-11-03,2.6624,3.3150,2.6867,
2003-11-04,2.7034,3.2792,2.7249,
2003-11-05,2.5529,3.2197,2.5772,
2003-11-06,2.4870,3.2523,2.5149,
2003-11-07,2.3704,3.4230,2.4026,
2003-11-10,2.4893,3.5310,2.5208,
2003-11-11,2.4886,3.7020,2.5266,
2003-11-12,2.4848,3.2513,2.5061,
2003-11-13,2.4327,3.6270,2.4698,
2003-11-14,2.5524,3.6561,2.5866,
2003-11-17,2.4233,3.5571,2.4579,
2003-11-18,2.3175,3.7474,2.3631,
2003-11-19,2.2862,3.7764,2.3341,
2003-11-20,2.2401,3.7358,2.2880,
2003-11-21,2.1414,3.7608,2.1937,
2003-11-24,2.0992,3.7557,2.1598,
2003-11-25,2.4179,3.7882,2.4623,
2003-11-26,2.0432,3.9439,2.1065,
2003-11-28,1.7931,3.9330,1.8642,
2003-12-01,2.0705,3.8123,2.1273,
2003-12-02,1.9813,3.9896,2.0481,
2003-12-03,2.0659,3.8603,2.1248,
2003-12-04,2.1389,3.9480,2.2057,
2003-12-05,2.2224,3.5479,2.2630,
2003-12-08,2.0707,3.8465,2.1282,
2003-12-09,2.3625,3.7795,2.4073,
2003-12-10,2.1430,3.8946,2.1999,
2003-12-11,2.1926,3.6811,2.2392,
2003-12-12,2.1609,3.8544,2.2155,
2003-12-15,2.1431,3.8466,2.1981,
2003-12-16,1.8732,3.7200,1.9320,
2003-12-17,1.9980,3.8502,2.0577,
2003-12-18,2.0413,3.6396,2.0911,
2003-12-19,2.1770,3.7960,2.2284,
2003-12-22,2.3385,3.7390,2.3821,
2003-12-23,2.3056,3.6918,2.3486,
2003-12-24,2.1515,3.7619,2.2106,
2003-12-25,2.1456,3.9065,2.2093,
2003-12-26,2.1964,3.7904,2.2540,
2003-12-29,2.1225,3.8508,2.1844,
2003-12-30,2.0357,3.7711,2.0982,
2003-12-31,1.8278,3.3602,1.8794,
2004-01-02,1.8299,3.1524,1.8692,
2004-01-05,2.0933,3.8984,2.1597,
2004-01-06,2.0796,4.2513,2.1594,
2004-01-07,2.1991,3.7457,2.2478,
2004-01-08,2.1636,3.8526,2.2178,
2004-01-09,3.0975,3.8937,3.1211,
2004-01-12,2.1214,3.7339,2.1723,
2004-01-13,2.1144,3.9283,2.1815,
2004-01-14,2.3815,3.6318,2.4193,
2004-01-15,2.1063,3.7471,2.1583,
2004-01-16,2.3484,3.7248,2.3911,
2004-01-17,2.2945,3.7942,2.3419,
2004-01-18,2.1302,3.8658,2.1859,
2004-01-19,2.2646,3.7103,2.3097,
2004-01-20,2.1274,3.7857,2.1802,
2004-01-21,2.2899,3.7512,2.3356,
2004-01-29,2.2575,3.7954,2.3061,
2004-01-30,2.2121,3.8706,2.2652,
2004-02-02,2.2389,3.8742,2.2912,
2004-02-03,2.2877,3.8597,2.3379,
2004-02-04,2.3555,3.9247,2.4058,
2004-02-05,2.1422,3.8131,2.1955,
2004-02-06,1.9718,3.9176,2.0434,
2004-02-09,2.3009,3.8086,2.3485,
2004-02-10,2.3259,3.8094,2.3727,
2004-02-11,2.0462,3.6915,2.0982,
2004-02-12,2.4012,3.8403,2.4467,
2004-02-13,2.3287,3.8469,2.3769,
2004-02-16,1.9777,3.7942,2.0360,
2004-02-17,2.3222,3.8259,2.3698,
2004-02-18,2.3453,3.8753,2.3940,
2004-02-19,2.3332,3.8225,2.3803,
2004-02-20,2.0126,3.8289,2.0709,
2004-02-23,2.3575,3.8481,2.4047,
2004-02-24,2.3705,3.7621,2.4138,
2004-02-25,2.3377,3.8337,2.3850,
2004-02-26,2.3290,3.7724,2.3742,
2004-02-27,2.2584,3.8105,2.3161,
2004-03-01,2.2957,3.8553,2.3453,
2004-03-02,2.3596,3.9244,2.4097,
2004-03-03,2.2970,3.9102,2.3487,
2004-03-04,2.3607,3.7857,2.4054,
2004-03-05,2.3288,3.8959,2.3780,
2004-03-08,2.3458,3.7271,2.3887,
2004-03-09,2.3245,3.8364,2.3780,
2004-03-10,2.3163,3.8651,2.3740,
2004-03-11,2.3299,3.8973,2.3800,
2004-03-12,2.3417,3.9098,2.3919,
2004-03-15,2.2746,3.8422,2.3244,
2004-03-16,2.2043,3.7146,2.2516,
2004-03-17,2.0802,3.8129,2.1356,
2004-03-18,2.1273,3.8639,2.1873,
2004-03-19,2.4599,4.0840,2.5130,
2004-03-22,2.5102,3.8717,2.5531,
2004-03-23,2.4253,3.8858,2.4716,
2004-03-24,2.5792,3.9508,2.6228,
2004-03-25,2.4136,3.9207,2.4618,
2004-03-26,2.4707,3.8891,2.5157,
2004-03-29,2.4467,3.9486,2.4948,
2004-03-30,2.2805,3.9180,2.3331,
2004-03-31,2.2342,3.9169,2.2884,
2004-04-01,2.3981,3.9984,2.4499,
2004-04-05,2.3653,3.9144,2.4149,
2004-04-06,2.2503,3.9210,2.3041,
2004-04-07,2.5183,4.0357,2.5674,
2004-04-08,2.4753,3.9325,2.5217,
2004-04-09,2.3805,3.8125,2.4256,
2004-04-12,2.3987,4.2585,2.4693,
2004-04-13,2.4901,4.0871,2.5460,
2004-04-14,2.5928,4.0197,2.6387,
2004-04-15,2.4964,4.0298,2.5459,
2004-04-16,2.8379,4.1717,2.8802,
2004-04-19,2.6809,4.3781,2.7361,
2004-04-20,2.4833,4.3421,2.5435,
2004-04-21,2.4522,4.4034,2.5160,
2004-04-22,2.4763,4.3105,2.5355,
2004-04-23,2.2734,4.3191,2.3400,
2004-04-26,2.6303,4.2202,2.6807,
2004-04-27,2.5340,4.1195,2.5838,
2004-04-28,2.5441,4.1827,2.5960,
2004-04-29,2.4788,4.7672,2.5541,
2004-04-30,2.6875,4.2841,2.7376,
2004-05-08,2.6747,4.1570,2.7189,
2004-05-09,2.6130,4.0967,2.6570,
2004-05-10,2.5443,4.4457,2.6042,
2004-05-11,2.6104,4.4969,2.6702,
2004-05-12,2.6553,4.4111,2.7103,
2004-05-13,2.7770,4.3940,2.8271,
2004-05-14,2.5371,4.2026,2.5879,
2004-05-17,2.4991,4.0394,2.5447,
2004-05-18,2.4734,4.0367,2.5197,
2004-05-19,2.7330,4.1587,2.7753,
2004-05-20,2.7613,4.5566,2.8185,
2004-05-21,2.9082,4.4170,2.9547,
2004-05-24,2.9352,4.3252,2.9778,
2004-05-25,2.5133,4.0558,2.5596,
2004-05-26,2.7413,4.2675,2.7883,
2004-05-27,2.8579,4.4654,2.9087,
2004-05-28,2.7869,4.2909,2.8332,
2004-05-31,2.8860,4.6123,2.9418,
2004-06-01,2.7091,4.2120,2.7550,
2004-06-02,2.6705,4.1946,2.7170,
2004-06-03,2.6837,4.1249,2.7389,
2004-06-04,2.6092,4.1287,2.6671,
2004-06-07,2.8232,4.2625,2.8672,
2004-06-08,2.7530,4.3123,2.8014,
2004-06-09,2.9146,4.4238,2.9618,
2004-06-10,2.8868,4.4352,2.9354,
2004-06-11,2.9077,4.4333,2.9554,
2004-06-14,3.0657,4.6821,3.1180,
2004-06-15,2.7205,4.4172,2.7739,
2004-06-16,2.9325,4.5856,2.9854,
2004-06-17,2.6358,4.4614,2.6941,
2004-06-18,2.7461,4.2855,2.7936,
2004-06-21,2.8683,4.2874,2.9116,
2004-06-22,2.9610,4.2854,3.0010,
2004-06-23,2.7279,4.1158,2.7692,
2004-06-24,2.7571,4.1205,2.7976,
2004-06-25,2.7730,4.1599,2.8145,
2004-06-28,3.0675,4.4138,3.1090,
2004-06-29,2.7834,4.2664,2.8287,
2004-06-30,2.9654,4.3480,3.0078,
2004-07-01,2.9278,4.4671,2.9763,
2004-07-02,3.1753,4.5468,3.2183,
2004-07-05,2.6357,4.4168,2.6922,
2004-07-06,2.9212,4.4557,2.9691,
2004-07-07,2.9806,4.6316,3.0336,
2004-07-08,2.8619,4.6531,2.9198,
2004-07-09,2.8941,4.4895,2.9443,
2004-07-12,2.9995,4.6172,3.0512,
2004-07-13,2.8777,4.8227,2.9416,
2004-07-14,2.8629,5.0474,2.9364,
2004-07-15,2.9567,4.9666,3.0268,
2004-07-16,2.8643,4.6250,2.9238,
2004-07-19,2.8907,4.6158,2.9461,
2004-07-20,2.9563,4.6903,3.0123,
2004-07-21,3.0283,4.6153,3.0790,
2004-07-22,2.9789,4.5430,3.0287,
2004-07-23,2.8283,4.9046,2.8970,
2004-07-26,3.0238,4.7049,3.0781,
2004-07-27,2.9290,4.7444,2.9881,
2004-07-28,2.8494,4.5839,2.9048,
2004-07-29,2.8506,4.5844,2.9060,
2004-07-30,2.5423,4.6018,2.6092,
2004-08-02,2.4784,4.5823,2.5466,
2004-08-03,2.8774,4.6329,2.9339,
2004-08-04,2.7765,4.9229,2.8481,
2004-08-05,2.7186,4.4481,2.7731,
2004-08-06,2.6223,4.4800,2.6814,
2004-08-09,2.9049,4.6375,2.9607,
2004-08-10,2.8006,4.6546,2.8607,
2004-08-11,2.8001,4.9325,2.8714,
2004-08-12,2.8767,4.7544,2.9382,
2004-08-13,2.8653,4.7084,2.9253,
2004-08-16,2.9877,4.7610,3.0455,
2004-08-17,9.3742,4.8876,9.1876,
2004-08-18,2.2754,4.9165,2.3643,
2004-08-19,2.8262,4.9514,2.8972,
2004-08-20,2.8143,4.9654,2.8862,
2004-08-23,2.9337,4.8886,2.9985,
2004-08-24,2.9150,4.9250,2.9819,
2004-08-25,2.8028,5.0239,2.8775,
2004-08-26,2.7374,5.0648,2.8282,
2004-08-27,2.7205,5.1082,2.8142,
2004-08-30,2.9707,4.9779,3.0377,
2004-08-31,2.7620,5.1676,2.8563,
2004-09-01,3.0418,5.0037,3.1074,
2004-09-02,2.7187,5.0886,2.7988,
2004-09-03,2.9488,5.1487,3.0248,
2004-09-06,2.8318,5.1459,2.9102,
2004-09-07,2.7788,5.1358,2.8664,
2004-09-08,2.9150,5.1422,2.9903,
2004-09-09,2.8298,5.1501,2.9084,
2004-09-10,2.6877,5.3727,2.7928,
2004-09-13,2.9768,5.2062,3.0525,
2004-09-14,2.8166,5.2588,2.9000,
2004-09-15,2.7645,5.2149,2.8480,
2004-09-16,2.8782,5.1743,2.9561,
2004-09-17,2.8227,5.1718,2.9025,
2004-09-20,2.7394,5.2687,2.8341,
2004-09-21,2.8715,5.0207,2.9437,
2004-09-22,2.6293,5.2731,2.7327,
2004-09-23,2.8084,5.1776,2.8888,
2004-09-24,2.7858,5.1429,2.8657,
2004-09-27,2.4929,5.1556,2.5834,
2004-09-28,2.6178,5.1374,2.7033,
2004-09-29,2.6162,5.1657,2.7028,
2004-09-30,2.7135,5.1266,2.7951,
2004-10-08,2.6142,5.3191,2.7173,
2004-10-09,2.8258,5.1327,2.9038,
2004-10-10,2.8871,5.1260,2.9627,
2004-10-11,2.8136,5.0682,2.8895,
2004-10-12,2.7105,5.0575,2.7897,
2004-10-13,2.7602,4.9650,2.8339,
2004-10-14,2.7433,4.9812,2.8187,
2004-10-15,2.7242,5.0177,2.8017,
2004-10-18,2.6733,4.9760,2.7514,
2004-10-19,2.8203,5.0155,2.8949,
2004-10-20,2.7936,4.9828,2.8678,
2004-10-21,2.6558,4.9709,2.7343,
2004-10-22,2.6892,5.0224,2.7686,
2004-10-25,2.7880,4.9166,2.8599,
2004-10-26,2.8779,4.9979,2.9501,
2004-10-27,2.7461,4.9144,2.8193,
2004-10-28,2.7013,5.1274,2.7842,
2004-10-29,3.0929,4.8246,3.1504,
2004-11-01,2.9944,5.0730,3.0647,
2004-11-02,2.9071,5.1175,2.9820,
2004-11-03,2.7756,5.1649,2.8572,
2004-11-04,2.7973,5.1333,2.8769,
2004-11-05,2.8084,5.1609,2.8887,
2004-11-08,2.8659,5.1915,2.9455,
2004-11-09,2.8456,5.1584,2.9246,
2004-11-10,2.1553,5.1843,2.2592,
2004-11-11,2.7482,5.2714,2.8349,
2004-11-12,2.7617,5.2956,2.8489,
2004-11-15,2.7678,5.2664,2.8536,
2004-11-16,2.7341,5.1902,2.8180,
2004-11-17,2.7012,5.2479,2.7886,
2004-11-18,2.7724,5.2584,2.8578,
2004-11-19,2.7627,5.2413,2.8477,
2004-11-22,2.8191,5.3590,2.9068,
2004-11-23,2.7287,5.3341,2.8185,
2004-11-24,2.7536,5.2740,2.8409,
2004-11-25,2.7131,5.3029,2.8029,
2004-11-26,2.6695,5.4071,2.7770,
2004-11-29,2.8265,5.3187,2.9130,
2004-11-30,2.7409,5.3419,2.8313,
2004-12-01,3.2726,5.2554,3.3409,
2004-12-02,2.7318,5.3109,2.8213,
2004-12-03,2.6797,5.3427,2.7722,
2004-12-06,2.6297,5.4127,2.7391,
2004-12-07,2.5706,5.3266,2.6662,
2004-12-08,2.5967,5.3685,2.6931,
2004-12-09,2.6526,5.2732,2.7433,
2004-12-10,2.1624,5.1744,2.2661,
2004-12-13,2.4943,5.2915,2.5912,
2004-12-14,2.4459,5.2528,2.5429,
2004-12-15,2.5539,5.2611,2.6475,
2004-12-16,2.5882,5.2419,2.6798,
2004-12-17,2.7442,5.2252,2.8297,
2004-12-20,2.7924,5.1804,2.8744,
2004-12-21,2.6618,5.3170,2.7661,
2004-12-22,2.5800,5.2851,2.6832,
2004-12-23,2.5880,5.3439,2.6934,
2004-12-24,2.5409,5.2720,2.6476,
2004-12-27,2.6457,5.2118,2.7340,
2004-12-28,2.9208,4.4611,2.9706,
2004-12-29,2.6418,4.7165,2.7108,
2004-12-30,2.6282,5.2506,2.7310,
2004-12-31,2.6828,4.7332,2.7634,
2005-01-04,2.8344,5.2221,2.9278,
2005-01-05,2.6501,5.0084,2.7300,
2005-01-06,2.5809,5.1707,2.6699,
2005-01-07,2.4542,5.1533,2.5469,
2005-01-10,2.5249,5.1988,2.6170,
2005-01-11,2.5186,5.1536,2.6091,
2005-01-12,2.5021,5.1645,2.5935,
2005-01-13,2.4273,5.2205,2.5236,
2005-01-14,2.4613,4.9943,2.5480,
2005-01-17,2.5232,4.9739,2.6076,
2005-01-18,2.4580,5.0648,2.5483,
2005-01-19,2.5157,5.0085,2.6018,
2005-01-20,2.6700,4.9256,2.7473,
2005-01-21,2.7362,4.9313,2.8115,
2005-01-24,2.5650,4.9654,2.6476,
2005-01-25,2.5503,5.0338,2.6362,
2005-01-26,2.6551,5.0081,2.7362,
2005-01-27,2.6293,4.9684,2.7099,
2005-01-28,2.4865,4.9038,2.5694,
2005-01-31,2.5800,4.8982,2.6595,
2005-02-01,2.5682,4.8877,2.6476,
2005-02-02,2.5351,4.9248,2.6186,
2005-02-03,2.6555,4.9044,2.7333,
2005-02-04,2.6573,4.9390,2.7366,
2005-02-05,2.7859,4.8112,2.8553,
2005-02-06,2.6678,4.8813,2.7441,
2005-02-07,2.6040,4.8789,2.6825,
2005-02-08,2.5613,4.8308,2.6393,
2005-02-16,2.6829,4.7565,2.7532,
2005-02-17,2.6098,4.8378,2.6865,
2005-02-18,2.6214,4.8342,2.6978,
2005-02-21,2.4628,4.8450,2.5452,
2005-02-22,2.6307,4.6593,2.6999,
2005-02-23,2.6542,4.7866,2.7380,
2005-02-24,2.6864,4.7130,2.7558,
2005-02-25,2.6520,4.6127,2.7190,
2005-02-28,2.4808,4.8334,2.5628,
2005-03-01,2.4437,4.7203,2.5221,
2005-03-02,2.4923,4.7212,2.5687,
2005-03-03,2.5943,4.6723,2.6650,
2005-03-04,2.4754,4.7638,2.5540,
2005-03-07,2.5346,4.7254,2.6101,
2005-03-08,2.2745,4.7335,2.3595,
2005-03-09,2.3501,4.6366,2.4282,
2005-03-10,2.2549,4.6433,2.3367,
2005-03-11,2.3170,4.6187,2.3958,
2005-03-14,2.2757,4.5979,2.3554,
2005-03-15,2.7627,4.5642,2.8240,
2005-03-16,2.9251,4.5725,2.9809,
2005-03-17,2.6650,4.4573,2.7257,
2005-03-18,2.6078,4.4315,2.6692,
2005-03-21,2.6129,4.4033,2.6728,
2005-03-22,2.6403,4.4321,2.7005,
2005-03-23,2.6989,4.5281,2.7608,
2005-03-24,2.7460,4.4631,2.8036,
2005-03-25,2.6872,4.4635,2.7468,
2005-03-28,2.6734,4.3783,2.7302,
2005-03-29,2.6165,4.3433,2.6741,
2005-03-30,2.6296,4.1636,2.6790,
2005-03-31,2.4392,4.1203,2.4934,
2005-04-01,2.6079,4.2679,2.6624,
2005-04-04,2.5418,4.1076,2.5920,
2005-04-05,2.5745,4.1051,2.6235,
2005-04-06,2.5588,4.1641,2.6108,
2005-04-07,2.3749,4.0798,2.4301,
2005-04-08,2.4781,4.0903,2.5303,
2005-04-11,2.5433,4.1600,2.5963,
2005-04-12,2.3495,4.0229,2.4039,
2005-04-13,2.3606,4.0652,2.4165,
2005-04-14,2.2274,4.0287,2.2866,
2005-04-15,2.3369,4.0379,2.3925,
2005-04-18,2.4257,3.9734,2.4754,
2005-04-19,2.6074,3.9847,2.6513,
2005-04-20,2.4286,4.0468,2.4813,
2005-04-21,2.3146,3.9981,2.3689,
2005-04-22,2.2514,4.0433,2.3095,
2005-04-25,2.2472,3.9550,2.3024,
2005-04-26,2.5987,4.0442,2.6461,
2005-04-27,2.5029,4.0537,2.5541,
2005-04-28,2.5699,4.0137,2.6172,
2005-04-29,2.4599,4.0665,2.5132,
2005-04-30,2.5377,4.0441,2.5875,
2005-05-08,2.4716,4.0045,2.5220,
2005-05-09,2.5164,4.0161,2.5657,
2005-05-10,2.4285,3.9652,2.4788,
2005-05-11,2.5267,3.9218,2.5718,
2005-05-12,2.4356,3.9595,2.4856,
2005-05-13,2.3852,3.8822,2.4342,
2005-05-16,2.3653,3.9832,2.4192,
2005-05-17,2.4273,3.9350,2.4773,
2005-05-18,2.4062,3.8757,2.4546,
2005-05-19,2.3952,3.8430,2.4428,
2005-05-20,2.3428,3.7997,2.3907,
2005-05-23,2.2110,3.6930,2.2592,
2005-05-24,2.1684,3.7293,2.2201,
2005-05-25,2.2831,3.6810,2.3289,
2005-05-26,2.1451,3.7374,2.1981,
2005-05-27,2.2323,3.7519,2.2826,
2005-05-30,2.2716,3.8097,2.3228,
2005-05-31,2.2645,3.8469,2.3175,
2005-06-01,2.1336,3.8036,2.1895,
2005-06-02,2.1617,3.7773,2.2155,
2005-06-03,2.1018,3.7774,2.1578,
2005-06-06,2.1274,3.7150,2.1799,
2005-06-07,2.1655,3.7696,2.2191,
2005-06-08,2.1652,3.7747,2.2190,
2005-06-09,1.9889,3.7642,2.0486,
2005-06-10,2.0164,3.7272,2.0736,
2005-06-13,1.9703,3.7023,2.0282,
2005-06-14,1.9511,3.7634,2.0122,
2005-06-15,2.0166,3.5681,2.0678,
2005-06-16,1.8357,3.4959,1.8903,
2005-06-17,2.1273,3.4813,2.1715,
2005-06-20,2.2675,3.5217,2.3084,
2005-06-21,1.8757,3.5434,1.9311,
2005-06-22,1.8832,3.5291,1.9379,
2005-06-23,2.5611,3.4210,2.5889,
2005-06-24,2.1691,3.5004,2.2137,
2005-06-27,2.0253,3.7683,2.0857,
2005-06-28,2.0379,3.6306,2.0922,
2005-06-29,1.9546,3.5861,2.0099,
2005-06-30,1.9315,3.6530,1.9904,
2005-07-01,2.0107,3.5783,2.0638,
2005-07-04,1.8849,3.5905,1.9429,
2005-07-05,1.8705,3.5329,1.9268,
2005-07-06,1.8974,3.5360,1.9529,
2005-07-07,1.9119,3.3891,1.9612,
2005-07-08,1.8599,3.3102,1.9078,
2005-07-11,1.9058,3.3298,1.9529,
2005-07-12,1.8867,3.2836,1.9326,
2005-07-13,1.8287,3.2273,1.8744,
2005-07-14,1.9448,3.2041,1.9858,
2005-07-15,1.3831,3.2849,1.4478,
2005-07-18,1.3784,3.3014,1.4437,
2005-07-19,1.4189,3.3426,1.4845,
2005-07-20,1.4730,3.3833,1.5376,
2005-07-21,1.4779,3.3861,1.5423,
2005-07-22,1.4626,3.3633,1.5267,
2005-07-25,1.3586,3.4366,1.4292,
2005-07-26,1.3505,3.4747,1.4229,
2005-07-27,1.2596,3.5569,1.3382,
2005-07-28,1.3900,3.3667,1.4574,
2005-07-29,1.4115,3.3874,1.4790,
2005-08-01,1.5542,3.2113,1.6104,
2005-08-02,1.4187,3.2981,1.4834,
2005-08-03,1.7035,3.2242,1.7541,
2005-08-04,1.3751,3.1522,1.4350,
2005-08-05,1.4934,3.1511,1.5491,
2005-08-08,1.4641,3.1784,1.5218,
2005-08-09,1.3756,3.2738,1.4402,
2005-08-10,1.5387,3.2313,1.5958,
2005-08-11,1.4069,3.2997,1.4710,
2005-08-12,1.4794,3.2928,1.5406,
2005-08-15,1.4494,3.3398,1.5136,
2005-08-16,1.4704,3.3064,1.5326,
2005-08-17,1.3704,3.3434,1.4376,
2005-08-18,1.4094,3.2974,1.4733,
2005-08-19,1.3273,3.3922,1.3980,
2005-08-22,1.4475,3.3074,1.5105,
2005-08-23,1.4117,3.2609,1.4743,
2005-08-24,1.5056,3.3213,1.5673,
2005-08-25,1.2596,3.4579,1.3354,
2005-08-26,1.2300,3.4414,1.3055,
2005-08-29,1.1484,3.4528,1.2271,
2005-08-30,1.1902,3.5014,1.2695,
2005-08-31,1.1851,3.5608,1.2669,
2005-09-01,1.1997,3.5110,1.2788,
2005-09-02,1.1581,3.5395,1.2398,
2005-09-05,1.2365,3.5278,1.3151,
2005-09-06,1.2028,3.4421,1.2790,
2005-09-07,1.1960,3.4427,1.2724,
2005-09-08,1.2320,3.3796,1.3055,
2005-09-09,1.2304,3.3622,1.3032,
2005-09-12,1.2324,3.3343,1.3040,
2005-09-13,1.2332,3.2859,1.3027,
2005-09-14,1.2400,3.3046,1.3101,
2005-09-15,1.1656,3.3103,1.2385,
2005-09-16,1.2637,3.1838,1.3281,
2005-09-19,1.2306,3.2322,1.2981,
2005-09-20,1.0903,3.3878,1.1684,
2005-09-21,1.1769,3.3698,1.2513,
2005-09-22,1.1617,3.2080,1.2306,
2005-09-23,1.2204,3.2703,1.2898,
2005-09-26,1.1339,3.3604,1.2097,
2005-09-27,1.1485,3.3999,1.2253,
2005-09-28,1.1572,3.2060,1.2264,
2005-09-29,1.4969,3.1869,1.5532,
2005-09-30,1.1472,3.2404,1.2182,
2005-10-08,1.1775,3.2313,1.2471,
2005-10-09,1.1853,3.2441,1.2552,
2005-10-10,1.2339,3.1841,1.2995,
2005-10-11,1.1821,2.9987,1.2420,
2005-10-12,1.2641,3.0104,1.3216,
2005-10-13,1.2366,2.9959,1.2945,
2005-10-14,1.1836,3.0171,1.2466,
2005-10-17,1.2522,2.9694,1.3086,
2005-10-18,1.2454,2.9479,1.3010,
2005-10-19,1.2192,2.9127,1.2746,
2005-10-20,1.2264,2.8718,1.2798,
2005-10-21,1.3261,2.8919,1.3767,
2005-10-24,1.2318,2.7938,1.2816,
2005-10-25,1.3516,2.9220,1.4024,
2005-10-26,1.3467,2.8096,1.3934,
2005-10-27,1.3390,2.8717,1.3880,
2005-10-28,1.2862,2.9417,1.3399,
2005-10-31,1.2490,3.0613,1.3087,
2005-11-01,1.2737,2.9800,1.3293,
2005-11-02,1.3289,2.9790,1.3827,
2005-11-03,1.3122,3.0094,1.3678,
2005-11-04,1.2910,3.1710,1.3539,
2005-11-07,1.2899,3.0234,1.3467,
2005-11-08,1.4950,3.1039,1.5479,
2005-11-09,1.4306,3.1317,1.4869,
2005-11-10,1.4447,3.1441,1.5010,
2005-11-11,1.3351,3.1598,1.3941,
2005-11-14,1.4943,3.1996,1.5495,
2005-11-15,1.6495,3.1920,1.6990,
2005-11-16,1.3450,3.5099,1.4179,
2005-11-17,1.3768,3.4509,1.4461,
2005-11-18,1.4478,3.4946,1.5164,
2005-11-21,1.3921,3.4832,1.4622,
2005-11-22,1.6974,3.3614,1.7529,
2005-11-23,1.4228,3.3553,1.4877,
2005-11-24,1.5991,3.4622,1.6628,
2005-11-25,1.5509,3.4343,1.6150,
2005-11-28,1.5207,3.4318,1.5858,
2005-11-29,1.7292,3.3613,1.7839,
2005-11-30,1.6156,3.3255,1.6728,
2005-12-01,1.6647,3.3169,1.7198,
2005-12-02,1.7260,3.2544,1.7764,
2005-12-05,1.7943,3.3185,1.8449,
2005-12-06,1.7837,3.2601,1.8323,
2005-12-07,1.8027,3.2690,1.8511,
2005-12-08,1.7153,3.2844,1.7675,
2005-12-09,1.7088,3.3271,1.7630,
2005-12-12,1.7684,3.2389,1.8174,
2005-12-13,1.7466,3.2956,1.7988,
2005-12-14,1.7116,3.2309,1.7623,
2005-12-15,1.6775,3.2145,1.7273,
2005-12-16,1.5862,3.1767,1.6382,
2005-12-19,1.6719,3.1542,1.7199,
2005-12-20,1.6159,3.1905,1.6674,
2005-12-21,2.0095,3.1296,2.0443,
2005-12-22,1.4576,3.2789,1.5194,
2005-12-23,1.6904,3.1474,1.7381,
2005-12-26,1.5940,3.2171,1.6474,
2005-12-27,1.5278,3.2485,1.5857,
2005-12-28,1.5453,3.1641,1.5997,
2005-12-29,1.6005,3.1746,1.6534,
2005-12-30,1.7081,3.2236,1.7594,
2005-12-31,1.6312,3.1216,1.6808,
2006-01-04,1.5150,3.0720,1.5673,
2006-01-05,1.5628,2.9971,1.6095,
2006-01-06,1.5084,3.0848,1.5606,
2006-01-09,1.5003,3.0634,1.5518,
2006-01-10,1.4920,3.0476,1.5431,
2006-01-11,1.4387,3.0678,1.4927,
2006-01-12,1.4659,3.0432,1.5186,
2006-01-13,1.3756,3.0229,1.4298,
2006-01-16,1.5553,3.0311,1.6036,
2006-01-17,1.5412,3.0129,1.5892,
2006-01-18,1.4520,2.9972,1.5026,
2006-01-19,1.4604,2.9916,1.5104,
2006-01-20,1.4713,3.0439,1.5232,
2006-01-23,1.4249,3.0789,1.4797,
2006-01-24,1.5588,2.9676,1.6042,
2006-01-25,1.5191,2.9589,1.5657,
2006-01-26,1.5166,2.9546,1.5630,
2006-01-27,1.5166,2.9796,1.5640,
2006-01-28,1.5163,2.9795,1.5637,
2006-02-05,1.5153,2.9837,1.5630,
2006-02-06,1.4278,3.0107,1.4798,
2006-02-07,1.4091,2.9412,1.4588,
2006-02-08,1.5562,2.9715,1.6020,
2006-02-09,1.6218,2.8715,1.6612,
2006-02-10,1.5607,2.8673,1.6022,
2006-02-13,1.6891,2.8475,1.7251,
2006-02-14,1.6632,2.8723,1.7013,
2006-02-15,1.3684,2.9109,1.4187,
2006-02-16,1.6298,2.8750,1.6692,
2006-02-17,1.4925,2.9412,1.5396,
2006-02-20,1.5263,2.9124,1.5709,
2006-02-21,1.3968,2.9955,1.4493,
2006-02-22,1.5253,2.9172,1.5701,
2006-02-23,1.6316,2.9937,1.6757,
2006-02-24,1.6677,2.9451,1.7085,
2006-02-27,1.5561,2.9225,1.7781,
2006-02-28,1.4738,2.9266,1.6177,
2006-03-01,1.5050,2.9000,1.5891,3.3880
2006-03-02,1.4650,2.9000,1.5200,3.6250
2006-03-03,1.4550,2.8700,1.5100,3.3660
2006-03-06,,2.9300,1.5600,3.6625
2006-03-07,1.4650,2.9000,1.5300,3.3880
2006-03-08,1.4500,2.8800,1.5200,3.3990
2006-03-09,1.4550,2.8800,1.5300,3.6000
2006-03-10,1.4600,2.8900,1.5300,3.6125
2006-03-13,1.4700,2.9000,1.5400,3.6250
2006-03-14,1.4800,2.9000,1.5500,3.6250
2006-03-15,1.5000,2.9100,1.5700,3.6375
2006-03-16,1.5100,2.9100,1.5800,3.6375
2006-03-17,1.4900,2.9200,1.5600,3.6500
2006-03-20,1.5100,2.9300,1.5800,3.6625
2006-03-21,1.5000,2.9200,1.5700,3.6500
2006-03-22,1.5150,2.9300,1.5800,3.3990
2006-03-23,1.5100,2.9120,1.6000,3.6400
2006-03-24,1.4900,2.9000,1.5800,3.6250
2006-03-27,1.5000,2.9200,1.6100,3.4533
2006-03-28,1.4856,2.9200,1.6000,3.6500
2006-03-29,1.4932,2.9400,1.6200,3.6750
2006-03-30,1.5100,2.9400,1.6400,3.5280
2006-03-31,1.5095,2.9400,1.6400,3.5280
2006-04-03,1.5023,2.9200,1.6400,3.5040
2006-04-04,1.4889,2.9200,1.6154,3.5040
2006-04-05,1.4850,2.9100,1.6000,3.4920
2006-04-06,1.4725,2.9400,1.5800,3.5280
2006-04-07,1.4500,2.9291,1.5500,3.5149
2006-04-10,1.4500,2.9300,1.5500,3.5160
2006-04-11,1.4700,2.9700,1.5700,3.5640
2006-04-12,1.4900,2.9800,1.5900,3.5760
2006-04-13,1.4800,2.9405,1.5700,3.4984
2006-04-14,1.4900,2.9500,1.5800,3.4980
2006-04-17,1.5150,2.9400,1.6000,3.5530
2006-04-18,1.5450,3.0100,1.6400,3.5860
2006-04-19,1.5450,3.0100,1.6300,3.5970
2006-04-20,1.5350,3.0000,1.6200,3.7496
2006-04-21,1.5450,3.0480,1.6200,3.7180
2006-04-24,1.5550,3.0500,1.6200,3.6960
2006-04-25,1.5600,3.0600,1.6300,3.7070
2006-04-26,1.5683,3.0500,1.6500,3.6850
2006-04-27,1.5400,3.0100,1.6300,3.6850
2006-04-28,1.5200,3.0100,1.6200,3.6300
2006-04-29,1.5396,3.0000,1.6500,3.6300
2006-04-30,1.5300,3.0000,1.6300,3.6300
2006-05-08,1.5420,3.0200,1.6500,3.6850
2006-05-09,1.5200,3.0000,1.6300,3.6850
2006-05-10,1.4950,3.0000,1.6000,3.6960
2006-05-11,1.5199,3.0000,1.6200,3.6300
2006-05-12,1.5350,3.0200,1.6400,3.6300
2006-05-15,1.5600,3.0300,1.6500,3.6300
2006-05-16,1.5700,3.0200,1.6800,3.6080
2006-05-17,1.5450,3.0000,1.6500,3.5860
2006-05-18,1.5520,3.0000,1.6600,3.5750
2006-05-19,1.5490,2.9900,1.6600,3.6080
2006-05-22,1.5747,3.0000,1.6800,3.6080
2006-05-23,1.5807,3.0200,1.6800,3.6300
2006-05-24,1.5701,3.0000,1.6700,3.6410
2006-05-25,1.5453,3.0000,1.6500,3.6300
2006-05-26,1.5431,3.0000,1.6500,3.6300
2006-05-29,1.5450,3.0300,1.6500,3.6520
2006-05-30,1.5425,3.0200,1.6500,3.6697
2006-05-31,1.5475,3.0200,1.6550,3.6850
2006-06-01,1.5628,3.0300,1.6700,3.6960
2006-06-02,1.5825,3.0500,1.6900,3.7180
2006-06-05,1.6059,3.0300,1.7200,3.7180
2006-06-06,1.6064,3.0200,1.7200,3.7400
2006-06-07,1.6400,3.0500,1.7300,3.7950
2006-06-08,1.6550,3.0500,1.7500,3.7840
2006-06-09,1.6645,3.0300,1.7590,3.7730
2006-06-12,1.6600,3.0500,1.7500,3.7950
2006-06-13,1.6300,3.0800,1.7800,3.8049
2006-06-14,1.6450,3.0900,1.7900,3.7950
2006-06-15,1.6600,3.1000,1.8000,3.7950
2006-06-16,1.6550,3.1000,1.8000,3.7950
2006-06-19,1.6700,3.1200,1.8100,3.8280
2006-06-20,1.6950,3.1000,1.8400,3.8830
2006-06-21,1.7350,3.1500,1.9000,3.9600
2006-06-22,1.7450,3.1200,1.9100,3.9875
2006-06-23,1.7375,3.1300,1.9000,4.0040
2006-06-26,1.7225,3.1500,1.8800,4.0150
2006-06-27,1.7200,3.1500,1.8600,4.0150
2006-06-28,1.7301,3.1500,1.9000,4.0260
2006-06-29,1.7050,3.1500,1.8100,4.0150
2006-06-30,1.7350,3.1650,1.8600,4.0315
2006-07-03,1.7500,3.1590,1.8500,4.0150
2006-07-04,1.7650,3.1500,1.8500,4.0040
2006-07-05,1.7900,3.1800,1.8600,4.0150
2006-07-06,1.7800,3.1720,1.8500,4.0150
2006-07-07,1.7700,3.1800,1.8400,4.0150
2006-07-10,1.7600,3.1729,1.8300,3.9710
2006-07-11,1.7525,3.1689,1.8200,3.9930
2006-07-12,1.7640,3.2000,1.8300,4.0040
2006-07-13,1.7665,3.2300,1.8180,4.0150
2006-07-14,1.7950,3.2350,1.8710,4.0205
2006-07-17,1.7955,3.2000,1.8700,4.0150
2006-07-18,1.7925,3.2000,1.8650,4.0150
2006-07-19,1.7950,3.1900,1.8600,4.0095
2006-07-20,1.7970,3.2000,1.8630,4.0227
2006-07-21,1.8045,3.2000,1.8700,4.0260
2006-07-24,1.9800,3.2500,2.1000,4.0700
2006-07-25,1.9960,3.2400,2.1200,4.0700
2006-07-26,2.0150,3.2500,2.1500,4.0810
2006-07-27,1.9900,3.2750,2.1100,4.0920
2006-07-28,1.9950,3.2500,2.1000,4.1140
2006-07-31,2.0075,3.2600,2.1200,4.1250
2006-08-01,1.9973,3.2500,2.1000,4.1140
2006-08-02,1.9975,3.2500,2.1000,4.1140
2006-08-03,1.9780,3.2400,2.0659,4.1052
2006-08-04,2.0116,3.2500,2.1290,4.0920
2006-08-07,2.0125,3.2500,2.1300,4.0920
2006-08-08,2.0125,3.2500,2.1300,4.0920
2006-08-09,2.0098,3.2600,2.1250,4.0975
2006-08-10,1.9927,3.2600,2.1150,4.0975
2006-08-11,1.9764,3.2550,2.1000,4.0920
2006-08-14,1.9732,3.2450,2.0900,4.0865
2006-08-15,1.9575,3.2450,2.0750,4.0810
2006-08-16,1.9265,3.2400,2.0350,4.0645
2006-08-17,1.9100,3.2400,2.0150,4.0425
2006-08-18,1.8850,3.2000,1.9800,4.0480
2006-08-21,1.9510,3.2600,2.0500,4.1030
2006-08-22,1.9280,3.2540,2.0250,4.1195
2006-08-23,1.9220,3.2510,2.0180,4.1140
2006-08-24,1.9135,3.2480,2.0060,4.1140
2006-08-25,1.8955,3.2389,1.9760,4.1140
2006-08-28,1.8850,3.2560,1.9550,4.1151
2006-08-29,1.8800,3.2500,1.9500,4.1305
2006-08-30,1.8800,3.2400,1.9500,4.1250
2006-08-31,1.8820,3.2380,1.9550,4.1206
2006-09-01,1.8920,3.2300,1.9650,4.1195
2006-09-04,1.8630,3.2300,1.9250,4.1140
2006-09-05,1.8595,3.2250,1.9210,4.1140
2006-09-06,1.8615,3.2100,1.9250,4.1140
2006-09-07,1.8610,3.2010,1.9230,4.1052
2006-09-08,1.8600,3.2000,1.9220,4.1041
2006-09-11,1.8600,3.2000,1.9210,4.0810
2006-09-12,1.8614,3.1800,1.9338,4.0183
2006-09-13,1.8577,3.1800,1.9324,4.0073
2006-09-14,1.8477,3.1720,1.9025,3.9948
2006-09-15,1.8521,3.1700,1.9132,3.9600
2006-09-18,1.8395,3.1550,1.8981,3.9302
2006-09-19,1.8359,3.1500,1.8968,3.8854
2006-09-20,1.8301,3.1300,1.8951,3.8500
2006-09-21,1.8132,3.1100,1.8914,3.7196
2006-09-22,1.8151,3.0500,1.8912,3.8327
2006-09-25,1.8146,3.0000,1.8892,3.8710
2006-09-26,1.8196,3.0000,1.8892,3.8525
2006-09-27,1.7577,3.0000,1.8964,3.8410
2006-09-28,1.7795,3.0000,1.8944,3.8295
2006-09-29,1.7700,3.0000,1.9175,3.8295
2006-09-30,1.7690,2.9990,1.9170,3.8295
2006-10-08,1.7650,3.0000,1.9150,3.8295
2006-10-09,1.7700,3.0000,1.9000,3.9412
2006-10-10,1.7800,2.9900,1.8800,3.9412
2006-10-11,1.7850,2.9700,1.8800,3.9176
2006-10-12,1.7900,2.9552,1.8800,4.0504
2006-10-13,1.7950,2.9541,1.8750,4.0260
2006-10-16,1.8000,2.9567,1.9241,4.0260
2006-10-17,1.7940,2.9533,1.9352,4.0260
2006-10-18,1.7920,2.9535,1.9345,4.0138
2006-10-19,1.7950,2.9540,1.9325,4.0138
2006-10-20,1.7850,2.9523,1.9188,4.0138
2006-10-23,1.7820,2.9492,1.9185,4.0138
2006-10-24,1.7600,2.9385,1.9190,4.0138
2006-10-25,1.7600,2.9498,1.9331,4.0016
2006-10-26,1.7500,2.9374,1.9211,3.9524
2006-10-27,1.7500,2.9397,1.9336,3.9524
2006-10-30,1.7500,2.9406,1.9336,3.9524
2006-10-31,1.7500,2.9512,1.9468,3.9524
2006-11-01,1.7500,2.9545,1.9527,3.9196
2006-11-02,1.7500,2.9557,1.9000,3.8212
2006-11-03,1.7400,2.9561,1.8800,3.8212
2006-11-06,1.7800,2.9844,1.9300,3.8212
2006-11-07,1.7850,2.9890,1.9826,3.8270
2006-11-08,1.8090,2.9781,1.9332,3.8329
2006-11-09,1.8200,2.9720,1.9385,3.8329
2006-11-10,1.8350,2.9595,1.9372,3.8329
2006-11-13,1.8620,2.9494,1.9300,3.8329
2006-11-14,1.8650,2.9682,1.9280,3.8329
2006-11-15,1.8700,2.9688,1.9350,3.8445
2006-11-16,1.8650,2.9725,1.9442,3.8445
2006-11-17,1.8630,2.9632,1.9441,3.8678
2006-11-20,1.8700,2.9806,1.9648,3.9028
2006-11-21,1.9310,2.9785,2.0306,3.9028
2006-11-22,1.9350,3.0518,2.0326,3.9156
2006-11-23,1.9540,3.0609,2.0485,3.9202
2006-11-24,1.9470,3.0655,2.0508,3.9144
2006-11-27,1.9500,3.0200,2.0200,3.9144
2006-11-28,1.9400,2.9886,2.0052,3.9144
2006-11-29,1.9200,2.9811,1.9898,3.9202
2006-11-30,1.9400,2.9781,1.9800,3.9028
2006-12-01,1.9445,2.9936,1.9933,3.8795
2006-12-04,1.9100,2.9895,1.9935,3.8678
2006-12-05,1.9050,2.9912,1.9350,3.8678
2006-12-06,1.9200,2.9851,1.9600,3.8678
2006-12-07,1.9528,2.9947,2.0100,3.8678
2006-12-08,1.9525,3.0351,2.0106,3.8911
2006-12-11,1.9516,3.0527,2.0100,3.8911
2006-12-12,1.9418,3.0393,2.0123,3.9028
2006-12-13,2.0300,3.0461,2.0700,3.9028
2006-12-14,2.0082,3.0335,2.0672,3.9028
2006-12-15,2.0079,3.0402,2.0690,3.9144
2006-12-18,2.0065,3.0307,2.0765,3.9144
2006-12-19,2.0167,3.0232,2.0629,3.9028
2006-12-20,1.9992,3.0267,2.0450,3.9028
2006-12-21,2.0100,3.0199,2.0312,3.9028
2006-12-22,2.0050,3.0364,2.0203,3.9698
2006-12-25,1.9915,3.0408,2.0224,3.9757
2006-12-26,1.9925,3.0419,2.0155,3.9757
2006-12-27,1.9936,3.0408,2.0176,3.9698
2006-12-28,2.0000,3.0260,2.0193,3.9698
2006-12-29,2.0000,3.0202,2.0080,3.9757
2006-12-30,1.9900,3.0204,2.0100,3.9757
2006-12-31,1.9900,3.0269,2.0100,3.9757
2007-01-04,1.9800,3.0239,1.9829,3.9757
2007-01-05,1.9910,3.0211,2.0000,3.9698
2007-01-08,1.9500,3.0356,2.0030,3.9698
2007-01-09,1.9500,3.0231,1.9872,3.9698
2007-01-10,1.9550,3.0102,1.9898,3.9698
2007-01-11,1.9520,3.0047,1.9729,3.9698
2007-01-12,1.9580,3.0202,1.9702,3.9698
2007-01-15,1.9580,3.0167,1.9768,3.9698
2007-01-16,1.9300,3.0175,1.9500,3.9698
2007-01-17,1.9350,3.0176,1.9354,3.9698
2007-01-18,1.9300,3.0273,1.9374,3.9698
2007-01-19,1.9300,3.0320,1.9295,3.9698
2007-01-22,1.9400,3.0277,1.9316,3.9698
2007-01-23,1.9500,3.0373,1.9350,3.9816
2007-01-24,1.9300,3.0267,1.9364,3.9816
2007-01-25,1.9250,3.0320,1.9402,3.9816
2007-01-26,1.9350,3.0374,1.9500,3.9816
2007-01-29,1.9300,3.0427,1.9478,3.9816
2007-01-30,1.9300,3.0559,1.9400,4.0053
2007-01-31,1.9300,3.0671,1.9400,4.0053
2007-02-01,1.9100,3.0676,1.9474,4.0290
2007-02-02,1.9000,3.0598,1.9327,4.0409
2007-02-05,1.9000,3.0765,1.9381,3.9672
2007-02-06,1.9000,3.0705,1.9412,4.0020
2007-02-07,1.9000,3.0704,1.9702,4.0136
2007-02-08,1.9100,3.0814,1.9941,4.0136
2007-02-09,1.9100,3.1171,1.9984,4.0484
2007-02-12,1.9200,3.1355,1.9900,4.0600
2007-02-13,1.9180,3.1367,2.0131,4.0600
2007-02-14,1.9200,3.1370,2.0166,4.0600
2007-02-15,1.9200,3.1365,2.0213,4.0600
2007-02-16,1.9200,3.1361,2.0261,3.9628
2007-02-17,1.9200,3.1100,1.9900,3.9628
2007-02-25,1.9200,3.1100,1.9800,3.9628
2007-02-26,1.9200,3.1200,1.9800,3.9741
2007-02-27,1.9200,3.1468,2.0202,3.9854
2007-02-28,1.9200,3.1466,1.9800,3.9967
2007-03-01,1.9200,3.1553,1.9800,3.9967
2007-03-02,1.9200,3.1683,2.0000,4.0079
2007-03-05,1.9300,3.1726,2.0100,4.0079
2007-03-06,1.9300,3.1790,2.0200,4.0050
2007-03-07,1.9300,3.1900,2.0200,4.0050
2007-03-08,1.9300,3.2192,2.0200,4.0163
2007-03-09,1.8809,3.2230,2.0200,4.0500
2007-03-12,1.9400,3.2278,2.0100,4.0500
2007-03-13,1.9300,3.2051,2.0100,4.0400
2007-03-14,1.9300,3.2332,2.0100,4.0450
2007-03-15,1.9300,3.2876,2.0100,4.0450
2007-03-16,1.9500,3.3042,2.0200,4.0500
2007-03-19,1.9600,3.3370,2.0500,4.0610
2007-03-20,1.9700,3.3600,2.0500,4.0700
2007-03-21,1.9700,3.4000,2.0700,4.0800
2007-03-22,1.9800,3.3950,2.0800,4.0900
2007-03-23,1.9900,3.4235,2.0800,4.0940
2007-03-26,1.9900,3.4200,2.0800,4.0800
2007-03-27,1.9900,3.4200,2.0800,4.0600
2007-03-28,1.9900,3.4245,2.0800,4.0600
2007-03-29,1.9900,3.4386,2.0800,4.0700
2007-03-30,1.9900,3.4338,2.0800,4.0700
2007-04-02,1.9900,3.4300,2.0800,4.0700
2007-04-03,1.9900,3.4277,2.0800,4.0730
2007-04-04,1.9800,3.4400,2.0800,4.0800
2007-04-05,1.9900,3.4441,2.0800,4.0890
2007-04-06,2.0100,3.4615,2.0900,4.0900
2007-04-09,2.0300,3.4880,2.1000,4.1300
2007-04-10,2.0400,3.4829,2.1100,4.1400
2007-04-11,2.0400,3.4930,2.1100,4.1500
2007-04-12,2.0400,3.4936,2.1100,4.1500
2007-04-13,2.0400,3.5202,2.1100,4.1460
2007-04-16,2.0500,3.5327,2.1300,4.1600
2007-04-17,2.0500,3.5391,2.1300,4.1650
2007-04-18,2.0500,3.5600,2.1400,4.1630
2007-04-19,2.0500,3.5700,2.1500,4.1690
2007-04-20,2.1112,3.5800,2.1765,4.1780
2007-04-23,2.1100,3.5900,2.1750,4.1850
2007-04-24,2.1100,3.6139,2.1700,4.1900
2007-04-25,2.1200,3.6349,2.1700,4.2000
2007-04-26,2.1167,3.5931,2.1500,4.2050
2007-04-27,2.1090,3.5914,2.1300,4.2005
2007-04-28,2.1095,3.5883,2.1400,4.1800
2007-04-29,2.0500,3.5800,2.1300,4.1600
2007-04-30,2.0600,3.5916,2.1400,4.1550
2007-05-08,2.0500,3.5933,2.1500,4.1600
2007-05-09,2.0400,3.5906,2.1400,4.1600
2007-05-10,2.0400,3.6300,2.1300,4.1700
2007-05-11,2.0400,3.6800,2.1400,4.1750
2007-05-14,2.0600,3.7000,2.1500,4.1800
2007-05-15,2.0700,3.7992,2.1500,4.1860
2007-05-16,2.0700,3.8300,2.1500,4.1900
2007-05-17,2.0700,3.8300,2.1600,4.2050
2007-05-18,2.0700,3.8300,2.1600,4.2300
2007-05-21,2.0700,3.9660,2.1600,4.3380
2007-05-22,2.0700,4.0500,2.1700,4.3380
2007-05-23,2.0600,4.0640,2.1700,4.3500
2007-05-24,2.0600,4.0300,2.1700,4.3500
2007-05-25,2.1300,4.0500,2.2100,4.3500
2007-05-28,2.1400,4.0700,2.2250,4.3400
2007-05-29,2.1450,4.0800,2.2300,4.3200
2007-05-30,2.1500,4.0700,2.2500,4.3150
2007-05-31,2.1500,4.0600,2.2550,4.3120
2007-06-01,2.1500,4.0800,2.2550,4.3100
2007-06-04,2.1500,4.1393,2.2550,4.3150
2007-06-05,2.1530,4.1309,2.2510,4.3350
2007-06-06,2.2500,4.1442,2.3500,4.3390
2007-06-07,2.2550,4.1427,2.3500,4.3450
2007-06-08,2.2580,4.1624,2.3500,4.3950
2007-06-11,2.3000,4.1376,2.3500,4.4450
2007-06-12,2.3300,4.2199,2.3900,4.4900
2007-06-13,2.3300,4.2320,2.4000,4.5560
2007-06-14,2.3300,4.2669,2.4500,4.5960
2007-06-15,2.3350,4.3483,2.4653,4.5962
2007-06-18,2.3300,4.3496,2.4636,4.6120
2007-06-19,2.3400,4.3969,2.4809,4.6800
2007-06-20,2.3400,4.4408,2.4820,4.6800
2007-06-21,2.3500,4.4700,2.4900,4.7300
2007-06-22,2.3400,4.4400,2.4700,4.6800
2007-06-25,2.3400,4.4200,2.4773,4.6800
2007-06-26,2.3100,4.4000,2.5021,4.7200
2007-06-27,2.2900,4.3985,2.4906,4.7800
2007-06-28,2.2900,4.4538,2.5000,4.8522
2007-06-29,2.3000,4.4500,2.5000,4.8900
2007-07-02,2.3000,4.4500,2.4800,4.9200
2007-07-03,2.3000,4.4726,2.4822,4.9200
2007-07-04,2.3050,4.4745,2.4848,4.9150
2007-07-05,2.3050,4.4750,2.5301,4.9150
2007-07-06,2.3600,4.4261,2.5811,4.9200
2007-07-09,2.3800,4.4172,2.6080,4.9500
2007-07-10,2.3850,4.4896,2.5300,4.9800
2007-07-11,2.3980,4.4773,2.5400,5.0313
2007-07-12,2.4000,4.4777,2.5600,5.0650
2007-07-13,2.4200,4.4634,2.5700,5.0489
2007-07-16,2.4250,4.4540,2.5500,5.1300
2007-07-17,2.4400,4.4542,2.5300,5.1320
2007-07-18,2.4200,4.4547,2.5250,5.1500
2007-07-19,2.3900,4.4550,2.5450,5.1128
2007-07-20,2.3911,4.4551,2.5500,5.1785
2007-07-23,2.3950,4.4770,2.5550,5.2136
2007-07-24,2.4050,4.4651,2.5867,5.2436
2007-07-25,2.4760,4.3300,2.7462,5.2360
2007-07-26,2.4160,4.3086,2.7475,5.1536
2007-07-27,2.4200,4.3399,2.7610,5.2176
2007-07-30,2.4258,4.2848,2.7690,5.2153
2007-07-31,2.4682,4.3401,2.6959,5.2595
2007-08-01,2.4750,4.2857,2.7399,5.2500
2007-08-02,2.4813,4.2594,2.7768,5.2687
2007-08-03,2.4968,4.2855,2.7776,5.2020
2007-08-06,2.5168,4.3861,2.7594,5.2012
2007-08-07,2.4996,4.3775,2.7756,5.2078
2007-08-08,2.5189,4.3166,2.7703,5.1926
2007-08-09,2.5263,4.3178,2.7723,5.2065
2007-08-10,2.5211,4.3378,2.7628,5.2135
2007-08-13,2.5284,4.3570,2.7703,5.2637
2007-08-14,2.5487,4.3568,2.7712,5.2900
2007-08-15,2.5470,4.3541,2.7740,5.2534
2007-08-16,2.5136,4.3529,2.7700,5.2600
2007-08-17,2.4964,4.3038,2.7600,5.2455
2007-08-20,2.5502,4.2636,2.7425,5.2548
2007-08-21,2.5382,4.2445,2.7554,5.2898
2007-08-22,2.5140,4.2270,2.8269,5.3456
2007-08-23,2.5280,4.2064,2.7508,5.3445
2007-08-24,2.5413,4.2164,2.7265,5.3383
2007-08-27,2.5758,4.1360,2.7125,5.3254
2007-08-28,2.4529,4.2049,2.7870,5.3045
2007-08-29,2.4589,4.2766,2.7776,5.3000
2007-08-30,2.4660,4.2739,2.7612,5.2900
2007-08-31,2.4673,4.2743,2.7448,5.2890
2007-09-03,2.4941,4.2350,2.7450,5.2682
2007-09-04,2.4751,4.2328,2.7500,5.2755
2007-09-05,2.4862,4.2440,2.7550,5.2758
2007-09-06,2.4875,4.2677,2.7788,5.2497
2007-09-07,2.4852,4.2872,2.8164,5.2573
2007-09-10,2.5038,4.2946,2.8336,5.3062
2007-09-11,2.5194,4.3615,2.8580,5.3470
2007-09-12,2.5319,4.3788,2.8169,5.3460
2007-09-13,2.5438,4.3892,2.8124,5.3460
2007-09-14,2.8305,4.4893,3.1029,5.5620
2007-09-17,2.8121,4.5421,3.1260,5.6220
2007-09-18,2.8762,4.5436,2.9436,5.6560
2007-09-19,2.8891,4.5474,2.8923,5.6520
2007-09-20,2.9013,4.5477,2.9431,5.6632
2007-09-21,2.8995,4.4950,2.9345,5.6182
2007-09-24,2.9376,4.4930,2.9500,5.6150
2007-09-25,2.9478,4.4859,3.0250,5.5968
2007-09-26,2.9359,4.4450,3.0120,5.5550
2007-09-27,2.8977,4.4200,3.0000,5.5140
2007-09-28,2.8754,4.3900,2.9700,5.4400
2007-09-29,2.8784,4.3960,2.9650,5.4300
2007-09-30,2.8574,4.3877,2.9450,5.4350
2007-10-08,2.8800,4.3664,2.9250,5.4200
2007-10-09,2.8500,4.3700,2.9200,5.4400
2007-10-10,2.8600,4.3737,2.9300,5.4530
2007-10-11,2.8650,4.3732,2.9300,5.4600
2007-10-12,2.9000,4.3723,2.9250,5.4800
2007-10-15,2.9150,4.3746,2.9400,5.5300
2007-10-16,2.9850,4.3743,3.0000,5.5200
2007-10-17,3.2000,4.4500,3.2500,5.5400
2007-10-18,3.2500,4.4600,3.2600,5.5500
2007-10-19,3.2900,4.4700,3.2800,5.5500
2007-10-22,3.3200,4.4800,3.2900,5.5700
2007-10-23,3.4800,4.4850,3.3100,5.5860
2007-10-24,3.5200,4.4850,3.3100,5.5900
2007-10-25,3.5400,4.4850,3.3400,5.5800
2007-10-26,3.5600,4.4850,3.3600,5.5820
2007-10-29,3.1500,4.4800,3.2000,5.5700
2007-10-30,3.1300,4.4840,3.1800,5.5500
2007-10-31,3.1200,4.4937,3.1900,5.5400
2007-11-01,3.1300,4.5000,3.2000,5.5420
2007-11-02,3.1500,4.5000,3.2600,5.5600
2007-11-05,3.1760,4.5263,3.3000,5.5500
2007-11-06,3.2200,4.5248,3.4000,5.5400
2007-11-07,3.5828,4.5441,3.5200,5.5600
2007-11-08,3.5600,4.5441,3.5800,5.5800
2007-11-09,3.5900,4.5743,3.6000,5.6000
2007-11-12,3.6200,4.5863,3.6500,5.6160
2007-11-13,3.6700,4.5861,3.6600,5.6200
2007-11-14,3.7000,4.5922,3.7000,5.6400
2007-11-15,3.7100,4.5973,3.7200,5.6500
2007-11-16,3.7100,4.5974,3.7200,5.6700
2007-11-19,3.7000,4.5822,3.7100,5.6800
2007-11-20,3.6900,4.5569,3.7100,5.6900
2007-11-21,3.6700,4.5450,3.7000,5.7100
2007-11-22,3.6600,4.5500,3.7351,5.7300
2007-11-23,3.6380,4.5400,3.7311,5.7400
2007-11-26,3.6000,4.5350,3.7031,5.7200
2007-11-27,3.5877,4.5247,3.6810,5.7500
2007-11-28,3.5800,4.5089,3.6600,5.7600
2007-11-29,3.5900,4.5084,3.6500,5.7800
2007-11-30,3.5900,4.5086,3.6300,5.7750
2007-12-03,3.6000,4.5085,3.6467,5.7800
2007-12-04,3.5600,4.5085,3.6380,5.7760
2007-12-05,3.4200,4.5096,3.6100,5.7800
2007-12-06,3.3732,4.5038,3.6000,5.7700
2007-12-07,3.3709,4.5043,3.5900,5.7600
2007-12-10,3.3820,4.4996,3.5800,5.7600
2007-12-11,3.3600,4.5116,3.5800,5.7600
2007-12-12,3.3726,4.5118,3.5600,5.7500
2007-12-13,3.3650,4.5067,3.5428,5.7700
2007-12-14,3.3500,4.4251,3.5840,5.7600
2007-12-17,3.3900,4.4282,3.5738,5.7700
2007-12-18,3.4125,4.4279,3.5751,5.7680
2007-12-19,3.3600,4.4280,3.5751,5.7700
2007-12-20,3.4039,4.4282,3.5600,5.7700
2007-12-21,3.3908,4.4526,3.5760,5.7900
2007-12-24,3.2429,4.4517,3.5000,5.8000
2007-12-25,3.1800,4.4528,3.4597,5.8200
2007-12-26,3.1800,4.4541,3.4860,5.8260
2007-12-27,3.1800,4.4005,3.4699,5.8200
2007-12-28,3.2600,4.4357,3.4747,5.8360
2007-12-29,3.2900,4.4253,3.4761,5.8350
2008-01-02,3.3500,4.4363,3.4674,5.8390
2008-01-03,3.3200,4.4263,3.5000,5.8500
2008-01-04,3.3300,4.4013,3.4942,5.8500
2008-01-07,3.3030,4.3948,3.4505,5.8500
2008-01-08,3.3200,4.4024,3.3837,5.8500
2008-01-09,3.3000,4.4022,3.3783,5.8500
2008-01-10,3.3000,4.4067,3.3688,5.8600
2008-01-11,3.3000,4.3893,3.3696,5.8800
2008-01-14,3.2500,4.4020,3.3819,5.8900
2008-01-15,3.2200,4.4022,3.3787,5.8950
2008-01-16,3.2500,4.4028,3.3722,5.9150
2008-01-17,3.2600,4.3978,3.3914,5.9100
2008-01-18,3.2500,4.4030,3.3878,5.9150
2008-01-21,3.2500,4.3777,3.3910,5.9150
2008-01-22,3.2800,4.3679,3.3859,5.9050
2008-01-23,3.2800,4.2883,3.3916,5.8300
2008-01-24,3.2200,4.2433,3.3857,5.8100
2008-01-25,3.2000,4.2440,3.3846,5.8100
2008-01-28,3.2050,4.2226,3.3701,5.7900
2008-01-29,3.2050,4.2539,3.3812,5.8100
2008-01-30,3.2000,4.2502,3.3444,5.8100
2008-01-31,3.1960,4.1937,3.3176,5.7800
2008-02-01,3.1660,4.1308,3.2757,5.7400
2008-02-02,3.1600,4.1307,3.2794,5.7300
2008-02-03,3.1500,4.1309,3.2449,5.7250
2008-02-04,3.1490,4.1311,3.2458,5.7200
2008-02-05,3.1600,4.1458,3.2938,5.7200
2008-02-13,3.1560,4.1559,3.2400,5.7100
2008-02-14,3.1632,4.1561,3.2131,5.7100
2008-02-15,3.1800,4.1791,3.2529,5.7350
2008-02-18,3.1706,4.1924,3.2245,5.7550
2008-02-19,3.1971,4.2176,3.2340,5.7850
2008-02-20,3.1974,4.1744,3.3162,5.7350
2008-02-21,3.1977,4.1818,3.3248,5.7450
2008-02-22,3.1757,4.1600,3.2765,5.7150
2008-02-25,3.1759,4.1439,3.2856,5.6970
2008-02-26,3.1701,4.1413,3.2865,5.6970
2008-02-27,3.1633,4.1436,3.2900,5.6770
2008-02-28,3.1479,4.1283,3.2900,5.6572
2008-02-29,3.1500,4.1283,3.2800,5.6572
2008-03-03,3.1502,4.1285,3.2424,5.6580
2008-03-04,3.1416,4.1521,3.2420,5.6680
2008-03-05,3.1365,4.1635,3.2484,5.6880
2008-03-06,3.1414,4.1768,3.2500,5.6880
2008-03-07,3.1477,4.1760,3.2487,5.6830
2008-03-10,3.1694,4.1768,3.2242,5.6830
2008-03-11,3.0804,4.1953,3.1987,5.6830
2008-03-12,3.0699,4.1954,3.1887,5.6830
2008-03-13,3.0703,4.1700,3.1745,5.6680
2008-03-14,3.0203,4.1500,3.1500,5.6530
2008-03-17,3.0303,4.1248,3.1279,5.6380
2008-03-18,3.0250,4.1151,3.0774,5.6280
2008-03-19,3.0200,4.0750,3.0510,5.6180
2008-03-20,3.0000,4.0800,3.0327,5.6180
2008-03-21,2.9920,4.0800,3.0338,5.6180
2008-03-24,3.0019,4.0770,3.0294,5.6150
2008-03-25,3.0019,4.0511,3.0558,5.5900
2008-03-26,2.9800,4.0404,3.0039,5.5800
2008-03-27,3.0000,4.0009,3.0573,5.5402
2008-03-28,3.0200,4.0116,3.0843,5.5200
2008-03-31,3.0000,4.0460,3.0597,5.5100
2008-04-01,3.0100,4.0563,3.1041,5.5210
2008-04-02,3.0050,4.0517,3.0586,5.5220
2008-04-03,2.9750,4.0444,3.0661,5.5150
2008-04-07,2.9750,4.0450,3.0405,5.5150
2008-04-08,2.9050,4.0451,2.9905,5.5150
2008-04-09,2.9693,4.0451,3.0016,5.5150
2008-04-10,2.9413,4.0405,3.0026,5.5100
2008-04-11,2.9160,4.0457,2.9776,5.5150
2008-04-14,2.9410,4.0436,3.0000,5.5129
2008-04-15,2.9410,4.0244,3.0000,5.5000
2008-04-16,2.9406,4.0184,3.0020,5.4900
2008-04-17,2.9429,4.0185,3.0002,5.4700
2008-04-18,2.9167,4.0085,3.0195,5.4600
2008-04-21,2.9449,4.0087,2.9995,5.4603
2008-04-22,2.9464,4.0090,2.9971,5.4604
2008-04-23,2.9478,4.0244,3.0023,5.4755
2008-04-24,2.9493,4.0601,3.0024,5.4300
2008-04-25,2.9643,4.0654,3.0374,5.4352
2008-04-28,2.9770,4.0707,3.0524,5.4700
2008-04-29,3.0292,4.0736,3.0633,5.4950
2008-04-30,3.0588,4.0725,3.0733,5.5151
2008-05-04,3.0098,4.0704,3.0487,5.5128
2008-05-05,3.0398,4.0631,3.0787,5.5057
2008-05-06,3.0259,4.0632,3.0800,5.5057
2008-05-07,3.0410,4.1350,3.0900,5.5733
2008-05-08,3.0410,4.1253,3.0520,5.5635
2008-05-09,3.0395,4.1210,3.0500,5.5596
2008-05-12,3.0500,4.1517,3.0800,5.5900
2008-05-13,3.0600,4.1486,3.0810,5.6100
2008-05-14,3.0600,4.1653,3.0809,5.6169
2008-05-15,3.0700,4.1691,3.0800,5.5961
2008-05-16,3.0550,4.1493,3.0731,5.5960
2008-05-19,3.0627,4.1669,3.0774,5.6139
2008-05-20,3.0629,4.1676,3.0874,5.6140
2008-05-21,3.0598,4.1677,3.0888,5.6340
2008-05-22,3.0537,4.1631,3.0772,5.6291
2008-05-23,3.1800,4.1632,3.2014,5.6259
2008-05-26,3.1800,4.1636,3.1984,5.6159
2008-05-27,3.1965,4.1618,3.2423,5.6300
2008-05-28,3.1633,4.1676,3.2410,5.6300
2008-05-29,3.1574,4.1636,3.1934,5.6262
2008-05-30,3.1674,4.1589,3.1965,5.6213
2008-06-02,3.1705,4.1626,3.1991,5.6206
2008-06-03,3.1905,4.1588,3.2144,5.6166
2008-06-04,3.1909,4.1589,3.2187,5.6167
2008-06-05,3.2145,4.1591,3.2405,5.6168
2008-06-06,3.2158,4.1617,3.2572,5.6194
2008-06-10,3.2308,4.2069,3.3238,5.6594
2008-06-11,3.2489,4.3193,3.3897,5.6794
2008-06-12,3.2637,4.3009,3.2917,5.6794
2008-06-13,3.2485,4.3128,3.2825,5.6850
2008-06-16,3.2852,4.3179,3.3434,5.6856
2008-06-17,3.3025,4.3354,3.3435,5.7008
2008-06-18,3.2548,4.3356,3.3461,5.7010
2008-06-19,3.2778,4.3358,3.3261,5.7012
2008-06-20,3.2971,4.4213,3.3461,5.7867
2008-06-23,3.2699,4.4716,3.3161,5.8360
2008-06-24,3.2549,4.4626,3.3061,5.8262
2008-06-25,3.2716,4.4582,3.3063,5.8264
2008-06-26,3.2776,4.5182,3.3060,5.8710
2008-06-27,3.2926,4.5580,3.3111,5.9108
2008-06-30,3.3100,4.5285,3.3300,5.8849
2008-07-01,3.3294,4.5309,3.3077,5.9149
2008-07-02,3.3094,4.5360,3.3250,5.9150
2008-07-03,3.2800,4.5311,3.3254,5.9250
2008-07-04,3.2768,4.5313,3.3308,5.9250
2008-07-07,3.2536,4.5529,3.3313,5.9154
2008-07-08,3.3104,4.5331,3.3563,5.8956
2008-07-09,3.2902,4.5059,3.3365,5.8699
2008-07-10,3.2852,4.4725,3.3349,5.8617
2008-07-11,3.2690,4.4562,3.3346,5.8454
2008-07-14,3.2665,4.4328,3.3000,5.8322
2008-07-15,3.2683,4.4332,3.3000,5.8404
2008-07-16,3.2731,4.4338,3.3082,5.8272
2008-07-17,3.2635,4.4340,3.2866,5.8140
2008-07-18,3.2685,4.4236,3.2822,5.8008
2008-07-21,3.2712,4.4190,3.3000,5.7958
2008-07-22,3.2812,4.4135,3.3248,5.7910
2008-07-23,3.3312,4.4136,3.4248,5.8100
2008-07-24,3.3294,4.4137,3.4250,5.8300
2008-07-25,3.3122,4.4342,3.4230,5.8800
2008-07-28,3.3483,4.4374,3.4602,5.9200
2008-07-29,3.3675,4.4400,3.4500,5.9226
2008-07-30,3.3575,4.4351,3.4498,6.0000
2008-07-31,3.3236,4.4401,3.4606,6.0300
2008-08-01,3.3435,4.4601,3.4655,6.1000
2008-08-04,3.3377,4.4612,3.4649,6.1675
2008-08-05,3.3383,4.4565,3.4957,6.1475
2008-08-06,3.3202,4.4411,3.4500,6.1502
2008-08-07,3.3158,4.5238,3.4877,6.2281
2008-08-08,3.2814,4.4988,3.4486,6.2081
2008-08-11,3.2726,4.5596,3.4911,6.2681
2008-08-12,3.2756,4.5139,3.4351,6.2150
2008-08-13,3.2702,4.5038,3.4610,6.1920
2008-08-14,3.2658,4.4736,3.4000,6.1620
2008-08-15,3.2716,4.4133,3.4000,6.1420
2008-08-18,3.2478,4.4141,3.4149,6.1220
2008-08-19,3.2217,4.4042,3.4222,6.1020
2008-08-20,3.1505,4.3944,3.4210,6.0820
2008-08-21,3.1800,4.3689,3.4181,6.0320
2008-08-22,3.2100,4.3554,3.4202,6.0000
2008-08-25,3.1943,4.3431,3.3989,5.9898
2008-08-26,3.1917,4.3292,3.4043,5.9400
2008-08-27,3.1882,4.3096,3.3994,5.9600
2008-08-28,3.1880,4.2753,3.3887,5.9969
2008-08-29,3.1661,4.2234,3.3867,5.9814
2008-09-01,3.1635,4.1363,3.3865,5.9852
2008-09-02,3.1179,4.1714,3.2882,5.9500
2008-09-03,3.1519,4.1411,3.2250,5.9000
2008-09-04,3.1319,4.1643,3.1950,5.8500
2008-09-05,3.1562,4.1703,3.2376,5.8350
2008-09-08,3.1601,4.1705,3.2000,5.8368
2008-09-09,3.1572,4.1429,3.1977,5.7968
2008-09-10,3.1258,4.1015,3.2050,5.7568
2008-09-11,3.1340,4.0631,3.2150,5.7268
2008-09-12,3.1500,3.9712,3.1950,5.6349
2008-09-16,3.0782,3.8000,3.1250,5.5462
2008-09-17,3.0218,3.7119,3.0550,5.5700
2008-09-18,3.1057,3.7120,3.1250,5.6038
2008-09-19,3.1311,3.6900,3.1850,5.6450
2008-09-22,3.1911,3.7594,3.2100,5.5450
2008-09-23,3.2911,3.7612,3.3000,5.4450
2008-09-24,3.2711,3.7601,3.2800,5.3450
2008-09-25,3.2411,3.7276,3.3000,5.2450
2008-09-26,3.2316,3.7282,3.2800,5.2900
2008-09-27,3.2074,3.7143,3.2650,5.3500
2008-09-28,3.2211,3.7155,3.2600,5.3499
2008-10-06,3.1869,3.6809,3.2396,5.3000
2008-10-07,3.1986,3.5309,3.1902,5.2000
2008-10-08,3.1406,3.3499,3.1408,4.8500
2008-10-09,2.9155,3.1500,2.9155,4.7000
2008-10-10,2.7974,3.0510,2.8100,4.6371
2008-10-13,2.7220,3.1260,2.8000,4.7171
2008-10-14,2.6879,3.1593,2.7500,4.7371
2008-10-15,2.6947,3.1062,2.7502,4.6371
2008-10-16,2.5447,3.1267,2.5600,4.5371
2008-10-17,2.5946,3.1768,2.6356,4.4800
2008-10-20,2.5434,3.1820,2.6380,4.4305
2008-10-21,2.5431,3.1826,2.5885,4.4564
2008-10-22,2.6179,3.1922,2.6898,4.4064
2008-10-23,2.5431,3.1978,2.6399,4.4583
2008-10-24,2.5200,3.1931,2.5899,4.5102
2008-10-27,2.5434,3.1522,2.6437,4.4700
2008-10-28,2.5186,3.1042,2.6400,4.4301
2008-10-29,2.5182,3.0694,2.5500,4.4800
2008-10-30,2.4436,3.0703,2.5380,4.4300
2008-10-31,2.3942,3.0751,2.4500,4.4336
2008-11-03,2.3954,3.0549,2.4849,4.4372
2008-11-04,2.4400,3.0569,2.4896,4.4500
2008-11-05,2.4212,3.0676,2.4789,4.4536
2008-11-06,2.4349,3.0424,2.4400,4.4000
2008-11-07,2.2450,2.9767,2.2700,4.3807
2008-11-10,2.2204,2.9005,2.2500,4.3300
2008-11-11,2.2000,2.9221,2.2300,4.3310
2008-11-12,2.0200,2.8969,2.1714,4.2900
2008-11-13,1.9500,2.8639,1.9868,4.2400
2008-11-14,2.0121,2.9482,2.0224,4.3820
2008-11-17,1.9300,2.9984,1.9477,4.4120
2008-11-18,1.9202,2.9974,1.9388,4.4000
2008-11-19,1.9941,3.0885,2.0307,4.5100
2008-11-20,1.9545,3.0531,1.9909,4.4850
2008-11-21,1.9798,3.0049,2.0177,4.4350
2008-11-24,2.0600,3.0638,2.0850,4.4900
2008-11-25,2.0463,3.1728,2.0708,4.5900
2008-11-26,2.0000,3.1034,2.0200,4.5206
2008-11-27,1.6610,2.9064,1.7380,4.2757
2008-11-28,1.6000,2.9905,1.6656,4.3300
2008-12-01,1.8200,3.0378,1.8473,4.3610
2008-12-02,1.7203,3.0306,1.7479,4.3670
2008-12-03,1.6206,2.9467,1.6493,4.3200
2008-12-04,1.6208,2.9343,1.6493,4.2800
2008-12-05,1.2500,2.9061,1.2800,4.2500
2008-12-08,1.2480,2.9053,1.2499,4.2570
2008-12-09,1.2231,3.0072,1.2250,4.3630
2008-12-10,1.1900,3.0130,1.2000,4.3000
2008-12-11,1.1500,3.0040,1.1755,4.3200
2008-12-12,1.1700,2.9237,1.2265,4.3000
2008-12-15,1.1306,2.9186,1.2205,4.3050
2008-12-16,1.1200,2.9243,1.2063,4.2750
2008-12-17,1.0850,2.8100,1.1250,4.1760
2008-12-18,0.9700,2.7043,1.0031,4.1315
2008-12-19,0.9500,2.7384,0.9783,4.1215
2008-12-22,0.9509,2.7390,0.9834,4.1728
2008-12-23,0.9515,2.6887,1.0372,4.1399
2008-12-24,0.9500,2.7045,0.9852,4.1556
2008-12-25,0.9550,2.7047,0.9998,4.1400
2008-12-26,0.9600,2.7301,1.0130,4.1351
2008-12-29,0.9525,2.7559,0.9746,4.1365
2008-12-30,0.9500,2.7566,0.9863,4.1465
2008-12-31,0.9503,2.7521,0.9700,4.1478
2009-01-04,0.9506,2.7102,1.0098,4.0993
2009-01-05,0.9509,2.7300,1.0086,4.1400
2009-01-06,0.9614,2.6909,0.9956,4.1500
2009-01-07,0.9500,2.6711,0.9741,4.1256
2009-01-08,0.9200,2.6716,0.9844,4.1262
2009-01-09,0.9000,2.6722,0.9593,4.1267
2009-01-12,0.8800,2.7000,0.9400,4.1000
2009-01-13,0.8650,2.8257,0.9766,4.0800
2009-01-14,0.8600,2.8818,0.9392,4.1561
2009-01-15,0.8628,2.9897,0.9714,4.2667
2009-01-16,0.9335,2.9940,0.9930,4.2967
2009-01-19,0.9250,3.0123,0.9575,4.3735
2009-01-20,0.9400,3.0995,0.9689,4.4044
2009-01-21,0.9553,3.1398,1.0028,4.4334
2009-01-22,0.9580,3.0619,1.0151,4.3956
2009-01-23,0.9488,3.0367,1.0110,4.3823
2009-01-24,0.9097,3.0368,0.9720,4.3673
2009-02-01,0.9200,3.0502,0.9924,4.3545
2009-02-02,0.9494,3.1433,1.0141,4.4417
2009-02-03,0.9500,3.1766,1.0138,4.5130
2009-02-04,0.9284,3.2946,1.0049,4.5800
2009-02-05,0.9794,3.4013,1.0564,4.5606
2009-02-06,0.9455,3.2967,1.0578,4.5300
2009-02-09,0.9248,3.2690,1.0462,4.5202
2009-02-10,0.9400,3.3001,1.0057,4.5473
2009-02-11,0.9450,3.2323,0.9964,4.5273
2009-02-12,0.9500,3.1271,0.9935,4.4073
2009-02-13,0.9846,3.1321,1.0236,4.4330
2009-02-16,0.9459,3.1547,1.0035,4.4084
2009-02-17,0.9713,3.1897,0.9856,4.5106
2009-02-18,0.9042,3.1703,0.9560,4.4857
2009-02-19,0.9310,3.1385,0.9588,4.4515
2009-02-20,0.9261,3.1583,0.9556,4.4779
2009-02-23,0.9423,3.1555,0.9420,4.4905
2009-02-24,0.9310,3.1508,0.9417,4.4650
2009-02-25,0.8903,3.1412,0.9354,4.4100
2009-02-26,0.8903,3.1447,0.9406,4.3956
2009-02-27,0.9012,3.1508,0.9575,4.3556
2009-03-02,0.9069,3.1582,0.9221,4.3500
2009-03-03,0.8969,3.1755,0.9122,4.3699
2009-03-04,0.8838,3.2075,0.9256,4.3599
2009-03-05,0.7999,3.2310,0.8560,4.3299
2009-03-06,0.8122,3.2291,0.8692,4.3151
2009-03-09,0.7989,3.2036,0.8183,4.3068
2009-03-10,0.7994,3.1780,0.8184,4.2975
2009-03-11,0.8001,3.1331,0.8221,4.2900
2009-03-12,0.8008,3.1524,0.8369,4.3070
2009-03-13,0.8016,3.1480,0.8300,4.3231
2009-03-16,0.8264,3.1534,0.8350,4.3126
2009-03-17,0.8237,3.1249,0.8391,4.3000
2009-03-18,0.8454,3.1000,0.8476,4.3074
2009-03-19,0.8005,3.0768,0.8477,4.3108
2009-03-20,0.8090,3.0772,0.8727,4.3453
2009-03-23,0.8098,3.0831,0.8340,4.3624
2009-03-24,0.8109,3.1295,0.8440,4.3893
2009-03-25,0.8114,3.1297,0.8450,4.3912
2009-03-26,0.8122,3.1606,0.8650,4.4291
2009-03-27,0.8130,3.1594,0.8695,4.4596
2009-03-30,0.8030,3.1608,0.8400,4.4702
2009-03-31,0.8447,3.1612,0.9174,4.4949
2009-04-01,0.8746,3.1618,0.9303,4.5151
2009-04-02,0.8480,3.1714,0.9103,4.5000
2009-04-03,0.8214,3.1805,0.9327,4.5452
2009-04-07,0.8414,3.1805,0.9722,4.5752
2009-04-08,0.8514,3.1869,0.9802,4.6071
2009-04-09,0.8500,3.1949,0.9697,4.6097
2009-04-10,0.8400,3.1954,0.9200,4.5903
2009-04-13,0.8600,3.1953,0.9055,4.5953
2009-04-14,0.8714,3.2044,0.9150,4.5858
2009-04-15,0.8233,3.2114,0.9125,4.5644
2009-04-16,0.8612,3.1841,0.9043,4.5598
2009-04-17,0.8600,3.1634,0.8800,4.5336
2009-04-20,0.8600,3.1412,0.9123,4.5547
2009-04-21,0.8279,3.1616,0.9035,4.5386
2009-04-22,0.8338,3.1609,0.9079,4.5303
2009-04-23,0.8366,3.1618,0.9456,4.5337
2009-04-24,0.8648,3.1571,0.9117,4.5630
2009-04-27,0.8238,3.1579,0.8875,4.5555
2009-04-28,0.8260,3.1532,0.8719,4.5600
2009-04-29,0.8398,3.1286,0.8866,4.5407
2009-04-30,0.8443,3.1072,0.9028,4.5638
2009-05-04,0.8483,3.1092,0.9094,4.5775
2009-05-05,0.8784,3.1036,0.9063,4.5989
2009-05-06,0.8917,3.0795,0.9399,4.6250
2009-05-07,0.8822,3.0739,0.9188,4.6180
2009-05-08,0.8507,3.0701,0.9297,4.5600
2009-05-11,0.8959,3.0698,0.9444,4.5664
2009-05-12,0.8736,3.0662,0.9050,4.5643
2009-05-13,0.8773,3.0365,0.9299,4.5800
2009-05-14,0.8585,3.0318,0.9260,4.5826
2009-05-15,0.8628,3.0321,0.9249,4.5811
2009-05-18,0.8455,3.0277,0.8601,4.5725
2009-05-19,0.8607,3.0384,0.8790,4.5404
2009-05-20,0.8681,3.0386,0.8786,4.5000
2009-05-21,0.8397,3.0388,0.8708,4.5109
2009-05-22,0.8285,3.0434,0.8507,4.4800
2009-05-25,0.8622,3.0441,0.8674,4.4813
2009-05-26,0.8545,3.0546,0.8785,4.4931
2009-05-27,0.8889,3.0390,0.8826,4.4983
2009-05-31,0.8495,3.0409,0.8950,4.5054
2009-06-01,0.9022,3.0615,0.9150,4.5059
2009-06-02,0.8522,3.0515,0.8928,4.5112
2009-06-03,0.8736,3.0650,0.8829,4.5116
2009-06-04,0.8650,3.1349,0.8800,4.5220
2009-06-05,0.8500,3.1474,0.8657,4.5456
2009-06-08,0.8526,3.1543,0.8681,4.5625
2009-06-09,0.8902,3.1481,0.8992,4.5803
2009-06-10,0.8753,3.1660,0.8862,4.5859
2009-06-11,0.8899,3.1700,0.8954,4.5963
2009-06-12,0.8703,3.1868,0.8789,4.6140
2009-06-15,0.8742,3.1947,0.8867,4.6103
2009-06-16,0.8665,3.1476,0.8714,4.5916
2009-06-17,0.8507,3.1332,0.8769,4.5836
2009-06-18,0.8507,3.1536,0.8756,4.5841
2009-06-19,0.8631,3.1543,0.8731,4.5750
2009-06-22,0.9075,3.1876,0.9249,4.5700
2009-06-23,0.8809,3.2325,0.9000,4.6051
2009-06-24,0.8780,3.2397,0.9092,4.6351
2009-06-25,0.8927,3.2525,0.9212,4.6430
2009-06-26,0.9042,3.2628,0.9473,4.6583
2009-06-29,0.8878,3.2456,0.9285,4.6548
2009-06-30,0.8882,3.2403,0.9349,4.6553
2009-07-01,0.8782,3.2300,0.9403,4.6679
2009-07-02,0.8781,3.2277,0.9150,4.6500
2009-07-03,0.8774,3.2534,0.9366,4.6546
2009-07-06,0.8665,3.2702,0.9322,4.6610
2009-07-07,0.8800,3.2706,0.9077,4.6690
2009-07-08,0.9398,3.2709,0.9750,4.6695
2009-07-09,0.9898,3.3068,1.0469,4.7073
2009-07-10,1.1500,3.3056,1.2500,4.7110
2009-07-13,1.1250,3.3060,1.2300,4.6899
2009-07-14,1.1257,3.3322,1.2287,4.6952
2009-07-15,1.1258,3.3816,1.2769,4.7446
2009-07-16,1.2405,3.4421,1.3850,4.8037
2009-07-17,1.3696,3.4510,1.6050,4.8437
2009-07-20,1.3151,3.4780,1.5768,4.9055
2009-07-21,1.3292,3.4697,1.5638,4.8468
2009-07-22,1.3433,3.4522,1.5562,4.8316
2009-07-23,1.3471,3.4511,1.5658,4.8070
2009-07-24,1.3143,3.4588,1.5757,4.8145
2009-07-27,1.3000,3.5091,1.5659,4.8205
2009-07-28,1.2800,3.4866,1.5400,4.8007
2009-07-29,1.2700,3.5020,1.5300,4.7850
2009-07-30,1.2701,3.4905,1.5331,4.7750
2009-07-31,1.2697,3.5030,1.5293,4.7650
2009-08-03,1.2665,3.5034,1.5439,4.7709
2009-08-04,1.3160,3.5150,1.5748,4.7547
2009-08-05,1.3366,3.5165,1.5617,4.7447
2009-08-06,1.3336,3.5167,1.5689,4.7600
2009-08-07,1.3400,3.5168,1.5778,4.7800
2009-08-10,1.3161,3.5177,1.5246,4.7557
2009-08-11,1.3041,3.5180,1.4744,4.7470
2009-08-12,1.3049,3.5209,1.4659,4.7377
2009-08-13,1.3065,3.5187,1.4004,4.7343
2009-08-14,1.2642,3.5180,1.4114,4.7593
2009-08-17,1.2660,3.5231,1.4022,4.7552
2009-08-18,1.2671,3.5242,1.4030,4.7555
2009-08-19,1.2690,3.5255,1.4044,4.7557
2009-08-20,1.2703,3.5162,1.4059,4.7559
2009-08-21,1.2576,3.5276,1.4035,4.7700
2009-08-24,1.2708,3.4886,1.3665,4.7707
2009-08-25,1.2717,3.4966,1.3368,4.7659
2009-08-26,1.2730,3.4850,1.3360,4.8000
2009-08-27,1.2744,3.4847,1.3367,4.8365
2009-08-28,1.2663,3.4800,1.3522,4.8371
2009-08-31,1.2802,3.4805,1.3600,4.8190
2009-09-01,1.2828,3.4810,1.4116,4.8197
2009-09-02,1.2852,3.4982,1.3578,4.8203
2009-09-03,1.2754,3.4862,1.3500,4.8500
2009-09-04,1.1954,3.4698,1.3001,4.8900
2009-09-07,1.2347,3.4317,1.3136,4.9100
2009-09-08,1.2363,3.4268,1.3124,4.9207
2009-09-09,1.2289,3.4323,1.3142,4.9312
2009-09-10,1.2337,3.4510,1.3141,4.9318
2009-09-11,1.2398,3.4652,1.3149,4.9424
2009-09-14,1.2233,3.4631,1.3190,4.9444
2009-09-15,1.2147,3.4581,1.3214,4.9451
2009-09-16,1.2160,3.4535,1.3264,4.9461
2009-09-17,1.2170,3.4636,1.3139,4.9471
2009-09-18,1.2079,3.4741,1.3399,4.9475
2009-09-21,1.2238,3.5132,1.3444,5.0000
2009-09-22,1.2254,3.5212,1.3697,5.0400
2009-09-23,1.2275,3.5126,1.3699,5.1000
2009-09-24,1.2279,3.5096,1.3709,5.1100
2009-09-25,1.2502,3.5101,1.3693,5.1105
2009-09-27,1.2702,3.5103,1.3674,5.1116
2009-09-28,1.2706,3.4917,1.3579,5.1121
2009-09-29,1.2700,3.5000,1.3687,5.1126
2009-09-30,1.2900,3.5132,1.3787,5.1111
2009-10-09,1.2450,3.5542,1.3487,5.1411
2009-10-10,1.2508,3.5541,1.3572,5.1800
2009-10-12,1.2607,3.6043,1.3442,5.2100
2009-10-13,1.2719,3.6305,1.3600,5.2600
2009-10-14,1.2718,3.6787,1.3672,5.3100
2009-10-15,1.2720,3.7000,1.3705,5.3200
2009-10-16,1.2930,3.7058,1.3734,5.3224
2009-10-19,1.3221,3.6789,1.3842,5.3249
2009-10-20,1.2724,3.6773,1.3716,5.3139
2009-10-21,1.2726,3.6933,1.3717,5.2800
2009-10-22,1.2336,3.6587,1.3177,5.2600
2009-10-23,1.2446,3.6920,1.3052,5.2550
2009-10-26,1.2746,3.6925,1.3159,5.2450
2009-10-27,1.2745,3.6905,1.3168,5.2451
2009-10-28,1.2915,3.6855,1.3195,5.2452
2009-10-29,1.2917,3.6818,1.3195,5.2502
2009-10-30,1.3007,3.6886,1.3227,5.2499
2009-11-02,1.3025,3.6920,1.3271,5.2501
2009-11-03,1.2725,3.6944,1.3231,5.2502
2009-11-04,1.2727,3.7038,1.3237,5.2209
2009-11-05,1.2936,3.7247,1.3265,5.2200
2009-11-06,1.2286,3.7303,1.3170,5.2050
2009-11-09,1.2285,3.7313,1.3250,5.2252
2009-11-10,1.2287,3.7281,1.3261,5.2254
2009-11-11,1.2323,3.6988,1.3266,5.2354
2009-11-12,1.2350,3.6918,1.3282,5.2387
2009-11-13,1.2261,3.6921,1.3259,5.2417
2009-11-16,1.2176,3.6927,1.3429,5.2700
2009-11-17,1.2340,3.6956,1.3396,5.2400
2009-11-18,1.2362,3.6885,1.3228,5.2100
2009-11-19,1.2384,3.6866,1.3237,5.2104
2009-11-20,1.2254,3.6648,1.3208,5.1904
2009-11-23,1.2144,3.6703,1.3281,5.1916
2009-11-24,1.2214,3.6504,1.3203,5.1920
2009-11-25,1.2210,3.6510,1.3211,5.1620
2009-11-26,1.2170,3.6459,1.3243,5.1520
2009-11-27,1.2231,3.5759,1.3194,5.1517
2009-11-30,1.2171,3.5569,1.3258,5.1500
2009-12-01,1.2157,3.5723,1.3345,5.1558
2009-12-02,1.2137,3.5725,1.3352,5.1643
2009-12-03,1.2158,3.5929,1.3369,5.1593
2009-12-04,1.2149,3.5983,1.3411,5.1770
2009-12-07,1.2122,3.6200,1.3454,5.1773
2009-12-08,1.2161,3.6292,1.3467,5.1870
2009-12-09,1.2163,3.6251,1.3450,5.1670
2009-12-10,1.2177,3.6258,1.3487,5.1673
2009-12-11,1.2221,3.6257,1.3398,5.1670
2009-12-14,1.2207,3.6348,1.3617,5.1397
2009-12-15,1.2089,3.6314,1.3662,5.1274
2009-12-16,1.2040,3.6339,1.3676,5.1151
2009-12-17,1.2068,3.6365,1.3692,5.1240
2009-12-18,1.2106,3.6393,1.3392,5.1212
2009-12-21,1.2117,3.6508,1.3752,5.1172
2009-12-22,1.2124,3.6507,1.3768,5.1193
2009-12-23,1.2193,3.6589,1.3746,5.0993
2009-12-24,1.2091,3.6565,1.3736,5.0946
2009-12-25,1.2128,3.6543,1.3903,5.0600
2009-12-28,1.2258,3.6500,1.4009,5.0450
2009-12-29,1.2352,3.6426,1.4022,5.0430
2009-12-30,1.2407,3.6429,1.4037,5.0330
2009-12-31,1.2286,3.6422,1.3970,5.0230
2010-01-04,1.2372,3.6603,1.4107,5.0330
2010-01-05,1.2552,3.6606,1.4088,5.0110
2010-01-06,1.2577,3.6425,1.4106,5.0160
2010-01-07,1.2821,3.6543,1.4126,5.0130
2010-01-08,1.3221,3.6614,1.4095,5.0327
2010-01-11,1.3321,3.6696,1.4163,5.0227
2010-01-12,1.3421,3.6694,1.4426,5.0230
2010-01-13,1.3721,3.7053,1.4788,5.0416
2010-01-14,1.3421,3.6868,1.4562,5.0216
2010-01-15,1.3121,3.6871,1.4560,5.0213
2010-01-18,1.3208,3.6852,1.4693,5.0216
2010-01-19,1.3148,3.6559,1.4661,5.0217
2010-01-20,1.3199,3.6400,1.4657,5.0017
2010-01-21,1.3217,3.6558,1.4675,5.0067
2010-01-22,1.3034,3.6300,1.4662,4.9936
2010-01-25,1.2967,3.6000,1.4486,4.9780
2010-01-26,1.2834,3.5838,1.4171,4.9684
2010-01-27,1.2646,3.5648,1.4078,4.9584
2010-01-28,1.2646,3.5879,1.4200,4.9526
2010-01-29,1.2659,3.5800,1.4104,4.9526
2010-02-01,1.2896,3.5406,1.4233,4.9344
2010-02-02,1.3196,3.4956,1.4163,4.9239
2010-02-03,1.3096,3.4648,1.4181,4.9131
2010-02-04,1.2964,3.5006,1.4207,4.9101
2010-02-05,1.3264,3.4733,1.4094,4.8901
2010-02-08,1.3464,3.4706,1.4061,4.8701
2010-02-09,1.3401,3.4743,1.4038,4.8433
2010-02-10,1.3522,3.4615,1.4158,4.8486
2010-02-11,1.3870,3.4516,1.4096,4.8488
2010-02-12,1.3692,3.4570,1.4165,4.8483
2010-02-20,1.3801,3.4889,1.4204,4.8633
2010-02-21,1.3513,3.4841,1.4170,4.8741
2010-02-22,1.3577,3.5149,1.4183,4.8629
2010-02-23,1.3545,3.5100,1.3812,4.8732
2010-02-24,1.3365,3.4646,1.3794,4.8533
2010-02-25,1.3563,3.4448,1.3843,4.8335
2010-02-26,1.3244,3.3753,1.3777,4.7825
2010-03-01,1.3243,3.3613,1.3892,4.7815
2010-03-02,1.3173,3.3414,1.3604,4.7915
2010-03-03,1.2950,3.3169,1.3677,4.7810
2010-03-04,1.2912,3.3518,1.3747,4.7776
2010-03-05,1.2923,3.3537,1.3716,4.7678
2010-03-08,1.2865,3.3602,1.3661,4.7388
2010-03-09,1.3020,3.3817,1.3719,4.7491
2010-03-10,1.3054,3.4030,1.3718,4.7031
2010-03-11,1.3083,3.4559,1.3725,4.6932
2010-03-12,1.3324,3.4526,1.3720,4.6809
2010-03-15,1.3313,3.4484,1.3724,4.6767
2010-03-16,1.3359,3.4331,1.3689,4.6800
2010-03-17,1.3398,3.3829,1.3625,4.7127
2010-03-18,1.3495,3.3639,1.3628,4.7016
2010-03-19,1.3195,3.3805,1.3469,4.6862
2010-03-22,1.3270,3.4216,1.3478,4.6936
2010-03-23,1.3268,3.4062,1.3482,4.6938
2010-03-24,1.3270,3.3961,1.3484,4.6821
2010-03-25,1.3270,3.4168,1.3494,4.6898
2010-03-26,1.2770,3.4582,1.3620,4.7096
2010-03-29,1.2456,3.4784,1.4144,4.7101
2010-03-30,1.2095,3.4959,1.4216,4.7224
2010-03-31,1.2112,3.4818,1.4136,4.7025
2010-04-01,1.2123,3.4742,1.4270,4.7027
2010-04-02,1.2062,3.4800,1.4330,4.6527
2010-04-06,1.2123,3.5021,1.4357,4.6521
2010-04-07,1.2466,3.5182,1.4167,4.6573
2010-04-08,1.2374,3.5549,1.4686,4.6772
2010-04-09,1.3000,3.5468,1.5168,4.6773
2010-04-12,1.3250,3.5343,1.4768,4.6780
2010-04-13,1.3440,3.5031,1.4500,4.6539
2010-04-14,1.3435,3.5043,1.4023,4.6541
2010-04-15,1.3447,3.5071,1.4061,4.6500
2010-04-16,1.3276,3.4813,1.4661,4.6598
2010-04-19,1.3147,3.4116,1.4548,4.6455
2010-04-20,1.3460,3.4086,1.4300,4.6292
2010-04-21,1.3469,3.4354,1.3980,4.6220
2010-04-22,1.3473,3.4093,1.3950,4.6194
2010-04-23,1.3280,3.4106,1.4136,4.6246
2010-04-26,1.3294,3.3715,1.4124,4.6000
2010-04-27,1.3294,3.3768,1.4141,4.5800
2010-04-28,1.3297,3.3456,1.4157,4.5900
2010-04-29,1.3245,3.3607,1.4239,4.5800
2010-04-30,1.3186,3.3565,1.4404,4.5701
2010-05-04,1.3183,3.3826,1.4317,4.5901
2010-05-05,1.3113,3.3636,1.4292,4.5801
2010-05-06,1.3067,3.3485,1.4543,4.5701
2010-05-07,1.3095,3.2721,1.4197,4.5601
2010-05-10,1.2996,3.3027,1.4244,4.5588
2010-05-11,1.2939,3.2983,1.4544,4.5589
2010-05-12,1.2955,3.2781,1.4344,4.5590
2010-05-13,1.3149,3.2686,1.4350,4.5600
2010-05-14,1.3731,3.2687,1.5250,4.5654
2010-05-17,1.3706,3.2257,1.5346,4.5612
2010-05-18,1.3707,3.2118,1.5469,4.5261
2010-05-19,1.3709,3.1865,1.5639,4.4693
2010-05-20,1.4209,3.2078,1.5660,4.4592
2010-05-21,1.4730,3.1972,1.6026,4.4541
2010-05-24,1.5260,3.2277,1.6101,4.4698
2010-05-25,1.5563,3.2030,1.6461,4.4700
2010-05-26,1.6375,3.2272,1.6976,4.4703
2010-05-27,1.6800,3.2416,1.7300,4.4906
2010-05-28,1.7066,3.2529,1.7310,4.5003
2010-05-31,1.7090,3.2430,1.7332,4.4801
2010-06-01,1.7640,3.2726,1.7837,4.4803
2010-06-02,1.7802,3.2748,1.7841,4.4883
2010-06-03,1.7700,3.2478,1.7845,4.4786
2010-06-04,1.7274,3.2512,1.7835,4.4814
2010-06-07,1.6887,3.2260,1.7164,4.4724
2010-06-08,1.7046,3.2432,1.7221,4.4727
2010-06-09,1.7206,3.2845,1.7424,4.4427
2010-06-10,1.7402,3.2891,1.7734,4.4127
2010-06-11,1.8602,3.3320,1.9234,4.4137
2010-06-12,1.8624,3.3282,1.9134,4.4089
2010-06-13,1.8790,3.3282,1.9107,4.4191
2010-06-17,1.8963,3.3296,1.9333,4.3899
2010-06-18,1.9582,3.3836,2.0297,4.3999
2010-06-21,2.0470,3.3925,2.0826,4.3959
2010-06-22,2.0472,3.3807,2.0620,4.3823
2010-06-23,2.0762,3.4129,2.0820,4.3936
2010-06-24,2.0915,3.4179,2.1022,4.3971
2010-06-25,2.1039,3.3822,2.1245,4.3938
2010-06-28,2.0583,3.3435,2.0806,4.3854
2010-06-29,2.0739,3.2909,2.1014,4.3756
2010-06-30,2.0883,3.2790,2.1017,4.3659
2010-07-01,2.0649,3.2848,2.0717,4.3682
2010-07-02,2.0853,3.2665,2.0877,4.3664
2010-07-05,2.0903,3.2517,2.0923,4.3454
2010-07-06,2.0585,3.2168,2.0673,4.3252
2010-07-07,2.0271,3.2233,2.0293,4.3247
2010-07-08,1.9581,3.2382,1.9616,4.3263
2010-07-09,1.8801,3.2347,1.9216,4.3294
2010-07-12,1.7801,3.2146,1.8564,4.3296
2010-07-13,1.5932,3.1767,1.7764,4.3381
2010-07-14,1.5112,3.1744,1.7700,4.3210
2010-07-15,1.5115,3.1817,1.7522,4.3030
2010-07-16,1.5185,3.1976,1.7656,4.3035
2010-07-19,1.4985,3.1901,1.7455,4.3074
2010-07-20,1.5285,3.2086,1.7469,4.2882
2010-07-21,1.5291,3.2144,1.7606,4.2875
2010-07-22,1.5491,3.2161,1.7721,4.2659
2010-07-23,1.5351,3.2528,1.7999,4.2665
2010-07-26,1.5300,3.2813,1.7800,4.2648
2010-07-27,1.5153,3.2816,1.8127,4.2633
2010-07-28,1.5057,3.2982,1.8232,4.2605
2010-07-29,1.5107,3.2993,1.8256,4.2635
2010-07-30,1.5064,3.2996,1.8551,4.2802
2010-08-02,1.5253,3.3131,1.8470,4.2845
2010-08-03,1.5460,3.3105,1.8390,4.2787
2010-08-04,1.5397,3.2971,1.8339,4.2735
2010-08-05,1.5451,3.2967,1.8307,4.2720
2010-08-06,1.5350,3.2922,1.8315,4.2939
2010-08-09,1.5308,3.2975,1.8200,4.2841
2010-08-10,1.5259,3.2972,1.8200,4.2869
2010-08-11,1.5258,3.2685,1.8248,4.2872
2010-08-12,1.5265,3.2230,1.8285,4.2577
2010-08-13,1.5565,3.2374,1.8392,4.2167
2010-08-16,1.5562,3.2504,1.8000,4.1936
2010-08-17,1.5564,3.2461,1.7891,4.1840
2010-08-18,1.5467,3.2450,1.7909,4.1649
2010-08-19,1.5369,3.2501,1.7900,4.1600
2010-08-20,1.5718,3.2389,1.7806,4.1402
2010-08-23,1.5595,3.2346,1.7800,4.1407
2010-08-24,1.5594,3.2229,1.7708,4.1409
2010-08-25,1.5600,3.2154,1.7656,4.1509
2010-08-26,1.6000,3.2322,1.7792,4.1609
2010-08-27,1.6200,3.2379,1.8230,4.1611
2010-08-30,1.6558,3.2304,1.8501,4.1600
2010-08-31,1.6862,3.2301,1.8718,4.1800
2010-09-01,1.7162,3.2358,1.8400,4.1802
2010-09-02,1.7207,3.2418,1.8200,4.1502
2010-09-03,1.7272,3.2406,1.8235,4.1502
2010-09-06,1.7376,3.2580,1.8335,4.1657
2010-09-07,1.7023,3.2739,1.8387,4.1763
2010-09-08,1.7415,3.2632,1.8237,4.1715
2010-09-09,1.7765,3.2681,1.8300,4.1766
2010-09-10,1.7265,3.2989,1.8274,4.1817
2010-09-13,1.7317,3.3251,1.8278,4.1921
2010-09-14,1.7617,3.3205,1.8449,4.1922
2010-09-15,1.7726,3.3443,1.8450,4.1992
2010-09-16,1.7486,3.3401,1.8565,4.2226
2010-09-17,1.7572,3.3504,1.8639,4.2226
2010-09-19,1.7575,3.3500,1.8654,4.2228
2010-09-20,1.7787,3.3388,1.8800,4.2229
2010-09-21,1.8003,3.3391,1.8743,4.2429
2010-09-25,1.8388,3.3387,1.8748,4.2439
2010-09-26,1.8508,3.3428,1.8737,4.2480
2010-09-27,1.8598,3.3378,1.8728,4.2630
2010-09-28,1.8671,3.3371,1.8726,4.2789
2010-09-29,1.8771,3.3310,1.8824,4.2989
2010-09-30,1.8546,3.3183,1.8884,4.3021
2010-10-08,1.8464,3.3342,1.8941,4.3150
2010-10-09,1.8396,3.3584,1.8958,4.3250
2010-10-11,1.8096,3.4040,1.8933,4.3245
2010-10-12,1.8056,3.4179,1.8951,4.3455
2010-10-13,1.8002,3.4271,1.8959,4.3455
2010-10-14,1.7874,3.4275,1.8962,4.3455
2010-10-15,1.7782,3.4247,1.8929,4.3725
2010-10-18,1.7790,3.4182,1.8577,4.3719
2010-10-19,1.7813,3.4205,1.8427,4.3696
2010-10-20,1.8513,3.6201,1.8994,4.5084
2010-10-21,1.8313,3.6370,1.8999,4.5336
2010-10-22,1.8863,3.6358,1.9157,4.5286
2010-10-25,1.8483,3.6407,1.9000,4.5244
2010-10-26,1.8383,3.6944,1.9025,4.5582
2010-10-27,1.8536,3.6975,1.9035,4.5782
2010-10-28,1.8614,3.6863,1.9031,4.5632
2010-10-29,1.8794,3.6821,1.9181,4.5733
2010-11-01,1.8923,3.6941,1.9281,4.5643
2010-11-02,1.8600,3.7497,1.8918,4.5701
2010-11-03,1.8668,3.8113,1.8947,4.6301
2010-11-04,1.8872,3.8434,1.9347,4.6601
2010-11-05,1.8622,3.8458,1.9301,4.6602
2010-11-08,1.8746,3.8392,1.9348,4.6901
2010-11-09,1.8724,3.8445,1.9148,4.7101
2010-11-10,1.8742,3.9204,1.9700,4.7831
2010-11-11,1.9147,3.9530,2.0106,4.8273
2010-11-12,1.9066,3.9534,2.0386,4.8508
2010-11-15,1.9103,3.9450,2.0107,4.8907
2010-11-16,1.8703,3.9065,1.9989,4.8908
2010-11-17,1.8908,3.8600,2.0246,4.8909
2010-11-18,1.9960,3.8336,2.1046,4.8943
2010-11-19,2.0002,3.8700,2.1199,4.9140
2010-11-22,2.1133,3.9161,2.2499,4.9720
2010-11-23,2.2533,3.9317,2.3501,5.0157
2010-11-24,2.3934,3.9533,2.4802,5.0357
2010-11-25,2.5152,3.9674,2.5800,5.0701
2010-11-26,2.7000,4.0123,2.7279,5.0891
2010-11-29,2.7100,3.9959,2.7399,5.0881
2010-11-30,2.7546,3.9710,2.7634,5.1181
2010-12-01,2.7145,3.8919,2.7434,5.1281
2010-12-02,2.6705,3.8609,2.7123,5.1181
2010-12-03,2.6756,3.8699,2.7100,5.1258
2010-12-06,2.5809,3.8696,2.6693,5.1090
2010-12-07,2.5698,3.8435,2.6715,5.0892
2010-12-08,2.5514,3.8609,2.6417,5.0825
2010-12-09,2.6081,3.9023,2.6933,5.1115
2010-12-10,2.6858,3.8888,2.7533,5.1206
2010-12-13,2.7343,3.8509,2.8046,5.1347
2010-12-14,2.7581,3.8521,2.8203,5.1460
2010-12-15,2.8921,3.8150,2.9272,5.1460
2010-12-16,2.9081,3.8044,2.9275,5.1398
2010-12-17,2.8881,3.8058,2.9694,5.1291
2010-12-20,2.9406,3.7850,3.0206,5.1285
2010-12-21,2.9766,3.7956,3.0406,5.1185
2010-12-22,3.0976,3.8004,3.1603,5.1085
2010-12-23,3.2234,3.8108,3.2405,5.1085
2010-12-24,3.5234,3.8136,3.3394,5.1126
2010-12-27,3.5362,3.8913,3.3654,5.1626
2010-12-28,3.5416,3.9118,3.3654,5.1832
2010-12-29,3.3427,3.9019,3.3458,5.1733
2010-12-30,3.1498,3.8800,3.2658,5.1634
2010-12-31,3.0672,3.8799,3.1770,5.1385
2011-01-04,2.9634,3.8606,3.0288,5.1186
2011-01-05,2.8693,3.8132,2.9250,5.0708
2011-01-06,2.8426,3.8339,2.8998,5.0518
2011-01-07,2.8012,3.8237,2.8402,5.0269
2011-01-10,2.8100,3.8449,2.8655,5.0370
2011-01-11,2.8061,3.8703,2.8522,5.0620
2011-01-12,2.7735,3.8550,2.7818,5.0481
2011-01-13,2.7251,3.8831,2.7797,5.0732
2011-01-14,2.6990,3.9156,2.7893,5.0960
2011-01-17,2.7530,3.9651,2.8207,5.1010
2011-01-18,2.8030,3.9954,2.8544,5.1420
2011-01-19,2.9906,3.9752,2.9125,5.1653
2011-01-20,3.1306,3.9749,3.0321,5.1963
2011-01-21,3.2926,3.9837,3.0749,5.1925
2011-01-24,3.2100,3.9918,3.1076,5.1949
2011-01-25,3.3369,4.0152,3.1988,5.2146
2011-01-26,3.3465,3.9991,3.2018,5.2304
2011-01-27,3.3169,4.0058,3.2118,5.2349
2011-01-28,3.2857,4.0096,3.1854,5.2335
2011-01-30,3.2937,4.0100,3.1899,5.2339
2011-01-31,3.2970,4.0187,3.1500,5.2439
2011-02-01,3.2255,4.0186,3.1293,5.2436
2011-02-09,3.1715,4.1006,3.1763,5.2936
2011-02-10,3.0915,4.1158,3.1676,5.3187
2011-02-11,2.9915,4.1062,3.0676,5.3854
2011-02-12,2.9605,4.1087,3.0476,5.4004
2011-02-14,2.8105,4.0552,2.9660,5.4041
2011-02-15,2.7477,4.0454,2.9071,5.4141
2011-02-16,2.7717,4.0450,2.9159,5.4243
2011-02-17,2.8017,4.0449,2.8966,5.4375
2011-02-18,2.7675,4.0450,2.8841,5.4405
2011-02-21,2.9239,4.0702,2.9731,5.4865
2011-02-22,2.9244,4.0400,2.9762,5.4865
2011-02-23,2.7444,3.9946,2.9477,5.4765
2011-02-24,2.6753,3.9132,2.8477,5.4488
2011-02-25,2.6268,3.9566,2.8321,5.4558
2011-02-28,2.6208,3.9314,2.7864,5.4628
2011-03-01,2.5369,3.9259,2.7568,5.4678
2011-03-02,2.4840,3.9233,2.6918,5.4625
2011-03-03,2.4596,3.9279,2.6161,5.4558
2011-03-04,2.4785,3.9388,2.5988,5.4555
2011-03-07,2.3985,3.9351,2.6000,5.4586
2011-03-08,2.4028,3.9078,2.5903,5.4544
2011-03-09,2.3706,3.8879,2.5680,5.4413
2011-03-10,2.3706,3.9321,2.6162,5.4713
2011-03-11,2.4704,3.9328,2.6660,5.4813
2011-03-14,2.4700,3.9074,2.6787,5.4913
2011-03-15,2.4741,3.8659,2.6616,5.5013
2011-03-16,2.4930,3.8600,2.6960,5.5013
2011-03-17,2.4799,3.8326,2.6928,5.5013
2011-03-18,2.5000,3.8489,2.7015,5.5058
2011-03-21,2.5712,3.8774,2.7219,5.5170
2011-03-22,2.5758,3.8987,2.7209,5.5175
2011-03-23,2.6076,3.9037,2.6897,5.5052
2011-03-24,2.6100,3.8762,2.6731,5.5084
2011-03-25,2.6019,3.8714,2.6741,5.5191
2011-03-28,2.6262,3.8807,2.6919,5.5202
2011-03-29,2.5939,3.9044,2.6975,5.5206
2011-03-30,2.5883,3.9069,2.7039,5.5220
2011-03-31,2.6179,3.9120,2.7008,5.5312
2011-04-01,2.6197,3.9126,2.6967,5.5339
2011-04-02,2.6012,3.9078,2.6939,5.5367
2011-04-06,2.6342,3.9203,2.7161,5.5482
2011-04-07,2.6588,3.9167,2.7517,5.5484
2011-04-08,2.6150,3.9081,2.7217,5.5437
2011-04-11,2.6085,3.8928,2.7273,5.5416
2011-04-12,2.6044,3.8700,2.7272,5.5318
2011-04-13,2.5758,3.8703,2.7000,5.5444
2011-04-14,2.5419,3.8707,2.6857,5.5331
2011-04-15,2.5539,3.8709,2.7014,5.5030
2011-04-18,2.5487,3.8960,2.7070,5.4830
2011-04-19,2.5559,3.8911,2.6775,5.4580
2011-04-20,2.5868,3.8913,2.6856,5.4693
2011-04-21,2.6020,3.8912,2.7084,5.4802
2011-04-22,2.6013,3.8966,2.6969,5.4805
2011-04-25,2.6425,3.8961,2.7397,5.4830
2011-04-26,2.6629,3.8960,2.7527,5.4931
2011-04-27,2.6318,3.8812,2.7094,5.4934
2011-04-28,2.5728,3.8700,2.7163,5.4949
2011-04-29,2.5789,3.8713,2.7149,5.4767
2011-05-03,2.6131,3.8752,2.7257,5.4932
2011-05-04,2.6135,3.8772,2.7200,5.4733
2011-05-05,2.6137,3.8715,2.7100,5.4683
2011-05-06,2.5846,3.8308,2.7072,5.4286
2011-05-09,2.6156,3.8378,2.7261,5.4278
2011-05-10,2.6172,3.8326,2.7378,5.4064
2011-05-11,2.6027,3.8334,2.7394,5.4014
2011-05-12,2.5954,3.8211,2.7367,5.3886
2011-05-13,2.7140,3.8363,2.8867,5.4026
2011-05-16,2.7550,3.8432,2.9009,5.4235
2011-05-17,2.7574,3.8318,2.8977,5.4038
2011-05-18,2.7500,3.8338,2.8777,5.4040
2011-05-19,2.7521,3.8309,2.8846,5.4140
2011-05-20,2.7924,3.8429,2.9520,5.4080
2011-05-23,2.8606,3.8400,2.9520,5.4227
2011-05-24,2.8806,3.8414,2.9937,5.4230
2011-05-25,2.9000,3.8382,2.9924,5.4137
2011-05-26,2.9047,3.8352,2.9853,5.4037
2011-05-27,2.8767,3.8217,2.9253,5.3940
2011-05-30,2.8874,3.8256,2.9286,5.4147
2011-05-31,2.9062,3.8311,2.9427,5.4372
2011-06-01,2.9041,3.8311,2.9451,5.4497
2011-06-02,2.9039,3.8337,2.9565,5.4485
2011-06-03,2.9060,3.8337,2.9506,5.4685
2011-06-07,2.9261,3.8341,2.9639,5.5019
2011-06-08,2.9461,3.8572,2.9876,5.5222
2011-06-09,2.9611,3.8726,3.0012,5.5372
2011-06-10,2.9811,3.8940,3.0063,5.5672
2011-06-13,2.9961,3.9036,3.0170,5.5932
2011-06-14,3.0461,3.9406,3.0722,5.6092
2011-06-15,3.2261,3.9986,3.2628,5.6432
2011-06-16,3.3801,3.9839,3.4579,5.6560
2011-06-17,3.5340,3.9803,3.5905,5.6565
2011-06-20,3.5183,3.9413,3.5500,5.6572
2011-06-21,3.5332,3.9003,3.5462,5.6402
2011-06-22,3.5780,3.9555,3.5949,5.6402
2011-06-23,3.6398,3.9691,3.6240,5.6405
2011-06-24,3.5736,3.8963,3.5800,5.6408
2011-06-27,3.4355,3.8703,3.4370,5.6298
2011-06-28,3.4080,3.8800,3.4244,5.6058
2011-06-29,3.4000,3.8833,3.4444,5.6218
2011-06-30,3.3902,3.8857,3.4127,5.6418
2011-07-01,3.3477,3.8775,3.3500,5.6418
2011-07-04,3.2927,3.8842,3.2970,5.6428
2011-07-05,3.2927,3.8909,3.2828,5.6428
2011-07-06,3.2592,3.9116,3.2709,5.6413
2011-07-07,3.2773,3.9021,3.2969,5.6613
2011-07-08,3.1996,3.8881,3.2561,5.6513
2011-07-11,3.1759,3.8923,3.2251,5.6626
2011-07-12,3.1701,3.8899,3.2163,5.6479
2011-07-13,3.2000,3.8913,3.2763,5.6482
2011-07-14,3.2541,3.9204,3.3363,5.6782
2011-07-15,3.0993,3.9278,3.2930,5.7082
2011-07-18,3.1619,3.9558,3.3550,5.7142
2011-07-19,3.2410,4.0088,3.4309,5.7442
2011-07-20,3.4429,4.0715,3.5232,5.7942
2011-07-21,3.4488,4.0889,3.6000,5.8096
2011-07-22,3.3379,4.0671,3.6081,5.8396
2011-07-25,3.3375,4.0663,3.6257,5.8396
2011-07-26,3.3644,4.0753,3.6407,5.8396
2011-07-27,3.3951,4.0855,3.6766,5.8421
2011-07-28,3.3381,4.0627,3.6167,5.8551
2011-07-29,3.2995,4.0477,3.5766,5.8554
2011-08-01,3.3170,4.0502,3.5937,5.8761
2011-08-02,3.3200,4.0615,3.5928,5.8761
2011-08-03,3.3228,4.1201,3.6100,5.8961
2011-08-04,3.3424,4.0911,3.6103,5.9161
2011-08-05,3.3265,4.0423,3.5891,5.8861
2011-08-08,3.2965,4.0007,3.5305,5.8961
2011-08-09,3.2468,3.9554,3.4797,5.8861
2011-08-10,3.2268,3.9639,3.4544,5.8889
2011-08-11,3.2256,3.9291,3.4406,5.8889
2011-08-12,3.2087,3.9268,3.4114,5.9089
2011-08-15,3.1800,3.9231,3.4113,5.9089
2011-08-16,3.2142,3.9492,3.4524,5.8939
2011-08-17,3.2142,3.9432,3.5060,5.8790
2011-08-18,3.2562,3.9560,3.5439,5.8842
2011-08-19,3.2492,3.9331,3.5285,5.8647
2011-08-22,3.2642,3.9325,3.5407,5.8652
2011-08-23,3.2862,3.9356,3.5277,5.8655
2011-08-24,3.2922,3.9501,3.5442,5.8757
2011-08-25,3.3010,3.9750,3.5591,5.9007
2011-08-26,3.3160,3.9886,3.5743,5.9121
2011-08-29,3.4360,4.0994,3.6979,5.9921
2011-08-30,3.5836,4.1303,3.8323,6.0421
2011-08-31,3.6175,4.1050,3.8444,6.0421
2011-09-01,3.6284,4.0708,3.8137,6.0222
2011-09-02,3.5943,4.0700,3.8232,6.0230
2011-09-05,3.5793,4.0501,3.8203,6.0260
2011-09-06,3.6135,4.0107,3.7976,6.0310
2011-09-07,3.6189,4.0500,3.7794,6.0610
2011-09-08,3.6285,4.0650,3.8006,6.0910
2011-09-09,3.5834,4.0452,3.7763,6.1109
2011-09-13,3.5830,4.0208,3.7386,6.1113
2011-09-14,3.5444,4.0210,3.7889,6.1112
2011-09-15,3.5159,4.0495,3.8026,6.1270
2011-09-16,3.5173,4.0752,3.9201,6.1328
2011-09-19,3.5701,4.0801,3.8429,6.1324
2011-09-20,3.5846,4.0801,3.8440,6.1224
2011-09-21,3.5368,4.0908,3.8443,6.1283
2011-09-22,3.5150,4.0676,3.8193,6.1284
2011-09-23,3.5001,3.9662,3.6654,6.1282
2011-09-26,3.4378,3.8878,3.5203,6.1287
2011-09-27,3.4553,3.9158,3.5269,6.1288
2011-09-28,3.4301,3.9203,3.5232,6.1289
2011-09-29,3.4114,3.8840,3.4817,6.1290
2011-09-30,3.3724,3.8605,3.4729,6.1281
2011-10-08,3.3916,3.8605,3.4748,6.1248
2011-10-09,3.3867,3.8056,3.4482,6.1248
2011-10-10,3.3458,3.7706,3.4261,6.1229
2011-10-11,3.3203,3.7593,3.3739,6.1229
2011-10-12,3.1960,3.8005,3.2040,6.1327
2011-10-13,3.1380,3.8205,3.1479,6.1125
2011-10-14,3.0708,3.7707,3.1106,6.0825
2011-10-17,3.1002,3.7906,3.1289,6.0525
2011-10-18,3.0638,3.7407,3.1173,6.0125
2011-10-19,3.0898,3.7311,3.0983,5.7768
2011-10-20,3.0651,3.7266,3.1020,5.6674
2011-10-21,3.0490,3.7385,3.0937,5.6374
2011-10-24,3.0861,3.7533,3.1146,5.6374
2011-10-25,3.1027,3.7960,3.1314,5.6588
2011-10-26,3.1027,3.7918,3.1129,5.6890
2011-10-27,3.1129,3.8032,3.1273,5.6897
2011-10-28,3.1333,3.7870,3.1389,5.7067
2011-10-31,3.1207,3.7607,3.1232,5.6906
2011-11-01,3.0648,3.7395,3.0884,5.6811
2011-11-02,3.0459,3.7208,3.0585,5.6578
2011-11-03,2.9880,3.7233,2.9889,5.6361
2011-11-04,2.9635,3.7158,2.9693,5.6259
2011-11-07,2.9583,3.7333,2.9643,5.5991
2011-11-08,2.8233,3.6988,2.8363,5.5691
2011-11-09,2.5499,3.6436,2.6072,5.5691
2011-11-10,2.5258,3.5563,2.5272,5.5069
2011-11-11,2.5425,3.5916,2.5432,5.4603
2011-11-14,2.4654,3.5807,2.4932,5.4803
2011-11-15,2.4915,3.6563,2.4932,5.4903
2011-11-16,2.5118,3.6260,2.5213,5.5103
2011-11-17,2.5522,3.6360,2.5553,5.5567
2011-11-18,2.5637,3.6412,2.5668,5.5121
2011-11-21,2.6196,3.6598,2.6380,5.5405
2011-11-22,2.6405,3.6412,2.6430,5.5555
2011-11-23,2.6458,3.5914,2.6483,5.5423
2011-11-24,2.6310,3.6103,2.6416,5.5270
2011-11-25,2.6719,3.6115,2.6766,5.5131
2011-11-28,2.6785,3.6402,2.6802,5.5077
2011-11-29,2.6861,3.6315,2.6802,5.5331
2011-11-30,2.7057,3.6091,2.7030,5.5336
2011-12-01,2.5098,3.5005,2.5034,5.3875
2011-12-02,2.5313,3.4720,2.5377,5.2875
2011-12-05,2.4959,3.4420,2.4948,5.2800
2011-12-06,2.5616,3.4790,2.5609,5.2800
2011-12-07,2.5815,3.4890,2.5829,5.2500
2011-12-08,2.5815,3.4953,2.5833,5.2414
2011-12-09,2.5939,3.4817,2.5956,5.2414
2011-12-12,2.5940,3.4927,2.5941,5.2414
2011-12-13,2.6040,3.4982,2.5841,5.2484
2011-12-14,2.6140,3.4807,2.5841,5.2385
2011-12-15,2.6147,3.4890,2.5661,5.2284
2011-12-16,2.6165,3.4637,2.5727,5.2184
2011-12-19,2.6265,3.4702,2.5743,5.2176
2011-12-20,2.6207,3.4655,2.5643,5.2176
2011-12-21,2.6431,3.4709,2.5922,5.2076
2011-12-22,2.6814,3.4752,2.6409,5.1876
2011-12-23,2.7116,3.4803,2.6603,5.1941
2011-12-26,2.7106,3.4653,2.6502,5.1898
2011-12-27,2.7302,3.4603,2.6502,5.1965
2011-12-28,2.7398,3.4603,2.6428,5.1954
2011-12-29,2.7395,3.4453,2.6605,5.1951
2011-12-30,2.7492,3.4303,2.6641,5.1803
2011-12-31,2.7403,3.4211,2.6761,5.1813
2012-01-04,2.7476,3.4395,2.6590,5.1802
2012-01-05,2.7581,3.4304,2.6899,5.1627
2012-01-06,2.7455,3.3970,2.6345,5.1274
2012-01-09,2.7138,3.3806,2.6576,5.0834
2012-01-10,2.7101,3.4030,2.6515,4.9992
2012-01-11,2.7400,3.4208,2.7453,4.9021
2012-01-12,2.7400,3.4020,2.7457,4.8621
2012-01-13,2.7400,3.4108,2.7544,4.8715
2012-01-16,2.7972,3.4233,2.7854,4.8715
2012-01-17,2.8056,3.4045,2.7953,4.8615
2012-01-18,2.8527,3.3957,2.7978,4.8615
2012-01-19,2.8824,3.3758,2.7053,4.8515
2012-01-20,2.8977,3.3808,2.7103,4.8515
2012-01-21,2.8960,3.3811,2.7053,4.8515
2012-01-29,2.8984,3.3812,2.6823,4.8515
2012-01-30,2.8786,3.4005,2.6824,4.8215
2012-01-31,2.9083,3.4064,2.7081,4.7815
2012-02-01,2.9182,3.4318,2.7364,4.8115
2012-02-02,2.9624,3.4410,2.7361,4.8365
2012-02-03,2.9623,3.4360,2.7352,4.8365
2012-02-06,2.9667,3.4785,2.7275,4.8415
2012-02-07,2.9650,3.4810,2.6866,4.8415
2012-02-08,3.0619,3.5098,2.7663,4.8765
2012-02-09,3.0674,3.5409,2.8690,4.9035
2012-02-10,3.0343,3.5210,2.8626,4.9045
2012-02-13,3.0515,3.5148,2.8583,4.8935
2012-02-14,3.0888,3.5160,2.8502,4.8835
2012-02-15,3.0654,3.5335,2.9256,4.8935
2012-02-16,3.0633,3.5361,2.9256,4.9035
2012-02-17,3.1065,3.5361,2.9412,4.9347
2012-02-20,3.0706,3.5116,2.9051,4.8838
2012-02-21,3.0771,3.5164,2.9002,4.8838
2012-02-22,2.9211,3.5276,2.9002,4.8878
2012-02-23,2.9611,3.5254,2.8797,4.8878
2012-02-24,2.9466,3.5164,2.8962,4.9078
2012-02-27,2.9682,3.5501,2.9247,4.8986
2012-02-28,2.9673,3.5464,2.9196,4.9050
2012-02-29,2.9646,3.5340,2.9202,4.9466
2012-03-01,2.9651,3.5500,2.9197,4.9676
2012-03-02,2.9657,3.5616,2.9186,4.9876
2012-03-05,2.9769,3.5614,2.9082,5.0076
2012-03-06,2.9533,3.5465,2.8782,5.0076
2012-03-07,2.8993,3.5316,2.8583,4.9963
2012-03-08,2.8996,3.5316,2.8572,4.9932
2012-03-09,2.8956,3.5367,2.8561,4.9952
2012-03-12,2.8648,3.5242,2.8261,4.9881
2012-03-13,2.8594,3.5401,2.8208,4.9919
2012-03-14,2.8593,3.5451,2.8210,4.9993
2012-03-15,2.8588,3.5589,2.8211,4.9793
2012-03-16,2.8636,3.5483,2.8211,4.9801
2012-03-19,2.8496,3.5590,2.8311,5.0076
2012-03-20,2.8399,3.5601,2.8311,5.0366
2012-03-21,2.8396,3.5608,2.8316,5.0716
2012-03-22,2.8347,3.5502,2.8315,5.1020
2012-03-23,2.8354,3.5267,2.8277,5.1020
2012-03-26,2.8299,3.5247,2.8284,5.1117
2012-03-27,2.8299,3.5403,2.8289,5.1083
2012-03-28,2.8034,3.5223,2.8228,5.1065
2012-03-29,2.7755,3.5143,2.7718,5.1158
2012-03-30,2.7559,3.5054,2.7682,5.1458
2012-03-31,2.7562,3.5004,2.7685,5.1508
2012-04-01,2.7662,3.5204,2.7701,5.1508
2012-04-05,2.7710,3.5191,2.7754,5.1562
2012-04-06,2.7698,3.5203,2.7830,5.1562
2012-04-09,2.7766,3.5352,2.7857,5.1731
2012-04-10,2.7569,3.5366,2.7794,5.1651
2012-04-11,2.7569,3.5308,2.7751,5.1691
2012-04-12,2.7569,3.5407,2.7715,5.1656
2012-04-13,2.7539,3.5277,2.7715,5.1956
2012-04-16,2.7575,3.5318,2.7614,5.1956
2012-04-17,2.7676,3.5291,2.7714,5.1922
2012-04-18,2.7574,3.5366,2.7614,5.1923
2012-04-19,2.7441,3.5518,2.7642,5.1926
2012-04-20,2.7447,3.5414,2.7511,5.1926
2012-04-23,2.7389,3.5407,2.7591,5.2016
2012-04-24,2.7396,3.5302,2.7514,5.2069
2012-04-25,2.7712,3.5369,2.7814,5.2000
2012-04-26,2.7668,3.5357,2.7879,5.2008
2012-04-27,2.7652,3.5389,2.7925,5.2008
2012-04-28,2.7637,3.5391,2.7903,5.2010
2012-05-02,2.7624,3.5449,2.7780,5.2069
2012-05-03,2.7733,3.5454,2.7840,5.2070
2012-05-04,2.7617,3.5512,2.7871,5.2070
2012-05-07,2.7477,3.5518,2.7866,5.2070
2012-05-08,2.7557,3.5520,2.7729,5.2170
2012-05-09,2.7300,3.5414,2.7500,5.2270
2012-05-10,2.7001,3.5287,2.7025,5.2170
2012-05-11,2.6421,3.4907,2.6451,5.2217
2012-05-14,2.3700,3.4461,2.3700,5.1777
2012-05-15,2.3998,3.4050,2.3616,5.0842
2012-05-16,2.4280,3.3618,2.3679,5.0542
2012-05-17,2.3713,3.4116,2.3437,5.0342
2012-05-18,2.3368,3.3614,2.3277,5.0009
2012-05-21,2.2900,3.3866,2.2930,4.9729
2012-05-22,2.2770,3.3948,2.2894,4.9829
2012-05-23,2.2556,3.3825,2.2814,4.9829
2012-05-24,2.2056,3.3619,2.2159,4.9708
2012-05-25,2.1756,3.3019,2.1825,4.9680
2012-05-28,2.1819,3.3418,2.1959,4.9457
2012-05-29,2.1870,3.3718,2.1990,4.9357
2012-05-30,2.2189,3.3766,2.2134,4.9507
2012-05-31,2.1700,3.3443,2.1800,4.9507
2012-06-01,2.1633,3.3416,2.1701,4.9657
2012-06-04,2.1593,3.3469,2.1638,4.9657
2012-06-05,2.1482,3.3568,2.1540,4.9657
2012-06-06,2.1600,3.3600,2.1624,4.9714
2012-06-07,2.1655,3.3751,2.1760,4.9714
2012-06-08,2.1205,3.3101,2.1264,4.8826
2012-06-11,2.0711,3.3491,2.1099,4.8588
2012-06-12,2.0619,3.3747,2.1114,4.8592
2012-06-13,2.0826,3.3909,2.1115,4.8595
2012-06-14,2.0832,3.4009,2.1234,4.8795
2012-06-15,2.0832,3.3932,2.0896,4.8803
2012-06-18,2.0832,3.4107,2.0951,4.9142
2012-06-19,2.0849,3.4093,2.1020,4.9442
2012-06-20,2.0856,3.4101,2.1074,4.9642
2012-06-21,2.0823,3.4001,2.0846,4.9742
2012-06-25,2.0808,3.3677,2.1356,4.9817
2012-06-26,2.0810,3.3653,2.1322,4.9945
2012-06-27,2.1110,3.3252,2.1892,4.9885
2012-06-28,2.1004,3.3253,2.2196,4.9783
2012-06-29,2.0991,3.3253,2.2184,4.9888
2012-07-02,2.1034,3.3353,2.2187,4.9881
2012-07-03,2.1162,3.3204,2.2261,4.9882
2012-07-04,2.1058,3.3195,2.2099,4.9782
2012-07-05,2.0773,3.3193,2.2014,4.9580
2012-07-06,2.0404,3.2960,2.1602,4.9197
2012-07-09,2.0132,3.2709,2.1476,4.9035
2012-07-10,1.9847,3.2549,2.1288,4.9035
2012-07-11,1.9799,3.2398,2.1328,4.9020
2012-07-12,1.9699,3.2502,2.1221,4.8820
2012-07-13,1.9674,3.2591,2.1404,4.8720
2012-07-16,1.9903,3.2752,2.1332,4.8720
2012-07-17,2.0105,3.2850,2.1400,4.8820
2012-07-18,2.0567,3.2858,2.1466,4.8821
2012-07-19,2.0484,3.2860,2.1446,4.8821
2012-07-20,2.0893,3.2810,2.1442,4.8771
2012-07-23,2.1189,3.2760,2.1412,4.8787
2012-07-24,2.1389,3.2759,2.1502,4.8749
2012-07-25,2.1446,3.2760,2.1867,4.8816
2012-07-26,2.1510,3.2763,2.2191,4.8866
2012-07-27,2.1358,3.2764,2.2615,4.8666
2012-07-30,2.1592,3.2755,2.2650,4.8722
2012-07-31,2.1992,3.2915,2.2908,4.9172
2012-08-01,2.2118,3.2921,2.3108,4.9412
2012-08-02,2.2166,3.2861,2.3011,4.9537
2012-08-03,2.2518,3.2902,2.4012,4.9737
2012-08-06,2.2749,3.3100,2.4064,4.9837
2012-08-07,2.3049,3.3300,2.4275,4.9837
2012-08-08,2.3143,3.3545,2.4499,5.0067
2012-08-09,2.3362,3.3023,2.4273,5.0167
2012-08-10,2.3062,3.2825,2.4150,5.0067
2012-08-13,2.3172,3.3029,2.4199,5.0014
2012-08-14,2.3568,3.3105,2.4313,5.0010
2012-08-15,2.4051,3.3402,2.4607,4.9910
2012-08-16,2.4262,3.3467,2.4952,4.9934
2012-08-17,2.4762,3.3342,2.5478,5.0104
2012-08-20,2.5662,3.3564,2.6427,5.0224
2012-08-21,2.6216,3.3578,2.6330,5.0274
2012-08-22,2.6328,3.3935,2.6413,5.0394
2012-08-23,2.6528,3.3702,2.6284,5.0498
2012-08-24,2.6469,3.3364,2.6281,5.0598
2012-08-27,2.6069,3.3498,2.6224,5.0642
2012-08-28,2.5469,3.3634,2.5643,5.0669
2012-08-29,2.5469,3.3943,2.5623,5.0719
2012-08-30,2.5269,3.3904,2.5483,5.0719
2012-08-31,2.5269,3.3928,2.5724,5.0619
2012-09-03,2.4995,3.4001,2.5394,5.0319
2012-09-04,2.4879,3.3836,2.5079,5.0269
2012-09-05,2.4888,3.3887,2.5116,5.0169
2012-09-06,2.4927,3.3963,2.5179,5.0119
2012-09-07,2.4933,3.4162,2.5403,5.0170
2012-09-10,2.5230,3.4611,2.5472,5.0470
2012-09-11,2.5035,3.4714,2.5601,5.0670
2012-09-12,2.5948,3.4909,2.6573,5.0870
2012-09-13,2.5977,3.4834,2.6894,5.1070
2012-09-14,2.6571,3.5485,2.7000,5.1370
2012-09-17,2.6934,3.5717,2.7197,5.1670
2012-09-18,2.6892,3.5216,2.7277,5.1970
2012-09-19,2.7193,3.5166,2.7370,5.1920
2012-09-20,2.6954,3.5171,2.7360,5.1619
2012-09-21,2.7027,3.4998,2.7461,5.1419
2012-09-24,2.7215,3.4956,2.7592,5.1419
2012-09-25,2.7129,3.4676,2.7593,5.1319
2012-09-26,2.7131,3.4444,2.7422,5.1319
2012-09-27,2.7184,3.4525,2.7422,5.1219
2012-09-28,2.7160,3.4575,2.7289,5.1219
2012-09-29,2.7201,3.4574,2.7234,5.1220
2012-10-08,2.7025,3.4814,2.7060,5.1370
2012-10-09,2.7203,3.4921,2.7210,5.1420
2012-10-10,2.7067,3.5036,2.6910,5.1220
2012-10-11,2.6936,3.4990,2.6900,5.1020
2012-10-12,2.6820,3.4807,2.6852,5.0820
2012-10-15,2.6894,3.4730,2.6934,5.0673
2012-10-16,2.7231,3.4903,2.7272,5.0729
2012-10-17,2.7703,3.5036,2.7744,5.0529
2012-10-18,2.7845,3.5190,2.7745,5.0329
2012-10-19,2.8934,3.5350,2.8130,5.0405
2012-10-22,2.8854,3.5293,2.8111,5.0205
2012-10-23,2.8994,3.5454,2.8210,5.0413
2012-10-24,2.9074,3.5478,2.8205,5.0613
2012-10-25,2.9275,3.5672,2.8166,5.0813
2012-10-26,2.9440,3.5727,2.8666,5.0912
2012-10-29,2.9203,3.5668,2.9015,5.1006
2012-10-30,2.8683,3.5648,2.8451,5.1006
2012-10-31,2.7921,3.5739,2.8315,5.1006
2012-11-01,2.8290,3.5984,2.8316,5.1008
2012-11-02,2.9290,3.5852,2.8365,5.1108
2012-11-05,2.9090,3.5872,2.8415,5.1240
2012-11-06,2.8994,3.5771,2.8415,5.1374
2012-11-07,2.8793,3.5644,2.8315,5.1374
2012-11-08,2.8816,3.5609,2.8216,5.1424
2012-11-09,2.8784,3.5594,2.8099,5.1424
2012-11-12,2.8795,3.5585,2.8108,5.1374
2012-11-13,2.8871,3.5470,2.8107,5.1274
2012-11-14,2.8838,3.5356,2.8107,5.1474
2012-11-15,2.8576,3.5279,2.8106,5.1424
2012-11-16,2.8573,3.5133,2.8015,5.1478
2012-11-19,2.8534,3.5010,2.8055,5.1478
2012-11-20,2.8277,3.5111,2.8055,5.1480
2012-11-21,2.8241,3.5205,2.8142,5.1480
2012-11-22,2.8290,3.5357,2.8142,5.1482
2012-11-23,2.8155,3.5428,2.8142,5.1433
2012-11-26,2.8255,3.5511,2.8212,5.1533
2012-11-27,2.8355,3.5570,2.8271,5.1535
2012-11-28,2.8453,3.5535,2.8371,5.1635
2012-11-29,2.8577,3.5311,2.8337,5.1727
2012-11-30,2.8617,3.5332,2.8245,5.1727
2012-12-03,2.8664,3.5397,2.8274,5.1707
2012-12-04,2.8913,3.5498,2.8374,5.1807
2012-12-05,2.8923,3.5622,2.8574,5.1934
2012-12-06,2.8714,3.5580,2.8574,5.1935
2012-12-07,2.8714,3.5689,2.8615,5.1925
2012-12-10,2.8714,3.5707,2.8715,5.2025
2012-12-11,2.8715,3.5658,2.8716,5.2075
2012-12-12,2.8716,3.5666,2.8816,5.2102
2012-12-13,2.8416,3.5649,2.8544,5.2102
2012-12-14,2.8162,3.5781,2.8509,5.2102
2012-12-17,2.7941,3.5814,2.8484,5.2152
2012-12-18,2.8141,3.5843,2.8442,5.2152
2012-12-19,2.8141,3.5942,2.8440,5.2352
2012-12-20,2.8341,3.6086,2.8640,5.2492
2012-12-21,2.8342,3.6060,2.8630,5.2692
2012-12-24,2.8503,3.6009,2.8620,5.2792
2012-12-25,2.8480,3.5955,2.8720,5.2842
2012-12-26,2.8530,3.5925,2.8541,5.2942
2012-12-27,2.8475,3.5803,2.8516,5.2912
2012-12-28,2.7882,3.5752,2.8016,5.2884
2012-12-31,2.7821,3.5738,2.7967,5.2889
2013-01-04,2.7876,3.6062,2.7967,5.2989
2013-01-05,2.7486,3.6003,2.7717,5.2967
2013-01-06,2.7178,3.5950,2.7273,5.2867
2013-01-07,2.7277,3.5965,2.7136,5.2767
2013-01-08,2.6878,3.5943,2.6829,5.2717
2013-01-09,2.6975,3.5750,2.6982,5.2717
2013-01-10,2.6973,3.5950,2.7032,5.2817
2013-01-11,2.7016,3.5999,2.7074,5.2917
2013-01-14,2.6369,3.6023,2.6750,5.2917
2013-01-15,2.6467,3.6008,2.6750,5.2917
2013-01-16,2.6319,3.6047,2.6650,5.2921
2013-01-17,2.6301,3.5986,2.6550,5.2911
2013-01-18,2.6084,3.5834,2.6299,5.2861
2013-01-21,2.6117,3.5743,2.6309,5.2911
2013-01-22,2.6191,3.5705,2.6363,5.2911
2013-01-23,2.6664,3.5682,2.6662,5.2765
2013-01-24,2.6764,3.5816,2.6911,5.2715
2013-01-25,2.6636,3.5837,2.7023,5.2665
2013-01-28,2.6633,3.6042,2.7135,5.2615
2013-01-29,2.6744,3.6116,2.7276,5.2617
2013-01-30,2.7028,3.6053,2.7427,5.2516
2013-01-31,2.7132,3.6054,2.7427,5.2417
2013-02-01,2.7086,3.6004,2.7331,5.2366
2013-02-04,2.7134,3.6016,2.7376,5.2366
2013-02-05,2.6937,3.5910,2.7373,5.2316
2013-02-06,2.6835,3.5922,2.7376,5.2366
2013-02-07,2.6842,3.5928,2.7376,5.2369
2013-02-08,2.6793,3.5859,2.7070,5.2269
2013-02-16,2.5493,3.5922,2.6070,5.2269
2013-02-17,2.5442,3.5847,2.5897,5.2219
2013-02-18,2.6001,3.5929,2.6246,5.2239
2013-02-19,2.6101,3.5931,2.6299,5.2139
2013-02-20,2.6100,3.5632,2.6299,5.2039
2013-02-21,2.6067,3.5623,2.6300,5.1839
2013-02-22,2.6174,3.5708,2.6393,5.1755
2013-02-25,2.6274,3.5821,2.6493,5.1655
2013-02-26,2.6774,3.5948,2.6865,5.1779
2013-02-27,2.6674,3.5904,2.6815,5.1779
2013-02-28,2.6874,3.5957,2.7115,5.1779
2013-03-01,2.6962,3.5878,2.7340,5.1779
2013-03-04,2.6991,3.5785,2.7264,5.1778
2013-03-05,2.7070,3.5760,2.7219,5.1743
2013-03-06,2.7004,3.5802,2.7174,5.1754
2013-03-07,2.7071,3.5813,2.7233,5.1779
2013-03-08,2.6975,3.5816,2.7340,5.1784
2013-03-11,2.7345,3.5830,2.7438,5.1784
2013-03-12,2.7346,3.5897,2.7438,5.1834
2013-03-13,2.7347,3.5898,2.7389,5.1884
2013-03-14,2.7347,3.5919,2.7399,5.1953
2013-03-15,2.7216,3.5919,2.7249,5.1753
2013-03-18,2.7097,3.5971,2.7152,5.1653
2013-03-19,2.7097,3.5922,2.7248,5.1703
2013-03-20,2.6997,3.5722,2.6661,5.1672
2013-03-21,2.6996,3.5819,2.6584,5.1675
2013-03-22,2.7107,3.5816,2.6316,5.1678
2013-03-25,2.6701,3.5770,2.5963,5.1687
2013-03-26,2.6701,3.5717,2.6056,5.1787
2013-03-27,2.6700,3.5611,2.6244,5.1787
2013-03-28,2.6699,3.5505,2.6356,5.1687
2013-03-29,2.6658,3.5392,2.6300,5.1687
2013-04-01,2.6677,3.5303,2.6177,5.1784
2013-04-02,2.6581,3.5106,2.6220,5.1784
2013-04-03,2.6485,3.5005,2.6271,5.1491
2013-04-07,2.6356,3.4907,2.6168,5.1391
2013-04-08,2.5862,3.4905,2.5768,5.1391
2013-04-09,2.5812,3.4705,2.5820,5.1122
2013-04-10,2.5809,3.4624,2.5223,5.1022
2013-04-11,2.5654,3.4705,2.5272,5.1122
2013-04-12,2.5677,3.4655,2.5635,5.1072
2013-04-15,2.5844,3.4405,2.5747,5.0972
2013-04-16,2.5742,3.4005,2.5795,5.0874
2013-04-17,2.5793,3.4131,2.5797,5.0874
2013-04-18,2.5746,3.4431,2.5943,5.0972
2013-04-19,2.5919,3.4503,2.6178,5.1172
2013-04-22,2.6108,3.4867,2.6895,5.1472
2013-04-23,2.5628,3.4629,2.7318,5.1572
2013-04-24,2.6122,3.4498,2.7824,5.1622
2013-04-25,2.6466,3.4314,2.7776,5.1487
2013-04-26,2.6417,3.4313,2.7789,5.1287
2013-04-27,2.6368,3.4311,2.7599,5.1237
2013-04-28,2.6307,3.4314,2.7405,5.1238
2013-05-02,2.6134,3.4119,2.7333,5.1137
2013-05-03,2.5901,3.4212,2.6841,5.1088
2013-05-06,2.5952,3.4354,2.7139,5.1144
2013-05-07,2.5902,3.4261,2.7195,5.1219
2013-05-08,2.6124,3.4345,2.7437,5.1319
2013-05-09,2.6642,3.4317,2.7403,5.1093
2013-05-10,2.6612,3.4212,2.7095,5.1044
2013-05-13,2.6844,3.4238,2.7648,5.1041
2013-05-14,2.6847,3.4248,2.7287,5.0992
2013-05-15,2.7220,3.4218,2.7410,5.0943
2013-05-16,2.7271,3.4219,2.7405,5.0944
2013-05-17,2.7298,3.4213,2.7498,5.0948
2013-05-20,2.7618,3.4253,2.7648,5.1148
2013-05-21,2.7719,3.4253,2.7925,5.1049
2013-05-22,2.7672,3.4153,2.7793,5.1049
2013-05-23,2.7674,3.4130,2.7817,5.0926
2013-05-24,2.7653,3.4181,2.7820,5.0833
2013-05-27,2.7642,3.4166,2.7750,5.0633
2013-05-28,2.7594,3.4206,2.7689,5.0633
2013-05-29,2.7596,3.4340,2.7732,5.0634
2013-05-30,2.7598,3.4340,2.7975,5.0434
2013-05-31,2.7771,3.4399,2.7974,5.0434
2013-06-03,2.7620,3.4478,2.8177,5.0516
2013-06-04,2.7821,3.4603,2.8287,5.0469
2013-06-05,2.8506,3.4615,2.8664,5.0482
2013-06-06,2.9344,3.4651,2.9461,5.0582
2013-06-07,3.1058,3.4822,3.0715,5.0714
2013-06-08,3.2006,3.4822,3.1738,5.0714
2013-06-09,3.0903,3.4491,3.1738,5.0567
2013-06-13,3.3482,3.4591,3.1738,5.0666
2013-06-14,3.0983,3.4689,3.1867,5.0866
2013-06-17,3.0611,3.4785,3.1425,5.1000
2013-06-18,3.2111,3.4818,3.2440,5.1000
2013-06-19,3.3932,3.5516,3.3826,5.1055
2013-06-20,5.0132,3.7016,4.1903,5.2055
2013-06-21,5.1132,3.6014,4.1744,5.1955
2013-06-24,5.0132,3.5999,4.3744,5.1946
2013-06-25,4.8151,3.5999,4.3744,5.1946
2013-06-26,4.5697,3.5500,3.9337,5.1592
2013-06-27,3.9691,3.5231,3.8824,5.1342
2013-06-28,4.0691,3.5125,3.7712,5.1240
2013-07-01,3.9601,3.5245,3.5667,5.1140
2013-07-02,3.7875,3.5243,3.5108,5.1133
2013-07-03,3.7137,3.5302,3.4065,5.1090
2013-07-04,3.6337,3.5102,3.3919,5.1050
2013-07-05,3.5337,3.5127,3.3505,5.0939
2013-07-08,3.4999,3.5177,3.3517,5.0939
2013-07-09,3.4999,3.5202,3.3818,5.1059
2013-07-10,3.5499,3.5802,3.4215,5.1214
2013-07-11,3.6099,3.5902,3.4315,5.1714
2013-07-12,3.5599,3.6001,3.4694,5.1714
2013-07-15,3.5899,3.6102,3.5477,5.1714
2013-07-16,3.5699,3.6190,3.5420,5.1914
2013-07-17,3.5599,3.6690,3.5366,5.2113
2013-07-18,3.5699,3.6903,3.4913,5.2113
2013-07-19,3.5599,3.7051,3.4985,5.2212
2013-07-22,3.5799,3.7401,3.6348,5.2371
2013-07-23,3.5799,3.7602,3.6643,5.3271
2013-07-24,3.6099,3.7952,3.6938,5.3571
2013-07-25,3.6099,3.7102,3.6438,5.3471
2013-07-26,3.4806,3.7152,3.6327,5.3368
2013-07-29,3.4606,3.7228,3.5839,5.3370
2013-07-30,3.4106,3.7227,3.4239,5.3370
2013-07-31,3.4406,3.7214,3.4500,5.3102
2013-08-01,3.3906,3.7053,3.4000,5.3102
2013-08-02,3.3869,3.7034,3.3905,5.2952
2013-08-05,3.3569,3.7104,3.3605,5.3052
2013-08-06,3.3669,3.7153,3.3705,5.3152
2013-08-07,3.3838,3.7703,3.3911,5.3452
2013-08-08,3.4383,3.8455,3.4193,5.3772
2013-08-09,3.4383,3.8407,3.3893,5.3872
2013-08-12,3.4283,3.8513,3.3993,5.3872
2013-08-13,3.4283,3.9252,3.4093,5.4872
2013-08-14,3.4283,3.9516,3.4506,5.5222
2013-08-15,3.4583,3.9602,3.4806,5.5872
2013-08-16,3.5366,3.9401,3.6295,5.5772
2013-08-19,3.5366,4.0103,3.6295,5.6083
2013-08-20,3.5466,4.0881,3.6495,5.6462
2013-08-21,3.5966,4.0382,3.6559,5.6361
2013-08-22,3.6166,4.0302,3.6339,5.6462
2013-08-23,3.6066,3.9916,3.6041,5.6262
2013-08-26,3.5966,3.9555,3.5841,5.6372
2013-08-27,3.5966,3.9654,3.5959,5.6483
2013-08-28,3.5866,4.0222,3.5959,5.6683
2013-08-29,3.6166,4.0300,3.6161,5.6683
2013-08-30,3.6066,4.0354,3.6024,5.6562
2013-09-02,3.6269,4.0356,3.6261,5.6612
2013-09-03,3.6438,4.0404,3.6173,5.6662
2013-09-04,3.6938,4.0550,3.6343,5.6662
2013-09-05,3.6616,4.0550,3.6163,5.6762
2013-09-06,3.6426,4.0455,3.6663,5.6712
2013-09-09,3.6490,4.0550,3.5981,5.6712
2013-09-10,3.6621,4.0650,3.5969,5.6762
2013-09-11,3.6811,4.1341,3.5770,5.6957
2013-09-12,3.7231,4.1291,3.5705,5.7010
2013-09-13,3.7039,4.1406,3.5615,5.7010
2013-09-16,3.7499,4.1201,3.5729,5.7013
2013-09-17,3.6927,4.0721,3.5692,5.6932
2013-09-18,3.7016,4.0502,3.5499,5.6783
2013-09-22,3.7016,3.9851,3.5392,5.6583
2013-09-23,3.7316,4.0095,3.5538,5.6634
2013-09-24,3.7134,4.0201,3.5593,5.6740
2013-09-25,3.7034,4.0202,3.4425,5.6625
2013-09-26,3.6537,3.9901,3.4425,5.6625
2013-09-27,3.6037,4.0002,3.3987,5.6625
2013-09-29,3.6058,4.0002,3.4026,5.6625
2013-09-30,3.5338,3.9954,3.3737,5.6625
2013-10-08,3.5477,3.9903,3.4009,5.6615
2013-10-09,3.5477,4.0316,3.4282,5.6715
2013-10-10,3.5177,4.0166,3.4009,5.6865
2013-10-11,3.5177,4.0265,3.4107,5.6965
2013-10-12,3.5145,4.0263,3.4089,5.7015
2013-10-14,3.5232,4.0663,3.4356,5.7015
2013-10-15,3.5032,4.0791,3.4407,5.7215
2013-10-16,3.4832,4.0966,3.4408,5.7315
2013-10-17,3.4682,4.0966,3.4408,5.7340
2013-10-18,3.4621,4.1055,3.4364,5.7365
2013-10-21,3.4821,4.1105,3.4416,5.7365
2013-10-22,3.5121,4.1305,3.4419,5.7465
2013-10-23,3.5321,4.1491,3.4418,5.7565
2013-10-24,3.6308,4.1940,3.5017,5.7990
2013-10-25,3.7590,4.2140,3.5670,5.8190
2013-10-28,3.7859,4.2040,3.5838,5.8473
2013-10-29,3.7856,4.2173,3.6194,5.8573
2013-10-30,3.7856,4.2173,3.8200,5.8733
2013-10-31,3.8256,4.1806,3.8202,5.8733
2013-11-01,3.7934,4.1556,3.8047,5.8733
2013-11-04,3.7979,4.1731,3.8047,5.8665
2013-11-05,3.7351,4.2106,3.7868,5.8865
2013-11-06,3.7751,4.2206,3.8802,5.9065
2013-11-07,3.8151,4.2945,3.8945,5.9265
2013-11-08,3.8551,4.3186,3.9271,5.9493
2013-11-11,3.9875,4.4034,4.0054,5.9993
2013-11-12,4.0142,4.4146,4.0465,6.0293
2013-11-13,4.1142,4.4628,4.0493,6.0393
2013-11-14,4.2142,4.5006,4.0902,6.0743
2013-11-15,4.3642,4.6006,4.1602,6.1126
2013-11-18,4.4907,4.6619,4.2102,6.1526
2013-11-19,4.5043,4.6722,4.2278,6.1826
2013-11-20,4.5534,4.7222,4.2417,6.2126
2013-11-21,4.5050,4.7009,4.1917,6.2126
2013-11-22,4.4680,4.6509,4.1527,6.2126
2013-11-25,4.4485,4.6159,4.1734,6.2126
2013-11-26,4.4037,4.6059,4.1986,6.2226
2013-11-27,4.3687,4.5511,4.1757,6.2326
2013-11-28,4.3287,4.4313,4.1557,6.2140
2013-11-29,4.2787,4.3612,4.0450,6.1940
2013-12-02,4.3698,4.4812,4.1650,6.1990
2013-12-03,4.3598,4.4412,4.1404,6.1890
2013-12-04,4.4329,4.4262,4.1105,6.1590
2013-12-05,4.4867,4.4962,4.1605,6.1690
2013-12-06,4.5457,4.5162,4.1670,6.1788
2013-12-09,4.5857,4.5413,4.1845,6.1980
2013-12-10,4.6057,4.6012,4.2052,6.2413
2013-12-11,4.6395,4.6213,4.2413,6.2613
2013-12-12,4.5595,4.5913,4.2244,6.2513
2013-12-13,4.5595,4.5411,4.2156,6.2413
2013-12-16,4.6095,4.5539,4.2422,6.2413
2013-12-17,4.6335,4.5639,4.2373,6.2413
2013-12-18,4.6672,4.5814,4.2556,6.2713
2013-12-19,4.7619,4.6016,4.2861,6.3013
2013-12-20,4.7383,4.6016,4.2377,6.3113
2013-12-23,4.7968,4.6017,4.2511,6.3413
2013-12-24,4.7025,4.5566,4.2595,6.3213
2013-12-25,4.6530,4.5666,4.2572,6.3138
2013-12-26,4.6180,4.5579,4.2511,6.3073
2013-12-27,4.6621,4.5437,4.2421,6.3073
2013-12-30,4.6321,4.5437,4.2003,6.3080
2013-12-31,4.6113,4.5518,4.1741,6.3080
2014-01-02,4.6113,4.6018,4.1864,6.3180
2014-01-03,4.5792,4.6415,4.1306,6.3580
2014-01-06,4.5453,4.6569,4.1116,6.3880
2014-01-07,4.5358,4.6420,4.1017,6.3980
2014-01-08,4.4064,4.5919,4.0223,6.3680
2014-01-09,4.3059,4.5969,4.0470,6.3680
2014-01-10,4.1223,4.6016,4.0371,6.3780
2014-01-13,3.9306,4.5970,3.8980,6.4080
2014-01-14,3.8998,4.6020,3.8975,6.4280
2014-01-15,3.8356,4.5523,3.8705,6.4259
2014-01-16,3.9661,4.5871,3.8884,6.4159
2014-01-17,3.9161,4.5969,3.8384,6.4093
2014-01-20,4.0386,4.5923,3.9323,6.4156
2014-01-21,3.9123,4.5423,3.8026,6.3756
2014-01-22,3.8176,4.5023,3.7258,6.3351
2014-01-23,3.8321,4.4825,3.7754,6.3051
2014-01-24,3.7321,4.5123,3.6860,6.3054
2014-01-26,3.6755,4.4777,3.6318,6.3054
2014-01-27,3.6979,4.4802,3.5818,6.2793
2014-01-28,3.6961,4.5027,3.5378,6.3018
2014-01-29,3.6875,4.5102,3.5178,6.3117
2014-01-30,3.6419,4.5019,3.5178,6.3034
2014-02-07,3.5673,4.4781,3.4501,6.3034
2014-02-08,3.4494,4.4680,3.4945,6.3034
2014-02-10,3.3794,4.4831,3.4544,6.3034
2014-02-11,3.4094,4.4881,3.4544,6.2858
2014-02-12,3.3645,4.4783,3.4105,6.2958
2014-02-13,3.2945,4.4783,3.3605,6.2908
2014-02-14,3.2747,4.4781,3.3514,6.2708
2014-02-17,3.2747,4.5135,3.3634,6.2508
2014-02-18,3.2947,4.5385,3.3781,6.2308
2014-02-19,3.2737,4.5535,3.3531,6.2197
2014-02-20,3.2237,4.5336,3.3030,6.2277
2014-02-21,3.1937,4.5234,3.2730,6.1977
2014-02-24,3.1867,4.4836,3.2660,6.1400
2014-02-25,3.1867,4.4336,3.2560,6.0494
2014-02-26,3.1567,4.4496,3.2260,6.0094
2014-02-27,3.1067,4.3896,3.1560,5.9150
2014-02-28,3.1218,4.4276,3.1711,5.8819
2014-03-03,3.1718,4.4576,3.2211,5.8836
2014-03-04,3.1718,4.5026,3.2211,5.8836
2014-03-05,3.1708,4.5176,3.1893,5.9221
2014-03-06,3.1590,4.5145,3.1893,5.9448
2014-03-07,3.1433,4.5142,3.2193,5.9448
2014-03-10,3.1048,4.5043,3.1337,5.9648
2014-03-11,3.1039,4.5125,3.1337,5.9398
2014-03-12,3.0939,4.5024,3.0781,5.9645
2014-03-13,3.1485,4.5024,3.0881,5.9645
2014-03-14,3.1485,4.4924,3.0881,5.9416
2014-03-17,2.9787,4.4820,2.9881,5.9662
2014-03-18,2.9787,4.5095,2.9781,5.9863
2014-03-19,3.0829,4.5095,2.9781,6.0063
2014-03-20,3.0729,4.5195,2.9781,5.9863
2014-03-21,3.0868,4.5044,2.9896,5.9785
2014-03-24,3.0568,4.5148,2.9596,6.0085
2014-03-25,3.0071,4.5192,2.9096,6.0385
2014-03-26,2.9571,4.4992,2.8667,6.0485
2014-03-27,2.9220,4.5109,2.8367,6.0585
2014-03-28,2.9347,4.5104,2.8367,6.0835
2014-03-31,2.9172,4.5004,2.8233,6.1035
2014-04-01,2.9125,4.4954,2.8483,6.1235
2014-04-02,2.9325,4.4904,2.9183,6.1335
2014-04-03,2.9625,4.4904,2.9982,6.1635
2014-04-04,2.9705,4.4904,3.0482,6.1500
2014-04-08,3.0042,4.4499,3.0493,6.1600
2014-04-09,3.0047,4.4771,3.1128,6.1750
2014-04-10,3.0593,4.4571,3.1916,6.1700
2014-04-11,3.1243,4.4521,3.2416,6.1403
2014-04-14,3.0849,4.4248,3.2036,6.1203
2014-04-15,3.0549,4.4001,3.2212,6.0890
2014-04-16,3.0327,4.3601,3.2230,6.0740
2014-04-17,2.8704,4.2749,3.0959,5.9866
2014-04-18,2.9404,4.2997,3.2212,5.9769
2014-04-21,2.9704,4.2997,3.1599,5.9665
2014-04-22,3.0204,4.2997,3.1600,5.9565
2014-04-23,3.0604,4.3297,3.2641,5.9664
2014-04-24,3.0914,4.3394,3.2866,5.9865
2014-04-25,3.1404,4.3294,3.3678,6.0065
2014-04-28,3.1246,4.3301,3.3445,6.0065
2014-04-29,3.1264,4.3202,3.3471,5.9734
2014-04-30,3.0979,4.3002,3.3596,5.9328
2014-05-04,3.0979,4.2902,3.3355,5.9328
2014-05-05,3.1179,4.3002,3.3378,5.9328
2014-05-06,3.1050,4.2803,3.3251,5.9328
2014-05-07,3.1081,4.2803,3.3179,5.9228
2014-05-08,3.0942,4.2303,3.3421,5.8528
2014-05-09,3.0442,4.1205,3.3416,5.8028
2014-05-12,2.9942,4.1205,3.3480,5.7528
2014-05-13,2.9512,4.1505,3.3626,5.7528
2014-05-14,3.0012,4.1704,3.4019,5.7728
2014-05-15,3.0312,4.1915,3.4031,5.7728
2014-05-16,3.0429,4.1919,3.4137,5.7696
2014-05-19,3.0629,4.1708,3.3837,5.7696
2014-05-20,3.0937,4.1770,3.4107,5.7647
2014-05-21,3.0937,4.1770,3.2495,5.7647
2014-05-22,3.0937,4.1770,3.1913,5.7497
2014-05-23,3.0576,4.1574,3.1529,5.7397
2014-05-26,3.0576,4.1674,3.1726,5.7488
2014-05-27,3.0240,4.1574,3.1752,5.7343
2014-05-28,2.9990,4.1457,3.1552,5.7096
2014-05-29,2.9690,4.1159,3.1152,5.6996
2014-05-30,2.9190,4.0714,3.0990,5.6700
2014-06-03,2.8737,4.0214,3.0791,5.6200
2014-06-04,2.8737,4.0114,3.0580,5.6000
2014-06-05,2.8237,4.0314,3.0080,5.5800
2014-06-06,2.8737,4.0614,3.0247,5.5851
2014-06-09,2.9137,4.0714,3.0171,5.5951
2014-06-10,2.9137,4.0614,2.9824,5.5751
2014-06-11,2.9137,4.0614,3.0330,5.5752
2014-06-12,2.8937,4.0640,3.0116,5.5752
2014-06-13,2.9136,4.0840,3.0458,5.5852
2014-06-16,2.9136,4.0640,3.0458,5.5852
2014-06-17,2.9636,4.0540,3.0958,5.5852
2014-06-18,3.0298,4.0540,3.1535,5.5852
2014-06-19,3.1298,4.0408,3.2035,5.5700
2014-06-20,3.2113,4.0515,3.2135,5.5400
2014-06-23,3.2513,4.0515,3.2513,5.5200
2014-06-24,3.2162,4.0515,3.2163,5.5100
2014-06-25,3.2462,4.0557,3.2463,5.5100
2014-06-26,3.1962,4.0472,3.2063,5.5100
2014-06-27,3.1802,4.0485,3.1963,5.5110
2014-06-30,3.1555,4.0612,3.1771,5.5110
2014-07-01,3.1716,4.0812,3.1871,5.5785
2014-07-02,3.1816,4.1212,3.2071,5.6064
2014-07-03,3.2016,4.1503,3.2271,5.6264
2014-07-04,3.2095,4.1747,3.2271,5.6664
2014-07-07,3.1595,4.1212,3.1783,5.6564
2014-07-08,3.1097,4.1162,3.1772,5.6864
2014-07-09,3.1183,4.1276,3.2272,5.6931
2014-07-10,3.1683,4.1298,3.2172,5.7131
2014-07-11,3.1783,4.1198,3.2172,5.7031
2014-07-14,3.1683,4.1298,3.2472,5.7131
2014-07-15,3.2263,4.1571,3.2972,5.7156
2014-07-16,3.2883,4.2171,3.3672,5.7297
2014-07-17,3.2892,4.2670,3.4090,5.7567
2014-07-18,3.3792,4.3019,3.4769,5.7567
2014-07-21,3.4050,4.3017,3.4990,5.7367
2014-07-22,3.4250,4.2717,3.4798,5.7267
2014-07-23,3.4550,4.2967,3.5098,5.7367
2014-07-24,3.4550,4.2967,3.5098,5.7467
2014-07-25,3.4950,4.2711,3.6098,5.7267
2014-07-28,3.4950,4.2713,3.6098,5.7467
2014-07-29,3.5650,4.2805,3.7098,5.7467
2014-07-30,3.5832,4.2905,3.7448,5.7267
2014-07-31,3.5832,4.2655,3.7248,5.7037
2014-08-01,3.6132,4.2569,3.7548,5.6954
2014-08-04,3.6029,4.2530,3.7306,5.6904
2014-08-05,3.5752,4.2576,3.7306,5.7104
2014-08-06,3.5252,4.2463,3.7037,5.7104
2014-08-07,3.5252,4.2563,3.7337,5.7004
2014-08-08,3.5281,4.2712,3.7637,5.6904
2014-08-11,3.5134,4.2815,3.7637,5.6804
2014-08-12,3.4782,4.2815,3.7637,5.6804
2014-08-13,3.5011,4.2550,3.7637,5.6904
2014-08-14,3.4609,4.2100,3.7374,5.6904
2014-08-15,3.5109,4.2002,3.7374,5.6904
2014-08-18,3.5109,4.2153,3.7524,5.6904
2014-08-19,3.4909,4.2422,3.7381,5.6954
2014-08-20,3.5003,4.2523,3.7432,5.7154
2014-08-21,3.5303,4.2512,3.7432,5.7354
2014-08-22,3.5503,4.2560,3.8432,5.7354
2014-08-25,3.5803,4.2524,3.8432,5.7354
2014-08-26,3.5603,4.2462,3.8222,5.7354
2014-08-27,3.5103,4.2310,3.8222,5.7254
2014-08-28,3.5403,4.2254,3.8422,5.7154
2014-08-29,3.5117,4.2361,3.8722,5.7045
2014-09-01,3.4881,4.2405,3.8291,5.7045
2014-09-02,3.5181,4.2490,3.8202,5.6945
2014-09-03,3.5481,4.2640,3.7664,5.6945
2014-09-04,3.5322,4.2814,3.7519,5.7045
2014-09-05,3.5122,4.2928,3.7319,5.7045
2014-09-09,3.5119,4.2868,3.7219,5.6845
2014-09-10,3.5504,4.2934,3.7719,5.6745
2014-09-11,3.5604,4.2937,3.7619,5.6645
2014-09-12,3.5839,4.2793,3.8150,5.6645
2014-09-15,3.5939,4.2597,3.8650,5.6445
2014-09-16,3.6033,4.2634,3.9050,5.6445
2014-09-17,3.5433,4.2008,3.8116,5.6045
2014-09-18,3.5633,4.1438,3.8229,5.5745
2014-09-19,3.5633,4.0310,3.8129,5.4965
2014-09-22,3.5633,4.0110,3.8038,5.4897
2014-09-23,3.5912,3.9911,3.8038,5.4503
2014-09-24,3.6412,4.0425,3.7829,5.4553
2014-09-25,3.6412,4.0025,3.7606,5.4463
2014-09-26,3.6612,4.0092,3.7984,5.4463
2014-09-28,3.6712,4.0227,3.8084,5.4463
2014-09-29,3.6712,3.9925,3.8084,5.4213
2014-09-30,3.6612,3.9824,3.7984,5.4213
2014-10-08,3.6860,3.9930,3.7884,5.4213
2014-10-09,3.6892,4.0014,3.7684,5.4213
2014-10-10,3.7021,4.0131,3.7693,5.4113
2014-10-11,3.6918,3.9965,3.7421,5.4063
2014-10-13,3.6939,3.9953,3.7384,5.4063
2014-10-14,3.5939,3.9015,3.6747,5.3763
2014-10-15,3.5659,3.8215,3.6002,5.3463
2014-10-16,3.5859,3.8116,3.6002,5.3163
2014-10-17,3.5488,3.8110,3.5802,5.3063
2014-10-20,3.5356,3.7441,3.5502,5.2361
2014-10-21,3.4956,3.7323,3.4975,5.1461
2014-10-22,3.4468,3.7929,3.4564,5.1461
2014-10-23,3.4527,3.8108,3.4587,5.1319
2014-10-24,3.4142,3.8013,3.4153,5.0934
2014-10-27,3.4833,3.7756,3.4853,5.0878
2014-10-28,3.4542,3.7424,3.4366,5.0586
2014-10-29,3.4043,3.7176,3.3766,4.9924
2014-10-30,3.4043,3.7688,3.3606,4.9924
2014-10-31,3.3819,3.7559,3.3543,4.9772
2014-11-03,3.3504,3.7007,3.3043,4.9295
2014-11-04,3.3020,3.6412,3.2700,4.8495
2014-11-05,3.2520,3.6117,3.2500,4.7995
2014-11-06,3.2520,3.6223,3.2386,4.7995
2014-11-07,3.2670,3.5631,3.2647,4.7595
2014-11-10,3.2443,3.5132,3.2364,4.6997
2014-11-11,3.2175,3.4981,3.2302,4.6297
2014-11-12,3.1570,3.5560,3.2085,4.6297
2014-11-13,3.1370,3.5924,3.1693,4.6697
2014-11-14,3.1786,3.6466,3.1997,4.7415
2014-11-17,3.1986,3.6609,3.2000,4.7500
2014-11-18,3.1986,3.6070,3.1801,4.7515
2014-11-19,3.2086,3.6154,3.2105,4.7611
2014-11-20,3.2340,3.6521,3.2254,4.8089
2014-11-21,3.2671,3.6514,3.3001,4.8411
2014-11-24,3.1580,3.4767,3.1521,4.6206
2014-11-25,3.1197,3.5216,3.1141,4.6748
2014-11-26,3.1197,3.5228,3.0741,4.7111
2014-11-27,3.0570,3.5243,3.0399,4.7200
2014-11-28,3.1082,3.5249,3.0511,4.7104
2014-12-01,3.1095,3.5145,3.0329,4.7398
2014-12-02,3.1295,3.5553,3.0583,4.7598
2014-12-03,3.1295,3.6238,3.0676,4.8789
2014-12-04,3.1296,3.6633,3.0670,4.9389
2014-12-05,3.1896,3.7759,3.1833,5.0088
2014-12-08,3.2196,3.7918,3.2215,5.0488
2014-12-09,3.3696,3.7532,3.3497,5.1605
2014-12-10,3.3002,3.7111,3.3324,5.1605
2014-12-11,3.2693,3.7282,3.2500,5.1605
2014-12-12,3.3101,3.7513,3.2597,5.1625
2014-12-15,3.3203,3.7815,3.3175,5.1591
2014-12-16,3.3114,3.7522,3.3017,5.1651
2014-12-17,3.4214,3.7377,3.4021,5.1342
2014-12-18,3.5816,3.7614,3.4202,5.1242
2014-12-19,3.5416,3.7106,3.4202,5.1342
2014-12-22,3.5037,3.7030,3.3863,5.1211
2014-12-23,3.4615,3.6604,3.3907,5.0989
2014-12-24,3.4358,3.5975,3.3607,5.0989
2014-12-25,3.3862,3.6305,3.3015,5.0689
2014-12-26,3.4162,3.6339,3.2767,5.0189
2014-12-29,3.3803,3.6213,3.2508,4.9989
2014-12-30,3.3753,3.6213,3.2313,4.9989
2014-12-31,3.3322,3.6219,3.2070,4.9978
2015-01-04,3.3351,3.6285,3.2039,4.9978
2015-01-05,3.3551,3.6251,3.2338,4.9978
2015-01-06,3.3722,3.6353,3.2020,4.9678
2015-01-07,3.3722,3.6408,3.1822,4.9678
2015-01-08,3.3734,3.6415,3.2022,4.9660
2015-01-09,3.3534,3.6348,3.2054,4.9600
2015-01-12,3.3634,3.6371,3.2117,4.9616
2015-01-13,3.3433,3.5836,3.2123,4.9197
2015-01-14,3.3433,3.5411,3.2180,4.8646
2015-01-15,3.2933,3.5464,3.2248,4.8336
2015-01-16,3.2080,3.5017,3.1601,4.7835
2015-01-19,3.1906,3.4750,3.1801,4.7835
2015-01-20,3.2206,3.4711,3.1776,4.7888
2015-01-21,3.2006,3.4672,3.2028,4.7988
2015-01-22,3.1606,3.4521,3.1533,4.7890
2015-01-23,3.1706,3.4520,3.1454,4.7756
2015-01-26,3.1428,3.4341,3.1280,4.7633
2015-01-27,3.1428,3.4309,3.1097,4.7533
2015-01-28,3.1147,3.4767,3.1217,4.7633
2015-01-29,3.1547,3.4966,3.1028,4.7733
2015-01-30,3.1847,3.5019,3.1428,4.7741
2015-02-02,3.1947,3.4729,3.1368,4.7741
2015-02-03,3.2347,3.4533,3.1567,4.7941
2015-02-04,3.1699,3.4589,3.1543,4.8041
2015-02-05,3.1513,3.4018,3.0543,4.7841
2015-02-06,3.1513,3.4325,3.0286,4.7741
2015-02-09,3.1228,3.4236,3.0586,4.7742
2015-02-10,3.1516,3.4299,3.1162,4.7642
2015-02-11,3.1516,3.3955,3.0786,4.7442
2015-02-12,3.1388,3.3865,3.0789,4.7342
2015-02-13,3.1088,3.3552,3.0815,4.7042
2015-02-15,3.1135,3.3625,3.0520,4.7081
2015-02-16,3.0756,3.3374,3.0182,4.6785
2015-02-17,3.0756,3.3373,3.0182,4.6685
2015-02-25,3.0656,3.3490,3.0014,4.6385
2015-02-26,3.0491,3.3594,2.9858,4.6385
2015-02-27,3.0691,3.3745,3.0531,4.6585
2015-02-28,3.0991,3.3602,3.0731,4.6685
2015-03-02,3.0811,3.3883,3.0231,4.6705
2015-03-03,3.0511,3.4022,3.0233,4.7005
2015-03-04,3.0811,3.3869,3.0229,4.7114
2015-03-05,3.0811,3.4369,3.0624,4.7314
2015-03-06,3.1061,3.4753,3.0911,4.7314
2015-03-09,3.1910,3.4922,3.1325,4.7561
2015-03-10,3.1942,3.5228,3.1288,4.7278
2015-03-11,3.1763,3.4466,3.1230,4.6788
2015-03-12,3.1469,3.4412,3.1182,4.6538
2015-03-13,3.1676,3.4879,3.1261,4.6781
2015-03-16,3.1496,3.5301,3.1198,4.7181
2015-03-17,3.1496,3.5428,3.1224,4.7679
2015-03-18,3.1303,3.5519,3.1282,4.7679
2015-03-19,3.1192,3.5348,3.1429,4.7679
2015-03-20,3.1192,3.4958,3.1327,4.7779
2015-03-23,3.1424,3.4933,3.1330,4.7567
2015-03-24,3.1374,3.4841,3.1063,4.8067
2015-03-25,3.1574,3.5037,3.1285,4.8467
2015-03-26,3.2063,3.5440,3.1942,4.8767
2015-03-27,3.2736,3.5678,3.1685,4.9167
2015-03-30,3.2936,3.5849,3.1656,4.9367
2015-03-31,3.2673,3.6483,3.1724,5.0031
2015-04-01,3.2267,3.5997,3.1127,4.9831
2015-04-02,3.1370,3.5438,3.1021,4.9631
2015-04-03,3.1370,3.5720,3.1090,4.9635
2015-04-07,3.1530,3.5987,3.1202,4.9475
2015-04-08,3.1190,3.6938,3.0927,4.9546
2015-04-09,3.0190,3.7040,3.0327,4.9446
2015-04-10,3.0390,3.6947,3.0327,4.9146
2015-04-13,3.0072,3.6685,3.0773,4.8946
2015-04-14,3.0327,3.6211,3.0721,4.8896
2015-04-15,3.0501,3.5954,3.0721,4.8345
2015-04-16,3.0498,3.5600,3.0501,4.8160
2015-04-17,3.0448,3.5627,3.0300,4.7945
2015-04-20,2.9550,3.4554,2.9800,4.6608
2015-04-21,2.8850,3.4055,2.9919,4.6688
2015-04-22,2.8283,3.4052,3.0194,4.6886
2015-04-23,2.8199,3.4151,2.9728,4.7240
2015-04-24,2.8198,3.4454,2.9731,4.7791
2015-04-27,2.6971,3.3952,2.9206,4.7791
2015-04-28,2.7071,3.3804,2.8996,4.7925
2015-04-29,2.7071,3.4000,2.9343,4.7925
2015-04-30,2.7044,3.3503,2.7856,4.7733
2015-05-04,2.6244,3.3804,2.7659,4.7534
2015-05-05,2.6531,3.4006,2.7903,4.7735
2015-05-06,2.5531,3.4560,2.7080,4.7935
2015-05-07,2.5419,3.4401,2.7402,4.7937
2015-05-08,2.5146,3.3703,2.7040,4.7778
2015-05-11,2.4198,3.3752,2.6513,4.7668
2015-05-12,2.3427,3.4002,2.6036,4.7387
2015-05-13,2.1927,3.4002,2.4769,4.7376
2015-05-14,2.0701,3.3803,2.3850,4.6915
2015-05-15,2.0574,3.3907,2.3229,4.6115
2015-05-18,2.0129,3.4109,2.3148,4.6115
2015-05-19,2.0447,3.4311,2.3148,4.6585
2015-05-20,2.0598,3.4282,2.2448,4.6595
2015-05-21,2.0998,3.4257,2.3411,4.6937
2015-05-22,2.0622,3.4160,2.3161,4.6687
2015-05-25,2.1122,3.4310,2.2017,4.6691
2015-05-26,1.9901,3.5214,2.0757,4.5691
2015-05-27,1.9167,3.5055,1.9877,4.5691
2015-05-28,1.9913,3.5652,2.0463,4.5691
2015-05-29,2.0038,3.5954,2.1527,4.6307
2015-06-01,2.0238,3.6404,2.0627,4.6307
2015-06-02,2.0036,3.5880,2.0478,4.6307
2015-06-03,1.9531,3.6111,1.9525,4.6405
2015-06-04,1.9131,3.5912,1.9151,4.6604
2015-06-05,1.9409,3.5814,1.9012,4.6755
2015-06-08,1.8605,3.5613,1.8833,4.6752
2015-06-09,1.9005,3.5565,1.8609,4.6752
2015-06-10,1.8131,3.5912,1.8274,4.6752
2015-06-11,1.7831,3.6197,1.8074,4.6752
2015-06-12,1.7431,3.6226,1.7963,4.6752
2015-06-15,1.7742,3.6681,1.7563,4.6879
2015-06-16,1.7667,3.6099,1.7908,4.6879
2015-06-17,1.7996,3.6052,1.8508,4.6879
2015-06-18,1.8022,3.5730,1.8611,4.7075
2015-06-19,1.8492,3.5825,1.8228,4.7075
2015-06-23,1.8354,3.6054,1.8485,4.7086
2015-06-24,1.8275,3.6079,1.8121,4.7086
2015-06-25,1.8151,3.6028,1.8556,4.7086
2015-06-26,1.8151,3.6080,1.8485,4.7086
2015-06-29,1.7912,3.6030,1.8657,4.7086
2015-06-30,1.9197,3.5976,1.8659,4.7204
2015-07-01,1.9684,3.6127,1.8573,4.7204
2015-07-02,1.9883,3.6223,1.8773,4.7462
2015-07-03,1.9641,3.5719,1.8874,4.7329
2015-07-06,1.9327,3.4917,1.8489,4.6864
2015-07-07,1.9161,3.4361,1.9283,4.5855
2015-07-08,1.9634,3.4307,2.0537,4.5291
2015-07-09,2.0827,3.4358,2.2014,4.5683
2015-07-10,2.2668,3.4885,2.2867,4.5547
2015-07-13,2.3095,3.5014,2.2398,4.5609
2015-07-14,2.3603,3.5341,2.3840,4.5853
2015-07-15,2.3352,3.5495,2.4038,4.5986
2015-07-16,2.3767,3.5208,2.4039,4.5882
2015-07-17,2.3894,3.5123,2.4315,4.5696
2015-07-20,2.3387,3.5009,2.4238,4.5747
2015-07-21,2.3273,3.5214,2.4064,4.5944
2015-07-22,2.2183,3.5145,2.3940,4.5595
2015-07-23,2.1183,3.4751,2.3538,4.5374
2015-07-24,2.1189,3.4602,2.2701,4.5310
2015-07-27,2.0589,3.4602,2.2475,4.5496
2015-07-28,2.1022,3.4401,2.2482,4.5202
2015-07-29,2.1522,3.4302,2.1964,4.4916
2015-07-30,2.1810,3.4402,2.2423,4.4869
2015-07-31,2.2120,3.4752,2.2373,4.4856
2015-08-03,2.2003,3.4700,2.2314,4.5197
2015-08-04,2.1743,3.4700,2.2774,4.5275
2015-08-05,2.1469,3.4701,2.2633,4.5296
2015-08-06,2.1665,3.4600,2.2261,4.5296
2015-08-07,2.0865,3.4553,2.2014,4.5089
2015-08-10,2.1567,3.4755,2.1640,4.4590
2015-08-11,2.2377,3.5256,2.2011,4.4636
2015-08-12,2.2191,3.5402,2.2373,4.5000
2015-08-13,2.2484,3.5153,2.2690,4.5034
2015-08-14,2.2023,3.5052,2.2449,4.5031
2015-08-17,2.2509,3.5176,2.2579,4.4961
2015-08-18,2.2395,3.5126,2.2596,4.4661
2015-08-19,2.2509,3.5201,2.2651,4.4502
2015-08-20,2.2996,3.5051,2.2695,4.4602
2015-08-21,2.2524,3.4951,2.2521,4.4702
2015-08-24,2.2111,3.4701,2.2470,4.4702
2015-08-25,2.2337,3.4577,2.2469,4.4337
2015-08-26,2.2537,3.4290,2.2598,4.4337
2015-08-27,2.2737,3.3902,2.2810,4.4115
2015-08-28,2.2495,3.3803,2.2628,4.4000
2015-08-31,2.2608,3.3252,2.3000,4.3840
2015-09-01,2.2549,3.3002,2.2829,4.3725
2015-09-02,2.2434,3.3002,2.2497,4.3724
2015-09-06,2.1862,3.3203,2.2766,4.3614
2015-09-07,2.2133,3.3353,2.2916,4.3714
2015-09-08,2.2482,3.3603,2.3008,4.3814
2015-09-09,2.2068,3.3478,2.3059,4.4014
2015-09-10,2.2078,3.3453,2.2996,4.4214
2015-09-11,2.2194,3.3404,2.3266,4.4214
2015-09-14,2.1707,3.3303,2.2957,4.4214
2015-09-15,2.1769,3.3104,2.2728,4.4414
2015-09-16,2.1671,3.3103,2.2597,4.4157
2015-09-17,2.1970,3.3204,2.2507,4.4157
2015-09-18,2.2270,3.3105,2.3196,4.4160
2015-09-21,2.2646,3.3204,2.3295,4.4176
2015-09-22,2.2492,3.3255,2.3039,4.4176
2015-09-23,2.2525,3.3354,2.3095,4.4153
2015-09-24,2.2641,3.3180,2.3193,4.4153
2015-09-25,2.2533,3.3101,2.3423,4.4153
2015-09-28,2.2420,3.2906,2.3294,4.4300
2015-09-29,2.1939,3.2457,2.3193,4.3949
2015-09-30,2.2139,3.2362,2.3299,4.3963
2015-10-08,2.1806,3.2409,2.3177,4.3949
2015-10-09,2.2259,3.1486,2.2916,4.3831
2015-10-10,2.2348,3.1612,2.2826,4.3763
2015-10-12,2.2553,3.1488,2.3199,4.3589
2015-10-13,2.2753,3.1064,2.3393,4.3293
2015-10-14,2.3474,3.0414,2.3395,4.2891
2015-10-15,2.3395,3.0814,2.3249,4.2689
2015-10-16,2.3425,3.1216,2.4023,4.2649
2015-10-19,2.3513,3.1214,2.3547,4.2581
2015-10-20,2.3580,3.0615,2.3548,4.2496
2015-10-21,2.3516,3.0616,2.3550,4.2373
2015-10-22,2.3537,3.0516,2.3722,4.2270
2015-10-23,2.3516,3.0400,2.3636,4.2317
2015-10-26,2.3708,3.0200,2.3764,4.1765
2015-10-27,2.3880,2.9800,2.3547,4.1311
2015-10-28,2.3628,2.9870,2.3280,4.0708
2015-10-29,2.3414,3.0500,2.3655,4.0456
2015-10-30,2.3564,3.0600,2.3866,4.0399
2015-11-02,2.3254,3.0525,2.3774,4.0399
2015-11-03,2.3388,3.0800,2.3847,4.0305
2015-11-04,2.3516,3.1351,2.4039,4.0371
2015-11-05,2.3216,3.1150,2.3845,4.0670
2015-11-06,2.3649,3.1250,2.3955,4.0995
2015-11-09,2.4834,3.2099,2.4628,4.1490
2015-11-10,2.5145,3.2001,2.4575,4.1981
2015-11-11,2.4567,3.1226,2.4580,4.1816
2015-11-12,2.5204,3.1351,2.4457,4.1816
2015-11-13,2.5204,3.1251,2.4494,4.1565
2015-11-16,2.5469,3.1352,2.4607,4.1546
2015-11-17,2.5224,3.1252,2.4628,4.1746
2015-11-18,2.5222,3.1402,2.5164,4.1534
2015-11-19,2.5093,3.1402,2.5140,4.1584
2015-11-20,2.5043,3.1251,2.5495,4.1488
2015-11-23,2.5252,3.1302,2.5493,4.1526
2015-11-24,2.5307,3.1077,2.5468,4.1414
2015-11-25,2.5211,3.0853,2.5497,4.1345
2015-11-26,2.4969,3.0503,2.5305,4.1120
2015-11-27,2.5169,3.0603,2.5504,4.0921
2015-11-30,2.5701,3.0404,2.5706,4.0906
2015-12-01,2.5743,3.0504,2.5829,4.1165
2015-12-02,2.5499,3.0454,2.5523,4.1169
2015-12-03,2.5627,3.0304,2.5671,4.0878
2015-12-04,2.5033,3.0254,2.5221,4.0505
2015-12-07,2.5098,3.0280,2.5029,4.0220
2015-12-08,2.4713,3.0005,2.4739,4.0039
2015-12-09,2.4516,2.9968,2.4710,4.0041
2015-12-10,2.4411,3.0018,2.4528,4.0053
2015-12-11,2.3967,2.9931,2.4029,4.0060
2015-12-14,2.4019,3.0306,2.4365,4.0057
2015-12-15,2.4038,3.0157,2.4043,3.9915
2015-12-16,2.3988,3.0007,2.3998,3.9823
2015-12-17,2.3821,2.9857,2.3981,3.9573
2015-12-18,2.3661,2.9408,2.3746,3.9575
2015-12-21,2.3332,2.8811,2.3494,3.9260
2015-12-22,2.3301,2.8610,2.3519,3.8734
2015-12-23,2.3505,2.8460,2.3606,3.8563
2015-12-24,2.3302,2.8010,2.3387,3.8347
2015-12-25,2.3061,2.8061,2.3056,3.7976
2015-12-28,2.3015,2.7961,2.3137,3.7938
2015-12-29,2.3015,2.8061,2.3079,3.7999
2015-12-30,2.2656,2.8261,2.2610,3.8212
2015-12-31,2.2507,2.8212,2.2581,3.8212
2016-01-04,2.3002,2.8710,2.3166,3.8256
2016-01-05,2.3000,2.8911,2.3070,3.8164
2016-01-06,2.3296,2.8861,2.3299,3.8062
2016-01-07,2.3473,2.8511,2.3412,3.7945
2016-01-08,2.3219,2.8362,2.3132,3.7861
2016-01-11,2.3099,2.8187,2.3132,3.7576
2016-01-12,2.3081,2.7887,2.2994,3.7071
2016-01-13,2.2773,2.7237,2.2706,3.6642
2016-01-14,2.2589,2.7513,2.2496,3.6519
2016-01-15,2.2292,2.7464,2.2290,3.6295
2016-01-18,2.2491,2.7764,2.2493,3.6373
2016-01-19,2.2502,2.7964,2.2573,3.6521
2016-01-20,2.3959,2.8114,2.3191,3.6507
2016-01-21,2.3266,2.7914,2.3191,3.6632
2016-01-22,2.2591,2.7741,2.3064,3.6504
2016-01-25,2.2800,2.8590,2.2824,3.6862
2016-01-26,2.2499,2.8616,2.2445,3.7115
2016-01-27,2.2913,2.9016,2.3039,3.7630
2016-01-28,2.2871,2.8866,2.3066,3.7840
2016-01-29,2.2276,2.8419,2.3024,3.7428
2016-02-01,2.2305,2.8368,2.2928,3.7180
2016-02-02,2.2406,2.8818,2.2797,3.7494
2016-02-03,2.2190,2.8918,2.2877,3.7898
2016-02-04,2.2505,2.8550,2.2964,3.7755
2016-02-05,2.2271,2.8535,2.2770,3.7755
2016-02-06,2.2271,2.8535,2.2686,3.7755
2016-02-14,2.2560,2.8221,2.2805,3.7256
2016-02-15,2.2510,2.8371,2.2741,3.7156
2016-02-16,2.2551,2.8376,2.2794,3.7276
2016-02-17,2.2324,2.8351,2.2546,3.7376
2016-02-18,2.2371,2.8351,2.2500,3.7524
2016-02-19,2.1541,2.8251,2.1592,3.7370
2016-02-22,2.0626,2.8426,2.2067,3.7432
2016-02-23,2.1082,2.8451,2.1571,3.7484
2016-02-24,2.1034,2.8676,2.1475,3.7477
2016-02-25,2.1178,2.8651,2.1721,3.7685
2016-02-26,2.0511,2.8551,2.2022,3.7891
2016-02-29,2.1012,2.8502,2.2030,3.7744
2016-03-01,2.1141,2.8527,2.1931,3.7690
2016-03-02,2.0806,2.8752,2.1702,3.7760
2016-03-03,2.0513,2.9002,2.1617,3.7997
2016-03-04,2.0166,2.8952,2.1118,3.7721
2016-03-07,2.0365,2.9303,2.1108,3.7847
2016-03-08,2.0074,2.9352,2.1155,3.8026
2016-03-09,1.9781,2.8928,2.1111,3.7809
2016-03-10,2.0004,2.8653,2.1098,3.7707
2016-03-11,1.9402,2.8453,2.0528,3.7611
2016-03-14,1.9707,2.8504,2.0378,3.7763
2016-03-15,1.9873,2.8404,2.0464,3.7770
2016-03-16,1.9803,2.8054,2.0254,3.7826
2016-03-17,1.9902,2.8154,2.0293,3.7623
2016-03-18,1.9573,2.8229,2.0266,3.7737
2016-03-21,1.9914,2.8305,2.0253,3.7646
2016-03-22,2.0006,2.8304,2.0514,3.7885
2016-03-23,2.0196,2.8307,2.0460,3.7894
2016-03-24,2.0298,2.8309,2.0461,3.7816
2016-03-25,1.9771,2.8311,2.0364,3.8006
2016-03-28,1.9539,2.8665,2.0571,3.8236
2016-03-29,1.9894,2.8510,2.0622,3.8333
2016-03-30,2.0012,2.8362,2.0665,3.8029
2016-03-31,2.0187,2.8419,2.0721,3.8163
2016-04-01,2.0008,2.8422,2.0767,3.7847
2016-04-05,2.0156,2.8637,2.0661,3.7953
2016-04-06,2.0487,2.8689,2.0746,3.8000
2016-04-07,2.0708,2.9049,2.0950,3.8265
2016-04-08,2.0577,2.9158,2.1004,3.8366
2016-04-11,2.0845,2.9091,2.1253,3.8381
2016-04-12,2.1064,2.9100,2.1195,3.8456
2016-04-13,2.1257,2.9271,2.1483,3.8641
2016-04-14,2.1461,2.9352,2.1691,3.9031
2016-04-15,2.1111,2.9151,2.1403,3.8850
2016-04-18,2.0872,2.9047,2.1259,3.8802
2016-04-19,2.1006,2.9060,2.1492,3.8675
2016-04-20,2.1016,2.9258,2.1815,3.9105
2016-04-21,2.1026,2.9208,2.2017,4.0084
2016-04-22,2.1610,2.9309,2.2016,4.0447
2016-04-25,2.1999,2.9362,2.2434,4.1134
2016-04-26,2.1828,2.9212,2.2291,4.1153
2016-04-27,2.1775,2.9108,2.2357,4.0864
2016-04-28,2.2038,2.8863,2.2473,4.0445
2016-04-29,2.1940,2.8913,2.2268,4.0445
2016-05-03,2.2098,2.8890,2.2011,4.0205
2016-05-04,2.1980,2.8965,2.2526,4.0212
2016-05-05,2.2343,2.9017,2.2779,4.0319
2016-05-06,2.2153,2.9016,2.2510,4.0275
2016-05-09,2.2216,2.8818,2.2590,3.9952
2016-05-10,2.2186,2.9000,2.2300,3.9446
2016-05-11,2.2107,2.9075,2.2329,3.9296
2016-05-12,2.1861,2.8975,2.2411,3.9072
2016-05-13,2.1999,2.9050,2.2077,3.9040
2016-05-16,2.1999,2.9275,2.2021,3.9083
2016-05-17,2.2047,2.9300,2.2017,3.8904
2016-05-18,2.2106,2.9550,2.2203,3.9130
2016-05-19,2.2000,2.9600,2.2261,3.9444
2016-05-20,2.1904,2.9500,2.2319,3.9701
2016-05-23,2.1797,2.9550,2.2132,3.9699
2016-05-24,2.1749,2.9350,2.2170,3.9634
2016-05-25,2.1810,2.9401,2.2089,3.9351
2016-05-26,2.1701,2.9401,2.2155,3.9323
2016-05-27,2.1530,2.9451,2.2187,3.9438
2016-05-30,2.1682,2.9776,2.2075,3.9439
2016-05-31,2.1896,2.9851,2.2151,3.9428
2016-06-01,2.1902,2.9952,2.2160,3.9274
2016-06-02,2.2002,3.0127,2.2411,3.9094
2016-06-03,2.2021,3.0152,2.2396,3.9282
2016-06-06,2.1811,3.0041,2.2403,3.9241
2016-06-07,2.1684,3.0071,2.2428,3.9234
2016-06-08,2.1935,3.0077,2.2357,3.9244
2016-06-12,2.1987,3.0053,2.2393,3.9184
2016-06-13,2.2176,2.9979,2.2677,3.9042
2016-06-14,2.2153,2.9654,2.2754,3.8738
2016-06-15,2.2135,2.9604,2.2782,3.8627
2016-06-16,2.2076,2.9455,2.2719,3.8634
2016-06-17,2.1830,2.9379,2.2376,3.8485
2016-06-20,2.1904,2.9481,2.2033,3.8481
2016-06-21,2.1859,2.9405,2.2416,3.8581
2016-06-22,2.1815,2.9307,2.2261,3.8448
2016-06-23,2.2059,2.9307,2.2520,3.8380
2016-06-24,2.2022,2.8808,2.2742,3.8003
2016-06-27,2.1987,2.8310,2.2761,3.7661
2016-06-28,2.1849,2.8610,2.2663,3.7604
2016-06-29,2.1870,2.8586,2.2670,3.7804
2016-06-30,2.1978,2.8411,2.2718,3.7875
2016-07-01,2.1951,2.8038,2.2692,3.7626
2016-07-04,2.1896,2.8314,2.2634,3.7669
2016-07-05,2.2129,2.8514,2.2572,3.7621
2016-07-06,2.2270,2.8365,2.2545,3.7502
2016-07-07,2.2049,2.8066,2.2463,3.7239
2016-07-08,2.1844,2.8016,2.1970,3.6941
2016-07-11,2.1923,2.8268,2.1957,3.7012
2016-07-12,2.1960,2.8368,2.2216,3.6924
2016-07-13,2.2152,2.8494,2.2208,3.7073
2016-07-14,2.1931,2.8395,2.2226,3.7095
2016-07-15,2.1724,2.8271,2.2030,3.6818
2016-07-18,2.1638,2.8271,2.1860,3.6618
2016-07-19,2.1550,2.8197,2.1684,3.6362
2016-07-20,2.1575,2.7996,2.1808,3.6150
2016-07-21,2.1574,2.7806,2.1806,3.5332
2016-07-22,2.1553,2.7907,2.1913,3.5341
2016-07-25,2.1508,2.8068,2.2138,3.5619
2016-07-26,2.1512,2.7913,2.1965,3.5518
2016-07-27,2.1439,2.7967,2.1664,3.5468
2016-07-28,2.1509,2.7867,2.1834,3.5380
2016-07-29,2.1463,2.7768,2.1951,3.5188
2016-08-01,2.1465,2.7830,2.1966,3.5175
2016-08-02,2.1168,2.7792,2.1928,3.5075
2016-08-03,2.1035,2.7718,2.1759,3.4871
2016-08-04,2.0973,2.7694,2.1604,3.4880
2016-08-05,2.0958,2.7534,2.1545,3.4855
2016-08-08,2.0743,2.7472,2.1578,3.4551
2016-08-09,2.0911,2.7125,2.1438,3.4501
2016-08-10,2.0805,2.6950,2.1259,3.4246
2016-08-11,2.0814,2.6875,2.0967,3.4147
2016-08-12,2.0648,2.6701,2.0430,3.3948
2016-08-15,2.0474,2.6401,2.0509,3.3835
2016-08-16,2.0279,2.6651,2.0506,3.3835
2016-08-17,2.0310,2.6901,2.0507,3.4204
2016-08-18,2.0228,2.6801,2.0514,3.4354
2016-08-19,2.0008,2.7001,2.0426,3.4455
2016-08-22,1.9833,2.6801,2.0552,3.4355
2016-08-23,2.0153,2.7201,2.0542,3.4513
2016-08-24,2.0091,2.7301,2.0556,3.4627
2016-08-25,2.0005,2.7201,2.0564,3.4606
2016-08-26,2.0001,2.6927,2.0465,3.4655
2016-08-29,2.0035,2.7064,2.0250,3.4776
2016-08-30,2.0038,2.7527,2.0616,3.4864
2016-08-31,2.0054,2.7425,2.0703,3.4790
2016-09-01,2.0012,2.7452,2.0526,3.4680
2016-09-02,2.0249,2.7452,2.0591,3.4609
2016-09-05,2.0142,2.7503,2.0704,3.4676
2016-09-06,2.0491,2.7628,2.0550,3.4623
2016-09-07,2.0400,2.7853,2.0781,3.4589
2016-09-08,2.0492,2.7753,2.0550,3.4539
2016-09-09,2.0295,2.7678,2.0528,3.4539
2016-09-12,2.0299,2.7916,2.0506,3.4716
2016-09-13,2.0292,2.7654,2.0464,3.4855
2016-09-14,2.0893,2.7579,2.0997,3.4853
2016-09-18,2.0983,2.7655,2.1033,3.4941
2016-09-19,2.1101,2.7605,2.1109,3.4866
2016-09-20,2.0988,2.7431,2.1004,3.4924
2016-09-21,2.1025,2.7518,2.1167,3.4851
2016-09-22,2.0599,2.7456,2.0926,3.4789
2016-09-23,2.0487,2.7318,2.0901,3.4389
2016-09-26,2.0523,2.7157,2.0976,3.4471
2016-09-27,2.0434,2.7144,2.0957,3.4470
2016-09-28,2.0501,2.7244,2.0928,3.4670
2016-09-29,2.0347,2.7282,2.0912,3.4770
2016-09-30,2.0482,2.7258,2.0753,3.4716
2016-10-08,2.0574,2.7047,2.0799,3.4415
2016-10-09,2.0579,2.6760,2.0799,3.4565
2016-10-10,2.0448,2.6735,2.0910,3.4398
2016-10-11,2.0222,2.6835,2.0757,3.4419
2016-10-12,1.9957,2.7098,2.0846,3.4518
2016-10-13,1.9982,2.7010,2.0869,3.4402
2016-10-14,1.9427,2.6952,2.0644,3.4052
2016-10-17,1.9803,2.6904,2.0693,3.3868
2016-10-18,1.9750,2.6965,2.0722,3.3794
2016-10-19,1.9665,2.6664,2.0914,3.3742
2016-10-20,1.9519,2.6518,2.0823,3.3546
2016-10-21,1.9777,2.6451,2.0383,3.3445
2016-10-24,1.9765,2.6595,2.0094,3.3343
2016-10-25,1.9981,2.6859,2.0095,3.3378
2016-10-26,2.0293,2.7200,2.0413,3.3699
2016-10-27,2.0211,2.7068,2.0403,3.3804
2016-10-28,2.0087,2.7027,2.0293,3.3609
2016-10-31,2.0229,2.7425,2.0319,3.3868
2016-11-01,1.9970,2.7375,2.0709,3.4057
2016-11-02,2.0009,2.7372,2.0715,3.3942
2016-11-03,2.0052,2.7301,2.0735,3.3883
2016-11-04,1.9982,2.7339,2.0734,3.3960
2016-11-07,2.0113,2.7475,2.0927,3.4101
2016-11-08,2.0242,2.7634,2.0772,3.4199
2016-11-09,2.0210,2.7651,2.0754,3.4199
2016-11-10,2.0460,2.7926,2.0733,3.4254
2016-11-11,2.0432,2.8150,2.1132,3.4499
2016-11-14,2.0500,2.8577,2.1101,3.4549
2016-11-15,2.0514,2.8501,2.1373,3.4811
2016-11-16,2.0520,2.8652,2.1142,3.5015
2016-11-17,2.0720,2.9055,2.1360,3.5133
2016-11-18,2.0866,2.8901,2.1715,3.5377
2016-11-21,2.1316,2.8851,2.1620,3.5593
2016-11-22,2.1271,2.8689,2.1375,3.5460
2016-11-23,2.1225,2.8451,2.1375,3.5633
2016-11-24,2.1499,2.8502,2.1571,3.5656
2016-11-25,2.1295,2.8650,2.2133,3.5850
2016-11-28,2.1577,2.8502,2.2119,3.6128
2016-11-29,2.1931,2.8906,2.2579,3.6466
2016-11-30,2.2976,2.9502,2.2984,3.7335
2016-12-01,2.4006,2.9893,2.3527,3.8635
2016-12-02,2.3934,2.9895,2.3971,3.8735
2016-12-05,2.3805,3.0302,2.4396,3.8797
2016-12-06,2.3668,3.1151,2.4534,3.9755
2016-12-07,2.3809,3.0877,2.4337,3.9920
2016-12-08,2.3677,3.0753,2.4076,3.9709
2016-12-09,2.4052,3.0853,2.4337,3.9909
2016-12-12,2.4564,3.1458,2.4995,4.0719
2016-12-13,2.3759,3.1863,2.4586,4.1553
2016-12-14,2.5396,3.2186,2.6088,4.2633
2016-12-15,2.6742,3.3315,2.7160,4.3834
2016-12-16,2.8714,3.2803,2.9068,4.3884
2016-12-19,3.0404,3.3316,3.0460,4.3988
2016-12-20,3.0948,3.3739,3.1054,4.4633
2016-12-21,3.0908,3.2815,3.0312,4.4430
2016-12-22,3.0496,3.1908,2.9979,4.4410
2016-12-23,2.8525,3.1769,2.9108,4.4289
2016-12-26,2.8517,3.1551,2.9036,4.3995
2016-12-27,2.8665,3.1628,2.8718,4.3917
2016-12-28,2.8563,3.1223,2.8968,4.4050
2016-12-29,2.7023,3.0471,2.7020,4.3652
2016-12-30,2.6515,3.0115,2.6535,4.3297
2016-12-31,2.6474,3.0115,2.6494,4.3297
2017-01-03,2.6294,3.1054,2.7152,4.3040
2017-01-04,2.6431,3.1823,2.6687,4.2932
2017-01-05,2.6009,3.2086,2.6709,4.3072
2017-01-06,2.6135,3.1953,2.6888,4.2991
2017-01-09,2.6135,3.1692,2.6665,4.2743
2017-01-10,2.6017,3.1792,2.6531,4.2685
2017-01-11,2.6057,3.2055,2.6583,4.2789
2017-01-12,2.5816,3.1888,2.6432,4.2650
2017-01-13,2.5511,3.2022,2.5890,4.2503
2017-01-16,2.5302,3.2496,2.5532,4.2556
2017-01-17,2.5808,3.2692,2.6303,4.2651
2017-01-18,2.6025,3.2682,2.6494,4.2746
2017-01-19,2.6437,3.2584,2.6348,4.3019
2017-01-20,2.5601,3.2440,2.6110,4.3028
2017-01-22,2.5250,3.2550,2.5935,4.3032
2017-01-23,2.5458,3.2429,2.5835,4.3044
2017-01-24,2.5441,3.2837,2.5931,4.3099
2017-01-25,2.5307,3.3463,2.6141,4.3625
2017-01-26,2.4821,3.3465,2.6009,4.3672
2017-02-03,2.5921,3.4214,2.6634,4.4043
2017-02-04,2.6094,3.4099,2.6693,4.4058
2017-02-06,2.6253,3.4905,2.7095,4.4845
2017-02-07,2.6576,3.4866,2.7013,4.5406
2017-02-08,2.6272,3.4591,2.7013,4.5368
2017-02-09,2.6525,3.4148,2.7249,4.5153
2017-02-10,2.6128,3.4368,2.6823,4.5137
2017-02-13,2.6009,3.4192,2.6793,4.5067
2017-02-14,2.5953,3.4107,2.6708,4.5192
2017-02-15,2.6234,3.4058,2.6996,4.5194
2017-02-16,2.6029,3.3559,2.7039,4.5183
2017-02-17,2.5609,3.3311,2.6919,4.5159
2017-02-20,2.5508,3.2812,2.6407,4.5052
2017-02-21,2.5947,3.3013,2.6533,4.5277
2017-02-22,2.6173,3.2839,2.6511,4.5380
2017-02-23,2.5936,3.2714,2.6438,4.5093
2017-02-24,2.5978,3.2916,2.6634,4.4785
2017-02-27,2.5820,3.2871,2.6417,4.4877
2017-02-28,2.5965,3.2921,2.6398,4.4858
2017-03-01,2.6104,3.3252,2.6412,4.5111
2017-03-02,2.6098,3.3483,2.6176,4.5113
2017-03-03,2.6042,3.3573,2.6422,4.4921
2017-03-06,2.6344,3.3615,2.6940,4.4821
2017-03-07,2.6469,3.3643,2.6908,4.4990
2017-03-08,2.6519,3.4088,2.7190,4.4827
2017-03-09,2.6747,3.4151,2.7136,4.5115
2017-03-10,2.6765,3.4156,2.7204,4.5387
2017-03-13,2.6634,3.3851,2.7386,4.5759
2017-03-14,2.7023,3.3653,2.7247,4.5713
2017-03-15,2.7193,3.3524,2.7665,4.5712
2017-03-16,2.7061,3.3097,2.8014,4.5722
2017-03-17,2.7654,3.3124,2.8202,4.5732
2017-03-20,2.7568,3.3141,2.8499,4.5740
2017-03-21,2.8051,3.3141,2.8204,4.6062
2017-03-22,2.8563,3.3068,2.8604,4.5876
2017-03-23,2.8592,3.3034,2.8640,4.5985
2017-03-24,2.8627,3.2529,2.8577,4.5777
2017-03-27,2.8731,3.2451,2.8576,4.6050
2017-03-28,2.8571,3.2626,2.8326,4.6042
2017-03-29,2.8997,3.2695,2.8320,4.6144
2017-03-30,2.8859,3.2890,2.8299,4.6087
2017-03-31,2.8815,3.2828,2.8375,4.6097
2017-04-01,2.8771,3.2730,2.8788,4.6111
2017-04-05,2.8905,3.3102,2.8918,4.6142
2017-04-06,2.8705,3.3109,2.8950,4.6249
2017-04-07,2.8906,3.2966,2.8986,4.6262
2017-04-10,2.9098,3.3166,2.9065,4.6069
2017-04-11,2.8849,3.3209,2.9115,4.6244
2017-04-12,2.8838,3.3283,2.8982,4.5995
2017-04-13,2.8632,3.3220,2.8953,4.5746
2017-04-14,2.8891,3.3599,2.9637,4.6085
2017-04-17,2.8899,3.4160,2.9444,4.6690
2017-04-18,2.8924,3.4064,2.9444,4.6737
2017-04-19,2.8806,3.4065,3.0312,4.6787
2017-04-20,2.8832,3.4240,3.0039,4.7087
2017-04-21,2.8728,3.4614,3.0544,4.7374
2017-04-24,2.8781,3.4991,3.0535,4.7963
2017-04-25,2.8765,3.4568,3.0676,4.8367
2017-04-26,2.9182,3.4519,3.0784,4.8168
2017-04-27,2.9186,3.4494,3.0841,4.7932
2017-04-28,2.9392,3.4668,3.0707,4.7884
2017-05-02,2.9548,3.4870,3.1263,4.7940
2017-05-03,2.9827,3.5219,3.1329,4.8407
2017-05-04,2.9890,3.5517,3.1586,4.8564
2017-05-05,3.0187,3.5592,3.1765,4.8475
2017-05-08,3.0520,3.6042,3.1650,4.8829
2017-05-09,3.0341,3.6325,3.1724,4.9222
2017-05-10,3.0784,3.6900,3.1661,5.0173
2017-05-11,3.0837,3.6400,3.2035,5.0336
2017-05-12,3.1270,3.6525,3.2514,5.0329
2017-05-15,3.1218,3.6100,3.2538,5.0125
2017-05-16,3.1203,3.6225,3.2823,5.0129
2017-05-17,3.1584,3.6275,3.3518,4.9931
2017-05-18,3.1824,3.6075,3.3814,4.9999
2017-05-19,3.1836,3.6250,3.3712,5.0024
2017-05-22,3.2004,3.6601,3.3769,5.0278
2017-05-23,3.1835,3.6725,3.3892,5.0523
2017-05-24,3.2517,3.6601,3.4133,5.0352
2017-05-25,3.2671,3.6476,3.3947,5.0420
2017-05-26,3.2622,3.6501,3.3990,5.0441
2017-05-27,3.2588,3.6499,3.3701,5.0333
2017-05-31,3.2054,3.6102,3.3713,5.0315
2017-06-01,3.2092,3.6152,3.3796,5.0341
2017-06-02,3.3286,3.6277,3.3897,5.0588
2017-06-05,3.3181,3.6152,3.3964,5.0414
2017-06-06,3.3228,3.6328,3.3973,5.0424
2017-06-07,3.4326,3.6427,3.4705,5.0321
2017-06-08,3.4628,3.6478,3.4914,5.0027
2017-06-09,3.4940,3.6303,3.5746,5.0029
2017-06-12,3.4932,3.5841,3.5446,4.9743
2017-06-13,3.5070,3.5754,3.5763,4.9187
2017-06-14,3.5812,3.5354,3.6945,4.9139
2017-06-15,3.5691,3.5554,3.6785,4.9129
2017-06-16,3.5571,3.5680,3.6926,4.9148
2017-06-19,3.5446,3.5006,3.6892,4.8896
2017-06-20,3.5446,3.4881,3.6683,4.8573
2017-06-21,3.5315,3.5406,3.6483,4.8157
2017-06-22,3.4804,3.5607,3.6483,4.8693
2017-06-23,3.4078,3.5457,3.5513,4.8305
2017-06-26,3.3382,3.5134,3.4691,4.8129
2017-06-27,3.2090,3.5084,3.3645,4.8050
2017-06-28,3.1590,3.5333,3.3315,4.7913
2017-06-29,3.1488,3.5483,3.3288,4.7689
2017-06-30,3.1397,3.5683,3.3461,4.7892
2017-07-03,3.1582,3.6033,3.3024,4.8080
2017-07-04,3.1932,3.6009,3.3307,4.8154
2017-07-05,3.1610,3.5760,3.3219,4.8136
2017-07-06,3.1258,3.5660,3.3156,4.8011
2017-07-07,3.1633,3.5897,3.3416,4.8176
2017-07-10,3.1549,3.5911,3.3262,4.8173
2017-07-11,3.2009,3.5836,3.3555,4.8223
2017-07-12,3.2382,3.5749,3.3743,4.8323
2017-07-13,3.2169,3.5643,3.3600,4.8323
2017-07-14,3.1647,3.5637,3.3633,4.7928
2017-07-17,3.0848,3.5626,3.3418,4.7853
2017-07-18,3.0624,3.5851,3.3552,4.8027
2017-07-19,3.1103,3.5901,3.4011,4.8004
2017-07-20,3.1114,3.5740,3.3710,4.8294
2017-07-21,3.0658,3.5829,3.3542,4.8527
2017-07-24,3.0753,3.5769,3.3475,4.8425
2017-07-25,3.0393,3.5920,3.3377,4.8277
2017-07-26,3.0360,3.6170,3.3042,4.8344
2017-07-27,3.0080,3.6021,3.3136,4.8446
2017-07-28,3.0067,3.6034,3.3101,4.8400
2017-07-31,2.9485,3.6260,3.2834,4.8437
2017-08-01,2.9871,3.6373,3.2790,4.8441
2017-08-02,3.0063,3.6311,3.2749,4.8541
2017-08-03,2.9574,3.6262,3.2676,4.8591
2017-08-04,2.9488,3.6262,3.2242,4.8594
2017-08-07,2.9192,3.6626,3.2202,4.8542
2017-08-08,2.9057,3.6538,3.2242,4.8643
2017-08-09,2.9093,3.6600,3.2382,4.8644
2017-08-10,2.9055,3.6375,3.2463,4.8645
2017-08-11,2.8299,3.6163,3.2362,4.8645
2017-08-14,2.7435,3.5925,3.2381,4.8744
2017-08-15,2.7082,3.5801,3.2384,4.8609
2017-08-16,2.8011,3.5988,3.2656,4.8603
2017-08-17,2.8219,3.5926,3.2774,4.8604
2017-08-18,2.8168,3.5951,3.2524,4.8589
2017-08-21,2.8295,3.6181,3.2614,4.8812
2017-08-22,2.8250,3.6201,3.2733,4.8740
2017-08-23,2.8512,3.6152,3.2947,4.8597
2017-08-24,2.8336,3.6252,3.3005,4.8734
2017-08-25,2.9060,3.6327,3.3170,4.8713
2017-08-28,2.8842,3.6502,3.3331,4.8712
2017-08-29,2.9158,3.6303,3.3034,4.8861
2017-08-30,3.0631,3.6303,3.3664,4.8938
2017-08-31,3.0032,3.6265,3.3656,4.8938
2017-09-01,2.9691,3.6353,3.3418,4.8911
2017-09-04,2.9352,3.6454,3.3742,4.9161
2017-09-05,2.9284,3.6641,3.3743,4.9075
2017-09-06,2.9742,3.6554,3.3744,4.9155
2017-09-07,3.0045,3.6155,3.3154,4.9147
2017-09-08,2.9667,3.6005,3.3479,4.8755
2017-09-11,2.9970,3.6156,3.3299,4.8779
2017-09-12,3.0094,3.6181,3.3382,4.8788
2017-09-13,3.0429,3.6356,3.3779,4.8563
2017-09-14,3.0342,3.5982,3.3924,4.8563
2017-09-15,3.0126,3.5982,3.3787,4.8563
2017-09-18,3.0303,3.6220,3.3672,4.8573
2017-09-19,3.0258,3.6158,3.3689,4.8756
2017-09-20,3.0680,3.6209,3.3695,4.8848
2017-09-21,3.0610,3.6334,3.3737,4.8825
2017-09-22,3.0618,3.6209,3.3701,4.8625
2017-09-25,3.0552,3.5985,3.3777,4.8601
2017-09-26,3.1245,3.6172,3.3681,4.8578
2017-09-27,3.0853,3.6235,3.3581,4.8628
2017-09-28,3.1606,3.6136,3.3581,4.8727
2017-09-29,3.1606,3.6136,3.3545,4.8727
2017-09-30,3.1610,3.6136,3.3543,4.8729
2017-10-09,3.2192,3.6477,3.3748,4.8666
2017-10-10,3.2103,3.6470,3.3946,4.8807
2017-10-11,3.1815,3.6540,3.3752,4.8637
2017-10-12,3.1668,3.6765,3.3700,4.8468
2017-10-13,3.2034,3.6740,3.3898,4.8468
2017-10-16,3.2400,3.7054,3.3876,4.8696
2017-10-17,3.2164,3.7409,3.3946,4.8649
2017-10-18,3.2624,3.7366,3.4276,4.8881
2017-10-19,3.2658,3.7167,3.4059,4.8828
2017-10-20,3.2887,3.7217,3.4133,4.8825
2017-10-23,3.2893,3.7231,3.4363,4.8632
2017-10-24,3.2871,3.7220,3.4056,4.8825
2017-10-25,3.3492,3.7768,3.4089,4.8829
2017-10-26,3.3578,3.7769,3.4236,4.8830
2017-10-27,3.4320,3.8266,3.4333,4.8832
2017-10-30,3.4602,3.9115,3.4990,4.9432
2017-10-31,3.4831,3.8917,3.4990,4.9443
2017-11-01,3.5030,3.8630,3.5121,4.9443
2017-11-02,3.5074,3.8718,3.5109,4.9443
2017-11-03,3.4992,3.8816,3.5017,4.9590
2017-11-06,3.4917,3.8694,3.4992,4.9849
2017-11-07,3.4788,3.8813,3.5039,5.0193
2017-11-08,3.5399,3.8725,3.5034,5.0193
2017-11-09,3.5553,3.8863,3.4849,5.0193
2017-11-10,3.5691,3.9000,3.5939,5.0575
2017-11-13,3.5708,3.9500,3.5939,5.0958
2017-11-14,3.5754,3.9525,3.5939,5.1317
2017-11-15,3.6412,3.9500,3.6566,5.1556
2017-11-16,3.6317,3.9225,3.6502,5.1628
2017-11-17,3.6981,3.9200,3.6752,5.1778
2017-11-20,3.6797,3.9400,3.6686,5.1978
2017-11-21,3.6746,3.9500,3.6825,5.2226
2017-11-22,3.6903,3.9850,3.6990,5.2906
2017-11-23,3.7009,3.9851,3.7124,5.3449
2017-11-24,3.7776,3.9463,3.7217,5.3399
2017-11-27,3.8543,3.9501,3.7701,5.3746
2017-11-28,3.8999,3.9601,3.7833,5.4062
2017-11-29,3.8998,3.9101,3.7833,5.4051
2017-11-30,3.8997,3.8901,3.7680,5.3940
2017-12-01,3.9268,3.8852,3.7599,5.3905
2017-12-04,3.9285,3.8902,3.7694,5.3548
2017-12-05,3.9271,3.8752,3.7615,5.3311
2017-12-06,3.9500,3.8752,3.8147,5.3510
2017-12-07,3.9498,3.8927,3.8321,5.3335
2017-12-08,3.9593,3.9102,3.9054,5.3216
2017-12-11,3.9679,3.9303,3.9807,5.3145
2017-12-12,3.9708,3.9378,3.9818,5.3250
2017-12-13,4.0010,3.9303,4.0119,5.3486
2017-12-14,4.0210,3.9104,4.0000,5.3675
2017-12-15,3.9713,3.8904,3.9606,5.3755
2017-12-18,3.9762,3.8904,3.9786,5.3863
2017-12-19,3.9709,3.9005,3.9810,5.4005
2017-12-20,3.9805,3.9005,3.9985,5.3860
2017-12-21,3.9712,3.9005,3.9600,5.3993
2017-12-22,3.9649,3.8780,3.9505,5.4264
2017-12-25,3.9582,3.8731,3.9454,5.4377
2017-12-26,3.9902,3.8881,3.9518,5.4339
2017-12-27,3.9842,3.8956,3.9411,5.4484
2017-12-28,3.9929,3.8857,3.9343,5.4495
2017-12-29,3.9446,3.8807,3.9067,5.4490
2017-12-30,3.8870,3.8807,3.9067,5.4490
2017-12-31,3.8294,3.8807,3.9067,5.4490
2018-01-02,3.7797,3.9008,3.7725,5.4718
2018-01-03,3.6554,3.9162,3.7176,5.4879
2018-01-04,3.5140,3.9319,3.5774,5.5137
2018-01-05,3.4058,3.9212,3.5255,5.5290
2018-01-08,3.2977,3.9110,3.5149,5.5447
2018-01-09,3.2931,3.8909,3.5240,5.5243
2018-01-10,3.3434,3.9201,3.5714,5.5368
2018-01-11,3.3677,3.9546,3.5765,5.5417
2018-01-12,3.3386,3.9337,3.5514,5.5413
2018-01-15,3.3466,3.9650,3.5401,5.5499
2018-01-16,3.3527,3.9596,3.5506,5.5485
2018-01-17,3.3722,3.9597,3.5998,5.5726
2018-01-18,3.3759,3.9797,3.5899,5.5673
2018-01-19,3.3759,3.9754,3.5898,5.5682
2018-01-22,3.3617,3.9522,3.5494,5.5751
2018-01-23,3.3719,3.9414,3.5497,5.5583
2018-01-24,3.3478,3.9507,3.5491,5.5522
2018-01-25,3.3514,3.9435,3.5196,5.5529
2018-01-26,3.3163,3.9365,3.5203,5.5546
2018-01-29,3.3164,3.9368,3.4999,5.5442
2018-01-30,3.3266,3.9292,3.5094,5.5470
2018-01-31,3.3266,3.9140,3.5097,5.5203
2018-02-01,3.3682,3.9066,3.4996,5.5178
2018-02-02,3.2736,3.9092,3.4215,5.5178
2018-02-05,3.2932,3.9167,3.3434,5.5175
2018-02-06,3.2532,3.8825,3.3007,5.5067
2018-02-07,3.2545,3.8700,3.3206,5.5194
2018-02-08,3.2573,3.8801,3.3208,5.4941
2018-02-09,3.2326,3.8800,3.3220,5.5099
2018-02-11,3.2629,3.8775,3.3217,5.4949
2018-02-12,3.2650,3.8750,3.3218,5.5039
2018-02-13,3.2422,3.8700,3.3127,5.5037
2018-02-14,3.2039,3.8702,3.2807,5.5025
2018-02-22,3.2154,3.8752,3.3254,5.4735
2018-02-23,3.1912,3.8702,3.3312,5.4733
2018-02-24,3.1914,3.8652,3.3244,5.4651
2018-02-26,3.1898,3.8452,3.2931,5.4385
2018-02-27,3.1642,3.8201,3.2660,5.4384
2018-02-28,3.2024,3.8202,3.2444,5.4142
2018-03-01,3.2504,3.8201,3.2534,5.3743
2018-03-02,3.1876,3.8352,3.2766,5.3745
2018-03-05,3.1876,3.8453,3.2470,5.3712
2018-03-06,3.1988,3.8253,3.2600,5.3748
2018-03-07,3.1999,3.8203,3.2510,5.3746
2018-03-08,3.2042,3.8203,3.2475,5.3772
2018-03-09,3.1349,3.8278,3.2044,5.3773
2018-03-12,3.1468,3.8243,3.1818,5.3721
2018-03-13,3.1695,3.8362,3.2029,5.3591
2018-03-14,3.1523,3.8413,3.1951,5.3638
2018-03-15,3.1523,3.8257,3.2012,5.3614
2018-03-16,3.1245,3.8154,3.2595,5.3524
2018-03-19,3.1061,3.8104,3.2357,5.3627
2018-03-20,3.0861,3.7906,3.2292,5.3539
2018-03-21,3.0769,3.7630,3.2090,5.3500
2018-03-22,3.0613,3.7480,3.1931,5.3488
2018-03-23,2.9847,3.7005,3.1702,5.3325
2018-03-26,2.9847,3.7307,3.2002,5.2989
2018-03-27,3.0214,3.7432,3.1986,5.3033
2018-03-28,3.0336,3.7406,3.2028,5.2971
2018-03-29,3.0003,3.7456,3.1867,5.2960
2018-03-30,2.9613,3.7407,3.1670,5.2957
2018-04-02,2.9509,3.7357,3.1153,5.2473
2018-04-03,2.8780,3.7507,3.1099,5.2373
2018-04-04,2.8580,3.7234,3.0879,5.2315
2018-04-08,2.8580,3.7008,3.1042,5.2314
2018-04-09,2.7349,3.6959,3.1124,5.2117
2018-04-10,2.7349,3.7159,3.1177,5.2277
2018-04-11,2.7432,3.7109,3.1221,5.2286
2018-04-12,2.7197,3.7109,3.0894,5.2148
2018-04-13,2.6842,3.7062,3.0242,5.2148
2018-04-16,2.6926,3.6561,2.9348,5.2009
2018-04-17,2.6856,3.6512,2.9266,5.1648
2018-04-18,2.5017,3.5013,2.7169,4.9775
2018-04-19,2.5517,3.5064,2.7662,4.9782
2018-04-20,2.5879,3.5215,2.8068,4.9787
2018-04-23,2.6921,3.6019,2.7919,4.9976
2018-04-24,2.7495,3.5855,2.8221,5.0066
2018-04-25,2.7394,3.6118,2.8301,5.0052
2018-04-26,2.7394,3.6344,2.8299,4.9887
2018-04-27,2.6895,3.6364,2.8299,4.9729
2018-04-28,2.6691,3.6217,2.8102,4.9555
2018-05-02,2.7022,3.6665,2.8389,4.9767
2018-05-03,2.6882,3.6467,2.8100,4.9771
2018-05-04,2.6518,3.6319,2.7719,4.9859
2018-05-07,2.6480,3.6518,2.7674,5.0045
2018-05-08,2.6565,3.6922,2.7678,5.0537
2018-05-09,2.7062,3.7074,2.7938,5.0707
2018-05-10,2.7365,3.6924,2.8069,5.1215
2018-05-11,2.7013,3.6882,2.8602,5.1216
2018-05-14,2.7212,3.6937,2.9135,5.1133
2018-05-15,2.7735,3.7151,2.9200,5.0978
2018-05-16,2.7497,3.7076,2.9249,5.0994
2018-05-17,2.7817,3.7120,2.9563,5.1009
2018-05-18,2.7443,3.7099,3.0000,5.1045
2018-05-21,2.8089,3.6939,2.9696,5.1051
2018-05-22,2.7985,3.6700,3.0045,5.1051
2018-05-23,2.7848,3.6400,3.0123,5.1033
2018-05-24,2.8066,3.6501,2.9775,5.0839
2018-05-25,2.8413,3.6126,3.0149,5.0741
2018-05-28,2.9152,3.6101,3.0151,5.0739
2018-05-29,2.9194,3.6001,3.0099,5.0795
2018-05-30,2.9040,3.5976,2.9839,5.0711
2018-05-31,2.8900,3.6129,2.9897,5.0889
2018-06-01,3.0002,3.6202,3.0003,5.0991
2018-06-04,2.9848,3.6532,3.0059,5.1240
2018-06-05,2.9879,3.6602,3.0146,5.1339
2018-06-06,2.9907,3.6602,3.0150,5.1066
2018-06-07,2.9929,3.6702,3.0235,5.1129
2018-06-08,2.9500,3.6453,3.0173,5.0928
2018-06-11,2.9300,3.6502,3.0339,5.0823
2018-06-12,2.9438,3.6853,3.0517,5.0823
2018-06-13,2.9833,3.6627,3.1294,5.0992
2018-06-14,2.9621,3.6227,3.1097,5.1144
2018-06-15,2.9505,3.6028,3.1543,5.0947
2018-06-19,2.9766,3.5603,3.1417,5.0982
2018-06-20,3.0891,3.6054,3.1417,5.0977
2018-06-21,3.1024,3.5753,3.1721,5.1126
2018-06-22,3.0433,3.5604,3.1721,5.0976
2018-06-25,3.0615,3.5803,3.1817,5.1153
2018-06-26,3.0996,3.5804,3.1998,5.1127
2018-06-27,3.0996,3.5529,3.1998,5.1174
2018-06-28,3.1300,3.5304,3.1846,5.0902
2018-06-29,3.0122,3.4756,3.1041,5.0555
2018-07-02,2.8213,3.4668,3.0388,5.0272
2018-07-03,2.7100,3.4955,2.9432,5.0222
2018-07-04,2.6621,3.5107,2.9576,5.0202
2018-07-05,2.6536,3.5005,2.9507,4.9892
2018-07-06,2.4450,3.5259,2.8794,4.9870
2018-07-09,2.4473,3.5432,2.8695,4.9597
2018-07-10,2.4357,3.5431,2.8479,4.9125
2018-07-11,2.4325,3.5107,2.8476,4.8927
2018-07-12,2.4579,3.5158,2.7626,4.8631
2018-07-13,2.4952,3.4858,2.7834,4.8604
2018-07-16,2.5211,3.4808,2.7258,4.8121
2018-07-17,2.4938,3.4808,2.7403,4.8321
2018-07-18,2.5378,3.4708,2.8592,4.8309
2018-07-19,2.5302,3.4409,2.8283,4.7987
2018-07-20,2.4704,3.5135,2.8585,4.7613
2018-07-23,2.4725,3.5186,2.8615,4.7599
2018-07-24,2.4881,3.5615,2.8633,4.7650
2018-07-25,2.4147,3.5614,2.8419,4.7701
2018-07-26,2.2928,3.5361,2.7511,4.7601
2018-07-27,2.2957,3.5212,2.7401,4.7501
2018-07-30,2.2888,3.5213,2.6874,4.7551
2018-07-31,2.3032,3.4812,2.6405,4.7104
2018-08-01,2.2875,3.4638,2.6163,4.6781
2018-08-02,2.2430,3.4713,2.6157,4.6157
2018-08-03,2.1377,3.4567,2.5551,4.6075
2018-08-06,2.0209,3.4568,2.4927,4.5524
2018-08-07,2.0119,3.4876,2.4027,4.5308
2018-08-08,1.9562,3.5222,2.4016,4.5462
2018-08-09,1.9552,3.5476,2.4330,4.5865
2018-08-10,1.9654,3.5525,2.4185,4.6111
2018-08-13,1.9104,3.5826,2.5238,4.6306
2018-08-14,1.9645,3.5519,2.5829,4.6467
2018-08-15,2.0049,3.5829,2.5341,4.6353
2018-08-16,2.0600,3.6141,2.6160,4.6680
2018-08-17,2.1159,3.6524,2.6765,4.7155
2018-08-20,2.1642,3.6326,2.7189,4.7550
2018-08-21,2.2086,3.6300,2.7210,4.7765
2018-08-22,2.2102,3.6075,2.7208,4.8265
2018-08-23,2.1759,3.6101,2.6921,4.8714
2018-08-24,2.1728,3.6278,2.6943,4.8703
2018-08-27,2.1421,3.6303,2.6681,4.8704
2018-08-28,2.1477,3.6101,2.6707,4.8803
2018-08-29,2.1451,3.6101,2.6733,4.8854
2018-08-30,2.1427,3.5801,2.6483,4.8653
2018-08-31,2.1205,3.5751,2.6418,4.8511
2018-09-03,2.1300,3.5951,2.6230,4.8510
2018-09-04,2.1401,3.6101,2.6220,4.8510
2018-09-05,2.1407,3.6101,2.5728,4.8201
2018-09-06,2.1318,3.6101,2.5797,4.8201
2018-09-07,2.1330,3.6301,2.5438,4.8210
2018-09-10,2.1274,3.6551,2.6050,4.8232
2018-09-11,2.1321,3.6751,2.6170,4.8490
2018-09-12,2.1506,3.6551,2.6429,4.8583
2018-09-13,2.1461,3.6526,2.6177,4.8596
2018-09-14,2.1334,3.6351,2.6210,4.8552
2018-09-17,2.1042,3.6327,2.6401,4.8289
2018-09-18,2.1222,3.6452,2.6174,4.8227
2018-09-19,2.1061,3.6727,2.6144,4.8117
2018-09-20,2.0526,3.7003,2.6292,4.8185
2018-09-21,2.0734,3.6752,2.6087,4.8085
2018-09-25,2.0893,3.6754,2.6165,4.8306
2018-09-26,2.0916,3.6503,2.6380,4.8253
2018-09-27,2.1243,3.6253,2.6180,4.8142
2018-09-28,2.2195,3.6153,2.6581,4.8045
2018-09-29,2.2225,3.6104,2.6169,4.8071
2018-09-30,2.2235,3.6103,2.6189,4.8104
2018-10-08,2.0648,3.6155,2.6043,4.7863
2018-10-09,1.8740,3.6156,2.5442,4.7779
2018-10-10,1.8246,3.6156,2.5313,4.7712
2018-10-11,1.8662,3.5806,2.5528,4.7474
2018-10-12,1.9269,3.5831,2.2448,4.7305
2018-10-15,1.9279,3.5857,2.2415,4.7271
2018-10-16,1.9526,3.5757,2.3055,4.7271
2018-10-17,2.0055,3.5807,2.3595,4.7066
2018-10-18,2.1413,3.5508,2.3566,4.7023
2018-10-19,2.2023,3.5658,2.3530,4.6920
2018-10-22,2.2675,3.5910,2.4130,4.7017
2018-10-23,2.2686,3.5709,2.4131,4.7116
2018-10-24,2.3093,3.5409,2.4347,4.6821
2018-10-25,2.2795,3.5409,2.4225,4.6722
2018-10-26,2.2697,3.5410,2.4189,4.6724
2018-10-29,2.2845,3.5111,2.4202,4.6475
2018-10-30,2.2471,3.5161,2.4071,4.6218
2018-10-31,2.3212,3.5086,2.6255,4.6168
2018-11-01,2.3114,3.4936,2.6138,4.5997
2018-11-02,2.2976,3.5461,2.6625,4.6027
2018-11-05,2.2802,3.5312,2.6836,4.6005
2018-11-06,2.2838,3.5113,2.6692,4.5979
2018-11-07,2.2791,3.4813,2.6545,4.5829
2018-11-08,2.2761,3.4813,2.6281,4.5584
2018-11-09,2.2511,3.4763,2.5164,4.5620
2018-11-12,2.2025,3.4865,2.5303,4.5669
2018-11-13,2.2050,3.4740,2.5217,4.5524
2018-11-14,2.2178,3.4218,2.5501,4.5262
2018-11-15,2.2552,3.3915,2.5027,4.5216
2018-11-16,2.2162,3.3515,2.4826,4.4825
2018-11-19,2.2735,3.3772,2.4938,4.4501
2018-11-20,2.3140,3.3771,2.5104,4.4528
2018-11-21,2.3350,3.3716,2.4881,4.4572
2018-11-22,2.3572,3.3917,2.5187,4.4546
2018-11-23,2.2864,3.3917,2.4853,4.4554
2018-11-26,2.3225,3.4151,2.4494,4.4542
2018-11-27,2.3271,3.4000,2.4598,4.4581
2018-11-28,2.3795,3.3700,2.4946,4.4543
2018-11-29,2.4154,3.3600,2.4696,4.4541
2018-11-30,2.3685,3.3550,2.4791,4.4353
2018-12-03,2.3569,3.3500,2.4704,4.4540
2018-12-04,2.3563,3.3050,2.4688,4.4502
2018-12-05,2.3625,3.2750,2.4613,4.3847
2018-12-06,2.3935,3.2751,2.4684,4.3740
2018-12-07,2.4010,3.2853,2.4601,4.3565
2018-12-10,2.4561,3.2678,2.4709,4.3468
2018-12-11,2.4661,3.2652,2.4709,4.3228
2018-12-12,2.5184,3.2703,2.5198,4.3178
2018-12-13,2.5201,3.3311,2.5983,4.3160
2018-12-14,2.5525,3.3468,2.5985,4.3384
2018-12-17,2.5525,3.3713,2.5679,4.3353
2018-12-18,2.5710,3.3714,2.5762,4.3215
2018-12-19,2.6298,3.3412,2.5608,4.3415
2018-12-20,2.7277,3.3003,2.6000,4.3193
2018-12-21,2.7791,3.3168,2.6050,4.3062
2018-12-24,2.7947,3.3483,2.6058,4.3129
2018-12-25,2.7951,3.3113,2.6295,4.3313
2018-12-26,2.7792,3.3011,2.6346,4.3277
2018-12-27,2.7688,3.2709,2.6503,4.3456
2018-12-28,2.6263,3.2315,2.5899,4.3305
2018-12-29,2.6153,3.2265,2.5919,4.3281
2018-12-30,2.6153,3.2265,2.5919,4.3281
2018-12-31,2.6153,3.2265,2.5919,4.3281
2019-01-02,2.5237,3.1734,2.5497,4.2963
2019-01-03,2.4709,3.1410,2.5001,4.2645
2019-01-04,2.3251,3.1513,2.4370,4.2391
2019-01-07,2.3409,3.1507,2.4534,4.2088
2019-01-08,2.3116,3.1211,2.3501,4.1687
2019-01-09,2.3439,3.1106,2.4000,4.1659
2019-01-10,2.3520,3.1006,2.3861,4.1631
2019-01-11,2.2684,3.1058,2.3864,4.1618
2019-01-14,2.3013,3.1297,2.3859,4.1613
2019-01-15,2.2992,3.1383,2.3874,4.1713
2019-01-16,2.3198,3.0745,2.3856,4.1688
2019-01-17,2.3078,3.0760,2.3748,4.1625
2019-01-18,2.2924,3.0910,2.4129,4.1688
2019-01-21,2.3453,3.1037,2.3860,4.1757
2019-01-22,2.3256,3.1071,2.3990,4.1957
2019-01-23,2.3097,3.1190,2.3936,4.1865
2019-01-24,2.3093,3.1338,2.3878,4.2074
2019-01-25,2.2851,3.1398,2.3692,4.2060
2019-01-28,2.2787,3.1397,2.3660,4.2175
2019-01-29,2.2129,3.1246,2.3314,4.2150
2019-01-30,2.2356,3.1151,2.3433,4.2358
2019-01-31,2.2051,3.1037,2.3147,4.2378
2019-02-01,2.2062,3.1032,2.3152,4.2253
2019-02-02,2.2062,3.0978,2.3127,4.2227
2019-02-03,2.2062,3.0967,2.3127,4.2216
2019-02-11,2.2041,3.0670,2.2905,4.2010
2019-02-12,2.1853,3.0748,2.2815,4.2099
2019-02-13,2.1752,3.0719,2.2689,4.2274
2019-02-14,2.1639,3.0726,2.2618,4.2308
2019-02-15,2.0058,3.0794,2.2637,4.2417
2019-02-18,2.0626,3.1094,2.2099,4.2566
2019-02-19,2.0619,3.1279,2.2056,4.2554
2019-02-20,2.0611,3.1196,2.1804,4.2530
2019-02-21,2.0509,3.1361,2.2020,4.2678
2019-02-22,2.0366,3.1451,2.2084,4.2792
2019-02-25,2.0525,3.1787,2.2257,4.2880
2019-02-26,2.1883,3.1878,2.2425,4.3355
2019-02-27,2.1495,3.1689,2.2789,4.3278
2019-02-28,2.1346,3.1731,2.2557,4.3493
2019-03-01,2.0102,3.1870,2.2808,4.3693
2019-03-04,1.9630,3.2023,2.2578,4.3925
2019-03-05,2.0273,3.2149,2.2626,4.4093
2019-03-06,2.0013,3.2021,2.2229,4.3974
2019-03-07,1.9626,3.1572,2.2041,4.4063
2019-03-08,1.9539,3.1423,2.1081,4.4046
2019-03-11,1.9302,3.1374,2.1570,4.4020
2019-03-12,2.0060,3.1424,2.1570,4.4162
2019-03-13,2.0010,3.1375,2.2052,4.4328
2019-03-14,2.1556,3.1475,2.2322,4.4417
2019-03-15,2.1529,3.1376,2.2311,4.4390
2019-03-18,2.1595,3.1377,2.2348,4.4434
2019-03-19,2.1657,3.1377,2.2381,4.4293
2019-03-20,2.1546,3.1453,2.2395,4.4062
2019-03-21,2.1536,3.1291,2.2288,4.4062
2019-03-22,2.1446,3.1080,2.2408,4.4273
2019-03-25,2.1062,3.0831,2.2511,4.4293
2019-03-26,2.0915,3.0633,2.2552,4.4131
2019-03-27,2.1293,3.0882,2.2771,4.3935
2019-03-28,2.1513,3.0634,2.2429,4.3864
2019-03-29,2.1427,3.0683,2.2321,4.3909
2019-04-01,2.0522,3.1332,2.1763,4.4007
2019-04-02,2.0826,3.1681,2.1980,4.4457
2019-04-03,2.0811,3.2331,2.1823,4.4884
2019-04-04,2.0715,3.2679,2.1913,4.5009
2019-04-08,2.1573,3.2482,2.1897,4.5134
2019-04-09,2.1590,3.2882,2.1920,4.5286
2019-04-10,2.1727,3.2932,2.2174,4.5693
2019-04-11,2.1753,3.2784,2.2343,4.5581
2019-04-12,2.1064,3.3334,2.2800,4.5339
2019-04-15,2.2019,3.3736,2.3094,4.5637
2019-04-16,2.1865,3.3937,2.3223,4.5996
2019-04-17,2.2006,3.3938,2.4530,4.5996
2019-04-18,2.2267,3.3589,2.4550,4.6096
2019-04-19,2.1870,3.3741,2.4095,4.6138
2019-04-22,2.1247,3.4091,2.3416,4.6255
2019-04-23,2.1890,3.3993,2.3314,4.6204
2019-04-24,2.1705,3.4343,2.3207,4.6193
2019-04-25,2.1765,3.4193,2.3773,4.6190
2019-04-26,2.2105,3.4043,2.3537,4.6189
2019-04-28,2.2105,3.4043,2.3537,4.6162
2019-04-29,2.2475,3.4268,2.3772,4.6137
2019-04-30,2.2545,3.3869,2.3646,4.5998
2019-05-05,2.2595,3.3849,2.3636,4.5971
2019-05-06,2.2713,3.3550,2.3576,4.5732
2019-05-07,2.2736,3.3551,2.3526,4.5437
2019-05-08,2.2953,3.3426,2.3704,4.5235
2019-05-09,2.2867,3.3116,2.3568,4.4862
2019-05-10,2.3510,3.3017,2.4077,4.4924
2019-05-13,2.3773,3.2709,2.4801,4.4795
2019-05-14,2.3560,3.2859,2.4571,4.4646
2019-05-15,2.3287,3.2762,2.4536,4.4620
2019-05-16,2.2828,3.2662,2.4300,4.4598
2019-05-17,2.2888,3.2665,2.4688,4.4584
2019-05-20,2.2624,3.2717,2.4207,4.4559
2019-05-21,2.2779,3.2990,2.4260,4.4513
2019-05-22,2.3063,3.3264,2.4500,4.4416
2019-05-23,2.3100,3.3100,2.4326,4.4458
2019-05-24,2.2934,3.3125,2.4294,4.4412
2019-05-27,2.3087,3.3500,2.4807,4.4528
2019-05-28,2.3947,3.3100,2.5791,4.4732
2019-05-29,2.3633,3.2875,2.5805,4.4474
2019-05-30,2.3818,3.2750,2.5309,4.4448
2019-05-31,2.3996,3.2751,2.5135,4.4598
2019-06-03,2.4160,3.2401,2.4850,4.4573
2019-06-04,2.4115,3.2101,2.4503,4.4549
2019-06-05,2.4162,3.2100,2.4394,4.4598
2019-06-06,2.4053,3.2136,2.4702,4.4570
2019-06-10,2.4105,3.2251,2.4930,4.4550
2019-06-11,2.4162,3.2651,2.4917,4.4496
2019-06-12,2.4136,3.2601,2.4746,4.4647
2019-06-13,2.4106,3.2451,2.4860,4.4739
2019-06-14,2.4302,3.2302,2.5298,4.4875
2019-06-17,2.4549,3.2252,2.5805,4.4870
2019-06-18,2.4312,3.2302,2.5258,4.4863
2019-06-19,2.3510,3.2427,2.5015,4.4784
2019-06-20,2.3320,3.2352,2.4556,4.4644
2019-06-21,2.2566,3.2303,2.4072,4.4444
2019-06-24,2.2464,3.2453,2.4150,4.4260
2019-06-25,2.2536,3.2353,2.4094,4.4080
2019-06-26,2.2342,3.2453,2.3982,4.3897
2019-06-27,2.2375,3.2553,2.3948,4.3851
2019-06-28,2.1870,3.2254,2.3893,4.3841
2019-07-01,2.1946,3.2254,2.3466,4.3804
2019-07-02,2.1661,3.1704,2.3291,4.3674
2019-07-03,2.0509,3.1554,2.2764,4.3427
2019-07-04,2.0671,3.1479,2.2359,4.3348
2019-07-05,2.0395,3.1705,2.2362,4.3363
2019-07-08,2.0511,3.1805,2.2165,4.3384
2019-07-09,2.0588,3.1680,2.2529,4.3410
2019-07-10,2.0317,3.1706,2.2858,4.3399
2019-07-11,2.0544,3.1680,2.2674,4.3379
2019-07-12,2.0393,3.1531,2.2732,4.3284
2019-07-15,2.0321,3.1782,2.2757,4.3219
2019-07-16,2.0884,3.1732,2.2749,4.3218
2019-07-17,2.1306,3.1757,2.3046,4.3254
2019-07-18,2.1624,3.1608,2.3056,4.3243
2019-07-19,2.1492,3.1559,2.2967,4.3194
2019-07-22,2.1948,3.1484,2.3110,4.3202
2019-07-23,2.2086,3.1484,2.3121,4.3213
2019-07-24,2.1882,3.1710,2.3078,4.3142
2019-07-25,2.2030,3.1635,2.3155,4.3117
2019-07-26,2.2222,3.1661,2.3313,4.3177
2019-07-29,2.2687,3.1836,2.3131,4.3260
2019-07-30,2.2802,3.1761,2.2960,4.3246
2019-07-31,2.3100,3.1552,2.3269,4.3056
2019-08-01,2.3302,3.1487,2.3474,4.3105
2019-08-02,2.3082,3.0914,2.3231,4.3003
2019-08-05,2.3303,3.0563,2.3480,4.2920
2019-08-06,2.3314,3.0613,2.3621,4.2785
2019-08-07,2.3404,3.0514,2.3700,4.2588
2019-08-08,2.3406,3.0465,2.3711,4.2514
2019-08-09,2.3202,3.0216,2.3852,4.2366
2019-08-12,2.3489,3.0391,2.4064,4.2421
2019-08-13,2.3549,3.0041,2.4134,4.2347
2019-08-14,2.3512,3.0105,2.4424,4.2265
2019-08-15,2.3853,3.0115,2.4421,4.2219
2019-08-16,2.4038,3.0217,2.4517,4.2306
2019-08-19,2.4003,3.0191,2.4490,4.2441
2019-08-20,2.3845,3.0317,2.4688,4.2356
2019-08-21,2.4348,3.0567,2.5184,4.2427
2019-08-22,2.4369,3.0543,2.5155,4.2431
2019-08-23,2.4375,3.0644,2.5193,4.2518
2019-08-26,2.4457,3.0494,2.5470,4.2429
2019-08-27,2.4595,3.0520,2.5687,4.2425
2019-08-28,2.4759,3.0520,2.5793,4.2542
2019-08-29,2.4858,3.0321,2.5751,4.2489
2019-08-30,2.4480,3.0573,2.5560,4.2588
2019-09-02,2.4412,3.0723,2.5537,4.2606
2019-09-03,2.4402,3.0624,2.5547,4.2506
2019-09-04,2.4149,3.0473,2.5408,4.2488
2019-09-05,2.4216,3.0173,2.5271,4.2225
2019-09-06,2.3942,3.0173,2.4558,4.2157
2019-09-09,2.4140,3.0250,2.4715,4.2147
2019-09-10,2.4063,3.0425,2.4626,4.2140
2019-09-11,2.3995,3.0525,2.4924,4.2119
2019-09-12,2.3888,3.0876,2.4939,4.1996
2019-09-16,2.4168,3.0926,2.4848,4.1884
2019-09-17,2.4032,3.1076,2.4884,4.1826
2019-09-18,2.4000,3.1278,2.5008,4.1817
2019-09-19,2.3169,3.1053,2.5075,4.1897
2019-09-20,2.3071,3.0980,2.5030,4.2034
2019-09-23,2.3166,3.1005,2.5055,4.1964
2019-09-24,2.2934,3.1205,2.4939,4.1933
2019-09-25,2.2838,3.1157,2.4967,4.1803
2019-09-26,2.2767,3.1381,2.5085,4.1783
2019-09-27,2.2417,3.1482,2.4801,4.1690
2019-09-29,2.2759,3.1434,2.4322,4.1665
2019-09-30,2.2846,3.1411,2.4280,4.1693
2019-10-08,2.2500,3.1063,2.4279,4.1793
2019-10-09,2.2452,3.1089,2.4163,4.1820
2019-10-10,2.2379,3.1289,2.4160,4.1950
2019-10-11,2.2710,3.1564,2.4341,4.2050
2019-10-12,2.2839,3.1716,2.4408,4.2185
2019-10-14,2.2907,3.1641,2.4769,4.2357
2019-10-15,2.2973,3.1668,2.4654,4.2367
2019-10-16,2.3063,3.1693,2.4831,4.2424
2019-10-17,2.2708,3.1569,2.5033,4.2491
2019-10-18,2.3517,3.1870,2.5048,4.2361
2019-10-21,2.3620,3.2196,2.5093,4.2557
2019-10-22,2.3692,3.2196,2.5277,4.2700
2019-10-23,2.4261,3.2122,2.5304,4.2863
2019-10-24,2.4322,3.2196,2.5281,4.2917
2019-10-25,2.4023,3.2372,2.5525,4.3058
2019-10-28,2.4701,3.2924,2.5762,4.3208
2019-10-29,2.4772,3.3029,2.5876,4.3213
2019-10-30,2.4795,3.3125,2.6113,4.3526
2019-10-31,2.4819,3.2880,2.6128,4.3771
2019-11-01,2.5073,3.2757,2.6257,4.3676
2019-11-04,2.5061,3.2954,2.6181,4.3506
2019-11-05,2.4992,3.2454,2.5986,4.3420
2019-11-06,2.5530,3.2555,2.6117,4.3213
2019-11-07,2.5316,3.2736,2.6234,4.3065
2019-11-08,2.5072,3.2765,2.5607,4.2837
2019-11-11,2.4933,3.2463,2.5444,4.2814
2019-11-12,2.4951,3.2550,2.5580,4.2761
2019-11-13,2.5164,3.2370,2.6388,4.2721
2019-11-14,2.5241,3.2555,2.6511,4.2708
2019-11-15,2.5185,3.2355,2.6508,4.2707
2019-11-18,2.5005,3.1993,2.6067,4.2584
2019-11-19,2.4719,3.1743,2.5901,4.2639
2019-11-20,2.4686,3.1747,2.5884,4.2629
2019-11-21,2.4556,3.1749,2.5600,4.2555
2019-11-22,2.4581,3.1747,2.5614,4.2440
2019-11-25,2.4708,3.1875,2.5533,4.2350
2019-11-26,2.4511,3.1675,2.5519,4.2390
2019-11-27,2.4749,3.1700,2.5477,4.2395
2019-11-28,2.4388,3.1650,2.5413,4.2530
2019-11-29,2.4335,3.1650,2.5323,4.2678
2019-12-02,2.4097,3.2062,2.5495,4.2621
2019-12-03,2.4435,3.1746,2.5645,4.2624
2019-12-04,2.4634,3.1751,2.5404,4.2660
2019-12-05,2.4775,3.1776,2.5465,4.2550
2019-12-06,2.4540,3.1751,2.5536,4.2627
2019-12-09,2.4427,3.1903,2.5690,4.2651
2019-12-10,2.4609,3.1776,2.5608,4.2676
2019-12-11,2.4400,3.1702,2.5658,4.2710
2019-12-12,2.4107,3.1652,2.5644,4.2560
2019-12-13,2.4131,3.1828,2.5596,4.2663
2019-12-16,2.4013,3.1854,2.5255,4.2589
2019-12-17,2.4143,3.2133,2.5349,4.2534
2019-12-18,2.4207,3.2139,2.5520,4.2584
2019-12-19,2.4096,3.2139,2.5137,4.2596
2019-12-20,2.3504,3.1808,2.5099,4.2529
2019-12-23,2.3038,3.1661,2.4900,4.2480
2019-12-24,2.3176,3.1535,2.3781,4.2537
2019-12-25,2.2015,3.1463,2.3431,4.2437
2019-12-26,2.2002,3.1137,2.2559,4.2388
2019-12-27,2.0752,3.1292,2.1680,4.2138
2019-12-30,2.0074,3.1322,2.1268,4.2138
2019-12-31,2.0074,3.1365,2.1660,4.2039
2020-01-02,2.0092,3.1485,2.1097,4.2008
2020-01-03,2.0067,3.1428,2.0589,4.2108
2020-01-06,2.0600,3.1352,2.1059,4.2141
2020-01-07,2.0355,3.1379,2.1046,4.2166
2020-01-08,2.0040,3.1337,2.0649,4.2266
2020-01-09,2.0002,3.1184,2.1237,4.2345
2020-01-10,1.9978,3.0819,2.1143,4.2165
2020-01-13,1.9846,3.0840,2.1303,4.2049
2020-01-14,2.0132,3.0994,2.1421,4.1949
2020-01-15,2.0560,3.0897,2.1893,4.1740
2020-01-16,2.1500,3.0918,2.2064,4.1640
2020-01-17,2.0953,3.0832,2.2114,4.1540
2020-01-19,2.0903,3.0780,2.2064,4.1640
2020-01-20,2.0558,3.0776,2.1742,4.1590
2020-01-21,2.0542,3.0337,2.1054,4.1488
2020-01-22,2.0528,3.0282,2.0872,4.1369
2020-01-23,2.0350,2.9932,2.0783,4.1331
2020-02-03,1.7800,2.8231,1.8217,3.9534
2020-02-04,1.7475,2.8551,1.7630,3.9597
2020-02-05,1.7475,2.8440,1.7667,3.9601
2020-02-06,1.7496,2.8392,1.7667,3.9540
2020-02-07,1.6786,2.8024,1.6800,3.9438
2020-02-10,1.6272,2.7872,1.6641,3.9091
2020-02-11,1.6263,2.8340,1.6840,3.8842
2020-02-12,1.6570,2.8333,1.7046,3.8861
2020-02-13,1.6325,2.8201,1.7366,3.8695
2020-02-14,1.6712,2.8631,1.7977,3.8580
2020-02-17,1.7050,2.8928,1.8150,3.8630
2020-02-18,1.7440,2.8664,1.8151,3.8632
2020-02-19,1.7535,2.8776,1.7999,3.8368
2020-02-20,1.7741,2.8857,1.8093,3.8239
2020-02-21,1.7744,2.8470,1.8031,3.8235
2020-02-24,1.7795,2.8120,1.8174,3.8005
2020-02-25,1.7715,2.8220,1.8401,3.7808
2020-02-26,1.7556,2.7973,1.8488,3.7808
2020-02-27,1.7510,2.7702,1.8922,3.7660
2020-02-28,1.7865,2.7376,1.8894,3.7465
2020-03-02,1.7825,2.7428,1.8871,3.7166
2020-03-03,1.7831,2.7478,1.8671,3.7317
2020-03-04,1.7534,2.6730,1.8522,3.7317
2020-03-05,1.7547,2.6829,1.8476,3.7599
2020-03-06,1.6886,2.6280,1.7500,3.7508
2020-03-09,1.6523,2.5205,1.6903,3.7258
2020-03-10,1.6661,2.6130,1.6991,3.7059
2020-03-11,1.7001,2.6079,1.7211,3.7009
2020-03-12,1.6994,2.6379,1.7625,3.7010
2020-03-13,1.6705,2.6759,1.7953,3.7660
2020-03-16,1.6802,2.6758,1.7573,3.8210
2020-03-17,1.6270,2.7135,1.7622,3.8653
2020-03-18,1.6002,2.7136,1.7673,3.8803
2020-03-19,1.5704,2.7299,1.7607,3.8584
2020-03-20,1.5168,2.6815,1.7049,3.8607
2020-03-23,1.5160,2.6315,1.6749,3.8396
2020-03-24,1.5160,2.6289,1.6348,3.8422
2020-03-25,1.4522,2.6289,1.6288,3.8388
2020-03-26,1.4003,2.5940,1.5773,3.8293
2020-03-27,1.4026,2.6090,1.5273,3.8295
2020-03-30,1.4097,2.6142,1.4777,3.8495
2020-03-31,1.4062,2.5899,1.4282,3.8765
2020-04-01,1.3001,2.5550,1.4282,3.8596
2020-04-02,1.2837,2.5854,1.3827,3.8510
2020-04-03,1.2386,2.5965,1.3200,3.8463
2020-04-07,1.0998,2.5112,1.1000,3.7555
2020-04-08,1.0500,2.4824,1.0600,3.7294
2020-04-09,1.0501,2.5226,1.0806,3.7317
2020-04-10,1.1026,2.5403,1.1101,3.7474
2020-04-13,1.1112,2.5658,1.1164,3.7474
2020-04-14,1.0905,2.5591,1.1328,3.7774
2020-04-15,1.0501,2.5455,1.1271,3.7624
2020-04-16,1.0050,2.5276,1.0907,3.8024
2020-04-17,0.9319,2.5590,1.0987,3.8125
2020-04-20,0.9075,2.5920,1.0675,3.8462
2020-04-21,0.8562,2.5791,1.0318,3.8388
2020-04-22,0.8944,2.5567,1.0272,3.8588
2020-04-23,0.8560,2.5227,1.0129,3.8662
2020-04-24,0.8581,2.5100,1.0165,3.8671
2020-04-26,0.8591,2.5205,1.0192,3.8673
2020-04-27,0.8408,2.5345,1.0088,3.8827
2020-04-28,0.8408,2.5254,0.9938,3.9000
2020-04-29,0.8352,2.5009,0.9692,3.8906
2020-04-30,0.8923,2.5380,0.9978,3.9195
2020-05-06,0.9068,2.5809,1.0121,3.9198
2020-05-07,0.8785,2.6298,1.0774,3.9135
2020-05-08,0.9085,2.6207,1.0500,3.9371
2020-05-09,0.9297,2.6400,1.0618,3.9329
2020-05-11,0.9601,2.6698,1.0829,3.9793
2020-05-12,0.9309,2.6603,1.0707,4.0132
2020-05-13,1.0002,2.7076,1.1281,4.0032
2020-05-14,1.0005,2.6989,1.1552,4.0042
2020-05-15,1.0076,2.6820,1.1570,4.0094
2020-05-18,1.0414,2.7253,1.1701,4.0191
2020-05-19,1.0307,2.7272,1.2016,4.0143
2020-05-20,1.1012,2.6900,1.2378,4.0113
2020-05-21,1.1032,2.6850,1.2465,4.0109
2020-05-22,1.1202,2.6176,1.3009,3.9964
2020-05-25,1.1665,2.6852,1.3261,3.9864
2020-05-26,1.1720,2.7402,1.3604,4.0033
2020-05-27,1.4074,2.7527,1.5046,4.0182
2020-05-28,1.4198,2.7201,1.5134,4.0219
2020-05-29,1.4627,2.7053,1.5542,4.0019
2020-06-01,1.4580,2.7253,1.5543,4.0142
2020-06-02,1.4821,2.7852,1.6133,4.0444
2020-06-03,1.6675,2.7901,1.8133,4.0561
2020-06-04,1.6879,2.8301,1.9133,4.0561
2020-06-05,1.7652,2.8475,2.0179,4.0530
2020-06-08,1.8743,2.8101,1.9905,4.0380
2020-06-09,1.8469,2.8031,1.9766,4.0380
2020-06-10,1.9026,2.8201,2.0009,4.0280
2020-06-11,1.8991,2.7701,1.9584,4.0480
2020-06-12,1.8698,2.7451,1.8504,4.0180
2020-06-15,1.8400,2.7878,1.8504,3.9930
2020-06-16,1.8401,2.8402,1.9537,4.0130
2020-06-17,1.9009,2.8802,2.1384,4.0293
2020-06-18,1.8806,2.8527,2.1339,4.0151
2020-06-19,1.8239,2.8752,2.1337,4.0042
2020-06-22,1.8621,2.9153,2.1749,4.0291
2020-06-23,1.9054,2.9127,2.1921,4.0416
2020-06-24,1.8839,2.8614,2.1215,4.0291
2020-06-28,1.8691,2.8404,2.1217,4.0240
2020-06-29,1.7467,2.8504,2.0905,4.0324
2020-06-30,1.7385,2.8230,2.0710,4.0524
2020-07-01,1.7067,2.8456,2.0579,4.0374
2020-07-02,1.7299,2.8584,2.0599,4.0370
2020-07-03,1.7016,2.8974,2.0487,4.0270
2020-07-06,1.7190,2.9959,2.0792,4.0545
2020-07-07,1.7455,3.0158,2.0785,4.0756
2020-07-08,1.8606,3.0632,2.0868,4.0756
2020-07-09,1.9821,3.0809,2.1284,4.0916
2020-07-10,2.1012,3.0305,2.1100,4.1162
2020-07-13,2.1063,3.0557,2.1151,4.1429
2020-07-14,2.0499,3.0057,2.0502,4.1472
2020-07-15,2.0321,2.9559,2.0415,4.1472
2020-07-16,2.0242,2.9459,2.0619,4.1672
2020-07-17,2.0296,2.9507,2.0512,4.1772
2020-07-20,1.9934,2.9311,2.0439,4.1671
2020-07-21,1.9876,2.9011,2.0133,4.1566
2020-07-22,2.0001,2.8861,1.9936,4.1366
2020-07-23,1.9642,2.9064,2.0234,4.1096
2020-07-24,1.9613,2.8612,2.0048,4.0775
2020-07-27,1.9507,2.8791,2.0157,4.0675
2020-07-28,2.0050,2.9214,2.0306,4.0575
2020-07-29,1.9994,2.9415,2.0336,4.0605
2020-07-30,1.9799,2.9364,2.0336,4.0605
2020-07-31,1.9799,2.9664,2.0836,4.0604
2020-08-03,1.9415,2.9466,2.0836,4.0728
2020-08-04,2.0142,2.9365,2.1236,4.0928
2020-08-05,2.0500,2.9592,2.1949,4.0844
2020-08-06,2.0604,2.9816,2.2052,4.0744
2020-08-07,2.0615,2.9918,2.2092,4.0895
2020-08-10,2.0812,2.9543,2.2092,4.0895
2020-08-11,2.0889,2.9544,2.1950,4.0757
2020-08-12,2.1467,2.9620,2.2350,4.0755
2020-08-13,2.1485,2.9555,2.2458,4.0715
2020-08-14,2.1319,2.9369,2.2968,4.0715
2020-08-17,2.1242,2.9421,2.2891,4.0786
2020-08-18,2.1174,2.9771,2.2909,4.0804
2020-08-19,2.1536,2.9921,2.3897,4.1000
2020-08-20,2.1831,2.9973,2.4698,4.1000
2020-08-21,2.1961,2.9823,2.4829,4.1050
2020-08-24,2.2000,2.9998,2.4987,4.1255
2020-08-25,2.1698,3.0424,2.5192,4.1553
2020-08-26,2.2027,3.0511,2.5199,4.1505
2020-08-27,2.2199,3.0599,2.5199,4.1505
2020-08-28,2.2478,3.0672,2.5043,4.1504
2020-08-31,2.2335,3.0177,2.5297,4.1602
2020-09-01,2.2348,3.0478,2.5199,4.1686
2020-09-02,2.2755,3.1027,2.5359,4.1781
2020-09-03,2.2779,3.1051,2.5359,4.2003
2020-09-04,2.2795,3.1228,2.5459,4.1773
2020-09-07,2.3757,3.1454,2.5909,4.1936
2020-09-08,2.3633,3.1230,2.5800,4.2048
2020-09-09,2.3873,3.0805,2.6549,4.1967
2020-09-10,2.3617,3.0833,2.6000,4.1967
2020-09-11,2.3232,3.1346,2.6005,4.2117
2020-09-14,2.2859,3.1532,2.5999,4.2149
2020-09-15,2.2871,3.1083,2.5722,4.2049
2020-09-16,2.3333,3.1260,2.5683,4.1767
2020-09-17,2.3316,3.1334,2.5770,4.1810
2020-09-18,2.3218,3.1162,2.5771,4.1922
2020-09-21,2.2852,3.0999,2.5782,4.2023
2020-09-22,2.3201,3.0863,2.5611,4.2047
2020-09-23,2.2718,3.0890,2.5598,4.2347
2020-09-24,2.2215,3.0840,2.5677,4.2448
2020-09-25,2.2131,3.1295,2.5677,4.2499
2020-09-27,2.2067,3.1324,2.5613,4.2694
2020-09-28,2.2150,3.1092,2.5662,4.2781
2020-09-29,2.3109,3.1292,2.6043,4.2771
2020-09-30,2.3213,3.1482,2.5999,4.2832
2020-10-09,2.3662,3.1873,2.6009,4.3007
2020-10-10,2.3443,3.1898,2.6010,4.3197
2020-10-12,2.3747,3.1861,2.6482,4.2992
2020-10-13,2.3731,3.1950,2.6576,4.3090
2020-10-14,2.5231,3.2150,2.6999,4.3185
2020-10-15,2.6124,3.2300,2.6998,4.3130
2020-10-16,2.6137,3.2202,2.6897,4.3164
2020-10-19,2.6213,3.2005,2.6893,4.3233
2020-10-20,2.6238,3.1955,2.6892,4.3179
2020-10-21,2.6355,3.1855,2.6836,4.3128
2020-10-22,2.6327,3.1707,2.6823,4.2885
2020-10-23,2.6359,3.1957,2.6882,4.2852
2020-10-26,2.6453,3.1934,2.6872,4.2968
2020-10-27,2.6459,3.1609,2.7245,4.2953
2020-10-28,2.6631,3.1810,2.7897,4.2953
2020-10-29,2.6560,3.1860,2.7695,4.2959
2020-10-30,2.6620,3.1810,2.7845,4.3065
2020-11-02,2.6647,3.1785,2.7794,4.2834
2020-11-03,2.6364,3.1762,2.7392,4.2737
2020-11-04,2.6591,3.1687,2.7390,4.2629
2020-11-05,2.6633,3.1912,2.7487,4.2422
2020-11-06,2.6513,3.2063,2.7595,4.2428
2020-11-09,2.6578,3.2363,2.7688,4.2329
2020-11-10,2.6564,3.2241,2.7543,4.2235
2020-11-11,2.7113,3.2391,2.8000,4.2290
2020-11-12,2.7560,3.2614,2.8297,4.2541
2020-11-13,2.7926,3.2715,2.8599,4.3023
2020-11-16,2.6887,3.2741,2.8298,4.3236
2020-11-17,2.6887,3.2866,2.8348,4.3386
2020-11-18,2.7526,3.3240,2.8676,4.3582
2020-11-19,2.8080,3.3487,2.8843,4.3640
2020-11-20,2.9216,3.3100,3.0226,4.3862
2020-11-23,2.8924,3.2650,2.9742,4.3712
2020-11-24,2.9023,3.2900,2.9942,4.3878
2020-11-25,2.9031,3.2675,2.9999,4.3778
2020-11-26,2.9279,3.2850,2.9848,4.3675
2020-11-27,2.9274,3.3000,2.9698,4.3583
2020-11-30,2.8599,3.2500,2.8903,4.3346
2020-12-01,2.8801,3.2725,2.8203,4.3105
2020-12-02,2.8707,3.2925,2.8403,4.3091
2020-12-03,2.8616,3.2851,2.8603,4.2963
2020-12-04,2.8551,3.2651,2.8738,4.2829
2020-12-07,2.8340,3.2701,2.8509,4.2743
2020-12-08,2.8103,3.2551,2.8315,4.2734
2020-12-09,2.7421,3.2726,2.8014,4.2682
2020-12-10,2.7135,3.2601,2.7626,4.2592
2020-12-11,2.7221,3.2951,2.8082,4.2484
2020-12-14,2.6999,3.2851,2.7860,4.2384
2020-12-15,2.6754,3.2777,2.7557,4.2322
2020-12-16,2.6000,3.2752,2.7227,4.2282
2020-12-17,2.6000,3.2802,2.6887,4.2388
2020-12-18,2.5802,3.2902,2.6837,4.2288
2020-12-21,2.5330,3.2652,2.6535,4.2156
2020-12-22,2.5113,3.2278,2.6045,4.1807
2020-12-23,2.4711,3.2153,2.5884,4.1524
2020-12-24,2.4806,3.2303,2.5670,4.1549
2020-12-25,2.4739,3.1878,2.5700,4.1549
2020-12-28,2.4027,3.1629,2.5667,4.1399
2020-12-29,2.3633,3.1554,2.5165,4.1050
2020-12-30,2.3502,3.1204,2.5121,4.0850
2020-12-31,2.2824,3.1429,2.4316,4.0882
2021-01-04,2.1518,3.1780,2.3646,4.0683
2021-01-05,2.1029,3.1305,2.3465,4.0584
2021-01-06,2.0034,3.1256,2.2397,4.0535
2021-01-07,1.9879,3.1256,2.2100,4.0475
2021-01-08,1.8970,3.1456,2.1675,4.0227
2021-01-11,1.8756,3.1632,2.1172,4.0178
2021-01-12,1.9029,3.1457,2.1300,4.0179
2021-01-13,1.8825,3.1157,2.0814,4.0130
2021-01-14,1.8529,3.1059,2.0441,3.9985
2021-01-15,1.8529,3.1508,2.0660,3.9959
2021-01-18,1.9013,3.1658,2.1250,4.0059
2021-01-19,2.0313,3.1609,2.1703,4.0071
2021-01-20,2.0513,3.1610,2.1750,4.0165
2021-01-21,2.0318,3.1335,2.1555,4.0165
2021-01-22,2.0316,3.1185,2.1355,4.0164
2021-01-25,2.0525,3.1323,2.1492,4.0120
2021-01-26,2.2014,3.1585,2.2589,4.0524
2021-01-27,2.3514,3.1636,2.3539,4.0729
2021-01-28,2.6999,3.1961,2.5543,4.1125
2021-01-29,2.5931,3.1786,2.5256,4.1255
2021-02-01,2.4501,3.1712,2.4235,4.1250
2021-02-02,2.4001,3.1862,2.4001,4.1028
2021-02-03,2.4151,3.2112,2.4300,4.1139
2021-02-04,2.4351,3.2347,2.4772,4.1344
2021-02-05,2.4551,3.2164,2.4900,4.1465
2021-02-07,2.4601,3.2168,2.4807,4.1466
2021-02-08,2.4701,3.2370,2.4802,4.1530
2021-02-09,2.2999,3.2303,2.3663,4.1579
2021-02-10,2.2100,3.2449,2.3663,4.1532
2021-02-18,2.1056,3.2831,2.3802,4.1681
2021-02-19,2.0274,3.2578,2.3302,4.1458
2021-02-20,2.0174,3.2605,2.2902,4.1461
2021-02-22,2.0488,3.2736,2.2852,4.1390
2021-02-23,2.0194,3.2635,2.2813,4.1291
2021-02-24,2.0000,3.2627,2.2450,4.1294
2021-02-25,1.9703,3.2723,2.2363,4.1293
2021-02-26,1.9879,3.2798,2.2508,4.1358
2021-03-01,2.0012,3.2475,2.2472,4.1272
2021-03-02,2.0857,3.2474,2.2907,4.1275
2021-03-03,2.0770,3.2553,2.3104,4.1277
2021-03-04,2.0687,3.2655,2.3104,4.1335
2021-03-05,2.0591,3.2457,2.1904,4.1057
2021-03-08,2.0512,3.2404,2.2908,4.1173
2021-03-09,2.0740,3.2478,2.3028,4.1073
2021-03-10,2.0656,3.2353,2.3222,4.0938
2021-03-11,2.0467,3.2506,2.3355,4.0944
2021-03-12,2.0551,3.2613,2.3698,4.0966
2021-03-15,2.0476,3.2740,2.3700,4.0950
2021-03-16,2.0502,3.2614,2.3728,4.0905
2021-03-17,2.0629,3.2564,2.3445,4.0971
2021-03-18,2.0513,3.2592,2.3456,4.0904
2021-03-19,2.0398,3.2364,2.3433,4.0787
2021-03-22,2.0851,3.2309,2.3663,4.0795
2021-03-23,2.0744,3.2105,2.3801,4.0797
2021-03-24,2.0510,3.1930,2.3565,4.0698
2021-03-25,2.0316,3.1882,2.3515,4.0701
2021-03-26,2.0025,3.1985,2.3224,4.0750
2021-03-29,2.0097,3.1962,2.3201,4.0701
2021-03-30,2.0240,3.2060,2.3011,4.0711
2021-03-31,2.0245,3.1887,2.2840,4.0600
2021-04-01,1.9756,3.1960,2.2641,4.0601
2021-04-02,1.9707,3.2013,2.1841,4.0501
2021-04-06,1.9393,3.2087,2.2108,4.0651
2021-04-07,1.9154,3.2215,2.2093,4.0676
2021-04-08,1.9115,3.2221,2.1898,4.0626
2021-04-09,1.9615,3.2121,2.2398,4.0523
2021-04-12,2.0115,3.1948,2.2248,4.0524
2021-04-13,2.0416,3.1626,2.1742,4.0471
2021-04-14,2.0583,3.1651,2.1842,4.0471
2021-04-15,2.0886,3.1728,2.1742,4.0572
2021-04-16,2.0701,3.1631,2.1631,4.0372
2021-04-19,2.0643,3.1559,2.1383,4.0326
2021-04-20,2.0655,3.1554,2.1358,4.0276
2021-04-21,2.0481,3.1530,2.1070,4.0177
2021-04-22,2.0396,3.1614,2.0975,4.0077
2021-04-23,2.0276,3.1719,2.0973,4.0074
2021-04-25,2.0422,3.1841,2.0935,4.0004
2021-04-26,1.9997,3.2024,2.0979,4.0042
2021-04-27,1.9729,3.2078,2.0907,4.0242
2021-04-28,1.9284,3.1979,2.0729,4.0224
2021-04-29,1.9116,3.1872,2.0452,4.0024
2021-04-30,1.9251,3.1640,2.0432,4.0000
2021-05-06,1.9428,3.1507,2.0461,3.9901
2021-05-07,1.8533,3.1589,2.0156,3.9916
2021-05-08,1.8573,3.1582,2.0196,3.9916
2021-05-10,1.8361,3.1460,2.0195,3.9983
2021-05-11,1.8541,3.1380,2.0261,3.9981
2021-05-12,1.8680,3.1310,2.0303,3.9881
2021-05-13,1.9128,3.1366,2.0491,3.9830
2021-05-14,1.8842,3.1422,2.0632,3.9759
2021-05-17,1.8497,3.1524,2.1001,3.9849
2021-05-18,1.8845,3.1457,2.1177,3.9728
2021-05-19,1.8834,3.1298,2.1163,3.9734
2021-05-20,1.8510,3.1001,2.1229,3.9633
2021-05-21,1.8218,3.0876,2.0995,3.9485
2021-05-24,1.8454,3.0850,2.1075,3.9423
2021-05-25,1.9022,3.0850,2.1094,3.9446
2021-05-26,1.9042,3.0600,2.1009,3.9477
2021-05-27,1.9148,3.0725,2.1017,3.9537
2021-05-28,1.8953,3.0825,2.1065,3.9519
2021-05-31,1.8864,3.0450,2.1124,3.9595
2021-06-01,1.8343,3.0400,2.0929,3.9595
2021-06-02,1.8507,3.0650,2.0912,3.9573
2021-06-03,1.8511,3.0550,2.0532,3.9517
2021-06-04,1.8477,3.0925,2.0693,3.9392
2021-06-07,1.8663,3.1100,2.1065,3.9650
2021-06-08,1.8686,3.1100,2.1161,3.9669
2021-06-09,1.9276,3.1051,2.1471,3.9664
2021-06-10,1.8917,3.1000,2.1209,3.9757
2021-06-11,1.9119,3.1276,2.1559,3.9803
2021-06-15,1.8649,3.1176,2.1539,3.9781
2021-06-16,1.8670,3.1301,2.1679,3.9606
2021-06-17,1.9486,3.1401,2.2023,3.9636
2021-06-18,1.9568,3.1202,2.1998,3.9658
2021-06-21,1.9519,3.0953,2.1994,3.9664
2021-06-22,1.9658,3.0877,2.2010,3.9667
2021-06-23,1.9509,3.0853,2.1912,3.9509
2021-06-24,1.9661,3.0828,2.1948,3.9512
2021-06-25,1.9151,3.0827,2.1855,3.9432
2021-06-28,1.9109,3.0903,2.1904,3.9254
2021-06-29,1.9122,3.0853,2.2398,3.9160
2021-06-30,1.8831,3.0778,2.2161,3.9267
2021-07-01,1.8732,3.0878,2.2036,3.9226
2021-07-02,1.8638,3.0803,2.1945,3.9122
2021-07-05,1.8390,3.0754,2.1480,3.8856
2021-07-06,1.8230,3.0854,2.1480,3.8812
2021-07-07,1.8104,3.0554,2.1147,3.8684
2021-07-08,1.7570,2.9830,2.0593,3.8272
2021-07-09,1.8171,3.0105,2.0607,3.8164
2021-07-12,1.8149,2.9431,1.9897,3.8038
2021-07-13,1.8536,2.9256,1.9867,3.7875
2021-07-14,1.8144,2.9356,1.9879,3.7523
2021-07-15,1.8603,2.9557,1.9911,3.7518
2021-07-16,1.8429,2.9432,1.9542,3.7309
2021-07-19,1.8192,2.9483,1.9272,3.7155
2021-07-20,1.8247,2.9258,1.9069,3.7174
2021-07-21,1.8398,2.9184,1.9417,3.7000
2021-07-22,1.8364,2.9284,1.9600,3.6916
2021-07-23,1.8122,2.9134,1.9600,3.6929
2021-07-26,1.7663,2.8711,1.9599,3.6896
2021-07-27,1.7455,2.9110,1.9696,3.6595
2021-07-28,1.7727,2.9312,1.9999,3.6620
2021-07-29,1.7526,2.8840,1.9900,3.6545
2021-07-30,1.7614,2.8363,1.9696,3.6308
2021-08-02,1.7973,2.8212,1.9589,3.6212
2021-08-03,1.7837,2.8337,1.9443,3.6143
2021-08-04,1.8412,2.8338,1.9684,3.6343
2021-08-05,1.8327,2.7988,1.9691,3.6401
2021-08-06,1.8548,2.8139,1.9689,3.6375
2021-08-09,1.8840,2.8615,1.9890,3.6568
2021-08-10,1.9041,2.8766,1.9844,3.6870
2021-08-11,1.9109,2.8841,1.9982,3.6926
2021-08-12,1.9121,2.8566,2.0052,3.6911
2021-08-13,1.9073,2.8792,2.0000,3.6897
2021-08-16,1.8761,2.8943,1.9888,3.7013
2021-08-17,1.8846,2.8819,1.9955,3.7130
2021-08-18,1.9083,2.8494,1.9523,3.6964
2021-08-19,1.9322,2.8395,1.9523,3.6926
2021-08-20,1.9311,2.8520,1.9583,3.6870
2021-08-23,1.9558,2.8672,1.9788,3.6925
2021-08-24,1.9900,2.8522,1.9801,3.6857
2021-08-25,2.0699,2.8547,2.0501,3.6792
2021-08-26,2.0800,2.8848,2.0801,3.7030
2021-08-27,2.0719,2.8698,2.0806,3.7171
2021-08-30,2.0763,2.8505,2.0908,3.7207
2021-08-31,2.0703,2.8450,2.0900,3.7260
2021-09-01,2.0900,2.8226,2.0901,3.7274
2021-09-02,2.0827,2.8301,2.1000,3.7157
2021-09-03,2.0579,2.8327,2.1000,3.7155
2021-09-06,2.0227,2.8354,2.1074,3.7028
2021-09-07,2.0302,2.8604,2.1601,3.7009
2021-09-08,2.0864,2.8705,2.2200,3.7012
2021-09-09,2.0743,2.8730,2.2258,3.7127
2021-09-10,2.0528,2.8656,2.2450,3.7133
2021-09-13,2.0633,2.8908,2.2627,3.7071
2021-09-14,2.0965,2.8858,2.2943,3.7252
2021-09-15,2.0919,2.9009,2.2958,3.7317
2021-09-16,2.1019,2.8885,2.3002,3.7451
2021-09-17,2.0916,2.8785,2.3049,3.7568
2021-09-18,2.0780,2.8717,2.2913,3.7524
2021-09-22,1.9840,2.8639,2.2848,3.7551
2021-09-23,1.9926,2.8565,2.2917,3.7537
2021-09-24,2.0335,2.8719,2.2935,3.7574
2021-09-26,2.0309,2.8797,2.2877,3.7595
2021-09-27,2.0098,2.8825,2.2919,3.7602
2021-09-28,2.0167,2.8769,2.2915,3.7337
2021-09-29,1.9946,2.8646,2.2919,3.7576
2021-09-30,1.9562,2.8776,2.1998,3.7620
2021-10-08,1.8119,2.9131,2.2006,3.7715
2021-10-09,1.8233,2.9186,2.2226,3.7600
2021-10-11,1.8405,2.9580,2.2301,3.7813
2021-10-12,1.8239,2.9657,2.2305,3.8013
2021-10-13,1.8290,2.9578,2.2435,3.8169
2021-10-14,1.8258,2.9581,2.2535,3.8101
2021-10-15,1.8350,2.9683,2.2585,3.8251
2021-10-18,1.8563,3.0426,2.2935,3.8234
2021-10-19,1.9045,3.0102,2.2702,3.8270
2021-10-20,2.1286,2.9978,2.2448,3.8535
2021-10-21,2.1934,2.9702,2.2701,3.8407
2021-10-22,2.2305,2.9953,2.2700,3.8253
2021-10-25,2.2105,2.9879,2.2700,3.8138
2021-10-26,2.2216,2.9780,2.2600,3.8082
2021-10-27,2.2280,2.9781,2.3300,3.8082
2021-10-28,2.2413,2.9682,2.3400,3.8082
2021-10-29,2.2516,2.9732,2.3597,3.7933
2021-11-01,2.2408,2.9435,2.3494,3.7557
2021-11-02,2.2421,2.9259,2.3392,3.7337
2021-11-03,2.3024,2.9385,2.3293,3.7337
2021-11-04,2.3024,2.9261,2.3097,3.7219
2021-11-05,2.2974,2.8911,2.3091,3.7188
2021-11-08,2.2874,2.9013,2.3085,3.7414
2021-11-09,2.2614,2.8988,2.3500,3.7492
2021-11-10,2.2740,2.9139,2.3499,3.7568
2021-11-11,2.2726,2.9365,2.3398,3.7720
2021-11-12,2.2792,2.9391,2.3396,3.7682
2021-11-15,2.2672,2.9269,2.3291,3.7591
2021-11-16,2.2698,2.9244,2.2994,3.7611
2021-11-17,2.3000,2.9295,2.2996,3.7584
2021-11-18,2.2859,2.9146,2.2992,3.7479
2021-11-19,2.2656,2.9302,2.2988,3.7503
2021-11-22,2.2486,2.8876,2.2977,3.7557
2021-11-23,2.2802,2.8875,2.2832,3.7518
2021-11-24,2.2725,2.8600,2.2725,3.7553
2021-11-25,2.2750,2.8550,2.2750,3.7343
2021-11-26,2.2606,2.8200,2.2650,3.7526
2021-11-29,2.2800,2.8250,2.2844,3.7519
2021-11-30,2.2822,2.8250,2.2934,3.7535
2021-12-01,2.2800,2.8401,2.2800,3.7508
2021-12-02,2.2850,2.8601,2.2850,3.7368
2021-12-03,2.2850,2.8701,2.2850,3.7351
2021-12-06,2.2602,2.8176,2.2691,3.7196
2021-12-07,2.2900,2.8451,2.2697,3.7055
2021-12-08,2.3150,2.8551,2.3350,3.7106
2021-12-09,2.3154,2.8526,2.3497,3.7087
2021-12-10,2.3201,2.8426,2.3545,3.7112
2021-12-13,2.3203,2.8552,2.3544,3.7112
2021-12-14,2.3152,2.8477,2.3591,3.6849
2021-12-15,2.3201,2.8502,2.3640,3.6822
2021-12-16,2.3253,2.8577,2.3515,3.6823
2021-12-17,2.3321,2.8512,2.3444,3.6811
2021-12-20,2.3406,2.8533,2.3693,3.6911
2021-12-21,2.3714,2.8508,2.3990,3.6976
2021-12-22,2.3817,2.8303,2.3982,3.7002
2021-12-23,2.3500,2.8143,2.3492,3.7022
2021-12-24,2.3278,2.8203,2.3592,3.7119
2021-12-27,2.3210,2.8128,2.3588,3.7069
2021-12-28,2.3213,2.8004,2.3580,3.7083
2021-12-29,2.2801,2.7854,2.3300,3.7108
2021-12-30,2.2101,2.7654,2.2800,3.7114
2021-12-31,2.0006,2.7754,2.1563,3.7065
2022-01-04,2.0722,2.7855,2.1710,3.7065
2022-01-05,2.0704,2.8045,2.1637,3.7084
2022-01-06,2.0413,2.8205,2.1663,3.7075
2022-01-07,2.0476,2.8181,2.1549,3.7095
2022-01-10,2.0517,2.8056,2.1400,3.7139
2022-01-11,2.0046,2.7957,2.1130,3.7148
2022-01-12,2.0040,2.7957,2.1140,3.7146
2022-01-13,2.0254,2.7858,2.1221,3.7192
2022-01-14,2.0258,2.7935,2.1154,3.7179
2022-01-17,2.0201,2.7860,2.1074,3.7030
2022-01-18,1.9800,2.7415,2.0638,3.6930
2022-01-19,1.9319,2.7314,1.9856,3.6555
2022-01-20,1.9216,2.7271,1.9753,3.6461
2022-01-21,1.8750,2.7100,1.8900,3.6658
2022-01-24,1.8002,2.6751,1.8643,3.6658
2022-01-25,1.8017,2.6979,1.8503,3.6643
2022-01-26,1.7724,2.7146,1.8818,3.6643
2022-01-27,1.7967,2.7348,1.8938,3.6743
2022-01-28,1.7876,2.7021,1.8941,3.6643
2022-01-29,1.7876,2.7013,1.8941,3.6543
2022-01-30,1.7756,2.6997,1.8882,3.6407
2022-02-07,1.6644,2.7256,1.8225,3.6428
2022-02-08,1.6529,2.7227,1.8268,3.6458
2022-02-09,1.6608,2.7328,1.8254,3.6538
2022-02-10,1.6198,2.7328,1.8054,3.6590
2022-02-11,1.5933,2.7891,1.7991,3.7140
2022-02-14,1.5820,2.8018,1.7935,3.7200
2022-02-15,1.6052,2.7968,1.7821,3.7398
2022-02-16,1.7065,2.7892,1.8900,3.7398
2022-02-17,1.7528,2.7799,1.9200,3.7332
2022-02-18,1.8269,2.7975,1.9400,3.7338
2022-02-21,1.8256,2.8300,1.9600,3.7622
2022-02-22,1.8689,2.8200,1.9682,3.7725
2022-02-23,1.9322,2.7900,1.9613,3.7747
2022-02-24,1.9574,2.7875,1.9862,3.7761
2022-02-25,1.9334,2.7750,1.9800,3.7748
2022-02-28,1.9000,2.7750,2.0000,3.7792
2022-03-01,1.8962,2.8025,2.0028,3.7992
2022-03-02,1.9139,2.8175,2.0137,3.7761
2022-03-03,1.9103,2.8300,2.0448,3.7900
2022-03-04,1.8864,2.8125,2.0356,3.8118
2022-03-07,1.8013,2.8126,2.0018,3.8239
2022-03-08,1.7446,2.8276,1.9725,3.8055
2022-03-09,1.8902,2.8426,2.0340,3.8142
2022-03-10,1.9004,2.8502,2.0453,3.8142
2022-03-11,1.9006,2.7902,2.0353,3.8135
2022-03-14,1.8053,2.7677,1.9573,3.8068
2022-03-15,1.9276,2.8177,1.9976,3.8180
2022-03-16,2.0200,2.7952,2.0200,3.8180
2022-03-17,2.0300,2.7876,2.0300,3.8207
2022-03-18,1.9900,2.7927,1.9900,3.7814
2022-03-21,2.0019,2.8127,2.0097,3.7804
2022-03-22,2.0101,2.8302,2.0179,3.7907
2022-03-23,2.0506,2.8302,2.0584,3.7936
2022-03-24,2.0639,2.8052,2.1316,3.7977
2022-03-25,2.0406,2.7972,2.1305,3.7988
2022-03-28,2.0157,2.7903,2.1302,3.7943
2022-03-29,2.0109,2.7853,2.0649,3.8143
2022-03-30,1.9502,2.7703,2.0737,3.8142
2022-03-31,1.9112,2.7878,2.0419,3.8138
2022-04-01,1.8842,2.7743,2.0161,3.8078
2022-04-02,1.8882,2.7714,2.0158,3.7978
2022-04-06,1.8538,2.7604,2.0154,3.7839
2022-04-07,1.8333,2.7394,2.0190,3.7803
2022-04-08,1.8073,2.7529,2.0180,3.7536
2022-04-11,1.8148,2.7680,2.0311,3.7573
2022-04-12,1.9043,2.7705,2.0097,3.7620
2022-04-13,1.9257,2.7631,2.0013,3.7594
2022-04-14,1.9061,2.7656,1.9610,3.7301
2022-04-15,1.8704,2.7578,1.9422,3.7297
2022-04-18,1.8631,2.8107,1.9563,3.7385
2022-04-19,1.8281,2.8208,1.9592,3.7400
2022-04-20,1.8585,2.8330,1.9654,3.7442
2022-04-21,1.8610,2.8259,1.9528,3.7434
2022-04-22,1.8815,2.8409,1.9493,3.7487
2022-04-24,1.8744,2.8335,1.9300,3.7566
2022-04-25,1.8801,2.8160,1.8956,3.7598
2022-04-26,1.8710,2.8260,1.8900,3.7464
2022-04-27,1.8544,2.8411,1.9073,3.7302
2022-04-28,1.8995,2.8486,1.9399,3.7367
2022-04-29,1.8476,2.8386,1.9001,3.7313
2022-05-05,1.8427,2.8282,1.8945,3.7240
2022-05-06,1.8320,2.8273,1.8714,3.7207
2022-05-07,1.8314,2.8263,1.8711,3.7183
2022-05-09,1.8131,2.8154,1.8874,3.7216
2022-05-10,1.8031,2.8089,1.8788,3.7091
2022-05-11,1.8003,2.8240,1.9334,3.7088
2022-05-12,1.7808,2.8055,1.9147,3.7058
2022-05-13,1.7204,2.8140,1.8858,3.6854
2022-05-16,1.7059,2.8216,1.8409,3.6807
2022-05-17,1.6799,2.8178,1.7921,3.6734
2022-05-18,1.6601,2.7801,1.7905,3.6584
2022-05-19,1.6638,2.7774,1.8036,3.6484
2022-05-20,1.6506,2.7900,1.7944,3.6308
2022-05-23,1.6512,2.7675,1.7275,3.6301
2022-05-24,1.5817,2.7650,1.6959,3.6128
2022-05-25,1.6017,2.7575,1.7589,3.5883
2022-05-26,1.5815,2.7100,1.7391,3.5709
2022-05-27,1.5778,2.6974,1.7321,3.5586
2022-05-30,1.5998,2.7225,1.7351,3.5553
2022-05-31,1.5996,2.7426,1.7333,3.5553
2022-06-01,1.5206,2.7551,1.7295,3.5675
2022-06-02,1.5325,2.7601,1.7531,3.5821
2022-06-06,1.5418,2.7776,1.7877,3.6021
2022-06-07,1.5566,2.7576,1.7966,3.6100
2022-06-08,1.5656,2.7661,1.7845,3.6102
2022-06-09,1.5572,2.7576,1.7882,3.6054
2022-06-10,1.5315,2.7526,1.7758,3.5860
2022-06-13,1.5613,2.7652,1.7737,3.6016
2022-06-14,1.5602,2.7702,1.8367,3.6110
2022-06-15,1.5862,2.7827,1.8469,3.6164
2022-06-16,1.5613,2.7728,1.8418,3.6170
2022-06-17,1.6118,2.7752,1.7891,3.6260
2022-06-20,1.6267,2.7853,1.8039,3.6200
2022-06-21,1.6245,2.7853,1.8167,3.6099
2022-06-22,1.6029,2.7773,1.7994,3.6017
2022-06-23,1.5821,2.7803,1.7593,3.6001
2022-06-24,1.5829,2.7978,1.7611,3.6077
2022-06-27,1.5824,2.8329,1.7783,3.6098
2022-06-28,1.6356,2.8414,1.7841,3.6199
2022-06-29,1.6817,2.8294,1.7783,3.6099
2022-06-30,1.6006,2.8205,1.7919,3.6140
2022-07-01,1.5328,2.8255,1.7598,3.6148
2022-07-04,1.5484,2.8445,1.7831,3.6348
2022-07-05,1.5578,2.8333,1.8136,3.6334
2022-07-06,1.6169,2.8356,1.7915,3.6335
2022-07-07,1.6599,2.8356,1.7553,3.6335
2022-07-08,1.6309,2.8384,1.7290,3.6312
2022-07-11,1.6305,2.8266,1.7001,3.6312
2022-07-12,1.6004,2.8117,1.6865,3.6342
2022-07-13,1.6231,2.8067,1.6730,3.6347
2022-07-14,1.6256,2.7907,1.6505,3.6247
2022-07-15,1.6037,2.7857,1.6378,3.6267
2022-07-18,1.5861,2.7837,1.6185,3.6258
2022-07-19,1.5895,2.7859,1.6004,3.6294
2022-07-20,1.5964,2.7710,1.6367,3.6300
2022-07-21,1.5857,2.7635,1.6359,3.6364
2022-07-22,1.5767,2.7870,1.6944,3.6284
2022-07-25,1.5487,2.7790,1.6962,3.6260
2022-07-26,1.5411,2.7700,1.6769,3.6209
2022-07-27,1.5399,2.7701,1.6691,3.6193
2022-07-28,1.5506,2.7850,1.6856,3.6204
2022-07-29,1.4988,2.7560,1.6562,3.6204
2022-08-01,1.4558,2.7292,1.5902,3.5920
2022-08-02,1.4172,2.7314,1.5451,3.5921
2022-08-03,1.4395,2.7218,1.5446,3.5824
2022-08-04,1.4095,2.7192,1.5300,3.5474
2022-08-05,1.4169,2.7339,1.5473,3.5373
2022-08-08,1.4390,2.7409,1.5534,3.5384
2022-08-09,1.4689,2.7400,1.5755,3.5588
2022-08-10,1.4699,2.7366,1.6221,3.5550
2022-08-11,1.4871,2.7317,1.6621,3.5597
2022-08-12,1.4508,2.7347,1.6614,3.5615
2022-08-15,1.4180,2.6582,1.6016,3.5309
2022-08-16,1.4111,2.6346,1.5799,3.5054
2022-08-17,1.4309,2.6124,1.6027,3.4936
2022-08-18,1.4557,2.5800,1.6070,3.4700
2022-08-19,1.4308,2.5875,1.5953,3.4614
2022-08-22,1.4308,2.5925,1.6144,3.4510
2022-08-23,1.4604,2.6075,1.6315,3.4536
2022-08-24,1.4603,2.6100,1.6362,3.4523
2022-08-25,1.4606,2.6390,1.6493,3.4492
2022-08-26,1.4611,2.6430,1.6841,3.4643
2022-08-29,1.4631,2.6225,1.6799,3.4596
2022-08-30,1.4635,2.6130,1.6580,3.4590
2022-08-31,1.4704,2.6225,1.6631,3.4584
2022-09-01,1.4708,2.6125,1.6629,3.4561
2022-09-02,1.4416,2.6226,1.6654,3.4556
2022-09-05,1.4436,2.6180,1.6473,3.4514
2022-09-06,1.4442,2.6140,1.6413,3.4513
2022-09-07,1.4628,2.6215,1.6535,3.4448
2022-09-08,1.4733,2.6256,1.6663,3.4371
2022-09-09,1.4613,2.6350,1.6574,3.4222
2022-09-13,1.4642,2.6427,1.6690,3.4222
2022-09-14,1.4747,2.6625,1.6918,3.4122
2022-09-15,1.4961,2.6625,1.7049,3.4098
2022-09-16,1.4907,2.6730,1.7078,3.4190
2022-09-19,1.4726,2.6750,1.7349,3.4261
2022-09-20,1.4736,2.6640,1.7448,3.4302
2022-09-21,1.5091,2.6451,1.7422,3.4231
2022-09-22,1.4729,2.6501,1.7335,3.4132
2022-09-23,1.4820,2.6802,1.7358,3.4040
2022-09-26,1.5130,2.7154,1.7485,3.4092
2022-09-27,1.5509,2.7051,1.7592,3.4170
2022-09-28,1.5957,2.7401,1.8320,3.4187
2022-09-29,1.6080,2.7501,1.8313,3.4153
2022-09-30,1.6026,2.7601,1.8100,3.4171
2022-10-08,1.5463,2.7626,1.7547,3.4121
2022-10-09,1.4963,2.7452,1.7409,3.4121
2022-10-10,1.4919,2.7402,1.6910,3.3915
2022-10-11,1.4679,2.7426,1.6996,3.3864
2022-10-12,1.4720,2.7352,1.7052,3.3783
2022-10-13,1.5243,2.7252,1.6681,3.3683
2022-10-14,1.5142,2.6977,1.6845,3.3520
2022-10-17,1.5133,2.7002,1.6752,3.3408
2022-10-18,1.5462,2.7002,1.6847,3.3394
2022-10-19,1.6172,2.7052,1.7106,3.3386
2022-10-20,1.6265,2.7175,1.7104,3.3338
2022-10-21,1.6439,2.7278,1.7356,3.3338
2022-10-24,1.6723,2.7153,1.7501,3.3312
2022-10-25,1.7101,2.7278,1.7601,3.3288
2022-10-26,1.7184,2.7025,1.8000,3.3278
2022-10-27,1.6998,2.6953,1.7508,3.3320
2022-10-28,1.6539,2.6653,1.7299,3.3321
2022-10-31,1.6249,2.6433,1.6816,3.3283
2022-11-01,1.6280,2.6629,1.6918,3.3258
2022-11-02,1.6685,2.6854,1.7111,3.3370
2022-11-03,1.6761,2.6776,1.7252,3.3336
2022-11-04,1.6800,2.7023,1.7403,3.3345
2022-11-07,1.6800,2.7003,1.7454,3.3306
2022-11-08,1.6965,2.6853,1.7628,3.3371
2022-11-09,1.7509,2.6953,1.7612,3.3404
2022-11-10,1.7713,2.7028,1.7834,3.3506
2022-11-11,1.8104,2.7354,1.8134,3.3736
2022-11-14,2.0067,2.8354,2.0329,3.4548
2022-11-15,2.0506,2.8155,2.0527,3.4697
2022-11-16,2.1722,2.8329,2.2000,3.5014
2022-11-17,2.1699,2.8026,2.1700,3.4987
2022-11-18,2.1000,2.8250,2.1001,3.4987
2022-11-21,2.0995,2.8180,2.0996,3.4981
2022-11-22,2.0999,2.8276,2.1000,3.5031
2022-11-23,2.0701,2.7975,2.1003,3.5004
2022-11-24,1.9504,2.7950,2.0268,3.5004
2022-11-25,2.0002,2.8300,2.0422,3.5057
2022-11-28,2.0002,2.8600,2.0422,3.5162
2022-11-29,2.0221,2.8800,2.0641,3.5364
2022-11-30,2.0811,2.8850,2.0941,3.5500
2022-12-01,2.0810,2.8600,2.0940,3.5412
2022-12-02,2.0627,2.8676,2.1410,3.5512
2022-12-05,2.0539,2.8902,2.1317,3.5623
2022-12-06,2.0551,2.9152,2.1506,3.5900
2022-12-07,2.0917,2.8702,2.1665,3.6300
2022-12-08,2.0716,2.8853,2.1583,3.6300
2022-12-09,2.0505,2.8903,2.1735,3.6381
2022-12-12,2.0605,2.8902,2.1840,3.6764
2022-12-13,2.1005,2.8952,2.2321,3.7408
2022-12-14,2.0901,2.8655,2.2029,3.7409
2022-12-15,2.1000,2.8829,2.1523,3.7509
2022-12-16,2.1057,2.8856,2.1871,3.7610
2022-12-19,2.1500,2.8632,2.1507,3.7544
2022-12-20,2.1602,2.8732,2.1763,3.7472
2022-12-21,2.2200,2.8606,2.2213,3.7480
2022-12-22,2.2123,2.8503,2.2156,3.7478
2022-12-23,2.1203,2.8251,2.1673,3.7478
2022-12-26,2.1216,2.8378,2.1962,3.7464
2022-12-27,2.1412,2.8657,2.1887,3.7455
2022-12-28,2.1501,2.8503,2.2087,3.7270
2022-12-29,2.1128,2.8376,2.1387,3.7156
2022-12-30,2.0519,2.8353,2.0697,3.7088
2022-12-31,2.0519,2.8353,2.0697,3.7088
2023-01-03,1.9162,2.8228,2.0658,3.6902
2023-01-04,1.8252,2.8103,2.0254,3.6683
2023-01-05,1.8053,2.8304,2.0098,3.6485
2023-01-06,1.8022,2.8328,2.0489,3.6535
2023-01-09,1.8390,2.8428,2.0377,3.6537
2023-01-10,1.8727,2.8602,2.0662,3.6520
2023-01-11,1.8417,2.8603,2.0689,3.6631
2023-01-12,1.8145,2.8778,2.0263,3.6690
2023-01-13,1.8088,2.9010,2.0225,3.6708
2023-01-16,1.8477,2.9167,2.0342,3.6764
2023-01-17,1.8514,2.9017,2.0580,3.6717
2023-01-18,1.9514,2.9222,2.1180,3.6824
2023-01-19,1.9690,2.9145,2.1399,3.7054
2023-01-20,1.9173,2.9331,2.0799,3.7099
2023-01-28,1.8701,2.9341,2.0257,3.7099
2023-01-29,1.8545,2.9219,2.0247,3.7087
2023-01-30,1.8258,2.9133,1.9797,3.7058
2023-01-31,1.7856,2.8977,1.9713,3.7021
2023-02-01,1.8148,2.9101,2.0212,3.6955
2023-02-02,1.8219,2.8970,2.0221,3.6876
2023-02-03,1.8507,2.8943,2.0121,3.6784
2023-02-06,1.8741,2.9017,2.0200,3.6668
2023-02-07,1.9052,2.8964,2.0253,3.6695
2023-02-08,2.0045,2.8973,2.0553,3.6667
2023-02-09,2.0060,2.8912,2.0614,3.6569
2023-02-10,1.9850,2.9003,2.0657,3.6570
2023-02-13,1.9850,2.8943,2.0658,3.6402
2023-02-14,1.9816,2.8914,2.0628,3.6235
2023-02-15,2.0306,2.8918,2.0688,3.6141
2023-02-16,2.0310,2.8907,2.0690,3.6170
2023-02-17,2.0429,2.8920,2.1169,3.6119
2023-02-20,2.0719,2.9170,2.1544,3.6175
2023-02-21,2.1013,2.9190,2.1923,3.6291
2023-02-22,2.1008,2.9175,2.1691,3.6199
2023-02-23,2.1041,2.9220,2.2000,3.6100
2023-02-24,2.0580,2.9126,2.2000,3.6142
2023-02-27,2.0567,2.9117,2.2014,3.6135
2023-02-28,2.0605,2.9017,2.2101,3.6057
2023-03-01,2.0618,2.8977,2.1800,3.6030
2023-03-02,2.0502,2.9111,2.1842,3.5981
2023-03-03,2.0708,2.9026,2.2130,3.5981
2023-03-06,2.0522,2.8826,2.1948,3.5932
2023-03-07,2.0423,2.8726,2.1859,3.5937
2023-03-08,2.0403,2.8828,2.1926,3.5941
2023-03-09,2.0563,2.8752,2.1934,3.5841
2023-03-10,2.0610,2.8627,2.1921,3.5841
2023-03-13,2.0622,2.8703,2.1940,3.5863
2023-03-14,2.0725,2.8652,2.1955,3.5855
2023-03-15,2.1352,2.8652,2.1954,3.5755
2023-03-16,2.1201,2.8552,2.1840,3.5588
2023-03-17,2.1005,2.8602,2.1845,3.5396
2023-03-20,2.0524,2.8504,2.1546,3.5391
2023-03-21,2.1017,2.8604,2.1909,3.5363
2023-03-22,2.1002,2.8577,2.1938,3.5335
2023-03-23,2.0804,2.8652,2.1898,3.5399
2023-03-24,2.0707,2.8676,2.2018,3.5450
2023-03-27,2.0625,2.8551,2.1978,3.5500
2023-03-28,2.0818,2.8556,2.1880,3.5554
2023-03-29,2.0702,2.8532,2.1819,3.5401
2023-03-30,2.0408,2.8603,2.2029,3.5310
2023-03-31,1.9006,2.8528,2.1097,3.5319
2023-04-03,1.8824,2.8604,2.1002,3.5324
2023-04-04,1.8739,2.8584,2.0615,3.5261
2023-04-06,1.8701,2.8605,2.0603,3.5225
2023-04-07,1.8548,2.8464,2.0527,3.5226
2023-04-10,1.8728,2.8455,2.0613,3.5216
2023-04-11,1.8783,2.8203,2.0629,3.5193
2023-04-12,1.9283,2.8158,2.0465,3.5181
2023-04-13,1.9583,2.8277,2.0450,3.5111
2023-04-14,2.0000,2.8281,2.0243,3.5055
2023-04-17,1.9987,2.8432,2.0426,3.5053
2023-04-18,1.9919,2.8319,2.0235,3.5012
2023-04-19,2.0010,2.8333,2.0220,3.4997
2023-04-20,2.0114,2.8332,2.0277,3.4942
2023-04-21,2.0217,2.8258,2.0327,3.4742
2023-04-23,2.0247,2.8220,2.0359,3.4743
2023-04-24,2.0047,2.8176,2.0223,3.4743
2023-04-25,2.0027,2.8157,2.0116,3.4744
2023-04-26,2.0132,2.8058,2.0516,3.4744
2023-04-27,1.9833,2.7852,2.0221,3.4744
2023-04-28,1.9541,2.7788,2.0221,3.4728
2023-05-04,1.9801,2.7613,2.0432,3.4634
2023-05-05,1.9512,2.7338,2.0410,3.4444
2023-05-06,1.9795,2.7311,2.0401,3.4349
2023-05-08,1.9734,2.7484,2.0422,3.4155
2023-05-09,1.9544,2.7383,2.0395,3.4097
2023-05-10,1.9447,2.7210,2.0399,3.4041
2023-05-11,1.9049,2.7010,2.0000,3.3847
2023-05-12,1.8911,2.7058,2.0038,3.3722
2023-05-15,1.8918,2.7190,2.0168,3.3628
2023-05-16,1.8967,2.7129,2.0091,3.3628
2023-05-17,1.9312,2.7210,2.0075,3.3652
2023-05-18,1.9324,2.7184,2.0186,3.3752
2023-05-19,1.9003,2.7151,1.9893,3.3761
2023-05-22,1.8425,2.7132,1.9450,3.3734
2023-05-23,1.7450,2.6962,1.8689,3.3726
2023-05-24,1.7304,2.7037,1.8734,3.3606
2023-05-25,1.7204,2.7065,1.8792,3.3676
2023-05-26,1.7205,2.7205,1.8772,3.3476
2023-05-29,1.7175,2.6950,1.8814,3.3372
2023-05-30,1.7034,2.7000,1.8807,3.3271
2023-05-31,1.7101,2.6850,1.8541,3.3220
2023-06-01,1.7113,2.6825,1.8499,3.3169
2023-06-02,1.7056,2.6951,1.8490,3.3193
2023-06-05,1.7028,2.6926,1.8244,3.3136
2023-06-06,1.6736,2.6826,1.8124,3.3193
2023-06-07,1.6555,2.6827,1.8074,3.3193
2023-06-08,1.6561,2.6822,1.8155,3.3168
2023-06-09,1.6513,2.6703,1.7841,3.3169
2023-06-12,1.6652,2.6704,1.7884,3.3247
2023-06-13,1.6648,2.6227,1.7831,3.3133
2023-06-14,1.6502,2.6178,1.7581,3.2834
2023-06-15,1.6834,2.6482,1.7840,3.2845
2023-06-16,1.6949,2.6626,1.8041,3.2915
2023-06-19,1.7019,2.6876,1.8322,3.2994
2023-06-20,1.6933,2.6751,1.8573,3.2992
2023-06-21,1.7005,2.6701,1.8635,3.3035
2023-06-25,1.6918,2.6576,1.8572,3.3006
2023-06-26,1.6910,2.6677,1.8687,3.2935
2023-06-27,1.6780,2.6676,1.9023,3.3107
2023-06-28,1.6841,2.6651,1.8781,3.3047
2023-06-29,1.6610,2.6526,1.8691,3.3033
2023-06-30,1.6535,2.6351,1.7704,3.3013
2023-07-03,1.6260,2.6402,1.7546,3.2979
2023-07-04,1.6258,2.6477,1.7478,3.2954
2023-07-05,1.6355,2.6402,1.7339,3.3042
2023-07-06,1.6754,2.6392,1.7061,3.3039
2023-07-07,1.6542,2.6403,1.6976,3.3021
2023-07-10,1.6540,2.6403,1.6960,3.2997
2023-07-11,1.6459,2.6353,1.6627,3.2798
2023-07-12,1.6531,2.6378,1.7304,3.2757
2023-07-13,1.6455,2.6413,1.7740,3.2706
2023-07-14,1.6619,2.6444,1.7926,3.2633
2023-07-17,1.6557,2.6364,1.7793,3.2654
2023-07-18,1.6275,2.6234,1.7793,3.2605
2023-07-19,1.6280,2.6233,1.8397,3.2609
2023-07-20,1.6126,2.6214,1.8195,3.2611
2023-07-21,1.6034,2.6079,1.8142,3.2512
2023-07-24,1.6161,2.5934,1.8082,3.2562
2023-07-25,1.6735,2.6630,1.8478,3.3008
2023-07-26,1.6506,2.6430,1.8956,3.2948
2023-07-27,1.6007,2.6395,1.8550,3.2733
2023-07-28,1.6051,2.6533,1.8449,3.2733
2023-07-31,1.6010,2.6597,1.7863,3.2734
2023-08-01,1.5841,2.6607,1.7843,3.2784
2023-08-02,1.5607,2.6525,1.7732,3.2536
2023-08-03,1.5514,2.6435,1.7657,3.2276
2023-08-04,1.5472,2.6469,1.7656,3.2169
2023-08-07,1.5370,2.6462,1.7586,3.2239
2023-08-08,1.5644,2.6454,1.7602,3.2083
2023-08-09,1.5451,2.6461,1.8194,3.2004
2023-08-10,1.5444,2.6475,1.8293,3.1931
2023-08-11,1.5319,2.6381,1.8186,3.1931
2023-08-14,1.5257,2.6212,1.7972,3.1866
2023-08-15,1.5027,2.5759,1.7961,3.1646
2023-08-16,1.5650,2.5649,1.7953,3.1620
2023-08-17,1.6190,2.5678,1.7955,3.1614
2023-08-18,1.6119,2.5639,1.8142,3.1464
2023-08-21,1.6061,2.5403,1.8344,3.1204
2023-08-22,1.6066,2.5564,1.8236,3.1220
2023-08-23,1.5907,2.5535,1.8300,3.1057
2023-08-24,1.5715,2.5543,1.8231,3.1006
2023-08-25,1.5725,2.5702,1.8355,3.0902
2023-08-28,1.6416,2.5837,1.9124,3.1102
2023-08-29,1.7053,2.5700,1.9960,3.1302
2023-08-30,1.7102,2.5600,1.9799,3.1352
2023-08-31,1.7009,2.5575,1.9100,3.1308
2023-09-01,1.6514,2.5850,1.9596,3.1404
2023-09-04,1.6526,2.6124,1.9795,3.1804
2023-09-05,1.6186,2.6150,1.9587,3.1902
2023-09-06,1.6009,2.6375,2.0097,3.2003
2023-09-07,1.6508,2.6350,2.0596,3.2321
2023-09-08,1.6601,2.6375,2.0695,3.2399
2023-09-11,1.7451,2.6300,2.1011,3.2502
2023-09-12,1.7651,2.6230,2.0935,3.2500
2023-09-13,1.8029,2.6150,2.0819,3.2371
2023-09-14,1.8015,2.6075,2.0900,3.2278
2023-09-15,1.8023,2.6400,2.0969,3.2277
2023-09-18,1.8060,2.6500,2.1167,3.2428
2023-09-19,1.8171,2.6625,2.1219,3.2432
2023-09-20,1.8507,2.6650,2.1430,3.2532
2023-09-21,1.8613,2.6576,2.1310,3.2364
2023-09-22,1.8529,2.6776,2.1686,3.2364
2023-09-25,1.9096,2.6976,2.1755,3.2358
2023-09-26,2.0584,2.6951,2.2665,3.2408
2023-09-27,2.1032,2.6877,2.2889,3.2521
2023-09-28,2.0009,2.6751,2.1998,3.2473
2023-10-07,1.8109,2.6651,2.0903,3.2505
2023-10-08,1.7658,2.6626,2.0650,3.2525
2023-10-09,1.7820,2.6702,2.1099,3.2514
2023-10-10,1.8133,2.6811,2.1600,3.2614
2023-10-11,1.8633,2.6976,2.1936,3.2917
2023-10-12,1.8657,2.6911,2.1842,3.3011
2023-10-13,1.8957,2.6702,2.1792,3.3100
2023-10-16,1.9357,2.6777,2.1890,3.3172
2023-10-17,1.9852,2.6882,2.1986,3.3272
2023-10-18,2.0402,2.7052,2.2278,3.3323
2023-10-19,2.1302,2.7177,2.2689,3.3373
2023-10-20,2.1802,2.7052,2.2888,3.3370
2023-10-23,2.1802,2.7047,2.2688,3.3421
2023-10-24,2.2052,2.7177,2.2973,3.3421
2023-10-25,2.3048,2.7052,2.3597,3.3450
2023-10-26,2.3045,2.7152,2.3794,3.3432
2023-10-27,2.3027,2.7133,2.3789,3.3382
2023-10-30,2.2905,2.7141,2.3580,3.3155
2023-10-31,2.2929,2.6938,2.3578,3.2955
2023-11-01,2.3114,2.6853,2.3846,3.3006
2023-11-02,2.2867,2.6553,2.3392,3.2806
2023-11-03,2.2785,2.6613,2.3289,3.2811
2023-11-06,2.2798,2.6554,2.3277,3.2662
2023-11-07,2.2904,2.6632,2.3476,3.2436
2023-11-08,2.3189,2.6464,2.3583,3.2449
2023-11-09,2.3160,2.6494,2.3572,3.2485
2023-11-10,2.3276,2.6444,2.3668,3.2484
2023-11-13,2.3116,2.6454,2.3554,3.2396
2023-11-14,2.3167,2.6573,2.3498,3.2068
2023-11-15,2.3194,2.6633,2.3646,3.1768
2023-11-16,2.3141,2.6558,2.3645,3.1568
2023-11-17,2.3118,2.6524,2.3592,3.1368
2023-11-20,2.3075,2.6584,2.3633,3.1168
2023-11-21,2.3190,2.6684,2.3780,3.0968
2023-11-22,2.3756,2.6823,2.4049,3.0974
2023-11-23,2.3605,2.7023,2.4196,3.1174
2023-11-24,2.3607,2.7053,2.4196,3.1085
2023-11-27,2.3715,2.7108,2.4390,3.1300
2023-11-28,2.3767,2.6898,2.4392,3.1340
2023-11-29,2.4550,2.6826,2.4375,3.1440
2023-11-30,2.3874,2.6680,2.3606,3.1510
2023-12-01,2.3941,2.6625,2.3704,3.1505
2023-12-04,2.4115,2.6725,2.4330,3.1507
2023-12-05,2.4111,2.6650,2.4480,3.1707
2023-12-06,2.4762,2.6725,2.4898,3.1651
2023-12-07,2.4413,2.6640,2.4698,3.1709
2023-12-08,2.4190,2.6636,2.4593,3.1804
2023-12-11,2.4196,2.6440,2.4543,3.1704
2023-12-12,2.4238,2.6375,2.4590,3.1815
2023-12-13,2.4050,2.6226,2.4041,3.1727
2023-12-14,2.3601,2.6376,2.3790,3.1556
2023-12-15,2.3041,2.6227,2.3293,3.1320
2023-12-18,2.2998,2.6126,2.2883,3.1097
2023-12-19,2.2653,2.6191,2.2814,3.1102
2023-12-20,2.2418,2.6222,2.2845,3.1058
2023-12-21,2.2200,2.5901,2.2700,3.0958
2023-12-22,2.2206,2.5877,2.2415,3.0858
2023-12-25,2.1506,2.5678,2.2269,3.0838
2023-12-26,2.1181,2.5804,2.1600,3.0867
2023-12-27,1.9545,2.5577,2.1000,3.0791
2023-12-28,1.9007,2.5694,2.0600,3.0746
2023-12-29,1.8017,2.5553,2.0600,3.0602
2023-12-31,1.8017,2.5553,2.0600,3.0602
2024-01-02,1.8057,2.5601,2.0820,3.0513
2024-01-03,1.8091,2.5531,2.0998,3.0398
2024-01-04,1.8406,2.5368,2.1212,3.0348
2024-01-05,1.8025,2.5175,2.0815,3.0362
2024-01-08,1.8125,2.5136,2.0682,3.0158
2024-01-09,1.8208,2.4862,2.0891,2.9931
2024-01-10,1.8196,2.4982,2.0800,2.9765
2024-01-11,1.8296,2.4992,2.0791,2.9812
2024-01-12,1.8308,2.5172,2.0790,2.9912
2024-01-15,1.8508,2.5212,2.0700,2.9861
2024-01-16,1.8708,2.5252,2.0800,2.9761
2024-01-17,2.0057,2.5077,2.0750,2.9720
2024-01-18,2.0073,2.5092,2.0700,2.9705
2024-01-19,1.9792,2.5027,2.0487,2.9505
2024-01-22,1.9866,2.4922,2.0407,2.9238
2024-01-23,1.9787,2.5042,2.0382,2.9208
2024-01-24,1.9787,2.5042,2.0274,2.9108
2024-01-25,1.9550,2.4984,1.9962,2.9015
2024-01-26,1.9042,2.4994,1.9865,2.9010
2024-01-29,1.8620,2.4940,1.9498,2.8860
2024-01-30,1.8096,2.4557,1.8725,2.8710
2024-01-31,1.7910,2.4330,1.8706,2.8234
2024-02-01,1.7753,2.4354,1.8572,2.8159
2024-02-02,1.7718,2.4244,1.8782,2.8005
2024-02-04,1.7718,2.4053,1.8738,2.7803
2024-02-05,1.7505,2.4002,1.8445,2.7704
2024-02-06,1.7558,2.4525,1.8518,2.7638
2024-02-07,1.7440,2.4153,1.8511,2.7638
2024-02-08,1.7277,2.4379,1.8541,2.7676
2024-02-09,1.7127,2.4302,1.8481,2.7675
2024-02-18,1.6870,2.4393,1.8593,2.7675
2024-02-19,1.6713,2.4344,1.8779,2.7788
2024-02-20,1.6632,2.4134,1.7937,2.7831
2024-02-21,1.6017,2.4119,1.7497,2.7749
2024-02-22,1.6052,2.4033,1.7440,2.7702
2024-02-23,1.5512,2.4009,1.7215,2.7602
2024-02-26,1.5512,2.3789,1.7129,2.7500
2024-02-27,1.5855,2.3809,1.6785,2.7400
2024-02-28,1.6625,2.3376,1.7031,2.7403
2024-02-29,1.6454,2.3375,1.6939,2.7301
2024-03-01,1.6280,2.3675,1.6885,2.7444
2024-03-04,1.6055,2.3475,1.6643,2.7402
2024-03-05,1.5955,2.3169,1.7017,2.7459
2024-03-06,1.6006,2.2650,1.7026,2.7266
2024-03-07,1.5809,2.2776,1.6528,2.7269
2024-03-08,1.5819,2.2825,1.6641,2.7221
2024-03-11,1.6056,2.3050,1.6655,2.7303
2024-03-12,1.5931,2.3476,1.6673,2.7508
2024-03-13,1.6237,2.3326,1.6762,2.7606
2024-03-14,1.6437,2.3425,1.6969,2.7626
2024-03-15,1.6537,2.3200,1.6907,2.7611
2024-03-18,1.6724,2.2926,1.6813,2.7609
2024-03-19,1.6739,2.2801,1.6873,2.7612
2024-03-20,1.6658,2.2951,1.6835,2.7512
2024-03-21,1.6412,2.2851,1.7004,2.7436
2024-03-22,1.6403,2.3051,1.6952,2.7462
2024-03-25,1.6500,2.3151,1.7073,2.7539
2024-03-26,1.6365,2.3175,1.6829,2.7506
2024-03-27,1.6408,2.2876,1.6679,2.7575
2024-03-28,1.6411,2.3026,1.6685,2.7600
2024-03-29,1.6414,2.2901,1.6591,2.7625
2024-04-01,1.6333,2.3082,1.6464,2.7649
2024-04-02,1.6202,2.2927,1.6329,2.7577
2024-04-03,1.6122,2.2837,1.6249,2.7529
2024-04-07,1.6102,2.2937,1.6189,2.7521
2024-04-08,1.5892,2.2822,1.5988,2.7329
2024-04-09,1.5792,2.2802,1.5848,2.7213
2024-04-10,1.5601,2.2972,1.6148,2.7110
2024-04-11,1.5501,2.2928,1.6084,2.7009
2024-04-12,1.5502,2.2837,1.6051,2.6809
2024-04-15,1.5407,2.2798,1.6051,2.6859
2024-04-16,1.5410,2.2723,1.6156,2.6818
2024-04-17,1.5461,2.2608,1.6384,2.6656
2024-04-18,1.5459,2.2537,1.6317,2.6506
2024-04-19,1.5529,2.2540,1.6331,2.6156
2024-04-22,1.5723,2.2435,1.6231,2.5756
2024-04-23,1.5813,2.2260,1.6151,2.5357
2024-04-24,1.6228,2.2727,1.6600,2.5760
2024-04-25,1.5803,2.2612,1.6597,2.6067
2024-04-26,1.6103,2.3084,1.6599,2.6553
2024-04-28,1.6219,2.3244,1.6600,2.6805
2024-04-29,1.6342,2.3530,1.6627,2.7453
2024-04-30,1.5342,2.3028,1.6596,2.7251
2024-05-06,1.6485,2.3081,1.6584,2.7260
2024-05-07,1.6442,2.2896,1.6675,2.6949
2024-05-08,1.6320,2.2955,1.6868,2.6713
2024-05-09,1.6202,2.3186,1.6673,2.6878
2024-05-10,1.6199,2.3122,1.6665,2.7025
2024-05-11,1.6277,2.3361,1.6645,2.7231
2024-05-13,1.5816,2.2900,1.6172,2.6997
2024-05-14,1.5714,2.2938,1.5837,2.6722
2024-05-15,1.5811,2.3020,1.6000,2.6811
2024-05-16,1.5700,2.3147,1.5905,2.7037
2024-05-17,1.6003,2.3077,1.6025,2.7137
2024-05-20,1.5361,2.3105,1.5629,2.7133
2024-05-21,1.5323,2.3141,1.5741,2.7110
2024-05-22,1.5516,2.3123,1.5711,2.7034
2024-05-23,1.5608,2.3063,1.5683,2.6810
2024-05-24,1.5606,2.3134,1.5823,2.6837
2024-05-27,1.5513,2.3084,1.6100,2.6766
2024-05-28,1.5413,2.2994,1.6048,2.6589
2024-05-29,1.5632,2.2776,1.6037,2.6366
2024-05-30,1.5616,2.2826,1.6039,2.6221
2024-05-31,1.5428,2.2926,1.6099,2.6407
2024-06-03,1.5051,2.2853,1.5856,2.6309
2024-06-04,1.5435,2.2854,1.5793,2.6108
2024-06-05,1.4956,2.2808,1.5654,2.6005
2024-06-06,1.4817,2.2828,1.5447,2.5905
2024-06-07,1.4818,2.2833,1.5397,2.6010
2024-06-11,1.4901,2.2791,1.5463,2.5837
2024-06-12,1.5001,2.2760,1.5530,2.5712
2024-06-13,1.5514,2.2678,1.5704,2.5710
2024-06-14,1.5414,2.2558,1.5734,2.5656
2024-06-17,1.5376,2.2609,1.5724,2.5558
2024-06-18,1.5204,2.2537,1.5632,2.5339
2024-06-19,1.5227,2.2429,1.5638,2.5223
2024-06-20,1.5068,2.2445,1.5545,2.5109
2024-06-21,1.5007,2.2571,1.5445,2.5244
2024-06-24,1.4730,2.2451,1.5390,2.5202
2024-06-25,1.4414,2.2350,1.4867,2.5000
2024-06-26,1.4606,2.2225,1.4844,2.5024
2024-06-27,1.4204,2.2081,1.4464,2.4818
2024-06-28,1.4411,2.2058,1.4489,2.4752
2024-07-01,1.4325,2.2486,1.4457,2.4938
2024-07-02,1.4228,2.2369,1.4478,2.4872
2024-07-03,1.4257,2.2426,1.4434,2.4800
2024-07-04,1.4363,2.2502,1.4575,2.4621
2024-07-05,1.4436,2.2754,1.4549,2.4779
2024-07-08,1.4900,2.2904,1.4934,2.5046
2024-07-09,1.4950,2.2698,1.4993,2.4943
2024-07-10,1.4700,2.2707,1.4757,2.4935
2024-07-11,1.4517,2.2648,1.4569,2.5016
2024-07-12,1.4567,2.2604,1.4573,2.4918
2024-07-15,1.4664,2.2541,1.4670,2.4820
2024-07-16,1.4763,2.2613,1.4770,2.4790
2024-07-17,1.5001,2.2598,1.5020,2.4678
2024-07-18,1.4976,2.2673,1.5997,2.4740
2024-07-19,1.4874,2.2614,1.5995,2.4695
2024-07-22,1.4550,2.2461,1.5635,2.4483
2024-07-23,1.4401,2.2322,1.5481,2.4286
2024-07-24,1.4463,2.2381,1.5182,2.4161
2024-07-25,1.4203,2.2168,1.4984,2.3936
2024-07-26,1.3979,2.1944,1.5034,2.3686
2024-07-29,1.3924,2.1574,1.4984,2.3341
2024-07-30,1.3915,2.1480,1.4519,2.3109
2024-07-31,1.4032,2.1494,1.4899,2.2978
2024-08-01,1.4124,2.1297,1.4849,2.2839
2024-08-02,1.3933,2.1277,1.4847,2.2736
2024-08-05,1.3815,2.1376,1.4597,2.2579
2024-08-06,1.3821,2.1491,1.4696,2.2789
2024-08-07,1.3877,2.1414,1.4719,2.2730
2024-08-08,1.3875,2.1810,1.4746,2.2966
2024-08-09,1.4067,2.1986,1.4900,2.3199
2024-08-12,1.4312,2.2508,1.5100,2.3793
2024-08-13,1.4997,2.2255,1.4929,2.3784
2024-08-14,1.4954,2.1966,1.5010,2.3447
2024-08-15,1.4879,2.2050,1.5410,2.3506
2024-08-16,1.4835,2.1978,1.5995,2.3496
2024-08-19,1.5063,2.1816,1.6036,2.3542
2024-08-20,1.5021,2.1710,1.5886,2.3709
2024-08-21,1.5446,2.1670,1.5983,2.4069
2024-08-22,1.5345,2.1582,1.5825,2.4063
2024-08-23,1.5104,2.1547,1.5648,2.4262
,,,,
数据来源：同花顺iFinD,,,,
