Date,Close,Log_Return,Volatility
2007-01-05,2641.334,-0.027772650806034527,0.02628786874435186
2007-01-08,2707.199,0.02463042847841379,0.02627995852776851
2007-01-09,2807.804,0.036488162113235134,0.0259315768129263
2007-01-10,2825.576,0.006309554462606393,0.026992689967902956
2007-01-11,2770.11,-0.019825207018082658,0.02548822220963816
2007-01-12,2668.11,-0.03751667401333769,0.024822732399089942
2007-01-15,2794.701,0.04635476755167911,0.02624135260008312
2007-01-16,2821.017,0.009372334093078472,0.0287107966676675
2007-01-17,2778.9,-0.015042292287580139,0.02717707043695718
2007-01-18,2756.983,-0.007918200045902601,0.026031477796059264
2007-01-19,2832.207,0.02691930048058122,0.024646609669278327
2007-01-22,2933.19,0.03503430160518839,0.024718156284137788
2007-01-23,2949.144,0.005424390767069021,0.025771308020966322
2007-01-24,2975.129,0.008772440649164714,0.024329450081121293
2007-01-25,2857.365,-0.040387527925751954,0.023087203220010115
2007-01-26,2882.558,0.008778222904717303,0.025256223482626017
2007-01-29,2945.263,0.02152002264009667,0.023947214600289455
2007-01-30,2930.562,-0.00500390351139135,0.023559828271240188
2007-01-31,2786.335,-0.05046710130332066,0.022265451125476208
2007-02-01,2785.432,-0.00032413415991960903,0.02639922079053366
2007-02-02,2673.212,-0.0411222323998377,0.024858935831507854
2007-02-05,2612.537,-0.022958965776582296,0.026807432476133913
2007-02-06,2675.697,0.023888127285511374,0.026274836320858943
2007-02-07,2716.175,0.015014733454847828,0.02585783213998786
2007-02-08,2737.732,0.007905199799660423,0.02480335840961613
2007-02-09,2730.386,-0.0026868492667233568,0.023496497383605305
2007-02-12,2807.174,0.02773529220263793,0.02216496791806116
2007-02-13,2831.872,0.00875969372391161,0.022653843278330556
2007-02-14,2905.093,0.025527426490896232,0.021534122839758627
2007-02-15,2993.008,0.029813498209622757,0.0218457058425924
2007-02-16,2998.474,0.0018245908162359825,0.022643713096399728
2007-02-26,3040.599,0.01395104289542104,0.02135776193808971
2007-02-27,2771.791,-0.09256085382231127,0.02061980480800179
2007-02-28,2881.073,0.038669112545760775,0.03518466819746474
2007-03-01,2797.19,-0.029547452367927107,0.035250430919773014
2007-03-02,2831.526,0.01220044710410395,0.03444142074146065
2007-03-05,2785.306,-0.016458047271457943,0.03260512916665369
2007-03-06,2840.175,0.019507928322751944,0.031107803113457656
2007-03-07,2896.594,0.01966989399541763,0.029896182632487344
2007-03-08,2928.015,0.010789155048336774,0.028798750390151492
2007-03-09,2937.91,0.0033737251619907482,0.027310513900265655
2007-03-12,2954.914,0.005771103020911994,0.025730730335999475
2007-03-13,2964.794,0.003338005581968062,0.024299429341341917
2007-03-14,2906.334,-0.019915059639987298,0.022919286857959534
2007-03-15,2951.698,0.015488104820183146,0.02251875522819543
2007-03-16,2930.481,-0.0072140246037326605,0.021782768851887117
2007-03-19,3014.442,0.028248165045765106,0.020678504084782952
2007-03-20,3032.195,0.005872041272377615,0.021447878731743277
2007-03-21,3057.38,0.008271560361308161,0.020316623890382957
2007-03-22,3071.225,0.004518164754435006,0.019352520991491436
2007-03-23,3074.286,0.0009961743630864106,0.01833469624548211
2007-03-26,3122.811,0.015660878562552938,0.01733650090476606
2007-03-27,3138.826,0.005115286919668449,0.01712505133949995
2007-03-28,3173.018,0.01083434079247425,0.016285529235351988
2007-03-29,3197.537,0.007697640494413349,0.015795851043051833
2007-03-30,3183.983,-0.004247897172273696,0.01516419601068076
2007-04-02,3252.595,0.02132021050737265,0.014454481585389313
2007-04-03,3291.299,0.011829180398782668,0.01527815321941829
2007-04-04,3291.542,7.382830607838287e-05,0.014958504715808812
2007-04-05,3319.14,0.008349565244024859,0.014197313568629244
2007-04-06,3323.585,0.001338306391861721,0.013740098911419387
2007-04-09,3398.95,0.022422540776874555,0.013074362212650207
2007-04-10,3444.291,0.013251517372623312,0.014310183857166765
2007-04-11,3495.224,0.014679387421846712,0.014215610763904304
2007-04-12,3531.029,0.01019186469198452,0.014270974760664369
2007-04-13,3518.267,-0.003620791052785677,0.01392852613808677
2007-04-16,3596.441,0.0219762065221083,0.013296135249113307
2007-04-17,3611.87,0.004280898413723477,0.014420739798290127
2007-04-18,3612.396,0.00014562033040732558,0.013761669767809853
2007-04-19,3449.016,-0.04628229112705817,0.013088732014182043
2007-04-20,3584.204,0.03844744016593182,0.019256674554928216
2007-04-23,3710.886,0.03473424898830757,0.021858739408269257
2007-04-24,3720.532,0.0025960066886927535,0.02334253196533667
2007-04-25,3743.959,0.006276938888003514,0.022017147014160597
2007-04-26,3783.063,0.010390391261184462,0.02085714992701592
2007-04-27,3759.867,-0.006150414526107539,0.019950041810139332
2007-04-30,3841.272,0.021419977312705285,0.018943200225088965
2007-05-08,3950.011,0.02791480197081242,0.019125090719813522
2007-05-09,4013.085,0.015841908502409296,0.020093187722772448
2007-05-10,4049.701,0.009082779010906705,0.019612065628027937
2007-05-11,4021.678,-0.006943822758886498,0.018739013338918198
2007-05-14,4046.392,0.006126391391866548,0.017851418859899926
2007-05-15,3899.178,-0.03705985817569868,0.01699076238334601
2007-05-16,3986.043,0.022033247799688738,0.01992500161768131
2007-05-17,4048.293,0.015496301299116055,0.020049928285186105
2007-05-18,4030.258,-0.004464917028155213,0.019545608756300157
2007-05-21,4072.225,0.01035913936392241,0.018519055503473103
2007-05-22,4110.379,0.009325705244156879,0.017802321480319374
2007-05-23,4173.709,0.015289850558483309,0.01708819134887475
2007-05-24,4151.133,-0.005423779897295589,0.016870281966940407
2007-05-25,4179.776,0.0068763475542095165,0.01606844524597497
2007-05-28,4272.111,0.0218504278824021,0.015375983540746508
2007-05-29,4334.924,0.014595993893848913,0.016121023173185024
2007-05-30,4053.088,-0.06722501863792196,0.015946350845849902
2007-05-31,4109.654,0.013859780327221571,0.026116878276074493
2007-06-01,4000.742,-0.02685899613265974,0.02497498417868566
2007-06-04,3670.401,-0.08617892351414724,0.025027887548731597
2007-06-05,3767.101,0.026004819734296802,0.036066577259717146
2007-06-06,3776.317,0.0024434558936867745,0.03487567745615047
2007-06-07,3890.803,0.029866367031777585,0.03279555523854318
2007-06-08,3913.135,0.005723279953981475,0.0322423329757593
2007-06-11,3995.68,0.02087493448315847,0.030374438317165707
2007-06-12,4072.138,0.018954391154675676,0.02931873830705162
2007-06-13,4176.48,0.025300617849364215,0.028222913643862844
2007-06-14,4115.209,-0.014779163870972667,0.02773021284556742
2007-06-15,4132.869,0.00428221629002401,0.026524956287914396
2007-06-18,4253.348,0.02873459859571348,0.025010527987948544
2007-06-19,4269.524,0.003795908098400247,0.025237782237199965
2007-06-20,4181.323,-0.0208746419809831,0.023801552596179745
2007-06-21,4230.823,0.01176883314521504,0.02339459503973436
2007-06-22,4091.445,-0.03349832838888567,0.022356990371659762
2007-06-25,3941.081,-0.037443157231448865,0.023613453555269823
2007-06-26,3973.371,0.008159801629183505,0.02522917897166129
2007-06-27,4078.599,0.026138694303977417,0.02390054633138642
2007-06-28,3914.204,-0.04114155888551174,0.023979007227110025
2007-06-29,3820.703,-0.024177551108005346,0.026095610255688406
2007-07-02,3836.294,0.004072359319691188,0.02574886202043616
2007-07-03,3899.724,0.016398984980487086,0.024282823677249196
2007-07-04,3816.165,-0.021659789755599235,0.023452586638987066
2007-07-05,3615.872,-0.05391294797166246,0.023155036324337956
2007-07-06,3781.348,0.044747516143228694,0.027722419582731705
2007-07-09,3883.216,0.026583116478317237,0.029665505269094672
2007-07-10,3853.021,-0.007806160367218595,0.02913887094731068
2007-07-11,3865.723,0.0032912120069656936,0.027534342094283352
2007-07-12,3915.991,0.01291969846748664,0.025938780941099252
2007-07-13,3914.395,-0.000407642745097192,0.024760820722707143
2007-07-16,3821.916,-0.02390891610240864,0.023328368914241792
2007-07-17,3896.191,0.019247541664693557,0.02326691247554864
2007-07-18,3930.06,0.00865528372092328,0.02275070440786963
2007-07-19,3912.941,-0.0043654277709084255,0.021619655564258555
2007-07-20,4058.853,0.03661115621495625,0.020445005691410247
2007-07-23,4213.361,0.03736024510049063,0.02248525098124936
2007-07-24,4210.329,-0.0007198745753793645,0.024252544189633872
2007-07-25,4323.966,0.026632244746956246,0.022854610449830403
2007-07-26,4346.458,0.005188223886781529,0.023120336143684934
2007-07-27,4345.357,-0.00025334179475500207,0.021854529373872465
2007-07-30,4440.769,0.02171964089691336,0.020614997027389843
2007-07-31,4471.032,0.006791694816492111,0.020621623680522953
2007-08-01,4300.563,-0.038873310100287384,0.0195784849269168
2007-08-02,4407.73,0.02461387334455445,0.022228317790321493
2007-08-03,4560.774,0.03413252825871815,0.022347527418452803
2007-08-06,4628.108,0.014655799308759043,0.02365925063950231
2007-08-07,4651.225,0.004982480491538155,0.022767248761467754
2007-08-08,4663.162,0.002563133040350607,0.02152111696885031
2007-08-09,4754.095,0.019312593105025755,0.020318197354463337
2007-08-10,4749.369,-0.0009945847934140772,0.0201183001118641
2007-08-13,4820.064,0.014775438865664015,0.018998954218350336
2007-08-14,4872.785,0.010878436240480127,0.018540568280286
2007-08-15,4869.883,-0.000595730057892041,0.01785255278538999
2007-08-16,4765.448,-0.021678360590854595,0.01688721398005246
2007-08-17,4656.574,-0.023111566956886875,0.017411842524321174
2007-08-20,4904.855,0.051945546291104705,0.018040611074363257
2007-08-21,4955.207,0.01021341198460668,0.02365490948701939
2007-08-22,4980.075,0.005006008270907358,0.022521858364074172
2007-08-23,5032.494,0.010470735116603791,0.021293225979623378
2007-08-24,5107.668,0.014827253692656583,0.02035546059416214
2007-08-27,5150.118,0.008276687061131938,0.01977076390609674
2007-08-28,5194.689,0.008617130469627199,0.018848664776915387
2007-08-29,5109.427,-0.016549492648318065,0.018013906914351743
2007-08-30,5167.884,0.011376055552132058,0.017833592186733256
2007-08-31,5218.825,0.009808960363292485,0.017238862590391955
2007-09-03,5321.055,0.019399311192495716,0.016599502833705856
2007-09-04,5294.045,-0.005088988006066941,0.01686025025509714
2007-09-05,5310.716,0.003144062130756353,0.01604794479252017
2007-09-06,5393.66,0.015497523642812538,0.015238053204417042
2007-09-07,5277.176,-0.02183308358039504,0.015251535268736573
2007-09-10,5355.287,0.01469319108395517,0.016049580791469394
2007-09-11,5113.968,-0.04610867771820004,0.015891687305888497
2007-09-12,5172.627,0.011405063743655575,0.020992716315311712
2007-09-13,5273.592,0.0193310410412586,0.02012913380858789
2007-09-14,5312.182,0.007290949333874863,0.019952126363929356
2007-09-17,5421.392,0.020349935410129305,0.01897637679606695
2007-09-18,5425.208,0.0007036306598262598,0.019037708544505115
2007-09-19,5395.265,-0.005534522646433615,0.017989791342363826
2007-09-20,5470.065,0.013768782302543414,0.017107372862103856
2007-09-21,5454.674,-0.0028176435487523577,0.016757178252497854
2007-09-24,5485.013,0.005546608011950838,0.015894420925974723
2007-09-25,5425.88,-0.010839365571509774,0.01516273558516993
2007-09-26,5338.52,-0.01623163725324339,0.014798935880130999
2007-09-27,5409.403,0.013190274567865146,0.01497175744504772
2007-09-28,5552.301,0.0260737008645755,0.014797660133992653
2007-10-08,5692.755,0.024981877304036004,0.016268419933124126
2007-10-09,5715.892,0.004056051821038409,0.017300961929786796
2007-10-10,5771.464,0.00967540894939134,0.01641961136467753
2007-10-11,5913.23,0.024266438920232503,0.015843640763101064
2007-10-12,5903.264,-0.0016867951463446218,0.016846801996311583
2007-10-15,6030.086,0.021255854379910843,0.015960709583448862
2007-10-16,6092.057,0.010224518861690512,0.016536758821150393
2007-10-17,6036.281,-0.009197697691025297,0.01598427089078731
2007-10-18,5825.282,-0.035580683534167434,0.015433545790881843
2007-10-19,5818.047,-0.0012427718792782372,0.01848756096147574
2007-10-22,5667.332,-0.02624617815723873,0.01748201475552039
2007-10-23,5773.387,0.018540449774393508,0.018524883019523018
2007-10-24,5843.109,0.012004108163932159,0.018453841832985846
2007-10-25,5562.394,-0.04923442706790482,0.017844800668023863
2007-10-26,5589.631,0.004884683123739464,0.02299045796878803
2007-10-29,5747.997,0.027938172041222842,0.021726767608017374
2007-10-30,5897.193,0.025625028692846996,0.02230236502139946
2007-10-31,5954.765,0.009715264403331147,0.022524817393231044
2007-11-01,5914.285,-0.006821128389150388,0.021455288133895203
2007-11-02,5777.809,-0.023346065926240556,0.020361199382477175
2007-11-05,5634.452,-0.025124651648560814,0.020605742419988863
2007-11-06,5536.569,-0.01752489860261086,0.02102568916458352
2007-11-07,5601.783,0.011709945096407992,0.020612017215610446
2007-11-08,5330.023,-0.049729386556556676,0.0197974907075388
2007-11-09,5315.54,-0.0027209474849705373,0.024457219336919495
2007-11-12,5187.735,-0.02433742014490292,0.023061806223652916
2007-11-13,5158.118,-0.005725401453949175,0.02307695167334654
2007-11-14,5412.694,0.04817515136076622,0.02183404861395106
2007-11-15,5365.267,-0.008800793789671246,0.02559323525370682
2007-11-16,5316.274,-0.009173459816816276,0.024270240617026463
2007-11-19,5269.817,-0.008777044943233392,0.0230579971308028
2007-11-20,5293.703,0.0045223638918177045,0.021919416403461584
2007-11-21,5214.225,-0.015127533354755585,0.02072179203494289
2007-11-22,4984.161,-0.045125383295529176,0.020144495067585415
2007-11-23,5032.13,0.009578269388420324,0.023802565141555824
2007-11-26,4958.849,-0.014669696366658158,0.022630952019030807
2007-11-27,4861.111,-0.019906644745697477,0.021846278169636232
2007-11-28,4803.394,-0.011944261228725495,0.02155900773992285
2007-11-29,5003.333,0.04078153897347114,0.020694224774843364
2007-11-30,4871.778,-0.026645327488058257,0.023383252018585644
2007-12-03,4868.611,-0.0006502820599063597,0.023611645904009795
2007-12-04,4915.889,0.009663931309038531,0.022255941293826943
2007-12-05,5042.654,0.025459918670344805,0.0212046131061855
2007-12-06,5035.073,-0.0015045062105762952,0.02155225079789796
2007-12-07,5091.756,0.011194736667970773,0.020339223598412923
2007-12-10,5161.919,0.013685648337080636,0.01951776694888166
2007-12-11,5175.076,0.002545615453032113,0.018927870032088134
2007-12-12,5095.543,-0.015487788964362537,0.017902896642822977
2007-12-13,4958.043,-0.027355129642224085,0.017638010875345347
2007-12-14,5007.911,0.010007755647039929,0.018813965167386464
2007-12-17,4876.761,-0.026537592083471395,0.018052833091284404
2007-12-18,4836.174,-0.008357357736755944,0.019041189676008697
2007-12-19,4941.784,0.021602487355865563,0.01819117847278287
2007-12-20,5043.535,0.02038082550390996,0.018492560723658007
2007-12-21,5101.779,0.011482077320973616,0.01861737502141732
2007-12-24,5234.262,0.025636557737758636,0.017959935324576664
2007-12-25,5201.181,-0.006340144987463603,0.018803464561871132
2007-12-26,5233.351,0.006166084291429286,0.01788812165971792
2007-12-27,5308.889,0.014330786014070895,0.017026100643161724
2007-12-28,5261.563,-0.00895445459192068,0.016731002813116024
2008-01-02,5272.814,0.002136054989856362,0.016101071383211804
2008-01-03,5319.861,0.008882989304026978,0.015270728562006921
2008-01-04,5361.574,0.007810413497768565,0.014748945710863342
2008-01-07,5393.343,0.005907826606412314,0.014212128210313176
2008-01-08,5386.531,-0.0012638368327344551,0.013628744129712763
2008-01-09,5435.807,0.009106413147407011,0.01297324327008385
2008-01-10,5456.541,0.0038070809054175925,0.01268164892599088
2008-01-11,5484.677,0.005143131600272355,0.01214640263499183
2008-01-14,5497.901,0.002408178915889181,0.011704778782731066
2008-01-15,5443.791,-0.009890689869880731,0.011213303997150462
2008-01-16,5290.606,-0.028542898088424806,0.01119586397362605
2008-01-17,5151.626,-0.026620402075453242,0.014041850181086906
2008-01-18,5180.514,0.0055918861485277915,0.0158027127122777
2008-01-21,4914.435,-0.05272748637825053,0.015079779457593381
2008-01-22,4559.751,-0.07490877599740209,0.022003515989793603
2008-01-23,4703.047,0.03094257976185233,0.03152438247869796
2008-01-24,4717.734,0.003118003040055939,0.03121112153602549
2008-01-25,4761.688,0.009273627654478034,0.02937326538666008
2008-01-28,4419.294,-0.07462227240373842,0.027789801887602168
2008-01-29,4457.944,0.008707718373059947,0.03525676422070187
2008-01-30,4417.849,-0.009034747145340916,0.03325493815712397
2008-01-31,4383.393,-0.007829844022262833,0.03140445839567359
2008-02-01,4320.767,-0.014390149237481609,0.02964597689627251
2008-02-04,4672.17,0.07819069905739973,0.028269373377831863
2008-02-05,4599.696,-0.015633417495548585,0.03629420419868669
2008-02-13,4490.721,-0.023976946427374912,0.03447755237402351
2008-02-14,4552.316,0.013622846522405752,0.03329905580039235
2008-02-15,4497.127,-0.012197366010331834,0.03160114629436124
2008-02-18,4568.151,0.015669779410014684,0.029977480522480355
2008-02-19,4664.295,0.02082816962738221,0.0286289870282005
2008-02-20,4567.026,-0.021074470275019408,0.027726620393471783
2008-02-21,4527.177,-0.008763660771391457,0.02694683584541194
2008-02-22,4370.285,-0.03527034205813173,0.025525722270863256
2008-02-25,4192.533,-0.04152313848942413,0.026520693645296915
2008-02-26,4238.179,0.010828609975536807,0.028232906043097486
2008-02-27,4334.047,0.022368051682475354,0.026787122167484308
2008-02-28,4299.513,-0.007999987069190695,0.026183134669881373
2008-02-29,4348.543,0.011339085994441334,0.024790242827156538
2008-03-03,4438.265,0.020422687843449694,0.023622707160919392
2008-03-04,4335.446,-0.02343904586282619,0.023171254670618528
2008-03-05,4292.654,-0.009919298771928098,0.023079931662694193
2008-03-06,4360.986,0.015792988907827876,0.021989010171285003
2008-03-07,4300.515,-0.013963395612773155,0.02132337649838142
2008-03-10,4146.299,-0.03651865385278796,0.020606853998954084
2008-03-11,4165.878,0.004710928607382314,0.022641803769793665
2008-03-12,4070.116,-0.02325555744757324,0.021398352851596813
2008-03-13,3971.257,-0.024588831007632095,0.02150084286142714
2008-03-14,3962.673,-0.002163871712866694,0.021738649025654463
2008-03-17,3820.048,-0.036655809571787046,0.02051935682030122
2008-03-18,3668.897,-0.04037191604990298,0.02259406648860606
2008-03-19,3761.605,0.024954656089729355,0.02485812692145617
2008-03-20,3804.054,0.011221612141591564,0.02469942019978869
2008-03-21,3796.576,-0.0019677322571638456,0.023533272174206008
2008-03-24,3626.188,-0.04591764915407559,0.022191314203687692
2008-03-25,3629.619,0.0009457253357822992,0.025496097009932817
2008-03-26,3606.857,-0.0062909280894754005,0.02401601478366417
2008-03-27,3411.493,-0.05568673061315188,0.022723036144562416
2008-03-28,3580.146,0.04825355631604644,0.027759287147056215
2008-03-31,3472.713,-0.0304674488458776,0.03023835088123072
2008-04-01,3329.162,-0.04221551218695829,0.03004845602560578
2008-04-02,3347.882,0.005607286412660173,0.03128142943673706
2008-04-03,3446.244,0.028957035247731966,0.029474780373644052
2008-04-07,3599.618,0.043542786389268784,0.029193681958330064
2008-04-08,3612.539,0.0035831205072565098,0.03071036904082285
2008-04-09,3413.907,-0.05655346600010169,0.02891023834547532
2008-04-10,3471.743,0.016799390093181543,0.03258003154249622
2008-04-11,3492.893,0.00607355934043774,0.031089056826462645
2008-04-14,3296.672,-0.05781685790058866,0.029304209120272783
2008-04-15,3348.353,0.015555108389522232,0.03310775167976735
2008-04-16,3291.599,-0.017095118204725424,0.03151255132776986
2008-04-17,3222.741,-0.02114122525460793,0.030136395498740514
2008-04-18,3094.668,-0.040551609098384844,0.0291396633277736
2008-04-21,3116.977,0.0071829912752576774,0.03028825077988171
2008-04-22,3147.793,0.00983795048953695,0.028581908210210574
2008-04-23,3278.33,0.040632574038022895,0.027073553694048784
2008-04-24,3583.028,0.08887410657713879,0.02852589799614724
2008-04-25,3557.749,-0.007080211467647146,0.03883677694283075
2008-04-28,3474.722,-0.023613565688485494,0.03656713825765613
2008-04-29,3523.405,0.013913375777152126,0.03518135747520317
2008-04-30,3693.106,0.04703998681629784,0.033359521421341985
2008-05-05,3761.009,0.01821943405589188,0.03469914979764186
2008-05-06,3733.503,-0.0073403374370730745,0.033119923996936744
2008-05-07,3579.147,-0.04222243116303481,0.031233561254430997
2008-05-08,3656.839,0.02147460917505839,0.03228772235554602
2008-05-09,3613.494,-0.011923941741372346,0.03110652920443121
2008-05-12,3626.982,0.003725726209790281,0.029507429216025182
2008-05-13,3560.243,-0.018572096547888606,0.02778770610667005
2008-05-14,3657.432,0.026932460843523742,0.02681660514813348
2008-05-15,3637.324,-0.00551301535763038,0.02663328305165957
2008-05-16,3624.233,-0.0036055667350769482,0.025140669957979832
2008-05-19,3604.761,-0.005387207983027054,0.023712011087547842
2008-05-20,3443.162,-0.045865236490174155,0.0224162714653567
2008-05-21,3544.186,0.028918279196602725,0.025659290233460245
2008-05-22,3485.63,-0.016659711811998434,0.025824945667323233
2008-05-23,3473.091,-0.0036038270742349,0.0248946127318294
2008-05-26,3364.544,-0.031752534265379495,0.023482419144417968
2008-05-27,3375.407,0.003223468362373083,0.024321942088587834
2008-05-28,3459.026,0.024471136903699175,0.02293871776879979
2008-05-29,3401.437,-0.016789057159254384,0.022955420518168696
2008-05-30,3433.354,0.009339636576010335,0.02229346053434162
2008-06-02,3459.044,0.0074546243467210616,0.02122495296965283
2008-06-03,3436.398,-0.00656842053638762,0.020160901000956646
2008-06-04,3369.913,-0.019536901769880544,0.019152810464775818
2008-06-05,3351.645,-0.00543565791723033,0.019134906666813518
2008-06-06,3329.67,-0.006578070107448042,0.018164851118968813
2008-06-10,3072.333,-0.08043599213437425,0.0173067316482029
2008-06-11,3024.24,-0.015777387600829584,0.030287225782589664
2008-06-12,2957.532,-0.022304683486258803,0.028934384587486654
2008-06-13,2868.8,-0.03046131289241938,0.028137547072413754
2008-06-16,2874.103,0.0018468016984556357,0.02819489623753297
2008-06-17,2794.751,-0.0279976105851949,0.026542614120984163
2008-06-18,2941.115,0.05104574617152924,0.026528097893626888
2008-06-19,2748.874,-0.0675973878698981,0.0297185835878785
2008-06-20,2831.736,0.029698577863580766,0.03522159380494035
2008-06-23,2760.417,-0.025508195874108353,0.03440615878380965
2008-06-24,2803.019,0.015315295338240276,0.033348410124714574
2008-06-25,2905.014,0.03574115895803409,0.031723506206532005
2008-06-26,2901.85,-0.0010897449339664078,0.031891868879479056
2008-06-27,2748.432,-0.054317897390575354,0.029997443612224214
2008-06-30,2736.103,-0.004495921994294605,0.03306015654531032
2008-07-01,2651.605,-0.03136952821326755,0.031122567143311422
2008-07-02,2651.725,4.525458533422011e-05,0.030923402606053613
2008-07-03,2703.529,0.0193475849953737,0.029088903692781363
2008-07-04,2669.892,-0.012519934462119409,0.02803953396348024
2008-07-07,2792.397,0.04486234461302718,0.026693219766588866
2008-07-08,2814.947,0.008043066936824772,0.028840668608582132
2008-07-09,2920.546,0.036827151396093605,0.027256009052570963
2008-07-10,2875.45,-0.01556140136160522,0.028161534194632302
2008-07-11,2856.634,-0.006565175103205867,0.026966300277845877
2008-07-14,2878.256,0.00754054653249181,0.02547663628664707
2008-07-15,2779.448,-0.0349322083338901,0.024110614521963652
2008-07-16,2705.867,-0.02682996833185225,0.025281470646851056
2008-07-17,2684.778,-0.007824335525465465,0.02529413240016946
2008-07-18,2778.367,0.03426530205944189,0.023958335089892407
2008-07-21,2861.418,0.029453961119561,0.025026064912045908
2008-07-22,2846.117,-0.005361697004333976,0.025333712693773405
2008-07-23,2837.849,-0.002909238314045659,0.023926015032045545
2008-07-24,2910.292,0.025207048953030053,0.022568574832416456
2008-07-25,2865.101,-0.015649817192496585,0.02271046525063362
2008-07-28,2903.012,0.01314521608935948,0.021987031276618975
2008-07-29,2850.311,-0.018320707554673632,0.02114275841374093
2008-07-30,2836.668,-0.004797987181800245,0.02078635900905386
2008-07-31,2775.717,-0.021721031749484254,0.019680179137686136
2008-08-01,2801.817,0.009359043086655028,0.01983013535994341
2008-08-04,2741.74,-0.021675379943509654,0.018953151702059558
2008-08-05,2690.746,-0.018774276759186748,0.019191612031636107
2008-08-06,2719.368,0.010581021781812971,0.019092210057658765
2008-08-07,2727.577,0.0030141689387512827,0.018339895132540737
2008-08-08,2605.719,-0.045705024507592285,0.017363152347343452
2008-08-11,2470.074,-0.053460535094483674,0.0219097912370175
2008-08-12,2457.198,-0.005226433332533809,0.026726024094654067
2008-08-13,2446.297,-0.004446223747917699,0.025220881378070017
2008-08-14,2437.082,-0.0037740306200566565,0.023801532473796794
2008-08-15,2450.61,0.005535551153427853,0.022465810346636788
2008-08-18,2319.868,-0.054826685650374074,0.021253872129910967
2008-08-19,2344.469,0.010548649516775477,0.02653667126656222
2008-08-20,2523.282,0.073501498088687,0.025203270516418904
2008-08-21,2431.716,-0.036963254144040114,0.03319609966998596
2008-08-22,2405.226,-0.01095331093253904,0.03334648379628492
2008-08-25,2413.374,0.003381898379563708,0.03155138594783984
2008-08-26,2350.084,-0.026574696218178318,0.0296942177078944
2008-08-27,2342.147,-0.0033830421263978394,0.029187426767144288
2008-08-28,2350.143,0.0034081472968514603,0.027487607152073372
2008-08-29,2397.369,0.019895708663816514,0.02589657876680343
2008-09-01,2325.135,-0.030593784162593174,0.025177062551408107
2008-09-02,2304.891,-0.008744715042547924,0.025629430927153304
2008-09-03,2276.672,-0.012318659309227264,0.0243017754293206
2008-09-04,2277.411,0.00032454393408620774,0.023234893845711903
2008-09-05,2202.446,-0.033470710518088254,0.021902929596375076
2008-09-08,2143.421,-0.02716541016726648,0.023231969844117583
2008-09-09,2145.779,0.001099505846102744,0.02353967039269312
2008-09-10,2150.759,0.0023181464845087874,0.022189495450554986
2008-09-11,2078.981,-0.03394293327236131,0.020938608350440344
2008-09-12,2079.673,0.00033279999075919164,0.022506990348626663
2008-09-16,1986.636,-0.04576791376733702,0.021223535210794096
2008-09-17,1929.047,-0.02941665746569111,0.02473257275443513
2008-09-18,1895.837,-0.01736566890968394,0.02510480143070423
2008-09-19,2075.091,0.09034457846970412,0.02428757924755023
2008-09-22,2236.41,0.07486689348963704,0.036573639482792415
2008-09-23,2201.51,-0.015728413071525615,0.041717371650223566
2008-09-24,2216.811,0.006926188101023634,0.039513334405214214
2008-09-25,2297.501,0.035752333841460704,0.037191725083196875
2008-09-26,2293.784,-0.0016191549041542075,0.036725922260675364
2008-10-06,2173.738,-0.05375458934208144,0.03452392899011379
2008-10-07,2157.839,-0.0073410083210943,0.03665897028969636
2008-10-08,2092.224,-0.030879642895599524,0.03453770518156419
2008-10-09,2074.583,-0.008467445409094942,0.033919388997951216
2008-10-10,2000.572,-0.03632702996155768,0.03200797369261013
2008-10-13,2073.568,0.035837655288236014,0.032235607767977
2008-10-14,2017.321,-0.027500401400093466,0.03235123882732616
2008-10-15,1994.667,-0.011293274441531942,0.0316545260294269
2008-10-16,1909.941,-0.04340476758727707,0.029991224368323514
2008-10-17,1930.651,0.010784900212422954,0.03139613374171764
2008-10-20,1974.006,0.022207728778850466,0.02972275959285929
2008-10-21,1958.529,-0.00787129925577812,0.02882414818507092
2008-10-22,1895.822,-0.03254116369545734,0.027243175095688674
2008-10-23,1875.561,-0.010744702898132452,0.027649996828366365
2008-10-24,1839.621,-0.01934824252739098,0.026253800192687745
2008-10-27,1723.351,-0.06528892089322991,0.025478349996111625
2008-10-28,1771.821,0.02773718002873604,0.031683787138281995
2008-10-29,1719.812,-0.0297928487532495,0.031052770900574234
2008-10-30,1763.607,0.025146161121925914,0.030704296310711723
2008-10-31,1728.786,-0.019941715572752372,0.029947687936869617
2008-11-03,1719.774,-0.005226541231619919,0.02888223078778527
2008-11-04,1706.703,-0.007629447624201369,0.027232472456752626
2008-11-05,1760.609,0.03109633270607759,0.02575446216737031
2008-11-06,1717.722,-0.024660777522035993,0.026158150496432258
2008-11-07,1747.713,0.01730908170681733,0.025850574692087503
2008-11-10,1874.801,0.07019444434644306,0.024944600737948956
2008-11-11,1843.607,-0.016778541680420922,0.03229753351678532
2008-11-12,1859.11,0.008373899810290908,0.030841543378453823
2008-11-13,1927.613,0.036184571312716685,0.02912921660702588
2008-11-14,1986.438,0.030060635214330667,0.029687434972471057
2008-11-17,2030.485,0.021931595660492853,0.02949283028660665
2008-11-18,1902.43,-0.06514266438962046,0.02859437507496153
2008-11-19,2017.474,0.058714217457956686,0.03391495131523831
2008-11-20,1983.76,-0.016852200038687926,0.03687913326155976
2008-11-21,1969.389,-0.007270691445092403,0.035076452913443676
2008-11-24,1897.06,-0.03741802301805386,0.03305826113454089
2008-11-25,1888.715,-0.004408615681618322,0.0332768066881782
2008-11-26,1897.884,0.004842877695997672,0.03132381633296663
2008-11-27,1917.861,0.010470921155985913,0.02950116722579598
2008-11-28,1871.156,-0.02465408082177145,0.02795053850586729
2008-12-01,1894.615,0.01245922997741733,0.027451134013423802
2008-12-02,1889.638,-0.0026303753314609324,0.026134204674745472
2008-12-03,1965.414,0.03931763381776854,0.02462633278886881
2008-12-04,2001.504,0.01819598779688736,0.02630417103355757
2008-12-05,2018.656,0.00853304548760736,0.025420020350637323
2008-12-08,2090.773,0.03510191061878398,0.024090569640731925
2008-12-09,2037.74,-0.025692503448949466,0.025252264031352157
2008-12-10,2079.117,0.020101933741599076,0.02514936636643609
2008-12-11,2031.681,-0.023079755145335668,0.024518133498511868
2008-12-12,1954.215,-0.03887495092942306,0.02423894787850367
2008-12-15,1964.374,0.005185041227894871,0.025957953632226083
2008-12-16,1975.006,0.0053978168213584254,0.02449838451392957
2008-12-17,1976.819,0.0009175508162417856,0.023142673002151226
2008-12-18,2015.694,0.01947456583482321,0.021818177701059344
2008-12-19,2018.463,0.0013727777252361406,0.021470662655366783
2008-12-22,1987.755,-0.015330469496295684,0.020260371166928744
2008-12-23,1897.225,-0.046613568954753326,0.019742928134682997
2008-12-24,1863.8,-0.01777487787898835,0.023794068616625336
2008-12-25,1852.419,-0.006125061833621714,0.02312861675420097
2008-12-26,1851.518,-0.0004865093643715568,0.021893158656603476
2008-12-29,1850.48,-0.0005607782755161494,0.02065159903351577
2008-12-30,1832.91,-0.00954019708011078,0.01949397334134881
2008-12-31,1820.805,-0.006626156823998919,0.018666036777889413
2009-01-05,1880.716,0.032373844408531305,0.017771655123652672
2009-01-06,1937.145,0.029562684250684867,0.019661095501394617
2009-01-07,1924.012,-0.006802650420713263,0.020771613614405014
2009-01-08,1878.181,-0.024108833961669518,0.019726825808474097
2009-01-09,1904.861,0.014105284768628046,0.020145892383529703
2009-01-12,1900.347,-0.0023725389610342873,0.019528023716217133
2009-01-13,1863.367,-0.019651434762018027,0.018462554183396335
2009-01-14,1928.869,0.03454875446870975,0.01854043994836008
2009-01-15,1920.206,-0.004501348831899676,0.020630647494946544
2009-01-16,1954.438,0.01767021212876596,0.01952820266260303
2009-01-19,1986.672,0.016358192889519785,0.01926171157995504
2009-01-20,1994.107,0.0037354541135927732,0.018907306250455322
2009-01-21,1985.016,-0.004569356522827306,0.01790378619431543
2009-01-22,2004.951,0.009992646997085686,0.01699839478904235
2009-01-23,1990.657,-0.00715488655475216,0.016390773578255895
2009-02-02,2011.683,0.01050695015008074,0.0156965660296015
2009-02-03,2060.808,0.024126453755457078,0.015239513402311142
2009-02-04,2107.749,0.02252241447302694,0.01632838414873625
2009-02-05,2098.018,-0.0046274638440477744,0.017012454445210868
2009-02-06,2181.239,0.0388999744390226,0.016174456446115867
2009-02-09,2224.714,0.01973530405453161,0.019626290031196408
2009-02-10,2265.161,0.01801747005604515,0.01954646505616711
2009-02-11,2260.82,-0.001918258751477886,0.019309888216012146
2009-02-12,2248.091,-0.005646167695860349,0.018253874069925905
2009-02-13,2320.792,0.031827095092723745,0.017355480253249803
2009-02-16,2389.387,0.029128340957872645,0.01924052792169453
2009-02-17,2319.441,-0.02971063932012008,0.02035987498439829
2009-02-18,2209.862,-0.0483961382285818,0.021412199071369823
2009-02-19,2227.125,0.007781445880922,0.025369177427800264
2009-02-20,2261.478,0.01530706580984642,0.02401825185711273
2009-02-23,2305.777,0.019399131089083532,0.02313751185324515
2009-02-24,2200.654,-0.04666312400616679,0.0226471250592396
2009-02-25,2206.574,0.002686497526571685,0.02597993901529133
2009-02-26,2121.251,-0.039435077454990974,0.02448006705338055
2009-02-27,2082.852,-0.018267900599992615,0.02624030580725575
2009-03-02,2093.447,0.005073881314549666,0.02538564837928804
2009-03-03,2071.431,-0.010572316916576341,0.02396250338476943
2009-03-04,2198.107,0.05935686263098905,0.02283435477032166
2009-03-05,2221.076,0.010395227731880397,0.028535647110545515
2009-03-06,2193.007,-0.012718101742070331,0.027051158507658355
2009-03-09,2118.748,-0.034448313211745685,0.02578986191457077
2009-03-10,2158.568,0.018619690682613488,0.026636868906347956
2009-03-11,2139.025,-0.009094921139485734,0.02575317685759784
2009-03-12,2133.881,-0.0024077302356060315,0.02442960290434588
2009-03-13,2128.848,-0.0023613991594366723,0.023032370342458933
2009-03-16,2153.291,0.011416381148967147,0.02172807404021493
2009-03-17,2218.326,0.02975548789795024,0.020805115436899134
2009-03-18,2223.725,0.002430860275397073,0.0217563204471875
2009-03-19,2265.759,0.018726084475727767,0.020535920724788537
2009-03-20,2281.087,0.006742281601548328,0.020257287789921186
2009-03-23,2325.48,0.019274385602970234,0.019239154233558767
2009-03-24,2338.42,0.005549018290956553,0.01915822400468531
2009-03-25,2291.555,-0.020244861210391818,0.018182066383906167
2009-03-26,2361.704,0.03015276597016836,0.018359898229910535
2009-03-27,2374.438,0.00537738551123379,0.019784646703115347
2009-03-30,2358.04,-0.006930012406273889,0.01875824602140385
2009-03-31,2373.213,0.006413967723467806,0.017868639280396538
2009-04-01,2408.017,0.014558853999137256,0.017017064610412514
2009-04-02,2425.291,0.007147929967703526,0.01674242289090301
2009-04-03,2419.778,-0.0022757167665794498,0.01600796215099024
2009-04-07,2439.182,0.007986936772558018,0.015190133580824518
2009-04-08,2347.385,-0.03836079458109509,0.014624725183779639
2009-04-09,2379.876,0.013746442870845144,0.018466837214410545
2009-04-10,2444.226,0.02668012290681432,0.017980561614409248
2009-04-13,2513.701,0.028027660732515614,0.01896457698060457
2009-04-14,2527.181,0.0053482831504325645,0.01997459336833585
2009-04-15,2536.056,0.003505666074588909,0.018933758602358297
2009-04-16,2534.134,-0.0007581570284598271,0.017923894330155524
2009-04-17,2503.935,-0.011988466887171256,0.016954358154371855
2009-04-20,2557.456,0.021149519960101948,0.016501458575780212
2009-04-21,2535.828,-0.008492803463549414,0.016984217883780392
2009-04-22,2461.346,-0.029811856149636107,0.016307661667830906
2009-04-23,2463.954,0.0010590218844521715,0.018119955592463263
2009-04-24,2448.595,-0.006252985993421056,0.017136996504828028
2009-04-27,2405.348,-0.01781979903782016,0.016345227578424396
2009-04-28,2401.438,-0.0016268670427113108,0.016491864264529872
2009-04-29,2468.192,0.027418174211380375,0.015630408299379294
2009-04-30,2477.569,0.0037919386868185967,0.017149831977348304
2009-05-04,2559.911,0.03269465477204658,0.016273335272078717
2009-05-05,2567.337,0.002896682661922334,0.018540462727762066
2009-05-06,2592.52,0.009761200728966912,0.017547707118137145
2009-05-07,2597.447,0.0018986638952123158,0.01687914907573042
2009-05-08,2625.645,0.010797540598256106,0.015990227048588795
2009-05-11,2579.747,-0.01763524803686245,0.015525555887131568
2009-05-12,2618.172,0.014785032226869887,0.015758607923289755
2009-05-13,2663.766,0.017264546645837875,0.01564191140898971
2009-05-14,2639.887,-0.009004797770489681,0.015790100335967373
2009-05-15,2645.263,0.002034380047543749,0.015244963828504793
2009-05-18,2652.779,0.0028372765040627357,0.014475498780690361
2009-05-19,2676.682,0.008970198028756649,0.013776276983938037
2009-05-20,2651.414,-0.009484885194225079,0.013397186249705088
2009-05-21,2610.622,-0.015504575479449834,0.013109059881845004
2009-05-22,2597.601,-0.0050001803413675106,0.013428534300704998
2009-05-25,2610.01,0.004765725967719625,0.012883136039466668
2009-05-26,2588.575,-0.008246521495369308,0.012363856571677954
2009-05-27,2632.93,0.016989763267497793,0.012091082851873464
2009-06-01,2721.28,0.03300506333426689,0.012717508044455561
2009-06-02,2724.302,0.0011098906637423411,0.01597072308208867
2009-06-03,2778.589,0.019730996381576382,0.01513967639472715
2009-06-04,2767.244,-0.004091365832899818,0.01564556399777173
2009-06-05,2753.891,-0.004837058334979716,0.014894582402124627
2009-06-08,2768.336,0.005231596943098715,0.01422500617859005
2009-06-09,2787.887,0.007037543558575443,0.01361356573072689
2009-06-10,2816.247,0.01012118628701586,0.013134652149037753
2009-06-11,2797.32,-0.006743331547117037,0.012901839196851228
2009-06-12,2743.762,-0.01933184456220438,0.01248453047906513
2009-06-15,2789.549,0.016549962613098046,0.01340490932837055
2009-06-16,2776.022,-0.004860966335987094,0.013774939973718354
2009-06-17,2810.123,0.012209286944469433,0.01319571656685966
2009-06-18,2853.903,0.015459276461265326,0.013133205507600332
2009-06-19,2880.492,0.009273581799900121,0.013414200748449073
2009-06-22,2896.302,0.005473637963624434,0.013090706621511404
2009-06-23,2892.697,-0.001245465914228916,0.01258236484812296
2009-06-24,2922.299,0.010181350326377903,0.012006847896237191
2009-06-25,2925.046,0.0009395717892770605,0.01190066835003641
2009-06-26,2928.211,0.0010814492883071125,0.01137337912211228
2009-06-29,2975.314,0.015957923302276633,0.010889410047700509
2009-06-30,2959.362,-0.005375875083242221,0.011578464342133696
2009-07-01,3008.15,0.016351567302323566,0.011209897408645812
2009-07-02,3060.254,0.017172647189834578,0.011897694105892155
2009-07-03,3088.367,0.00914455319563956,0.012580643285516927
2009-07-06,3124.667,0.01168524525941983,0.012331434488546405
2009-07-07,3089.45,-0.011334635971026685,0.012321823922121148
2009-07-08,3080.774,-0.00281221742286597,0.012304798100049513
2009-07-09,3123.035,0.013624421294180067,0.011779720234274366
2009-07-10,3113.932,-0.002919049103121907,0.012040718964565255
2009-07-13,3080.556,-0.010776136133289427,0.011539850782858584
2009-07-14,3145.157,0.020753709240839413,0.011564541230096663
2009-07-15,3188.551,0.013702772212075942,0.012840674302810133
2009-07-16,3183.742,-0.0015093470789739882,0.012968329781305597
2009-07-17,3189.741,0.0018824877297340947,0.012366171630231489
2009-07-20,3266.92,0.023907922743903853,0.011812542703665496
2009-07-21,3213.206,-0.016578452408724687,0.013564300623400848
2009-07-22,3296.615,0.025626991834162283,0.01394576396819792
2009-07-23,3328.49,0.009622563250452743,0.015518231119247779
2009-07-24,3372.603,0.01316610207719826,0.01501954618486013
2009-07-27,3435.212,0.018393791607678622,0.014838090150825987
2009-07-28,3438.371,0.0009191713324518958,0.015223806405038547
2009-07-29,3266.432,-0.051299555021778076,0.01444549367825997
2009-07-30,3321.56,0.01673629439431501,0.021278704078648916
2009-07-31,3412.062,0.026882248537292597,0.020752954353883305
2009-08-03,3462.59,0.014700063330485236,0.021336142691219133
2009-08-04,3471.442,0.0025532056410302317,0.02065165173057582
2009-08-05,3428.501,-0.012446930181482685,0.019507862114549048
2009-08-06,3356.33,-0.021275024297390033,0.018851099820617973
2009-08-07,3260.69,-0.028909285693321962,0.01905762381845265
2009-08-10,3249.76,-0.00335768196323194,0.020213665478681322
2009-08-11,3264.726,0.004594691378310145,0.01911634579458866
2009-08-12,3112.719,-0.047679218077989916,0.018117220908257348
2009-08-13,3140.56,0.008904507206457524,0.02284885087211772
2009-08-14,3046.972,-0.030252817373057184,0.021720475713860692
2009-08-17,2870.63,-0.059616792717383404,0.022630320802618935
2009-08-18,2910.884,0.013925297242932011,0.028500778029267714
2009-08-19,2785.584,-0.04399926893040362,0.027175519748454214
2009-08-20,2911.582,0.044239029885072334,0.02914240594497321
2009-08-21,2960.771,0.016753131316770364,0.030766673085355897
2009-08-24,2993.429,0.010969845654458688,0.029415804553513773
2009-08-25,2915.803,-0.02627429948099813,0.027890206409893644
2009-08-26,2967.595,0.017606606903417976,0.027548021825122598
2009-08-27,2946.395,-0.007169471307499009,0.026514686387727703
2009-08-28,2860.688,-0.02952023381858826,0.025072897598900096
2009-08-31,2667.745,-0.06982860906834709,0.025412206178483648
2009-09-01,2683.724,0.00597183595307893,0.03259381506133793
2009-09-02,2714.974,0.011576994685518649,0.03070740717414663
2009-09-03,2845.024,0.04678912648229705,0.029112772088297434
2009-09-04,2861.609,0.0058125506562936025,0.031116168549377498
2009-09-07,2881.116,0.006793665037740482,0.02932434669100305
2009-09-08,2930.475,0.016986806841426727,0.027673559037736103
2009-09-09,2946.259,0.005371704063581895,0.026589491105473633
2009-09-10,2924.883,-0.007281750110329277,0.025091163238449968
2009-09-11,2989.792,0.02194933988163328,0.023752235009983892
2009-09-14,3026.741,0.012282643349447397,0.023425119529834847
2009-09-15,3033.728,0.002305763166367214,0.022412388214053138
2009-09-16,2999.71,-0.011276608952327294,0.021146356243320567
2009-09-17,3060.26,0.019984262346113724,0.020277464225969304
2009-09-18,2962.667,-0.032410003494568684,0.020147279818512363
2009-09-21,2967.011,0.001465172569949047,0.021627356277457144
2009-09-22,2897.553,-0.023688461055217047,0.020407088774605283
2009-09-23,2842.721,-0.019104895614034945,0.02068483158803968
2009-09-24,2853.554,0.0038035428626690404,0.020449263878058198
2009-09-25,2838.842,-0.005169012400788375,0.019339053019928366
2009-09-28,2763.525,-0.026889183793775473,0.018346224238706733
2009-09-29,2754.54,-0.0032565792322936105,0.019335255709709506
2009-09-30,2779.426,0.008993972046568821,0.018297372349328753
2009-10-09,2911.715,0.04649782310210959,0.01752523330213923
2009-10-12,2894.483,-0.005935743353783884,0.022134509505764916
2009-10-13,2936.191,0.014306651820362504,0.020963785701939623
2009-10-14,2970.532,0.011627898220611499,0.02028544200766187
2009-10-15,2979.788,0.003111095694237953,0.0194935352220558
2009-10-16,2976.633,-0.0010593610811113763,0.018437585397598533
2009-10-19,3038.273,0.02049646592144061,0.01743416049991111
2009-10-20,3084.454,0.015085394392885476,0.017709163800706428
2009-10-21,3070.589,-0.004505256405803237,0.017407064455587033
2009-10-22,3051.412,-0.006264965564167113,0.016536344336215175
2009-10-23,3107.847,0.018325769184121654,0.01579186230135389
2009-10-26,3109.566,0.0005529631194836071,0.016038222918594313
2009-10-27,3021.459,-0.02874333930568085,0.015199767986080383
2009-10-28,3031.329,0.0032613099114744415,0.017068401786981796
2009-10-29,2960.466,-0.023654448842505893,0.01618668870159552
2009-10-30,2995.848,0.011880641678311044,0.017081942756341457
2009-11-02,3076.649,0.026613687629458482,0.01659047524241557
2009-11-03,3114.227,0.012139949666011063,0.017804856292865687
2009-11-04,3128.537,0.004584515789384014,0.017264233368381128
2009-11-05,3155.053,0.008439811443869516,0.016399066526677303
2009-11-06,3164.037,0.0028434493109354975,0.01575504075957334
2009-11-09,3175.585,0.003643123445662866,0.014960904443034287
2009-11-10,3178.61,0.000952126973920997,0.014242932363035987
2009-11-11,3175.192,-0.0010758913575550366,0.013536720855439296
2009-11-12,3172.945,-0.0007079242599328239,0.012886284380948146
2009-11-13,3187.647,0.004622848370935628,0.012282387447023379
2009-11-16,3275.048,0.02704949840014237,0.011808070534540888
2009-11-17,3282.889,0.002391301940365409,0.014135930442257116
2009-11-18,3303.234,0.0061781611772087075,0.01345416311211444
2009-11-19,3320.612,0.005247114703818667,0.012946378218206284
2009-11-20,3308.346,-0.003700736676572447,0.012440738664329277
2009-11-23,3338.663,0.009122060833037793,0.011929952416042602
2009-11-24,3223.526,-0.03509463594318518,0.01174686366224414
2009-11-25,3290.165,0.020461923992362685,0.015816487394270225
2009-11-26,3170.98,-0.0368970271177016,0.016313793083746652
2009-11-27,3096.265,-0.023844141997953372,0.019389600239358668
2009-11-30,3195.301,0.0314847467149626,0.019823539385838557
2009-12-01,3235.363,0.012459838763993147,0.021184620938388608
2009-12-02,3269.752,0.010573009195798733,0.02036650814559901
2009-12-03,3264.628,-0.0015683204987340105,0.019508545211980838
2009-12-04,3317.044,0.01592820431966757,0.01843526551967009
2009-12-07,3331.897,0.004467786586424438,0.018129895409214104
2009-12-08,3296.664,-0.010630763393546516,0.01719852846479633
2009-12-09,3239.568,-0.017471060487080692,0.01662920267533719
2009-12-10,3254.264,0.004526148840481525,0.016702756603135843
2009-12-11,3247.318,-0.0021367115396486724,0.015877488407714354
2009-12-14,3302.904,0.016972656617383564,0.01506699149699612
2009-12-15,3274.46,-0.008649111503517659,0.015257750041046155
2009-12-16,3255.213,-0.00589525868833185,0.014738617541457541
2009-12-17,3179.078,-0.02366649366231499,0.014122562541534463
2009-12-18,3113.886,-0.020719753766790916,0.015388157559510422
2009-12-21,3122.973,0.002913968851940396,0.016015817830887426
2009-12-22,3050.52,-0.02347336483990503,0.015203892156432818
2009-12-23,3073.777,0.007595030677723713,0.01624149539472755
2009-12-24,3153.41,0.025577308428283985,0.015567998485457915
2009-12-25,3141.353,-0.0038308081638014357,0.01681354378637984
2009-12-28,3188.785,0.014986367668727851,0.015968644961648622
2009-12-29,3211.761,0.007179418346366262,0.015847012712651175
2009-12-30,3262.6,0.01570503867224282,0.015186175906531686
2009-12-31,3277.139,0.0044463621417172305,0.015227032633631742
2010-01-04,3243.76,-0.010237634882836133,0.014510682015684376
2010-01-05,3282.179,0.011774380316390776,0.014166786027705373
2010-01-06,3254.215,-0.008556451955062272,0.013958212000877514
2010-01-07,3192.776,-0.019060321329193997,0.013551893794868463
2010-01-08,3195.997,0.0010083314191646764,0.014251232263669743
2010-01-11,3212.75,0.005228178974867603,0.013544758882219142
2010-01-12,3273.966,0.01887482583957123,0.012988541433037078
2010-01-13,3172.658,-0.03143237168392332,0.013720562742567714
2010-01-14,3215.55,0.013428693792356228,0.016429722173537012
2010-01-15,3224.152,0.002671553781892655,0.016121030041598376
2010-01-18,3237.098,0.004007279496757832,0.015297210933695574
2010-01-19,3246.874,0.0030154378851889874,0.014563144107657848
2010-01-20,3151.85,-0.02970310528619713,0.013860921864655205
2010-01-21,3158.863,0.002222570694282666,0.016208818832509478
2010-01-22,3128.588,-0.009630368168275893,0.015371862963019638
2010-01-25,3094.411,-0.010984203477560683,0.014903749679037029
2010-01-26,3019.394,-0.024541432079447034,0.014576555124751629
2010-01-27,2986.607,-0.010918188559157826,0.01589029991135716
2010-01-28,2994.143,0.0025200866073067374,0.015461693391341052
2010-01-29,2989.292,-0.0016214769819846708,0.014683498688174122
2010-02-01,2941.36,-0.016164510640792606,0.013953367913622105
2010-02-02,2934.713,-0.002262396275603429,0.014231645256875373
2010-02-03,3003.835,0.02328014247951593,0.013544904592481758
2010-02-04,2995.308,-0.0028427412856633083,0.014822315748356279
2010-02-05,2939.402,-0.01884090504219582,0.014102400926205414
2010-02-08,2935.174,-0.0014394232809360474,0.01468527663450464
2010-02-09,2948.842,0.004645814893673439,0.013952848659828364
2010-02-10,2982.5,0.011349324076012302,0.013342308150758592
2010-02-11,2985.499,0.0010050270626500435,0.013187146694496336
2010-02-12,3018.133,0.010871526241881924,0.012560522877755402
2010-02-22,3003.398,-0.00489411394261019,0.012451148786965465
2010-02-23,2982.575,-0.006957292989074659,0.011983672121220637
2010-02-24,3022.177,0.013190411255706636,0.011664261907564935
2010-02-25,3060.618,0.01263942373878102,0.011893039173307382
2010-02-26,3051.943,-0.002838419387312996,0.012032377877220522
2010-03-01,3087.842,0.01169402808045028,0.011530088677143458
2010-03-02,3073.108,-0.004783037709989557,0.01161984822592238
2010-03-03,3097.005,0.007746088114958027,0.011220027564465324
2010-03-04,3023.373,-0.024062419906101695,0.011010942838363779
2010-03-05,3031.065,0.0025409473640856106,0.013033577045198403
2010-03-08,3053.232,0.007286658780918387,0.012438974098520269
2010-03-09,3069.141,0.005197016191969439,0.012080583471570946
2010-03-10,3048.927,-0.0066079924429054415,0.011647013323741302
2010-03-11,3051.282,0.000772104731819212,0.011338928491030305
2010-03-12,3013.412,-0.012488838585255735,0.010855476348114958
2010-03-15,2976.939,-0.012177400192801002,0.0111480934474002
2010-03-16,2992.841,0.005327512106434895,0.011365285259173382
2010-03-17,3050.479,0.019075523965177865,0.011001299040803587
2010-03-18,3046.089,-0.0014401547751958788,0.012126726247527203
2010-03-19,3067.75,0.007085921180999932,0.011589405338534708
2010-03-22,3074.576,0.0022226116979258137,0.011300135846006015
2010-03-23,3053.125,-0.00700134932343488,0.010838142614862876
2010-03-24,3056.808,0.0012055780140549643,0.010635400342749332
2010-03-25,3019.176,-0.012387287788108381,0.010213297620329029
2010-03-26,3059.715,0.013337827896886978,0.01058859792212404
2010-03-29,3123.798,0.020727794823580226,0.010989422906764967
2010-03-30,3128.468,0.0014938586645136809,0.012383918312520672
2010-03-31,3109.105,-0.006208524436276619,0.01182377021887768
2010-04-01,3147.416,0.012246895309077743,0.011476051735399818
2010-04-02,3157.957,0.003343500795216059,0.01162910843002165
2010-04-06,3158.681,0.00022923586983125688,0.011166831316363162
2010-04-07,3148.222,-0.003316686363424637,0.010695451001103782
2010-04-08,3118.709,-0.009418714895668145,0.010320392915130363
2010-04-09,3145.347,0.00850508379065218,0.010368386050599894
2010-04-12,3129.263,-0.005126704361895662,0.01030899269111597
2010-04-13,3161.251,0.01017032176510213,0.010047009412236645
2010-04-14,3166.183,0.0015589260982675768,0.010176854894711668
2010-04-15,3164.966,-0.0003844483884325456,0.009798051536596828
2010-04-16,3130.302,-0.011012827521760471,0.009442739755290353
2010-04-19,2980.297,-0.04910652553995298,0.0097743527772793
2010-04-20,2979.533,-0.00025638315327292105,0.018197497469280493
2010-04-21,3033.278,0.01787730610266891,0.01720707220436127
2010-04-22,2999.484,-0.011203609055657537,0.017225243833584227
2010-04-23,2983.537,-0.005330764429498203,0.01669147317252021
2010-04-26,2969.503,-0.0047149107005575175,0.015900046762340338
2010-04-27,2907.928,-0.020953798664332446,0.015148542034367978
2010-04-28,2900.331,-0.002615931669799565,0.01584451979523821
2010-04-29,2868.432,-0.011059329400988638,0.01504440330713675
2010-04-30,2870.611,0.0007593600900728248,0.014708852734645641
2010-05-04,2835.277,-0.012385259461593634,0.013967295260164495
2010-05-05,2857.151,0.007685334856900816,0.013856203663528733
2010-05-06,2739.702,-0.04197581913342763,0.013391094974612579
2010-05-07,2688.383,-0.018909257731278828,0.018432191741011905
2010-05-10,2698.757,0.0038513990070292436,0.0184358623473902
2010-05-11,2647.574,-0.01914754763706128,0.01746819774258583
2010-05-12,2655.714,0.0030697960934329416,0.01761644703248898
2010-05-13,2710.507,0.020422157170955302,0.016691926540422945
2010-05-14,2696.629,-0.005133227821084496,0.017059376983618382
2010-05-17,2559.931,-0.05202216943995275,0.016233505193862432
2010-05-18,2594.783,0.013522585767405282,0.022550831810265168
2010-05-19,2587.807,-0.0026920918741906164,0.021682021118710947
2010-05-20,2555.94,-0.01239073683508174,0.020473163521931702
2010-05-21,2583.522,0.010733522227122982,0.0197277835028286
2010-05-24,2673.423,0.034206089506469084,0.018931060723779362
2010-05-25,2622.63,-0.01918204271522228,0.020884377053421953
2010-05-26,2625.793,0.0012053145803720966,0.0206341784310822
2010-05-27,2655.918,0.011407411983511473,0.0194794805351878
2010-05-28,2655.767,-5.685578118441725e-05,0.018742801418537226
2010-05-31,2592.147,-0.0242470120175593,0.017714354907269296
2010-06-01,2568.283,-0.009248907596793643,0.018445089661613276
2010-06-02,2571.423,0.0012218599237598937,0.017687499565240777
2010-06-03,2552.656,-0.007325056430294907,0.01673566955821456
2010-06-04,2553.593,0.00036700129998212816,0.016021459267567442
2010-06-07,2511.729,-0.01653002642087742,0.015183797653869676
2010-06-08,2513.947,0.0008826673840509613,0.0153392740113017
2010-06-09,2583.87,0.0274342470525637,0.01455239558242896
2010-06-10,2562.58,-0.00827371156785972,0.016296365249927204
2010-06-11,2569.942,0.002868767069677425,0.015665941599593166
2010-06-17,2560.245,-0.0037803735218604473,0.01487880485370526
2010-06-18,2513.222,-0.018537361748837355,0.014177427791594014
2010-06-21,2586.21,0.02862788826073448,0.01470992982976155
2010-06-22,2588.698,0.0009615630622610283,0.01662194427801851
2010-06-23,2569.872,-0.00729895439205297,0.01574360049936888
2010-06-24,2566.745,-0.001217533012986216,0.015109375287293244
2010-06-25,2552.817,-0.005441103892180443,0.014343530038181583
2010-06-28,2535.278,-0.006894159589464266,0.01374077747857474
2010-06-29,2427.053,-0.04362553155900528,0.013256788311209723
2010-06-30,2398.37,-0.011888424216614624,0.01872860484117338
2010-07-01,2373.792,-0.010300663438337132,0.01810441457947174
2010-07-02,2382.901,0.0038299764709552875,0.017434841236373216
2010-07-05,2363.947,-0.007985973316912975,0.01653854795791752
2010-07-06,2409.424,0.019055035122363506,0.01587275103797306
2010-07-07,2421.117,0.004841289138607152,0.01619214948825059
2010-07-08,2415.15,-0.002467606948829193,0.01541430718295012
2010-07-09,2470.923,0.022830368070936302,0.014643108770481333
2010-07-12,2490.718,0.007979257276558904,0.015648649418237855
2010-07-13,2450.286,-0.01636626988686629,0.015043729289959819
2010-07-14,2470.44,0.008191519989530605,0.015199491345063307
2010-07-15,2424.304,-0.018851799542253467,0.01464440247755928
2010-07-16,2424.271,-1.361224689677698e-05,0.015146280595176675
2010-07-19,2475.421,0.020879621927288206,0.014371501353380002
2010-07-20,2528.73,0.021306717857352275,0.015148239443405159
2010-07-21,2535.394,0.002631848606624132,0.015856780030966112
2010-07-22,2562.406,0.010597611835668097,0.015051528517133077
2010-07-23,2572.028,0.0037480319209270974,0.014662132087879452
2010-07-26,2588.683,0.006454559390139281,0.013969519036337225
2010-07-27,2575.368,-0.005156815649906221,0.013430849605071484
2010-07-28,2633.663,0.022383216316662846,0.012891589151271962
2010-07-29,2648.116,0.005472790919118786,0.014157323622619414
2010-07-30,2637.503,-0.00401580751950803,0.013560628160125677
2010-08-02,2672.516,0.013187714560493724,0.01296917420159279
2010-08-03,2627.002,-0.017177078774971655,0.013027834985939468
2010-08-04,2638.522,0.0043756398718795,0.013563430601009981
2010-08-05,2620.757,-0.006755704561591358,0.012975012512800827
2010-08-06,2658.392,0.014258221386693748,0.012551764831155762
2010-08-09,2672.533,0.005305283104801717,0.01277734288839608
2010-08-10,2595.274,-0.02933461311714236,0.012288426270457835
2010-08-11,2607.497,0.004698658652343646,0.014978497748509362
2010-08-12,2575.475,-0.012356774241450097,0.014289079993187626
2010-08-13,2606.7,0.01205107040777964,0.01413946748360207
2010-08-16,2661.708,0.020882968464252194,0.013957193418477239
2010-08-17,2671.893,0.003819187967016191,0.014803873042767387
2010-08-18,2666.301,-0.002095091353167433,0.014102298407148103
2010-08-19,2687.979,0.008097491521152023,0.013422447059172962
2010-08-20,2642.307,-0.017137210932332003,0.013021091457318104
2010-08-23,2639.366,-0.0011136623959728809,0.013552646652547002
2010-08-24,2650.307,0.004136745542670184,0.012901365170247623
2010-08-25,2596.58,-0.020480287810434206,0.012358597073604205
2010-08-26,2603.481,0.002654201191615968,0.013473692054929405
2010-08-27,2610.742,0.002785076393326591,0.012847189610910003
2010-08-30,2652.664,0.015929945939154422,0.012272195678268146
2010-08-31,2638.798,-0.005240907612389378,0.012734071982890801
2010-09-01,2622.882,-0.006049797229717768,0.012257213530321628
2010-09-02,2655.776,0.012463177491889077,0.011861125372527022
2010-09-03,2655.394,-0.00014384777766807133,0.011986373283211426
2010-09-06,2696.25,0.01526887579070113,0.011449767552984215
2010-09-07,2698.363,0.0007833741208340683,0.011955868655597595
2010-09-08,2695.291,-0.0011391165737295594,0.011423210969090221
2010-09-09,2656.352,-0.014552423315004503,0.010938430197377573
2010-09-10,2663.209,0.0025780337128500364,0.011467543927821152
2010-09-13,2688.32,0.009384676528166658,0.010999130380262501
2010-09-14,2688.522,7.513704144379574e-05,0.010940121700742949
2010-09-15,2652.503,-0.013487877721945374,0.010487208216812418
2010-09-16,2602.465,-0.019044649704398786,0.010953738263201748
2010-09-17,2598.689,-0.0014519857183232787,0.012124700729019664
2010-09-20,2588.713,-0.0038462460778694307,0.01158770111418047
2010-09-21,2591.55,0.0010953112935112586,0.011153467653281698
2010-09-27,2627.967,0.013954391159134438,0.010687491071365554
2010-09-28,2611.354,-0.006341682701618723,0.011148351932614858
2010-09-29,2610.678,-0.0002589030491488842,0.010872737801323147
2010-09-30,2655.658,0.017082500547884294,0.010426066944613413
2010-10-08,2738.744,0.03080696288165896,0.011360287385965498
2010-10-11,2806.942,0.024596213392455546,0.01457178857614224
2010-10-12,2841.407,0.012203717489970067,0.01585483160142213
2010-10-13,2861.361,0.006998033738352838,0.015506339312025256
2010-10-14,2879.636,0.006366511505764727,0.01486499157933152
2010-10-15,2971.16,0.031288551680422216,0.01424777788830542
2010-10-18,2955.227,-0.005376982093071803,0.01674469746901138
2010-10-19,3001.853,0.015654297798667116,0.015950806753057052
2010-10-20,3003.951,0.0006986575270637729,0.015895157344979444
2010-10-21,2983.533,-0.0068202534308792195,0.015067417408724044
2010-10-22,2975.043,-0.002849676078768404,0.014466205651134913
2010-10-25,3051.419,0.025348235652990603,0.013773289008310761
2010-10-26,3041.543,-0.0032417758879823566,0.015336055973009743
2010-10-27,2997.048,-0.014737148217371043,0.014586472724683434
2010-10-28,2992.579,-0.0014922467890894353,0.014628480725732668
2010-10-29,2978.835,-0.004603272950006954,0.013900853437399047
2010-11-01,3054.021,0.024926798517505233,0.013301990806179255
2010-11-02,3045.434,-0.0028156632594598108,0.014894881255331819
2010-11-03,3030.988,-0.0047547807628181005,0.014168957604452224
2010-11-04,3086.939,0.018291346061300118,0.013554011408256593
2010-11-05,3129.497,0.013692303722853794,0.01411766024480883
2010-11-08,3159.512,0.009545296530902192,0.014086999172433648
2010-11-09,3135.0,-0.007788411208590418,0.013716899608754635
2010-11-10,3115.356,-0.006285742661296112,0.013285391732149503
2010-11-11,3147.744,0.010342574350845624,0.012809931073633719
2010-11-12,2985.435,-0.052940540904039324,0.012628973692302802
2010-11-15,3014.413,0.009659653152908731,0.02065555113807144
2010-11-16,2894.538,-0.04057960522569193,0.019727983280556846
2010-11-17,2838.857,-0.01942400642391906,0.02264664195214067
2010-11-18,2865.452,0.009324597492348374,0.022230999533454553
2010-11-19,2888.566,0.008034081341806498,0.021166568705363643
2010-11-22,2884.371,-0.0014533332819608447,0.02012874614882641
2010-11-23,2828.282,-0.019637391748412725,0.019011954502707432
2010-11-24,2859.936,0.011129786781527429,0.0190213109256392
2010-11-25,2898.261,0.013311654995942668,0.01830712969570745
2010-11-26,2871.698,-0.009207409501294173,0.01780356978694083
2010-11-29,2866.356,-0.0018619558279997506,0.017096965847840775
2010-11-30,2820.181,-0.016240469338194785,0.01619516822282081
2010-12-01,2823.449,0.001158119992013873,0.016194579877196257
2010-12-02,2843.607,0.007114129458999585,0.015347829286083758
2010-12-03,2842.431,-0.0004136447968754453,0.014724978431633423
2010-12-06,2857.178,0.005174752481440059,0.013981875920296972
2010-12-07,2875.861,0.006517683252487139,0.0133879234787903
2010-12-08,2848.546,-0.009543419017326471,0.012902182583719614
2010-12-09,2810.949,-0.013286539907990225,0.01266902730238502
2010-12-10,2841.04,0.010648033572185689,0.012802347618054537
2010-12-13,2922.954,0.028424566426644482,0.012647265220987606
2010-12-14,2927.077,0.001409565413467817,0.015015891931914506
2010-12-15,2911.414,-0.005365440342531613,0.014256261204501242
2010-12-16,2898.138,-0.004570412007611324,0.013657557358996228
2010-12-17,2893.74,-0.0015186786894645365,0.013077143786868075
2010-12-20,2852.916,-0.014208154016879249,0.012466727232320863
2010-12-21,2904.115,0.017787067623418196,0.012727260126860134
2010-12-22,2877.9,-0.00906783521955834,0.013355947324838564
2010-12-23,2855.22,-0.007911963577355685,0.013041933531774666
2010-12-24,2835.157,-0.007051583097461567,0.012680885671786424
2010-12-27,2781.402,-0.01914219771059944,0.012301318287827465
2010-12-28,2732.99,-0.01755886916802396,0.013227278350477514
2010-12-29,2751.527,0.00675978234246255,0.013780811370122761
2010-12-30,2759.575,0.002920652065930618,0.01327308735028531
2010-12-31,2808.077,0.017423225075192228,0.012667685379135303
2011-01-04,2852.648,0.015747778280137403,0.01325814115263092
2011-01-05,2838.593,-0.004939178844545644,0.01355489541660632
2011-01-06,2824.197,-0.005084430470876811,0.012996671929497374
2011-01-07,2838.801,0.0051577035254135595,0.012490785793835233
2011-01-10,2791.809,-0.016692007112195206,0.012020106435370732
2011-01-11,2804.047,0.004373957982815924,0.012653009310037168
2011-01-12,2821.305,0.0061358130635573715,0.012138602454276564
2011-01-13,2827.713,0.002268713871519168,0.011744320867747356
2011-01-14,2791.344,-0.01294505746250163,0.011246889905366627
2011-01-17,2706.66,-0.030807797825087135,0.011535387872566298
2011-01-18,2708.979,0.0008564086866709175,0.01474673515182212
2011-01-19,2758.097,0.01796913803106115,0.01400287295755971
2011-01-20,2677.652,-0.029600658063125174,0.014457982610739268
2011-01-21,2715.294,0.013959943713207856,0.016643159078562494
2011-01-24,2695.72,-0.0072349047263466915,0.01635667338544946
2011-01-25,2677.432,-0.006807203897859715,0.0156689728694207
2011-01-26,2708.814,0.011652774531738075,0.015017452411079116
2011-01-27,2749.15,0.01478087226734548,0.014710434318605631
2011-01-28,2752.75,0.0013086390206149545,0.014715731935413794
2011-01-31,2790.694,0.013689898409387169,0.01397722527723519
2011-02-01,2798.96,0.0029576091921024172,0.013962985950111246
2011-02-09,2774.065,-0.008934166127595233,0.013305124548882642
2011-02-10,2818.163,0.015771500759669266,0.012986745005769774
2011-02-11,2827.328,0.0032468417898234847,0.013324463014970664
2011-02-14,2899.134,0.02507997567178588,0.012722636175733631
2011-02-15,2899.237,3.552721963195893e-05,0.014468977599383986
2011-02-16,2923.896,0.008469374613159886,0.013743631133753608
2011-02-17,2926.964,0.0010487348120422624,0.01333542495232974
2011-02-18,2899.792,-0.009326698069371808,0.012697849217906397
2011-02-21,2932.246,0.011129671996182644,0.012469420816381077
2011-02-22,2855.516,-0.026516119949445915,0.012392970689511357
2011-02-23,2862.634,0.0024896176828388406,0.014519352682032693
2011-02-24,2878.603,0.005562927007394691,0.013810451582235693
2011-02-25,2878.565,-1.3200934904311623e-05,0.013245779664563381
2011-02-28,2905.053,0.009159728459379401,0.012611739828214917
2011-03-01,2918.92,0.0047620503066534425,0.012360463152665745
2011-03-02,2913.808,-0.0017528680606764269,0.011884893383220364
2011-03-03,2902.978,-0.003723710143050063,0.011371555815469397
2011-03-04,2942.306,0.013456521000873245,0.010951569513362609
2011-03-07,2996.211,0.018154862763963386,0.011312056660780563
2011-03-08,2999.942,0.0012444647364784345,0.012237469195384404
2011-03-09,3002.154,0.0007370758815401501,0.011686172281275012
2011-03-10,2957.143,-0.01510643150423796,0.011174653225425237
2011-03-11,2933.796,-0.007926451874047835,0.011737070423107147
2011-03-14,2937.627,0.0013049649271259511,0.01150543133736326
2011-03-15,2896.256,-0.014183244171595888,0.011012967631027498
2011-03-16,2930.804,0.011857919711137477,0.011483640524941862
2011-03-17,2897.298,-0.011498209588046926,0.011595772975775276
2011-03-18,2906.886,0.0033038265917486598,0.011683502275613147
2011-03-21,2909.137,0.0007740685043353679,0.011215554919326201
2011-03-22,2919.142,0.0034332638597636134,0.010742109043180952
2011-03-23,2948.477,0.009999028365824003,0.01035830848851718
2011-03-24,2946.706,-0.000600829542789505,0.010431549543149392
2011-03-25,2977.814,0.010501537977069653,0.010023463741828794
2011-03-28,2984.005,0.0020768836576152694,0.010189632732648841
2011-03-29,2958.077,-0.00872696289142727,0.00981864179692908
2011-03-30,2955.771,-0.000779864520316309,0.009866005783140544
2011-03-31,2928.111,-0.009402025315013773,0.00950776112097353
2011-04-01,2967.41,0.013332013265801912,0.009658786209981948
2011-04-06,3001.36,0.01137600079455936,0.010207102849255101
2011-04-07,3007.909,0.0021796336934656324,0.010439749855123694
2011-04-08,3030.021,0.007324397219932166,0.010049248368249013
2011-04-11,3022.746,-0.002403860417306447,0.009934930297880918
2011-04-12,3021.369,-0.0004556498424754807,0.009599876133999593
2011-04-13,3050.398,0.009562033978737006,0.009262303697652552
2011-04-14,3042.635,-0.0025481576090271574,0.009436628790634262
2011-04-15,3050.526,0.002590118466109459,0.009150862295763366
2011-04-18,3057.329,0.0022276242030034865,0.0088855195251875
2011-04-19,2999.041,-0.0192490880722076,0.008635721227062527
2011-04-20,3007.037,0.0026626376560745513,0.0103844528515928
2011-04-21,3026.668,0.006507135920392315,0.010009766708386946
2011-04-22,3010.517,-0.00535051966470057,0.009843611524557512
2011-04-25,2964.951,-0.015251318634078359,0.009639993939067698
2011-04-26,2938.981,-0.008797583542907716,0.010492484165674104
2011-04-27,2925.408,-0.0046289644960682,0.010464596533282728
2011-04-28,2887.044,-0.013200816836889118,0.010163094249585917
2011-04-29,2911.511,0.008439049110157804,0.010645230503758514
2011-05-03,2932.188,0.007076711614228515,0.010549149529907601
2011-05-04,2866.017,-0.022825641022981458,0.010364075891530634
2011-05-05,2872.404,0.0022260488163752257,0.012323778224696507
2011-05-06,2863.886,-0.0029698659798595983,0.01177910565331434
2011-05-09,2872.46,0.0029893616546052826,0.011301132809755284
2011-05-10,2890.634,0.006307049735807979,0.010856561570158041
2011-05-11,2883.42,-0.0024987655999000324,0.01059219725706957
2011-05-12,2844.083,-0.013736393864737906,0.010201931154644324
2011-05-13,2871.031,0.00943050294943859,0.010745859780906818
2011-05-16,2849.067,-0.007679626449352384,0.010720299169309385
2011-05-17,2852.773,0.0012999314333166367,0.010577779803218149
2011-05-18,2872.771,0.006985565501552493,0.010161545499068135
2011-05-19,2859.574,-0.004604406509136183,0.010011194368973365
2011-05-20,2858.459,-0.00038999425646224495,0.009751689832125675
2011-05-23,2774.569,-0.029787248611628847,0.00940044205008416
2011-05-24,2767.056,-0.0027114806949377623,0.013111922115227133
2011-05-25,2741.741,-0.009190819047676158,0.012520234581698002
2011-05-26,2736.527,-0.001903521906692518,0.012299988293120128
2011-05-27,2709.947,-0.009760520666310057,0.011756088250035336
2011-05-30,2706.361,-0.0013241494109887952,0.0116644561872966
2011-05-31,2743.472,0.013619343429692066,0.011162483731122627
2011-06-01,2743.572,3.6449498130863844e-05,0.01151102655371336
2011-06-02,2705.181,-0.014091897837920975,0.011011879218844556
2011-06-03,2728.02,0.008407248148934343,0.011471366772708418
2011-06-07,2744.3,0.005949962001033704,0.01128319888772744
2011-06-08,2750.288,0.0021796001340144144,0.01095802830585519
2011-06-09,2703.345,-0.017215738358109967,0.010523620527968383
2011-06-10,2705.143,0.0006648808562523811,0.011497827837986235
2011-06-13,2700.379,-0.0017626424361765203,0.011001001488802873
2011-06-14,2730.04,0.01092412757452621,0.010560054279601131
2011-06-15,2705.431,-0.00905502693252025,0.010697786052184589
2011-06-16,2664.283,-0.015326255904424713,0.010667821118523843
2011-06-17,2642.818,-0.008089206158762074,0.01134422692894449
2011-06-20,2621.253,-0.008193324383004352,0.011165149677939436
2011-06-21,2646.483,0.009579140991493595,0.01101297354344544
2011-06-22,2649.321,0.0010717920344767151,0.010968963236190106
2011-06-23,2688.249,0.01458667154777693,0.010517893924461603
2011-06-24,2746.211,0.02133209113319623,0.011086440077656926
2011-06-27,2758.23,0.004367026225227555,0.012560739054743352
2011-06-28,2759.202,0.00035233783037291744,0.012053733355808685
2011-06-29,2728.483,-0.011195730392868697,0.011511719741520142
2011-06-30,2762.076,0.012236793805930901,0.011580188183576206
2011-07-01,2759.362,-0.0009830773137640136,0.011718556597192288
2011-07-04,2812.818,0.019187334218339736,0.011208333612202411
2011-07-05,2816.355,0.0012566678854861735,0.01230970323920347
2011-07-06,2810.479,-0.00208856423913506,0.011752860237201247
2011-07-07,2794.267,-0.005785113264584751,0.011256264063928052
2011-07-08,2797.774,0.0012542828136536954,0.010938677907257133
2011-07-11,2802.692,0.00175628287508367,0.010491899315607772
2011-07-12,2754.582,-0.0173146769204795,0.01008921790888866
2011-07-13,2795.476,0.01473668926577787,0.011165325099876092
2011-07-14,2810.444,0.0053400817598285855,0.01164898957814426
2011-07-15,2820.169,0.0034543342510788833,0.011259991346054543
2011-07-18,2816.688,-0.001235085595573615,0.010832159692973563
2011-07-19,2796.983,-0.007020390376085928,0.01039706422275953
2011-07-20,2794.205,-0.0009937066071099565,0.010241899505884116
2011-07-21,2765.894,-0.010183719632697041,0.00985354823332789
2011-07-22,2770.79,0.0017685680729320197,0.010036678186587641
2011-07-25,2688.746,-0.03005756417527916,0.009673297780126572
2011-07-26,2703.026,0.005296972271417566,0.013346424739134369
2011-07-27,2723.492,0.0075429942505813585,0.012809348286721815
2011-07-28,2708.777,-0.005417638924514634,0.0124315390509834
2011-07-29,2701.729,-0.0026053030849926273,0.011988845380600943
2011-08-01,2703.783,0.0007599650500669242,0.01148432779242282
2011-08-02,2679.259,-0.009111639726762988,0.010989089573676582
2011-08-03,2678.485,-0.0002889275804829339,0.010930054432868893
2011-08-04,2684.039,0.0020714133814241364,0.010478788003400108
2011-08-05,2626.423,-0.021699905154145327,0.0100827981233342
2011-08-08,2526.816,-0.038662832259101165,0.011906840837632222
2011-08-09,2526.07,-0.0002952768003945394,0.016730263428685596
2011-08-10,2549.176,0.009105434353696928,0.015842630294755935
2011-08-11,2581.508,0.012603554610890022,0.01528346542459338
2011-08-12,2593.173,0.004508498111902348,0.01502570046809393
2011-08-15,2626.77,0.012872732111267382,0.014326687554824864
2011-08-16,2608.166,-0.007107662183839736,0.014195765450847398
2011-08-17,2601.261,-0.0026509648926094087,0.013683289400973844
2011-08-18,2559.472,-0.016195340233935873,0.013045879752970252
2011-08-19,2534.358,-0.009860636688058477,0.013456558377990395
2011-08-22,2515.863,-0.007324464685633636,0.013190418272811621
2011-08-23,2554.019,0.015052311048238565,0.012779757411072824
2011-08-24,2541.091,-0.0050746805246166815,0.013063299243066396
2011-08-25,2615.261,0.02877038496278672,0.012551395215598175
2011-08-26,2612.188,-0.001175717009955335,0.015010664661382532
2011-08-29,2576.413,-0.013790062843566098,0.014251644619845289
2011-08-30,2566.595,-0.0038180037544321976,0.014239699222475146
2011-08-31,2567.34,0.000290225725581017,0.01358868633908619
2011-09-01,2556.042,-0.004410375144190404,0.01292880665539722
2011-09-02,2528.28,-0.010920738660265883,0.012402175646135398
2011-09-05,2478.739,-0.019789266523505766,0.012337925914309232
2011-09-06,2470.524,-0.0033196892322502336,0.013352547607330803
2011-09-07,2516.09,0.018275835374461202,0.0127570652557285
2011-09-08,2498.943,-0.006838266794573222,0.013446178557639703
2011-09-09,2497.753,-0.0004763147577913074,0.012985225973069819
2011-09-13,2471.305,-0.010645176512865007,0.012372397131879967
2011-09-14,2484.827,0.005456688220551342,0.012287138970449482
2011-09-15,2479.055,-0.0023256002465199543,0.011847030565330638
2011-09-16,2482.343,0.0013254330659853153,0.011347685809066616
2011-09-19,2437.795,-0.018108930030515502,0.010868207248710307
2011-09-20,2447.755,0.004077335734346654,0.011910714722561395
2011-09-21,2512.963,0.026291257072716512,0.011448020213332737
2011-09-22,2443.057,-0.0282124110426345,0.013727020912919536
2011-09-23,2433.159,-0.004059710888230761,0.0158367615535353
2011-09-26,2393.183,-0.01656613403536955,0.015070467385405475
2011-09-27,2415.054,0.009097368054288957,0.015244555957529177
2011-09-28,2392.062,-0.00956589161808008,0.014737994468080159
2011-09-29,2365.343,-0.011232712344628304,0.01432483509157754
2011-09-30,2359.22,-0.002591987207309465,0.014076368431495616
2011-10-10,2344.787,-0.006136489716674909,0.013407641974300118
2011-10-11,2348.516,0.0015890731046734885,0.01291420559621193
2011-10-12,2420.0,0.029983900847617484,0.01231397070639351
2011-10-13,2438.79,0.007734474497287813,0.015073928287148606
2011-10-14,2431.375,-0.0030450737211635825,0.014505081771496843
2011-10-17,2440.402,0.003705838888286017,0.01381357557178145
2011-10-18,2383.485,-0.023599077456269768,0.013185349431181013
2011-10-19,2377.512,-0.0025091396334522287,0.014627127525115578
2011-10-20,2331.366,-0.019600200858080896,0.01391517613540278
2011-10-21,2317.275,-0.00606243551925445,0.014628045374321465
2011-10-24,2370.333,0.022638525240116003,0.014028311636278865
2011-10-25,2409.672,0.016460187049048614,0.015116251267918856
2011-10-26,2427.48,0.007363043565351113,0.015244910172337228
2011-10-27,2435.614,0.0033451985855892374,0.014642682435257305
2011-10-28,2473.41,0.015398884529302492,0.013941685209326262
2011-10-31,2468.25,-0.002088367825932913,0.01410740071347634
2011-11-01,2470.019,0.0007164454085701877,0.013427053309147577
2011-11-02,2504.108,0.013706740380160731,0.012780581596858308
2011-11-03,2508.09,0.0015889239961284218,0.012916402673736416
2011-11-04,2528.294,0.008023259696657625,0.012315996617375268
2011-11-07,2509.799,-0.007342096735070136,0.01201541321042686
2011-11-08,2503.836,-0.002378714370589563,0.011716892281059524
2011-11-09,2524.919,0.008385027119573785,0.011229325639623049
2011-11-10,2479.536,-0.01813753710694055,0.011065201117175152
2011-11-11,2481.084,0.0006241155542037191,0.012073599928335153
2011-11-14,2528.714,0.019015311663616252,0.011530871489423552
2011-11-15,2529.761,0.00041395875830207984,0.012543134644326614
2011-11-16,2466.959,-0.025138613840678836,0.01196311127002355
2011-11-17,2463.046,-0.001587422658476001,0.013944430267620118
2011-11-18,2416.562,-0.01905292645915413,0.013268972117729958
2011-11-21,2415.13,-0.0005927530322411556,0.014013979556587775
2011-11-22,2412.625,-0.0010377495232498646,0.013324194154813881
2011-11-23,2395.065,-0.007304995990896401,0.012689509495704224
2011-11-24,2397.554,0.0010386806144078164,0.012324177230263684
2011-11-25,2380.224,-0.007254450082092134,0.011764314666637802
2011-11-28,2383.034,0.0011798648429204306,0.011484808681773068
2011-11-29,2412.393,0.012244735171229593,0.010992742419532325
2011-11-30,2333.414,-0.033286769697607355,0.011210471559716611
2011-12-01,2386.86,0.022646263392064547,0.015063717689058863
2011-12-02,2360.664,-0.011035759213696927,0.01597007574422034
2011-12-05,2333.229,-0.011689790294788338,0.015542258769472113
2011-12-06,2325.905,-0.0031439344877099984,0.015205306072027561
2011-12-07,2332.73,0.0029300449092106717,0.01446326677485049
2011-12-08,2329.82,-0.0012482441487353668,0.013766822620891154
2011-12-09,2315.27,-0.00626469996762502,0.013100745442583469
2011-12-12,2291.545,-0.010300048840854004,0.012640408536233553
2011-12-13,2248.59,-0.018922909454027526,0.012495648898407232
2011-12-14,2228.525,-0.008963421462206966,0.01335518795784666
2011-12-15,2180.895,-0.021604588642895273,0.013033925170522145
2011-12-16,2224.84,0.019949659913255147,0.014191250483185737
2011-12-19,2218.235,-0.0029731682969718065,0.014871638873253266
2011-12-20,2215.93,-0.0010396546847575294,0.014150823039888485
2011-12-21,2191.148,-0.01124657254210959,0.013454008673257682
2011-12-22,2186.297,-0.0022163622778963443,0.013299923729532277
2011-12-23,2204.784,0.008420299798369335,0.012683417417296854
2011-12-26,2190.11,-0.006677774039308915,0.012373189333701604
2011-12-27,2166.205,-0.010974982271220846,0.012000648734780486
2011-12-28,2170.013,0.0017563697115416943,0.011988411237559825
2011-12-29,2173.561,0.0016336780674652829,0.011462868904754809
2011-12-30,2199.417,0.011825488860266908,0.010977853214816454
2012-01-04,2169.39,-0.013746303201676469,0.011152960609211717
2012-01-05,2148.452,-0.009698439228801092,0.011548724365181697
2012-01-06,2163.395,0.006931164219442287,0.011475384848797914
2012-01-09,2225.89,0.028478088604999563,0.011187755758504735
2012-01-10,2285.744,0.02653473746043833,0.013970226248574212
2012-01-11,2276.046,-0.00425184614381191,0.015688462980395047
2012-01-12,2275.01,-0.000455278958507499,0.01493885967389407
2012-01-13,2244.58,-0.013466026710872825,0.014180294298360704
2012-01-16,2206.193,-0.01725001561510453,0.014145396897693015
2012-01-17,2298.376,0.04093438091011148,0.01452388671073209
2012-01-18,2266.384,-0.014017176726610181,0.018888903328589172
2012-01-19,2296.075,0.013015533573867089,0.018402338036196318
2012-01-20,2319.118,0.009985797551532727,0.01786815067242782
2012-01-30,2285.038,-0.014804286575748726,0.017185176713819892
2012-01-31,2292.61,0.003308252144332613,0.016936642187766606
2012-02-01,2268.08,-0.010757247937134728,0.016065356533388732
2012-02-02,2312.556,0.01941974771543009,0.015608770412314945
2012-02-03,2330.405,0.007688665887745749,0.016008317355834727
2012-02-06,2331.136,0.0003136301948183373,0.01535857100781414
2012-02-07,2291.902,-0.016973661888750158,0.014568465094218672
2012-02-08,2347.53,0.023981671050073317,0.01485531958774875
2012-02-09,2349.589,0.0008767076720346267,0.015992141076376136
2012-02-10,2351.981,0.0010175325290848747,0.015158230396592658
2012-02-13,2351.855,-5.357329636090924e-05,0.014385254110972965
2012-02-14,2344.771,-0.003016635930595868,0.013666161901359995
2012-02-15,2366.702,0.009309682299678101,0.013038384928293198
2012-02-16,2356.86,-0.004167200194534537,0.012754779640296051
2012-02-17,2357.181,0.0001361888878337325,0.012233797210950765
2012-02-20,2363.597,0.0027181976998011947,0.01167746728278602
2012-02-21,2381.43,0.007516536348952663,0.011194959167562923
2012-02-22,2403.587,0.009261057321940491,0.01097278333739941
2012-02-23,2409.554,0.0024794632265967564,0.010906399078112024
2012-02-24,2439.628,0.012403900529889711,0.010482611623563674
2012-02-27,2447.057,0.0030405093527559046,0.010789914511595831
2012-02-28,2451.857,0.0019596186158983286,0.010390201921707538
2012-02-29,2428.487,-0.009577266943599838,0.009999689536552338
2012-03-01,2426.115,-0.0009772171596207357,0.010103168112448562
2012-03-02,2460.693,0.014151805058195244,0.009726506832749319
2012-03-05,2445.002,-0.006397076666877943,0.010371695038452962
2012-03-06,2410.445,-0.014234563162157876,0.010177444275850798
2012-03-07,2394.794,-0.006514163122759875,0.010790768570072771
2012-03-08,2420.276,0.010584368614718898,0.010561201330530989
2012-03-09,2439.462,0.00789593993772808,0.010664988465511597
2012-03-12,2434.859,-0.0018886738761256794,0.010525301881531095
2012-03-13,2455.795,0.008561688431971248,0.010126834558838834
2012-03-14,2391.23,-0.026642659834887894,0.010100192821802247
2012-03-15,2373.774,-0.007326784233132599,0.012888146655106332
2012-03-16,2404.736,0.012959032544876514,0.012505550073552857
2012-03-19,2410.184,0.002262966913237463,0.012599169167175675
2012-03-20,2376.839,-0.01393163948761078,0.012033406663049681
2012-03-21,2378.195,0.0005703429404535498,0.012322963825356179
2012-03-22,2375.772,-0.0010193592886995617,0.011760508358112078
2012-03-23,2349.539,-0.011103298600613876,0.01124729911093052
2012-03-26,2350.599,0.0004510505938215559,0.011340037437181566
2012-03-27,2347.179,-0.001456007756939215,0.010855070028743185
2012-03-28,2284.881,-0.026900237320886866,0.010421197520171909
2012-03-29,2252.16,-0.014424188504375657,0.013163856069654733
2012-03-30,2262.788,0.004707925597552176,0.013354062619440669
2012-04-05,2302.241,0.017285315083875652,0.012793935734667016
2012-04-06,2306.553,0.0018712058981913415,0.013346610438020975
2012-04-09,2285.777,-0.009048191982580889,0.012716794522183331
2012-04-10,2305.863,0.008748999539770708,0.012465600679089426
2012-04-11,2308.925,0.0013270384032191274,0.012199636017287827
2012-04-12,2350.864,0.018000871909259253,0.011652129751039535
2012-04-13,2359.161,0.003523127194507758,0.012493007710782551
2012-04-16,2357.026,-0.0009053924900959132,0.011964748517278412
2012-04-17,2334.985,-0.009395187747370137,0.01143420408871016
2012-04-18,2380.848,0.01945125962636496,0.011348189972715412
2012-04-19,2378.634,-0.000930353412281093,0.012462657764976036
2012-04-20,2406.863,0.011797866525170342,0.011893248989893029
2012-04-23,2388.588,-0.007621843480392521,0.011947710101367711
2012-04-24,2388.834,0.00010298441302314387,0.011674062207209963
2012-04-25,2406.813,0.007498084923035719,0.011161858533023705
2012-04-26,2404.697,-0.0008795576176359177,0.01094182461859862
2012-04-27,2396.316,-0.0034913500602336,0.010493610227924874
2012-05-02,2438.436,0.017424292146325904,0.010142501953766928
2012-05-03,2440.08,0.0006739754721438729,0.01118454562984126
2012-05-04,2452.014,0.0048789020295831875,0.010713064340071273
2012-05-07,2451.947,-2.7324850260690425e-05,0.010387991233254157
2012-05-08,2448.884,-0.0012499922559348065,0.00998102719285158
2012-05-09,2408.587,-0.016592142072837213,0.009618421028601422
2012-05-10,2410.23,0.0006819101300870045,0.010678529214664213
2012-05-11,2394.983,-0.006346045916914456,0.010248663742634093
2012-05-14,2380.725,-0.00597106957229343,0.010063871263363507
2012-05-15,2374.843,-0.0024737331059103695,0.009874551001055474
2012-05-16,2346.192,-0.012137741723716289,0.00954677745151414
2012-05-17,2378.886,0.013838722564152306,0.009995493819222571
2012-05-18,2344.52,-0.014551620764175155,0.010553302982254507
2012-05-21,2348.3,0.0016109720029744423,0.011145330831927747
2012-05-22,2373.307,0.01059267907096828,0.010685924915250606
2012-05-23,2363.437,-0.004167425676672387,0.010774570952722218
2012-05-24,2350.973,-0.005287630494635209,0.010424207952408615
2012-05-25,2333.553,-0.007437286204107885,0.01015954173899226
2012-05-28,2361.367,0.011848689819303537,0.010060482032461371
2012-05-29,2389.636,0.011900364456685963,0.010366237618794596
2012-05-30,2384.668,-0.0020811417928543463,0.010633737887327379
2012-05-31,2372.234,-0.005227784099036903,0.010230016821913466
2012-06-01,2373.436,0.0005065670498387576,0.009981094268913929
2012-06-04,2308.55,-0.02771907243078431,0.009609324258942474
2012-06-05,2311.916,0.001456996153832435,0.012785536586846129
2012-06-06,2309.555,-0.0010217526867108973,0.012193732580641388
2012-06-07,2293.13,-0.0071371687277927975,0.011646224352522189
2012-06-08,2281.447,-0.0051078057710975955,0.011370848435515737
2012-06-11,2305.856,0.01064208331889649,0.011008221220720534
2012-06-12,2289.791,-0.006991427077892354,0.01106109940908607
2012-06-13,2318.924,0.012642737963909134,0.010834863897626201
2012-06-14,2295.946,-0.00995832597250601,0.01111855702636642
2012-06-15,2306.85,0.004737998554928069,0.011118516137050387
2012-06-18,2316.052,0.003981054391108074,0.010750254168355197
2012-06-19,2300.795,-0.006609296577946289,0.010384631148743825
2012-06-20,2292.877,-0.003447354465719421,0.010202851327856838
2012-06-21,2260.877,-0.014054569810937778,0.009876391971183923
2012-06-25,2224.114,-0.01639415704096514,0.010517321637200172
2012-06-26,2222.067,-0.0009207902892978126,0.011371051551091556
2012-06-27,2216.934,-0.0023126835465108186,0.0108881753749604
2012-06-28,2195.843,-0.009559132764914935,0.01046803910448237
2012-06-29,2225.431,0.013384577257705033,0.010510688021896539
2012-07-02,2226.11,0.00030506290080989373,0.010929068918663664
2012-07-03,2229.193,0.0013839689431174307,0.010477194868065332
2012-07-04,2227.315,-0.0008428124043158292,0.010070437350801249
2012-07-05,2201.353,-0.011724652834766758,0.009695149795450215
2012-07-06,2223.579,0.010045888578680717,0.010071039868231926
2012-07-09,2170.814,-0.024015847486329456,0.010185552284433536
2012-07-10,2164.437,-0.0029419309744183053,0.012419865803834156
2012-07-11,2175.383,0.0050444595450986895,0.01188879379030923
2012-07-12,2185.491,0.004635776269661385,0.01146539139730978
2012-07-13,2185.895,0.00018483840189364997,0.011062031346555586
2012-07-16,2147.955,-0.017509128957358122,0.010599148504495826
2012-07-17,2161.186,0.006140918377635529,0.011603032127772087
2012-07-18,2169.099,0.0036547288725126137,0.011258140466037542
2012-07-19,2184.841,0.007231183064404512,0.010836801974568357
2012-07-20,2168.638,-0.007443736292843894,0.010632243406380098
2012-07-23,2141.402,-0.012638566018179809,0.01048198366088077
2012-07-24,2146.589,0.0024193159593846048,0.010846521544760686
2012-07-25,2136.151,-0.004874459186193114,0.010426458145780547
2012-07-26,2126.004,-0.004761450097688247,0.010140365188391169
2012-07-27,2128.765,0.0012978379731301004,0.009876094476558432
2012-07-30,2109.914,-0.008894810995166758,0.009519799959153776
2012-07-31,2103.634,-0.002980862992471245,0.009620423811971134
2012-08-01,2123.36,0.009333414335778834,0.009331185036405214
2012-08-02,2111.182,-0.005751759492973463,0.009473698046231974
2012-08-03,2132.796,0.010185814757852185,0.009332582485610712
2012-08-06,2154.916,0.010317948705995228,0.009561152724127154
2012-08-07,2157.62,0.0012540186815135357,0.009771564035440564
2012-08-08,2160.99,0.0015606876675775538,0.00942386431724855
2012-08-09,2174.102,0.006049255694904332,0.009111215891084911
2012-08-10,2168.814,-0.0024352313575981555,0.009011890969628417
2012-08-13,2136.078,-0.01520903707891641,0.008762624469778326
2012-08-14,2142.525,0.003013602747998334,0.00978539445513486
2012-08-15,2118.945,-0.011066716723298953,0.00947378401301978
2012-08-16,2112.197,-0.0031896853006738723,0.009806892088839392
2012-08-17,2114.891,0.0012746365179747698,0.009507531115254063
2012-08-20,2106.957,-0.0037585480766200163,0.009183377296747024
2012-08-21,2118.268,0.005354047190344602,0.008965673974099737
2012-08-22,2107.711,-0.004996249134581632,0.008838788928628195
2012-08-23,2113.072,0.0025402883222884753,0.008719744673053118
2012-08-24,2092.104,-0.00997255466845548,0.008494019494184425
2012-08-27,2055.708,-0.017549943999788375,0.008851725371617573
2012-08-28,2073.154,0.00845080500486084,0.010240325000937456
2012-08-29,2053.235,-0.009654521045020736,0.010191282002047823
2012-08-30,2052.585,-0.00031662372214569245,0.01027758759912065
2012-08-31,2047.522,-0.002469692899931708,0.009880818744438883
2012-09-03,2059.147,0.005661537879647405,0.00955237252455299
2012-09-04,2043.649,-0.0075548838957306685,0.009381669135669676
2012-09-05,2037.681,-0.0029245389388528054,0.009381691756088386
2012-09-06,2051.918,0.006962568953244208,0.009112861666403689
2012-09-07,2127.762,0.03629575762292436,0.009077736391722735
2012-09-10,2134.893,0.00334580520932537,0.014421279465731995
2012-09-11,2120.554,-0.00673915302834871,0.013737114282307126
2012-09-12,2126.554,0.0028254539284588986,0.013245320614903765
2012-09-13,2110.379,-0.007635277017613795,0.012640017676715038
2012-09-14,2123.847,0.006361514675659485,0.012299763222009038
2012-09-17,2078.5,-0.021582587176266266,0.011902570241874797
2012-09-18,2059.543,-0.009162366180426318,0.013284178922411889
2012-09-19,2067.831,0.004016118306653382,0.012984002494062591
2012-09-20,2024.837,-0.021011028345242266,0.01243069215195187
2012-09-21,2026.69,0.0009147169100449659,0.013613557816106564
2012-09-24,2033.192,0.003203051497043141,0.012954091442675031
2012-09-25,2029.293,-0.0019195153691242695,0.012380366241951605
2012-09-26,2004.172,-0.012456448646613438,0.011830378089567379
2012-09-27,2056.323,0.025688428538247265,0.011985860824689453
2012-09-28,2086.169,0.014409933174936995,0.014014438883939249
2012-10-08,2074.419,-0.005648255120731527,0.014067205679635568
2012-10-09,2115.23,0.01948243915528458,0.013495759968855029
2012-10-10,2119.942,0.0022251761884772847,0.014226386333149807
2012-10-11,2102.868,-0.008086602543538213,0.013535131761886575
2012-10-12,2104.932,0.0009810352989862992,0.01313863068341867
2012-10-15,2098.703,-0.002963627698005844,0.012515535786826616
2012-10-16,2098.808,5.002964853328962e-05,0.011977315842694887
2012-10-17,2105.618,0.0032394462194602625,0.011441124599296788
2012-10-18,2131.688,0.01230514338668609,0.010991628914948566
2012-10-19,2128.302,-0.0015896754279021152,0.011216053970647151
2012-10-22,2132.758,0.0020914991219784795,0.010754384057922003
2012-10-23,2114.447,-0.008622665236223348,0.010335387080660948
2012-10-24,2115.99,0.000729475497885268,0.010311119197911611
2012-10-25,2101.58,-0.006833345301867411,0.009912325506845869
2012-10-26,2066.209,-0.016973915539093554,0.009796384674169682
2012-10-29,2058.943,-0.0035227829249704357,0.010879469216170756
2012-10-30,2062.347,0.0016519103358767495,0.010495263959559489
2012-10-31,2068.88,0.0031627433911376457,0.010090668473135788
2012-11-01,2104.428,0.01703629819318664,0.009756042457627859
2012-11-02,2117.046,0.005978024537022009,0.010816648228511134
2012-11-05,2114.027,-0.0014270614155567074,0.010537443357427916
2012-11-06,2105.999,-0.003804720484836821,0.010129797996508458
2012-11-07,2105.73,-0.00012773851326475238,0.009823666082518785
2012-11-08,2071.509,-0.0163848731609475,0.009465084539421305
2012-11-09,2069.067,-0.0011795461709365185,0.010524592768534919
2012-11-12,2079.274,0.004921013290871912,0.01011452905281417
2012-11-13,2047.889,-0.015209287833905627,0.009847863317514726
2012-11-14,2055.419,0.003670213619215268,0.010654948418540826
2012-11-15,2030.29,-0.012301080115452834,0.010286668521941399
2012-11-16,2014.725,-0.007695930335350987,0.010640815292386684
2012-11-19,2016.982,0.0011196251293927872,0.010508129944513635
2012-11-20,2008.923,-0.004003577215338616,0.010095823698196343
2012-11-21,2030.319,0.010594165993047078,0.009801027801422033
2012-11-22,2015.611,-0.007270548323749182,0.010007052576888527
2012-11-23,2027.384,0.00582391681234995,0.009912496116890757
2012-11-26,2017.464,-0.004905014917201633,0.00971424717926198
2012-11-27,1991.165,-0.013121382560127515,0.009499188144573434
2012-11-28,1973.523,-0.008899624102533643,0.010080790766212872
2012-11-29,1963.488,-0.0050977869922030905,0.010111256511347087
2012-11-30,1980.117,0.008433450388007913,0.009867056190778234
2012-12-03,1959.767,-0.010330345244827122,0.009860454899183281
2012-12-04,1975.143,0.007815212170346975,0.01005779867858805
2012-12-05,2031.907,0.028333960157070237,0.009979202853313563
2012-12-06,2029.237,-0.0013149006214474568,0.013108794873578666
2012-12-07,2061.786,0.015912737142880218,0.012493423202038738
2012-12-10,2083.77,0.010606155643430704,0.012919892247392643
2012-12-11,2074.704,-0.004360260212502354,0.012748571890968674
2012-12-12,2082.726,0.0038591196752983947,0.012235035991151692
2012-12-13,2061.476,-0.010255381491183435,0.011738010866671644
2012-12-14,2150.625,0.04233626648080513,0.011691412080270506
2012-12-17,2160.342,0.00450804492639989,0.017409314255056423
2012-12-18,2162.464,0.0009817697904761502,0.016531444184020326
2012-12-19,2162.239,-0.00010405338826835475,0.015659630280152947
2012-12-20,2168.353,0.002823634303207534,0.014847894237932898
2012-12-21,2153.31,-0.006961700047043884,0.014120479888657727
2012-12-24,2159.053,0.0026635064790223595,0.013606883564936445
2012-12-25,2213.611,0.024955419125640255,0.012970314711317073
2012-12-26,2219.132,0.002491009677248357,0.014640057402895815
2012-12-27,2205.897,-0.005981899538185509,0.01392216033236276
2012-12-28,2233.252,0.012324590257110302,0.01337758016660022
2012-12-31,2269.128,0.015936797567890792,0.013304652350634123
2013-01-04,2276.992,0.0034596569575073843,0.013616769185725864
2013-01-07,2285.364,0.0036700377598739564,0.012997413701219799
2013-01-08,2276.07,-0.0040750399375744095,0.01243268672762689
2013-01-09,2275.34,-0.0003207797171684845,0.011935169202449962
2013-01-10,2283.658,0.0036490514932934204,0.011403161214078843
2013-01-11,2242.997,-0.017965625236287863,0.010969242197644238
2013-01-14,2311.74,0.03018756969624281,0.011970214432713037
2013-01-15,2325.682,0.006012841619849496,0.014869345565447096
2013-01-16,2309.499,-0.006982711464567082,0.014236728709346553
2013-01-17,2284.909,-0.010704419286436284,0.013714154651680148
2013-01-18,2317.07,0.013977257866406134,0.013487157534206129
2013-01-21,2328.221,0.0048010001607368125,0.013561279039690914
2013-01-22,2315.139,-0.005634727702759967,0.012987644540367497
2013-01-23,2320.911,0.002490052084154648,0.012506695536974472
2013-01-24,2302.598,-0.007921730342666855,0.01195248474915408
2013-01-25,2291.304,-0.00491696285820975,0.01169863445286003
2013-01-28,2346.505,0.02380589926772192,0.011297747989415288
2013-01-29,2358.977,0.005301063400763084,0.013154341102954029
2013-01-30,2382.475,0.00991181282774889,0.012633452095400897
2013-01-31,2385.422,0.0012361845800308302,0.012436971464186954
2013-02-01,2419.02,0.013986451581236459,0.011869990678938456
2013-02-04,2428.154,0.003768798401496909,0.012159268724544346
2013-02-05,2433.13,0.0020471964764343653,0.011665669592334968
2013-02-06,2434.477,0.0005534547198990936,0.01117060369646271
2013-02-07,2418.53,-0.006572031483981888,0.010699710428982889
2013-02-08,2432.402,0.005719328909815857,0.010483040699096589
2013-02-18,2421.558,-0.004468111826556154,0.010221974303505034
2013-02-19,2382.914,-0.016087026168217555,0.009935856709644518
2013-02-20,2397.178,0.005968103684287129,0.010854933887328902
2013-02-21,2325.951,-0.030163224519683673,0.010571483515818159
2013-02-22,2314.164,-0.00508048845910114,0.013955917539373495
2013-02-25,2325.819,0.005023735868136647,0.013370388315211847
2013-02-26,2293.341,-0.014062528780719674,0.012820603957417449
2013-02-27,2313.22,0.008630787001210116,0.013017006404853352
2013-02-28,2365.593,0.02238823717558258,0.01268833480569274
2013-03-01,2359.506,-0.002576455378897613,0.013995600610753816
2013-03-04,2273.404,-0.037174007344586535,0.01333271159129419
2013-03-05,2326.306,0.02300333401544208,0.017327496956099468
2013-03-06,2347.179,0.008932579772729987,0.017921815615037164
2013-03-07,2324.293,-0.00979827476200601,0.01717717254318091
2013-03-08,2318.611,-0.0024476072891594924,0.016557840955047014
2013-03-11,2310.593,-0.003464097939076538,0.015702999119922772
2013-03-12,2286.605,-0.010436016770035472,0.014931271062698976
2013-03-13,2263.968,-0.00994915881058489,0.014560566725759245
2013-03-14,2270.277,0.0027828245149814634,0.014190990117004197
2013-03-15,2278.401,0.003572030659507064,0.013512196425274327
2013-03-18,2240.016,-0.016990872441335902,0.012903966514876228
2013-03-19,2257.434,0.007745761302646592,0.013434988695548558
2013-03-20,2317.374,0.026205878046562603,0.013011421764650755
2013-03-21,2324.242,0.002959316329588013,0.014887452800331531
2013-03-22,2328.278,0.0017349741698726717,0.014159732873942683
2013-03-25,2326.715,-0.0006715370178804747,0.013466750665467781
2013-03-26,2297.669,-0.012562270771486972,0.012818443229344065
2013-03-27,2301.259,0.0015612337175987534,0.012859255251672948
2013-03-28,2236.302,-0.028632755690956024,0.012262932590910049
2013-03-29,2236.621,0.00014263603488817722,0.014822885877452445
2013-04-01,2234.395,-0.0009957469102888084,0.014071573146578017
2013-04-02,2227.74,-0.0029828792425341533,0.013380285760735777
2013-04-03,2225.295,-0.0010981275672428126,0.012773967680566488
2013-04-08,2211.592,-0.006176872914899434,0.01218201112300268
2013-04-09,2225.775,0.006392551393045842,0.011799475209287844
2013-04-10,2226.126,0.00015768544751004754,0.011449898774235101
2013-04-11,2219.553,-0.002957030766073565,0.010955618296132662
2013-04-12,2206.78,-0.00577138478036332,0.010546682425142302
2013-04-15,2181.942,-0.011319133539213766,0.01029679534772065
2013-04-16,2194.846,0.005896578673187491,0.010538765245344283
2013-04-17,2193.796,-0.00047850793937431746,0.010282067769619634
2013-04-18,2197.602,0.0017333892090727332,0.009885782817111685
2013-04-19,2244.643,0.021179722622405528,0.009534978685532868
2013-04-22,2242.169,-0.001102787569760899,0.011356681863487825
2013-04-23,2184.538,-0.026039336391865398,0.010876879435098224
2013-04-24,2218.318,0.015344886515888945,0.013313443541725232
2013-04-25,2199.307,-0.008606940317559264,0.01355677202336322
2013-04-26,2177.912,-0.00977569108724996,0.01319172633991119
2013-05-02,2174.123,-0.0017412548186506172,0.012946338817425539
2013-05-03,2205.497,0.01432751549070943,0.01234917364878629
2013-05-06,2231.166,0.011571438452161686,0.012610211383613039
2013-05-07,2235.575,0.0019741468922944705,0.01255724471847599
2013-05-08,2246.3,0.00478595251837266,0.011989990519157548
2013-05-09,2232.971,-0.0059514324282856634,0.011547045290581419
2013-05-10,2246.831,0.006187793221003268,0.011211122464453865
2013-05-13,2241.92,-0.002188137394774081,0.010905693145571195
2013-05-14,2217.01,-0.011173200363018942,0.010481246448554821
2013-05-15,2224.797,0.0035062342769824895,0.010682049697307286
2013-05-16,2251.806,0.012066885417487683,0.0103058714977555
2013-05-17,2282.87,0.013700862388623669,0.010600614309439193
2013-05-20,2299.986,0.00746961265305135,0.011043716339965941
2013-05-21,2305.114,0.002227096966214148,0.010833883924545698
2013-05-22,2302.403,-0.0011767727879670176,0.010410839826778743
2013-05-23,2275.667,-0.01168016389305837,0.010010358677692139
2013-05-24,2288.533,0.005637804688063852,0.010333758147659258
2013-05-27,2293.077,0.001983582840923148,0.010082837244657474
2013-05-28,2321.318,0.012240544042589008,0.009719313308987865
2013-05-29,2324.017,0.0011620261202711646,0.010121967005107129
2013-05-30,2317.749,-0.0027006978851487062,0.009742876382778473
2013-05-31,2300.595,-0.007428670920616831,0.009433511331159928
2013-06-03,2299.252,-0.0005839324821721448,0.00941711896113731
2013-06-04,2272.416,-0.011740269959202188,0.009096619950179368
2013-06-05,2270.931,-0.0006537031192559439,0.009568967942297306
2013-06-06,2242.11,-0.012772492787988199,0.009235583014927865
2013-06-07,2210.898,-0.014018618943063998,0.009816513782466918
2013-06-13,2148.355,-0.028696334829989567,0.010463007360359142
2013-06-14,2162.041,0.006350249949842457,0.013567891449350883
2013-06-17,2156.215,-0.002698313177761591,0.01305849317548368
2013-06-18,2159.291,0.0014255572908137282,0.012470699357508403
2013-06-19,2143.454,-0.007361380475527035,0.011903001837225572
2013-06-20,2084.021,-0.02811934598124033,0.011616727571048147
2013-06-21,2073.095,-0.005256540908753493,0.014255227940059364
2013-06-24,1963.235,-0.054449036855577226,0.013652269221079722
2013-06-25,1959.508,-0.0019002015280848994,0.02159992522529928
2013-06-26,1951.495,-0.004097675819809687,0.02038723557365572
2013-06-27,1950.013,-0.0007597062834570067,0.019292666690827263
2013-06-28,1979.206,0.014859714959281511,0.01822851151909717
2013-07-01,1995.242,0.008069592063945308,0.017853862298436333
2013-07-02,2006.56,0.005656466850275876,0.01707252181681023
2013-07-03,1994.268,-0.0061447473756297555,0.016254432348233826
2013-07-04,2006.098,0.005914476068161534,0.015527259623940816
2013-07-05,2007.199,0.0005486760773596444,0.014838066816956643
2013-07-08,1958.273,-0.024677255486611926,0.01408626885470673
2013-07-09,1965.454,0.003660299514956833,0.015517957918206319
2013-07-10,2008.126,0.02147868697299149,0.014758529082174626
2013-07-11,2072.991,0.03179054304537843,0.015553533653355904
2013-07-12,2039.486,-0.016294676585848933,0.017826442610419147
2013-07-15,2059.39,0.009712007121126298,0.017643156054416215
2013-07-16,2065.72,0.0030690114777218724,0.016963696891832386
2013-07-17,2044.922,-0.01011918696515135,0.016085907262888038
2013-07-18,2023.396,-0.01058235904097149,0.015584177535317165
2013-07-19,1992.648,-0.015312880448824728,0.01516094895945921
2013-07-22,2004.762,0.006060943002588637,0.015191310819691788
2013-07-23,2043.876,0.01932265466835581,0.014534728972758416
2013-07-24,2033.329,-0.005173653777861276,0.015079862236497767
2013-07-25,2021.174,-0.005995820653824424,0.014407765190411717
2013-07-26,2010.85,-0.0051210124552989456,0.01382327681718272
2013-07-29,1976.306,-0.017328072616257906,0.013250176549105886
2013-07-30,1990.064,0.006937353387311163,0.013770734871821547
2013-07-31,1993.799,0.0018750650282468584,0.013272873102631276
2013-08-01,2029.067,0.017534217439675537,0.012648750935935123
2013-08-02,2029.418,0.00017297094894974663,0.0132567568090507
2013-08-05,2050.481,0.010325347334226187,0.012621812269132717
2013-08-06,2060.5,0.004874272022362902,0.012459764452225295
2013-08-07,2046.778,-0.0066818223911413455,0.011980185468406223
2013-08-08,2044.895,-0.0009204059722911495,0.011644682317782883
2013-08-09,2052.235,0.0035829997351832787,0.011139764793996858
2013-08-12,2101.283,0.023618667386418046,0.010726276882231572
2013-08-13,2106.156,0.002316374487604911,0.012691644358740754
2013-08-14,2100.137,-0.002861904345805577,0.012119573852789863
2013-08-15,2081.88,-0.008731249052603474,0.011610778600995676
2013-08-16,2068.452,-0.0064708302151901265,0.011451707077715357
2013-08-19,2085.602,0.00825704116444026,0.011154299072711014
2013-08-20,2072.595,-0.006256097257113069,0.010988682974183147
2013-08-21,2072.961,0.00017657462639508736,0.010723616234601985
2013-08-22,2067.124,-0.002819750738207283,0.010288536376270568
2013-08-23,2057.458,-0.004687028986409381,0.009933712575673164
2013-08-26,2096.474,0.018785645692013908,0.009685785418771901
2013-08-27,2103.567,0.003377589286934324,0.011046222665218063
2013-08-28,2101.301,-0.0010777985037142557,0.010634334633561915
2013-08-29,2097.227,-0.0019406807712796237,0.010213788370403439
2013-08-30,2098.382,0.0005505756276029672,0.009843210478147164
2013-09-02,2098.448,3.145231043699681e-05,0.009483521914451327
2013-09-03,2123.112,0.011684912984206264,0.009154398213025421
2013-09-04,2127.618,0.0021201072229084517,0.009578968490194866
2013-09-05,2122.43,-0.0024413854040528093,0.009262796741873273
2013-09-06,2139.993,0.00824089931730132,0.008990091615320033
2013-09-09,2212.516,0.03332777151184452,0.009075234611908782
2013-09-10,2237.984,0.011445131111567086,0.013687443427412044
2013-09-11,2241.268,0.001466316513742072,0.013502821771364217
2013-09-12,2255.605,0.006376452515996611,0.012856247644347042
2013-09-13,2236.217,-0.008632630769015215,0.012410031443897239
2013-09-16,2231.401,-0.0021559595585216584,0.012159879277902415
2013-09-17,2185.56,-0.020757550709670447,0.011631802229806478
2013-09-18,2191.851,0.0028743037065313004,0.012936272907155228
2013-09-23,2221.044,0.013230963289203146,0.012356222071569651
2013-09-24,2207.531,-0.006102659179567205,0.012497085712382986
2013-09-25,2198.515,-0.004092563983280506,0.012082103710802048
2013-09-26,2155.809,-0.01961607330822268,0.011614641410204844
2013-09-27,2160.027,0.0019546624769697374,0.012741977295655677
2013-09-30,2174.665,0.006753908071433834,0.012159995208498123
2013-10-08,2198.199,0.010763759045516075,0.011796914978888491
2013-10-09,2211.769,0.006154259092210346,0.011765761634283256
2013-10-10,2190.929,-0.00946699303322962,0.01140649999802961
2013-10-11,2228.146,0.016844194747165808,0.011329689684288135
2013-10-14,2237.773,0.004311325356254336,0.012064565266643571
2013-10-15,2233.412,-0.0019507139082390879,0.011597127611822225
2013-10-16,2193.074,-0.01822624839256637,0.011110546110328457
2013-10-17,2188.542,-0.0020686439049635297,0.012123596516869941
2013-10-18,2193.78,0.002390514660677745,0.01159673793509667
2013-10-21,2229.237,0.016033291105940428,0.011113719136335763
2013-10-22,2210.652,-0.008371879814670358,0.011774686302746445
2013-10-23,2183.107,-0.01253840316006194,0.011571116877132977
2013-10-24,2164.322,-0.008641943047327239,0.011769824819840038
2013-10-25,2132.955,-0.014598806215835758,0.011586910509755272
2013-10-28,2133.869,0.0004284217085031017,0.012020621973371714
2013-10-29,2128.864,-0.002348259813567566,0.011481384133135972
2013-10-30,2160.463,0.014734046462660189,0.01101248340623416
2013-10-31,2141.614,-0.00876280020673903,0.011519909135431092
2013-11-01,2149.562,0.0037043500843001453,0.01137312440674715
2013-11-04,2149.634,3.349463481416848e-05,0.010943558525689356
2013-11-05,2157.24,0.003532031773962885,0.010490393113649441
2013-11-06,2139.607,-0.008207459555023,0.010132007559601912
2013-11-07,2129.4,-0.004781917410796588,0.010096855784836269
2013-11-08,2106.127,-0.010989534111153887,0.009837807498868733
2013-11-11,2109.471,0.0015864893670549662,0.010108866802498187
2013-11-12,2126.772,0.008168132088324676,0.009736328066798933
2013-11-13,2087.941,-0.0184269243264108,0.009723157183142078
2013-11-14,2100.506,0.005999855169783075,0.011058318369598516
2013-11-15,2135.827,0.0166756572225486,0.010757111146811731
2013-11-18,2197.219,0.02833854450980411,0.011569974342009782
2013-11-19,2193.125,-0.001865002462976939,0.014213817735574778
2013-11-20,2206.613,0.006131293388031089,0.013521977210149855
2013-11-21,2205.766,-0.0003839198810453581,0.013006232013701631
2013-11-22,2196.378,-0.004265200880368525,0.012391381269510369
2013-11-25,2186.115,-0.004683644109051421,0.0119041783722707
2013-11-26,2183.073,-0.001392478644332229,0.01147511710757835
2013-11-27,2201.07,0.008210088535600235,0.010989353741207204
2013-11-28,2219.372,0.008280667218219406,0.010837936067367633
2013-11-29,2220.504,0.0005099241620838413,0.010708267141750905
2013-12-02,2207.371,-0.005931982502110245,0.010275151830221471
2013-12-03,2222.67,0.00690696127700452,0.010061848359724856
2013-12-04,2251.762,0.01300384493655038,0.0099167826737418
2013-12-05,2247.063,-0.00208899066259427,0.010381405019230844
2013-12-06,2237.108,-0.004440069905712107,0.009999512234617166
2013-12-09,2238.2,0.000488011114171627,0.00973328559308627
2013-12-10,2237.492,-0.0003163756603017376,0.009382888640548268
2013-12-11,2204.166,-0.015006389682691967,0.00906372818226921
2013-12-12,2202.796,-0.0006217435249649128,0.00999299064897034
2013-12-13,2196.075,-0.003055786464282839,0.009622392687113972
2013-12-16,2160.861,-0.016164922686666472,0.009335498051408809
2013-12-17,2151.079,-0.004537176668039322,0.01038756356725558
2013-12-18,2148.285,-0.0012997273053985126,0.010089024999810323
2013-12-19,2127.792,-0.009585027068239604,0.009717788439611862
2013-12-20,2084.794,-0.020414772930807956,0.009858889493519775
2013-12-23,2089.707,0.002353815351033184,0.011506432400193962
2013-12-24,2092.905,0.0015291882790888778,0.011030063864532199
2013-12-25,2106.354,0.006405437713619122,0.010579039088206534
2013-12-26,2073.099,-0.01591390156672201,0.01034805149122551
2013-12-27,2101.251,0.013488292460357876,0.01116372272289448
2013-12-30,2097.529,-0.0017728964008130177,0.01149679182974855
2013-12-31,2115.978,0.00875713171961845,0.011015186194796201
2014-01-02,2109.387,-0.0031197330151133684,0.01090298514211655
2014-01-03,2083.136,-0.012522933357486998,0.010503483504463543
2014-01-06,2045.709,-0.018130021919012584,0.010851273115503041
2014-01-07,2047.317,0.0007857267863569106,0.01190035468100141
2014-01-08,2044.34,-0.0014551564441065423,0.011372098544550065
2014-01-09,2027.622,-0.008211321193697607,0.010895601036886545
2014-01-10,2013.298,-0.0070895043677756675,0.010774168258543559
2014-01-13,2009.564,-0.001856390337196423,0.010584022089601481
2014-01-14,2026.842,0.008561133607266846,0.010179914075051706
2014-01-15,2023.348,-0.001725351584372703,0.010146994010508089
2014-01-16,2023.701,0.00017444809830369223,0.009777908101569237
2014-01-17,2004.949,-0.009309389213699504,0.009422956630001523
2014-01-20,1991.253,-0.006854535193721034,0.009576202556336086
2014-01-21,2008.313,0.008530977343705004,0.009499169821811052
2014-01-22,2051.749,0.02139753396272237,0.00954577752410328
2014-01-23,2042.18,-0.004674735407506958,0.011405142843857062
2014-01-24,2054.392,0.00596207569368179,0.011019683440830957
2014-01-27,2033.3,-0.010319851490766752,0.01072010275040389
2014-01-28,2038.513,0.0025605315608432377,0.010803072094511005
2014-01-29,2049.914,0.005577220555825768,0.010389894645702781
2014-01-30,2033.083,-0.00824448087301377,0.010130201502120557
2014-02-07,2044.497,0.005598433292238525,0.010098324587301448
2014-02-10,2086.067,0.020128681480550803,0.009868497174603781
2014-02-11,2103.671,0.008403438876688263,0.011417295099342565
2014-02-12,2109.955,0.0029827064190417474,0.011234552012731703
2014-02-13,2098.401,-0.0054909941223559855,0.010795403461896568
2014-02-14,2115.848,0.008280051643522413,0.010505816759911937
2014-02-17,2135.415,0.009205329414962549,0.01041287413201206
2014-02-18,2119.066,-0.007685581614008008,0.010407253635511982
2014-02-19,2142.554,0.011023149804422872,0.01029944212989267
2014-02-20,2138.782,-0.0017620672500209267,0.010482055916179178
2014-02-21,2113.693,-0.011799853547935335,0.010084830793669695
2014-02-24,2076.686,-0.017663300695672568,0.010410938318823018
2014-02-25,2034.219,-0.020661392432318237,0.011475923061364024
2014-02-26,2041.254,0.0034523634372760625,0.012797523857245818
2014-02-27,2047.354,0.002983902847147668,0.012242748537737989
2014-02-28,2056.302,0.004360996234235692,0.011720528626775533
2014-03-03,2075.235,0.009165176316481727,0.011284244107244648
2014-03-04,2071.473,-0.0018144518650045072,0.01117477886464259
2014-03-05,2053.084,-0.00891689548422292,0.010720346702506121
2014-03-06,2059.578,0.0031580545141913774,0.010675945085472517
2014-03-07,2057.908,-0.0008111746301366907,0.010289471984551109
2014-03-10,1999.065,-0.02901036156914838,0.009895163508730102
2014-03-11,2001.157,0.0010459420455761759,0.013256504752690211
2014-03-12,1997.692,-0.001732999104091526,0.01262489833157711
2014-03-13,2019.111,0.010664801341984997,0.012052623360917966
2014-03-14,2004.339,-0.0073429849381776435,0.011982919689865801
2014-03-17,2023.673,0.009599846514928068,0.011687629200487272
2014-03-18,2025.196,0.000752308890127118,0.01156869107975976
2014-03-19,2021.734,-0.001710926971564497,0.011066642663103254
2014-03-20,1993.479,-0.01407420547901328,0.010619329738026644
2014-03-21,2047.619,0.026796301166805314,0.011138653454633569
2014-03-24,2066.279,0.009071750428000236,0.013599636346017132
2014-03-25,2067.311,0.0004993238426846958,0.013244235429889544
2014-03-26,2063.67,-0.0017627778693887208,0.01261077404343628
2014-03-27,2046.588,-0.008311934845464997,0.012040068418446546
2014-03-28,2041.712,-0.002385344672349632,0.011804693684655353
2014-03-31,2033.306,-0.004125631799954732,0.011310105495319864
2014-04-01,2047.46,0.006936960736869224,0.010910372452576641
2014-04-02,2058.988,0.005614599422068878,0.010679106733038162
2014-04-03,2043.702,-0.007451730807702006,0.010393461911169938
2014-04-04,2058.831,0.007375476848954676,0.010269664633275511
2014-04-08,2098.284,0.01898152183098123,0.010134978497915299
2014-04-09,2105.237,0.003308182041281249,0.011427540363427368
2014-04-10,2134.3,0.013710674197080053,0.010981154591912486
2014-04-11,2130.542,-0.0017623166216331754,0.011367388408217566
2014-04-14,2131.539,0.00046784658395093714,0.010896176070140193
2014-04-15,2101.601,-0.01414481881268248,0.010447403019382693
2014-04-16,2105.122,0.0016739874825235646,0.011003789804667473
2014-04-17,2098.885,-0.002967171356248244,0.010556952686752075
2014-04-18,2097.748,-0.0005418629781637208,0.010182907935184516
2014-04-21,2065.826,-0.0153342419308089,0.00979545914088839
2014-04-22,2072.831,0.003385159335198118,0.010630472713074244
2014-04-23,2067.382,-0.002632233243160975,0.01025491875450572
2014-04-24,2057.033,-0.005018419203475233,0.009897666716776317
2014-04-25,2036.519,-0.010022675527692648,0.009670346068555356
2014-04-28,2003.487,-0.016352815367053353,0.009861933057182066
2014-04-29,2020.341,0.008377146619039877,0.010835625775777527
2014-04-30,2026.358,0.002973784031984117,0.010713595826834125
2014-05-05,2027.353,0.0004909082171780099,0.010318609798320185
2014-05-06,2028.038,0.0003378219296319429,0.00991802642382096
2014-05-07,2010.083,-0.008892808475204461,0.009551169539524614
2014-05-08,2015.274,0.0025791515522985975,0.009647559233180279
2014-05-09,2011.135,-0.002055926985016221,0.009336152282552572
2014-05-12,2052.871,0.02054006186876034,0.009046492479340161
2014-05-13,2050.728,-0.0010444491261507594,0.010878169367066717
2014-05-14,2047.91,-0.001375091161522235,0.010436932946779708
2014-05-15,2024.974,-0.01126289992923546,0.010037018069018445
2014-05-16,2026.504,0.000755279960908517,0.010309642900699672
2014-05-19,2005.183,-0.010576812516848833,0.009911133665574853
2014-05-20,2008.119,0.0014631346077482732,0.010127326916398194
2014-05-21,2024.951,0.008347039713162197,0.009751430470239577
2014-05-22,2021.285,-0.0018120549582976153,0.00975139036521398
2014-05-23,2034.569,0.006550555074754882,0.009418765954889774
2014-05-26,2041.476,0.0033890727953407307,0.009319219414967533
2014-05-27,2034.565,-0.003391038815628633,0.00906343711143607
2014-05-28,2050.228,0.007668969647038004,0.008842235732384691
2014-05-29,2040.595,-0.004709574481742251,0.008896322091040893
2014-05-30,2039.212,-0.0006779732732331567,0.008754781266336943
2014-06-03,2038.305,-0.0004448785939867861,0.008495361754504088
2014-06-04,2024.834,-0.006630858239416781,0.008258385917088752
2014-06-05,2040.878,0.00789238553114835,0.008321321882652383
2014-06-06,2029.956,-0.0053659894789044316,0.008462775801840215
2014-06-09,2030.502,0.00026893518085469026,0.008408431124900976
2014-06-10,2052.532,0.01079109984310822,0.008177821549788102
2014-06-11,2054.948,0.0011763905258819207,0.008653078218708265
2014-06-12,2051.713,-0.0015754895128434754,0.008405806280748811
2014-06-13,2070.715,0.009218904285832608,0.008193087831319208
2014-06-16,2085.983,0.007346248712041259,0.008484719531900067
2014-06-17,2066.698,-0.009288042418493347,0.008556694814002052
2014-06-18,2055.519,-0.00542379375218438,0.008829344410157952
2014-06-19,2023.735,-0.015583556806609167,0.00873748713351017
2014-06-20,2026.674,0.0014512117249383394,0.009824956434541867
2014-06-23,2024.365,-0.0011399545894494878,0.009475136127986429
2014-06-24,2033.931,0.004714302612102372,0.009155506314028963
2014-06-25,2025.502,-0.004152802676488321,0.008973507398208303
2014-06-26,2038.677,0.006483496987558901,0.008795005153825787
2014-06-27,2036.51,-0.0010635095784561344,0.008761533439382324
2014-06-30,2048.327,0.005785803920698385,0.008506020164397946
2014-07-01,2050.381,0.0010022671397642569,0.008457349058845855
2014-07-02,2059.418,0.004397789071942881,0.008226604695479051
2014-07-03,2063.229,0.001848812709665637,0.008126186129150517
2014-07-04,2059.375,-0.0018696926130754576,0.007941260637468578
2014-07-07,2059.927,0.00026800657164915975,0.007781579608114865
2014-07-08,2064.021,0.0019854767057783107,0.007612217244243055
2014-07-09,2038.612,-0.012386837858689326,0.007482921546588342
2014-07-10,2038.342,-0.00013245182574816994,0.008342542218984408
2014-07-11,2046.961,0.0042195219243135185,0.008118523592874712
2014-07-14,2066.646,0.00957074910689748,0.008020679072872157
2014-07-15,2070.357,0.0017940528422917268,0.008377499920885328
2014-07-16,2067.276,-0.0014892575390046403,0.008166699674190583
2014-07-17,2055.591,-0.005668400793583217,0.007975646754261078
2014-07-18,2059.067,0.0016895697415906241,0.007999782464833034
2014-07-21,2054.479,-0.0022306797602196227,0.007824169160382397
2014-07-22,2075.481,0.010170646224421986,0.007686733482966931
2014-07-23,2078.489,0.0014482533700332922,0.008169165827932992
2014-07-24,2105.062,0.012703732963837311,0.007972343139406557
2014-07-25,2126.614,0.010186123109348522,0.00874068734659956
2014-07-28,2177.948,0.0238521056193175,0.009055521810324913
2014-07-29,2183.192,0.0024048769483941967,0.011536700118911168
2014-07-30,2181.243,-0.0008931282649671246,0.011058890199484578
2014-07-31,2201.562,0.009272210639113432,0.010601182807024384
2014-08-01,2185.303,-0.007412616731257593,0.010578990993868779
2014-08-04,2223.331,0.017252030081357006,0.010432206828329238
2014-08-05,2219.945,-0.0015241009810953443,0.011390632443780095
2014-08-06,2217.465,-0.0011177692655000016,0.010913647631895432
2014-08-07,2187.669,-0.013528058128703613,0.010470323863059655
2014-08-08,2194.425,0.003083459803851163,0.010944522906007711
2014-08-11,2224.654,0.013681344695812392,0.010532738220240666
2014-08-12,2221.595,-0.0013759915302307135,0.01098400731570309
2014-08-13,2222.877,0.0005768964392425247,0.010538244265807467
2014-08-14,2206.466,-0.007410162227048822,0.010119554435205734
2014-08-15,2226.734,0.009143797354260741,0.010022910064060907
2014-08-18,2239.466,0.005701506645514165,0.010059159954241982
2014-08-19,2245.33,0.0026150591205320595,0.009839019918037125
2014-08-20,2240.211,-0.002282445850928738,0.009511291485752945
2014-08-21,2230.458,-0.004363112309192729,0.009211296444723988
2014-08-22,2240.812,0.004631354629575313,0.009018975099322975
2014-08-25,2229.274,-0.005162328252123594,0.008846742046524542
2014-08-26,2207.106,-0.009993816807689626,0.00873674642727587
2014-08-27,2209.465,0.0010682496553693355,0.009059609996691143
2014-08-28,2195.818,-0.006195762522464676,0.008773413664134488
2014-08-29,2217.2,0.009690496310723162,0.008740382035129585
2014-09-01,2235.511,0.008224698715697976,0.009001415520865367
2014-09-02,2266.046,0.01356662520882157,0.009083661917509884
2014-09-03,2288.627,0.009915611949376846,0.009763411875766289
2014-09-04,2306.862,0.0079360850196597,0.009905521712297909
2014-09-05,2326.432,0.008447603963578132,0.00985376009557239
2014-09-09,2326.527,4.083423043788059e-05,0.009849941730539517
2014-09-10,2318.305,-0.003540282441906406,0.00948877748732958
2014-09-11,2311.679,-0.0028622148687773574,0.009232363283442301
2014-09-12,2331.95,0.00873072709465994,0.008975550774289376
2014-09-15,2339.14,0.003078513014498796,0.009107613439646766
2014-09-16,2296.555,-0.018373166464281,0.008861250392274393
2014-09-17,2307.893,0.004924813100625869,0.010391886966324992
2014-09-18,2315.928,0.0034754840586987967,0.010098968228920674
2014-09-19,2329.451,0.005822146352110202,0.00977380825606858
2014-09-22,2289.866,-0.017139316926494175,0.009589679874240614
2014-09-23,2309.718,0.008632138589288907,0.01074267379704142
2014-09-24,2343.575,0.01455210212271485,0.010650971569138747
2014-09-25,2345.103,0.0006517828923611191,0.01119322873986959
2014-09-26,2347.718,0.0011144683637667185,0.010720931486503374
2014-09-29,2357.711,0.004247440572764383,0.010290777758834479
2014-09-30,2363.87,0.0026088733808835585,0.009977231118322376
2014-10-08,2382.794,0.00797364223122976,0.009636999738767027
2014-10-09,2389.371,0.002756402665961666,0.009619640374280723
2014-10-10,2374.54,-0.006226416872320506,0.00931559728365751
2014-10-13,2366.009,-0.0035991650794899854,0.00922300451106034
2014-10-14,2359.475,-0.0027654327743480422,0.008994652781361955
2014-10-15,2373.67,0.005998143965009639,0.00875732351167812
2014-10-16,2356.499,-0.00726023760464134,0.008694205512680717
2014-10-17,2341.184,-0.006520258713993421,0.00875423653186233
2014-10-20,2356.728,0.006617432051998051,0.0087475435558268
2014-10-21,2339.657,-0.007269878932449458,0.008729477629564107
2014-10-22,2326.553,-0.005616564384367528,0.008785882874997599
2014-10-23,2302.418,-0.010427897995063162,0.00871135954785123
2014-10-24,2302.28,-5.993878427723587e-05,0.00908759840968762
2014-10-27,2290.437,-0.005157307210446049,0.008794044469494151
2014-10-28,2337.871,0.020498057109301193,0.008689496806491597
2014-10-29,2373.03,0.014926933434643352,0.010610909706603123
2014-10-30,2391.076,0.007575854235938095,0.011208659492585477
2014-10-31,2420.178,0.012097617347977874,0.010989088531973529
2014-11-03,2430.032,0.004063334807368868,0.011191500535289218
2014-11-04,2430.677,0.00026539338346953656,0.010790020315756038
2014-11-05,2419.254,-0.0047105911909710585,0.010349529845924806
2014-11-06,2425.864,0.0027285214109786793,0.010062764175624413
2014-11-07,2418.171,-0.00317628029844208,0.009718071726194828
2014-11-10,2473.673,0.022692621323390227,0.009426460518500851
2014-11-11,2469.673,-0.0016183374066898182,0.011565539947721309
2014-11-12,2494.476,0.009992933894339195,0.011075790814353741
2014-11-13,2485.606,-0.003562194108230443,0.011060667322334579
2014-11-14,2478.824,-0.002732238834686207,0.010661986694601456
2014-11-17,2474.009,-0.0019443423660412407,0.010271947075712912
2014-11-18,2456.366,-0.0071568898137428505,0.00989640153157058
2014-11-19,2450.986,-0.0021926294080465425,0.009805743073637978
2014-11-20,2452.66,0.0006827573054941638,0.009476858324847421
2014-11-21,2486.791,0.013819974416749758,0.009149943660466555
2014-11-24,2532.879,0.01836347613759237,0.009852665279048023
2014-11-25,2567.597,0.013613841613315358,0.011105447245612753
2014-11-26,2604.345,0.014210762001252597,0.011461728355361633
2014-11-27,2630.486,0.009987415942704914,0.011836050316359413
2014-11-28,2682.835,0.019705451237148175,0.011732696052942528
2014-12-01,2680.155,-0.0009994425583812472,0.012810790647678748
2014-12-02,2763.545,0.03063964718557788,0.012215039625633676
2014-12-03,2779.525,0.005765773937583596,0.015134272476557489
2014-12-04,2899.456,0.04224308339464322,0.014470478573756303
2014-12-05,2937.647,0.013085787582343578,0.019138429490607557
2014-12-08,3020.258,0.027733337429998173,0.01854103003711904
2014-12-09,2856.269,-0.05582603048435253,0.0195798796866409
2014-12-10,2940.006,0.02889539444780631,0.025595429954828216
2014-12-11,2925.743,-0.00486315664387682,0.02576656247656427
2014-12-12,2938.173,0.004239494091438978,0.02431863551304293
2014-12-15,2953.421,0.005176199868834885,0.022951583259754754
2014-12-16,3021.518,0.02279519462647439,0.02169715428333922
2014-12-17,3061.02,0.012988839646704164,0.02168651901851477
2014-12-18,3057.521,-0.0011437368423052874,0.02085814232293348
2014-12-19,3108.596,0.016566720400849277,0.019689443815895345
2014-12-22,3127.445,0.006045199960086123,0.019308774987584695
2014-12-23,3032.612,-0.030792082895573003,0.018337018957212993
2014-12-24,2972.532,-0.020010179503580083,0.019903979814756154
2014-12-25,3072.536,0.03308916435848541,0.01984556033049009
2014-12-26,3157.603,0.027309916222352015,0.02144471154465639
2014-12-29,3168.016,0.0032923289897528463,0.02198238403305808
2014-12-30,3165.815,-0.0006949980473418549,0.020758033678349934
2014-12-31,3234.677,0.021518551130347063,0.019593719887955257
2015-01-05,3350.519,0.035186181682931306,0.019704074486371608
2015-01-06,3351.446,0.00027663528708643526,0.021661360127331095
2015-01-07,3373.954,0.0066934558641023045,0.020434490105873834
2015-01-08,3293.456,-0.024147881000024185,0.019401703995649427
2015-01-09,3285.412,-0.002445406720001486,0.019870869660527594
2015-01-12,3229.316,-0.01722171253820548,0.018782697537921625
2015-01-13,3235.301,0.001851618343348349,0.018580064921409983
2015-01-14,3222.437,-0.003984062845407976,0.017571184311055216
2015-01-15,3336.455,0.03477096048208672,0.016674725733326193
2015-01-16,3376.495,0.011929323124928004,0.019218243872212014
2015-01-19,3116.351,-0.08017542312781245,0.018536474757911783
2015-01-20,3173.052,0.018031134662338744,0.030853085246917926
2015-01-21,3323.611,0.04635794172457963,0.02957004592010201
2015-01-22,3343.344,0.005919661261927445,0.03142968019832016
2015-01-23,3351.764,0.002515270683954185,0.029619182881828344
2015-01-26,3383.182,0.009329912341959457,0.0278791539926996
2015-01-27,3352.96,-0.008973148957609922,0.02640264758471797
2015-01-28,3305.738,-0.014183791388026279,0.025027808050627574
2015-01-29,3262.305,-0.013225745662072796,0.02400768131910172
2015-01-30,3210.363,-0.016049985887017115,0.023015174409223096
2015-02-02,3128.3,-0.025894288847965186,0.022292812675346288
2015-02-03,3204.907,0.02419334677835927,0.022576853035850462
2015-02-04,3174.126,-0.00965075393211734,0.022607800683725084
2015-02-05,3136.531,-0.011914906724758367,0.021540704263266392
2015-02-06,3075.907,-0.019517595017948253,0.02067573291412399
2015-02-09,3095.124,0.006228152838232859,0.02048037744079619
2015-02-10,3141.593,0.014902026160838133,0.019429078833745932
2015-02-11,3157.704,0.005115185116318699,0.01893859704798196
2015-02-12,3173.416,0.004963428984519069,0.017965886781063502
2015-02-13,3203.827,0.009537422526062045,0.01705972956235023
2015-02-16,3222.363,0.005768908608974499,0.01642006305669607
2015-02-17,3246.906,0.007587601550778089,0.01565573035869186
2015-02-25,3228.843,-0.00557867417213842,0.015030280033502385
2015-02-26,3298.359,0.021301203334372687,0.014377618129925772
2015-02-27,3310.303,0.0036146539207937423,0.01521154981475523
2015-03-02,3336.285,0.007818186517232206,0.014473986161719321
2015-03-03,3263.052,-0.02219495876291866,0.013961576671780841
2015-03-04,3279.533,0.0050380804713725524,0.015034294346710993
2015-03-05,3248.476,-0.009515070924640767,0.014351765005863529
2015-03-06,3241.187,-0.002246342549700131,0.013971954992220599
2015-03-09,3302.408,0.01871227860652347,0.013304566421099588
2015-03-10,3286.068,-0.004960186089066454,0.01396278104565816
2015-03-11,3290.9,0.0014693703449299989,0.013372060492512302
2015-03-12,3349.323,0.017597152263290283,0.012735439884974246
2015-03-13,3372.911,0.0070179338629827726,0.013337823471967778
2015-03-16,3449.305,0.022396591749402006,0.01288224319980199
2015-03-17,3502.847,0.015403304938796936,0.014151939270071098
2015-03-18,3577.301,0.021032539051486054,0.014290914626875423
2015-03-19,3582.271,0.0013883513702541705,0.01510210151867664
2015-03-20,3617.318,0.009735910434796935,0.014335985595594554
2015-03-23,3687.728,0.01927768299337629,0.013955057504602285
2015-03-24,3691.41,0.00099794862369329,0.014584130504932064
2015-03-25,3660.727,-0.008346737318721154,0.013853014643690858
2015-03-26,3682.095,0.00582012210508509,0.013443188643948403
2015-03-27,3691.096,0.002441549248180408,0.0129200865793933
2015-03-30,3786.568,0.025536635026170984,0.012332440608902788
2015-03-31,3747.899,-0.010264651639758426,0.014249481208695507
2015-04-01,3810.294,0.016510935208211563,0.013933527825240606
2015-04-02,3825.784,0.004057062079981577,0.014224569247286177
2015-04-03,3863.929,0.009921127844423339,0.013574154698046459
2015-04-07,3961.378,0.024907403093187952,0.013281251313992097
2015-04-08,3994.811,0.00840432442926442,0.014875354462073978
2015-04-09,3957.534,-0.009375164944204428,0.01436062712847585
2015-04-10,4034.31,0.01921417936313574,0.013970380656059295
2015-04-13,4121.715,0.021434055502671967,0.01458871577991658
2015-04-14,4135.565,0.0033546187094000146,0.01540572984353326
2015-04-15,4084.163,-0.012507146236620414,0.014647648981221532
2015-04-16,4194.823,0.02673433458491914,0.014471801478446544
2015-04-17,4287.296,0.021805085243151723,0.016116446756149448
2015-04-20,4217.077,-0.016513997161304417,0.016739514120339635
2015-04-21,4293.623,0.017988664652415665,0.016701615136495467
2015-04-22,4398.494,0.02413131093199361,0.016793536636329025
2015-04-23,4414.508,0.003634179959357553,0.017619476446477052
2015-04-24,4393.686,-0.004727879241963606,0.016705630407890307
2015-04-27,4527.396,0.029978429451540833,0.015893568645939587
2015-04-28,4476.215,-0.01136911652222139,0.017777675111452708
2015-04-29,4476.62,9.047413479024158e-05,0.017204635045546805
2015-04-30,4441.655,-0.00784124265106989,0.01628303010543781
2015-05-04,4480.464,0.008699557753617526,0.015631099984264547
2015-05-05,4298.706,-0.04141256531394433,0.015066965051243218
2015-05-06,4229.266,-0.01628559163557597,0.019416570680642748
2015-05-07,4112.214,-0.02806688594255391,0.019062155227664423
2015-05-08,4205.917,0.022530773771812562,0.02009783073013309
2015-05-11,4333.584,0.029902569902194642,0.020255640344560573
2015-05-12,4401.219,0.015486634734507732,0.021315644099605666
2015-05-13,4375.76,-0.005801329000043154,0.020689981904168004
2015-05-14,4378.311,0.0005828145721480382,0.019618389989736768
2015-05-15,4308.691,-0.016028887892108656,0.01853033838806438
2015-05-18,4283.491,-0.005865814354558907,0.018246516812127245
2015-05-19,4417.552,0.030817365172133293,0.01735612062021746
2015-05-20,4446.288,0.006483894265652879,0.01907664147174556
2015-05-21,4529.422,0.0185247467631946,0.01813679308752334
2015-05-22,4657.596,0.027905097662273448,0.018109826424304424
2015-05-25,4813.798,0.032986942335810454,0.019246178185874412
2015-05-26,4910.897,0.019970235978718165,0.020942389282470712
2015-05-27,4941.714,0.006255621072670081,0.020735871203554107
2015-05-28,4620.266,-0.06725995539084373,0.019666965244612873
2015-05-29,4611.744,-0.0018461856996534465,0.028269508853185094
2015-06-01,4828.738,0.04597905638592259,0.026614154197408115
2015-06-02,4910.527,0.01679611814225268,0.02895152106082555
2015-06-03,4909.978,-0.00011180687766376707,0.027749643914395782
2015-06-04,4947.102,0.0075324894450528035,0.026120891475111915
2015-06-05,5023.096,0.015244526079971621,0.024709567895449105
2015-06-08,5131.881,0.02142578197386591,0.023765499822941537
2015-06-09,5113.534,-0.003581508335528838,0.02338874795495063
2015-06-10,5106.0359,-0.0014674005694601533,0.02207768429601841
2015-06-11,5121.5925,0.003042076107698577,0.020828963230426094
2015-06-12,5166.35,0.008701017209920892,0.01967968369283991
2015-06-15,5062.9929,-0.020208652400025784,0.018783492953949717
2015-06-16,4887.432,-0.03529077848493678,0.018881278464831258
2015-06-17,4967.8983,0.016329861235931276,0.021067491179828205
2015-06-18,4785.356,-0.03743645210565916,0.020530001218453883
2015-06-19,4478.3643,-0.06630255315121047,0.022730607478187382
2015-06-23,4576.4922,0.021674941331736974,0.030010950946778865
2015-06-24,4690.1497,0.02453169144331646,0.02904576196941169
2015-06-25,4527.7789,-0.035232990721951296,0.028401083290549314
2015-06-26,4192.8734,-0.0768452356496887,0.028974728396374636
2015-06-29,4053.0304,-0.033921426318825,0.036550759094852524
2015-06-30,4277.2219,0.05383886182446318,0.03600343236024123
2015-07-01,4053.6997,-0.05367373976087819,0.0378658653484302
2015-07-02,3912.7668,-0.03538522506383934,0.039444910577693296
2015-07-03,3686.9153,-0.0594545988529358,0.038729575588203266
2015-07-06,3775.9122,0.023851849512597667,0.04098372821327308
2015-07-07,3727.1248,-0.0130048905807989,0.03923058286539902
2015-07-08,3507.1923,-0.060821302467958915,0.03709801897841937
2015-07-09,3709.3304,0.056035572309212967,0.039840538112622524
2015-07-10,3877.8034,0.044417484145458985,0.0414005059348184
2015-07-13,3970.3878,0.02359491324791918,0.04134152098111395
2015-07-14,3924.4871,-0.011628105011716627,0.03954424046943431
2015-07-15,3805.7033,-0.03073485756032035,0.03734406583645362
2015-07-16,3823.1755,0.004580550040802933,0.03643004546172958
2015-07-17,3957.3516,0.03449365363235124,0.034271406538842614
2015-07-20,3992.1096,0.008744799332930597,0.03400488947488502
2015-07-21,4017.6748,0.006383514346158137,0.03208819959872144
2015-07-22,4026.045,0.0020811771740607554,0.030243397673814478
2015-07-23,4123.9234,0.024020487280028036,0.028459480163076808
2015-07-24,4070.908,-0.012938921386977498,0.027829556204237733
2015-07-27,3725.5582,-0.08864937744165324,0.02651946467614036
2015-07-28,3663.0024,-0.01693355395665641,0.0375727674691147
2015-07-29,3789.168,0.0338633309320997,0.03572225960911989
2015-07-30,3705.7656,-0.022256592852089696,0.03523357272221922
2015-07-31,3663.7256,-0.01140932389939664,0.03387045103616039
2015-08-03,3622.9051,-0.011204335369928486,0.03205486978262335
2015-08-04,3756.5449,0.03622340756331077,0.030359778192960686
2015-08-05,3694.5733,-0.01663455801821101,0.030757833224731405
2015-08-06,3661.5392,-0.008981461896413023,0.029415641104083956
2015-08-07,3744.2045,0.02232557239369548,0.027828131376295407
2015-08-10,3928.4154,0.04802696061467593,0.027118263017192328
2015-08-11,3927.9083,-0.00012909345899458913,0.029685443559600795
2015-08-12,3886.3198,-0.010644402017245369,0.027931035691926797
2015-08-13,3954.5561,0.0174057142580466,0.02651020324228776
2015-08-14,3965.3349,0.002721958333786745,0.025553083871015115
2015-08-17,3993.6677,0.007119716152175215,0.024081828344906034
2015-08-18,3748.1639,-0.06344393832325324,0.022801010275174886
2015-08-19,3794.1094,0.012183612690362722,0.029433222544331075
2015-08-20,3664.2907,-0.03481492291541777,0.027956117101815784
2015-08-21,3507.744,-0.04366168739199772,0.02853993299110349
2015-08-24,3209.905,-0.08873175410391632,0.03021933939087087
2015-08-25,2964.9674,-0.07937530424014039,0.03997388585075005
2015-08-26,2927.288,-0.012789640318580098,0.04519867256002306
2015-08-27,3083.5912,0.05201849466197306,0.04265111929449638
2015-08-28,3232.3495,0.04711438039700333,0.04329812401025084
2015-08-31,3205.9855,-0.008189740781336496,0.0433032937522511
2015-09-01,3166.6239,-0.012353526823295269,0.04076436074575102
2015-09-02,3160.167,-0.002041130280355574,0.03850409803835942
2015-09-07,3080.4201,-0.025558890515398502,0.036190974529022146
2015-09-08,3170.4522,0.028808243769661956,0.03497512292765778
2015-09-09,3243.0889,0.02265201228081537,0.03410824679183749
2015-09-10,3197.8932,-0.014034021857066037,0.03285044281374846
2015-09-11,3200.2337,0.0007316204073415378,0.031214925596553873
2015-09-14,3114.798,-0.027059535764342613,0.029362235052068867
2015-09-15,3005.1722,-0.03582943178684239,0.02893554553044149
2015-09-16,3152.2632,0.047785800209716456,0.029508570630395317
2015-09-17,3086.0611,-0.02122511820991413,0.03159167797216615
2015-09-18,3097.9172,0.00383446187926495,0.030471783230111165
2015-09-21,3156.5399,0.01874644461166497,0.028690351506684243
2015-09-22,3185.6187,0.009170065147735329,0.027634694985134916
2015-09-23,3115.8881,-0.022132308537544887,0.026169941965165793
2015-09-24,3142.6869,0.00856391871526796,0.025630026169809042
2015-09-25,3092.347,-0.01614778512860049,0.02428665977552127
2015-09-28,3100.7559,0.002715570951517421,0.02345662592617323
2015-09-29,3038.1368,-0.020401487692421227,0.022124961821821786
2015-09-30,3052.7814,0.004808676701442138,0.02185364567200971
2015-10-08,3143.3573,0.029238323064548766,0.020666855071207118
2015-10-09,3183.1516,0.01258034263913288,0.02156974899403995
2015-10-12,3287.6624,0.03230502033366989,0.02072639089127517
2015-10-13,3293.2301,0.0016920809231955047,0.022050322396498213
2015-10-14,3262.4414,-0.009393065644845322,0.02080318047179789
2015-10-15,3338.073,0.02291788358170166,0.01986366054383155
2015-10-16,3391.3516,0.015834849613330704,0.020094910733709913
2015-10-19,3386.7003,-0.0013724594614323848,0.019613053715592167
2015-10-20,3425.3303,0.011341820485277765,0.018530900119265725
2015-10-21,3320.6761,-0.031029498246583742,0.017872209793072413
2015-10-22,3368.7388,0.01437002422034972,0.019566081794757727
2015-10-23,3412.4338,0.012887330061191804,0.019021785521558518
2015-10-26,3429.5809,0.005012306068028494,0.018421250221057513
2015-10-27,3434.336,0.0013855356438536859,0.017483218169740994
2015-10-28,3375.1961,-0.017370176427149886,0.01654685811573991
2015-10-29,3387.3154,0.0035842639157550593,0.01661998581260487
2015-10-30,3382.5612,-0.0014045162304849867,0.015777450953471543
2015-11-02,3325.0846,-0.017138056632354903,0.014964935702816339
2015-11-03,3316.6954,-0.0025261916117091943,0.015216753592121633
2015-11-04,3459.6396,0.042195496013251343,0.014461199227407922
2015-11-05,3522.8185,0.01809695764516306,0.01912178456516094
2015-11-06,3590.0324,0.01889984808923728,0.01893952823069361
2015-11-09,3646.8811,0.01571108162723789,0.018856056693125102
2015-11-10,3640.4853,-0.0017553122187425885,0.01848839133672641
2015-11-11,3650.2494,0.002678497089624088,0.017487561285833494
2015-11-12,3632.9016,-0.004763826208636246,0.016565751998993912
2015-11-13,3580.8388,-0.014434593174348365,0.015765313172191913
2015-11-16,3606.9574,0.007267516838696864,0.015639320394591396
2015-11-17,3604.7951,-0.0005996600867259616,0.014999673205216524
2015-11-18,3568.4676,-0.010128671453584204,0.014237341959620078
2015-11-19,3617.062,0.013525834157730898,0.013912514347046991
2015-11-20,3630.4995,0.0037081480157254987,0.01389008696240861
2015-11-23,3610.3195,-0.005573969532425949,0.01325595642439758
2015-11-24,3616.1125,0.0016032811879824749,0.012749284428775329
2015-11-25,3647.93,0.008760329659855515,0.012161968691450465
2015-11-26,3635.5521,-0.0033988995226117424,0.011927710156540572
2015-11-27,3436.303,-0.056364799740036275,0.011449897166773372
2015-11-30,3445.4048,0.0026452170222164284,0.0209567514726469
2015-12-01,3456.3085,0.0031597108131595775,0.019793268646107975
2015-12-02,3536.9051,0.02305096721173605,0.018717272379637828
2015-12-03,3584.8237,0.013457216499476843,0.019117857264401496
2015-12-04,3524.992,-0.016831128957321084,0.01854867864373322
2015-12-07,3536.9272,0.0033801608389367743,0.018335505167764627
2015-12-08,3470.0698,-0.019083618566812177,0.01736553834798501
2015-12-09,3472.4394,0.0006826350599613562,0.0175198816265389
2015-12-10,3455.4951,-0.004891597571118567,0.016577113286281742
2015-12-11,3434.5813,-0.006070720559531395,0.015779833263039705
2015-12-14,3520.6682,0.02475577518056582,0.01508722707401753
2015-12-15,3510.354,-0.0029339140469755165,0.016297605175457426
2015-12-16,3516.1867,0.001660191433799696,0.015470434354402532
2015-12-17,3579.999,0.017985442556025077,0.014680118556411919
2015-12-18,3578.964,-0.0002891480252689149,0.015039476232597942
2015-12-21,3642.472,0.017589198971846187,0.01427299672989582
2015-12-22,3651.767,0.00254858801066149,0.014642866369436947
2015-12-23,3636.089,-0.0043025065767903214,0.013925748026742568
2015-12-24,3612.485,-0.006512752282613832,0.013314537820713297
2015-12-25,3627.914,0.004261926270741512,0.012848073864804918
2015-12-28,3533.779,-0.026289990880135505,0.01231378328258615
2015-12-29,3563.736,0.00844159621946794,0.014418389625916501
2015-12-30,3572.876,0.002561440918261937,0.013946668550712853
2015-12-31,3539.182,-0.00947524671135902,0.013282213346301345
2016-01-04,3296.258,-0.07110774131497877,0.013004983914299773
2016-01-05,3287.711,-0.0025963077290143133,0.025709235579385484
2016-01-06,3361.84,0.022296865180360115,0.024229105107613717
2016-01-07,3125.002,-0.07305351994597942,0.023883049551978865
2016-01-08,3186.412,0.019460595695569793,0.03228287220302186
2016-01-11,3016.704,-0.05473067422597566,0.03097012028853831
2016-01-12,3022.861,0.002038889268655808,0.033906805261730136
2016-01-13,2949.597,-0.024535183076191736,0.031886252505206235
2016-01-14,3007.649,0.019490159598917423,0.030987373935233126
2016-01-15,2900.9698,-0.036113615567433754,0.02978476450838559
2016-01-18,2913.8367,0.004425571513198001,0.030276889717543297
2016-01-19,3007.7393,0.0317180670537498,0.028516494021596454
2016-01-20,2976.694,-0.010375444739715967,0.028636488845975926
2016-01-21,2880.482,-0.032855647453276404,0.027153924746282775
2016-01-22,2916.562,0.012447884087563033,0.027610047491940067
2016-01-25,2938.515,0.007498826359546129,0.026280575710232436
2016-01-26,2749.785,-0.06638162489882582,0.02485712344571437
2016-01-27,2735.558,-0.005187289801798833,0.03147635546103596
2016-01-28,2655.661,-0.02964184907623224,0.029653905108967076
2016-01-29,2737.6,0.03038803622988251,0.02944694177910554
2016-02-01,2688.854,-0.017966543620160813,0.029313525850754647
2016-02-02,2749.57,0.022329455280416965,0.02817042946066074
2016-02-03,2739.247,-0.003761470703572023,0.02742782254842676
2016-02-04,2781.023,0.015135780511481123,0.02584923027834954
2016-02-05,2763.492,-0.006323748216648717,0.02480276216498723
2016-02-15,2746.196,-0.006278416061007874,0.023455867392334087
2016-02-16,2836.571,0.03237924697279393,0.022201801984140967
2016-02-17,2867.338,0.01078814490149771,0.023290153882145028
2016-02-18,2862.893,-0.001551421187578228,0.02221165410665946
2016-02-19,2860.021,-0.0010036845708674136,0.0209545859912441
2016-02-22,2927.175,0.023208826639383062,0.019778502477884347
2016-02-23,2903.331,-0.00817909557948937,0.02005415599827222
2016-02-24,2928.896,0.008766861694192052,0.019117258798871353
2016-02-25,2741.245,-0.06621336345334328,0.01826830557574313
2016-02-26,2767.21,0.009427395632605418,0.02717493920342616
2016-02-29,2687.979,-0.02904998226510891,0.025751943535614295
2016-03-01,2733.17,0.01667249758868472,0.025949657031021388
2016-03-02,2849.681,0.0417449504723173,0.024992058331894707
2016-03-03,2859.758,0.003529947675674272,0.02697206060806792
2016-03-04,2874.147,0.005018928707214876,0.02541666420698561
2016-03-07,2897.34,0.008037140115555452,0.02399029230070395
2016-03-08,2901.387,0.001395823827220255,0.022746000391903224
2016-03-09,2862.556,-0.013473966509276458,0.021450237272029236
2016-03-10,2804.726,-0.02040908051383017,0.020689660050464957
2016-03-11,2810.307,0.0019878785531091125,0.020579973721938268
2016-03-14,2859.499,0.017352704614629566,0.019434861866400047
2016-03-15,2864.368,0.001701297802485513,0.01914965621972154
2016-03-16,2870.43,0.0021141118685701343,0.018099963253787855
2016-03-17,2904.832,0.011913712973537827,0.017127372383947955
2016-03-18,2955.15,0.017173853684785634,0.01663398105886854
2016-03-21,3018.802,0.021310652952199582,0.016649169299763088
2016-03-22,2999.363,-0.006460131154399917,0.01713046278443697
2016-03-23,3009.96,0.0035268568470758765,0.01634742025716157
2016-03-24,2960.97,-0.016409872280070736,0.015523567057617869
2016-03-25,2979.434,0.006216432236003655,0.015622926897645509
2016-03-28,2957.82,-0.007280839081795776,0.014938177674442261
2016-03-29,2919.832,-0.012926430131619426,0.01437080181326127
2016-03-30,3000.645,0.027301185180465204,0.01426326217358103
2016-03-31,3003.915,0.0010891723367798534,0.01604726972147775
2016-04-01,3009.53,0.0018674824935960288,0.01521060643484479
2016-04-05,3053.065,0.014362083670704351,0.014441553165786948
2016-04-06,3050.592,-0.0008103339146767752,0.014437635958588324
2016-04-07,3008.42,-0.013920646145191284,0.013717783434766814
2016-04-08,2984.958,-0.007829347606316261,0.013783841606258021
2016-04-11,3033.957,0.016282031722793633,0.013348657902568584
2016-04-12,3023.646,-0.003404320143854278,0.013694959216328052
2016-04-13,3066.638,0.014118459544349093,0.013074854861487479
2016-04-14,3082.362,0.005114338680652253,0.01321604877027689
2016-04-15,3078.117,-0.0013781398075902729,0.012682525502646666
2016-04-18,3033.66,-0.014548235026181189,0.012100806771175886
2016-04-19,3042.823,0.003015891575849139,0.012452265364933842
2016-04-20,2972.584,-0.023354094715104523,0.011913953806132268
2016-04-21,2952.891,-0.0066469177595029905,0.013590968607372137
2016-04-22,2959.24,0.0021477881463241033,0.01310717535550271
2016-04-25,2946.67,-0.004256759409030586,0.01249987862215214
2016-04-26,2964.7,0.006100127689632195,0.01200327499716406
2016-04-27,2953.671,-0.00372704339313934,0.01161943715815024
2016-04-28,2945.589,-0.0027400063927993656,0.011178309359008575
2016-04-29,2938.324,-0.0024694463333938543,0.010744337821641721
2016-05-03,2992.643,0.018317592667444593,0.010340246062946996
2016-05-04,2991.272,-0.00045822844207776825,0.011481639243451169
2016-05-05,2997.842,0.0021939814922280476,0.010986380331797005
2016-05-06,2913.248,-0.028624086537909932,0.010549882212583647
2016-05-09,2832.113,-0.02824553378711947,0.013611690231984334
2016-05-10,2832.591,0.00016876433477719388,0.01575488000901902
2016-05-11,2837.037,0.0015683571872209257,0.014936124643512785
2016-05-12,2835.862,-0.00041425028607111614,0.014183852369561701
2016-05-13,2827.109,-0.0030913126591896045,0.013480607993141984
2016-05-16,2850.862,0.008366769948147557,0.012869121953142328
2016-05-17,2843.684,-0.0025210100336856556,0.012537269939268373
2016-05-18,2807.514,-0.012801000395637807,0.011986702282066268
2016-05-19,2806.906,-0.00021658515122791044,0.012157978337233633
2016-05-20,2825.483,0.006596514325715397,0.011608091223961364
2016-05-23,2843.645,0.006407356523090435,0.011287939217269295
2016-05-24,2821.666,-0.007759189308547576,0.010987534153447226
2016-05-25,2815.0863,-0.002334572334642182,0.010822166378928117
2016-05-26,2822.443,0.002609903659713808,0.010408144549958774
2016-05-27,2821.046,-0.0004950838137665059,0.01003007926725317
2016-05-30,2822.451,0.0004979182336866117,0.009655388507918604
2016-05-31,2916.616,0.03281838372698598,0.00931183312969571
2016-06-01,2913.508,-0.0010661866863967973,0.013704678742154053
2016-06-02,2925.229,0.004014914782001,0.013041485934456925
2016-06-03,2938.682,0.0045884132971192315,0.012483496422957614
2016-06-06,2934.098,-0.0015611008520490799,0.01199094112052291
2016-06-07,2936.045,0.0006633569476575119,0.011466119870575196
2016-06-08,2927.159,-0.0030311095446906577,0.010971832449219694
2016-06-13,2833.071,-0.0326710457592867,0.010563695345972892
2016-06-14,2842.189,0.003213247620460713,0.01450673688097684
2016-06-15,2887.21,0.015716107976984972,0.01381304666869587
2016-06-16,2872.817,-0.00499755641982258,0.014030526912505118
2016-06-17,2885.105,0.004268212961154205,0.013435737493219316
2016-06-20,2888.809,0.001283012011644935,0.012854064673630714
2016-06-21,2878.558,-0.003554832142643072,0.01225520864439281
2016-06-22,2905.55,0.00933322681290516,0.011755088389924551
2016-06-23,2891.96,-0.004688228184774879,0.011607255668870433
2016-06-24,2854.286,-0.013112748677031938,0.011204435555867092
2016-06-27,2895.703,0.01440618975051322,0.011518146753992714
2016-06-28,2912.557,0.005803475500060884,0.011907442526528759
2016-06-29,2931.592,0.006514230664820708,0.011517353394332802
2016-06-30,2929.606,-0.0006776771834031692,0.01120112818059511
2016-07-01,2932.476,0.000979174371599889,0.010729954681057143
2016-07-04,2988.604,0.01895927137480591,0.010297845153647536
2016-07-05,3006.392,0.005934299940047794,0.011551334252482502
2016-07-06,3017.292,0.0036190516955834084,0.01120036585336455
2016-07-07,3016.847,-0.00014749411666059586,0.010782829978765342
2016-07-08,2988.094,-0.009576520316802117,0.01034321484829437
2016-07-11,2994.917,0.002280792382890695,0.010402993079504796
2016-07-12,3049.381,0.018022100873697156,0.010017769935704857
2016-07-13,3060.689,0.0037014348151664933,0.011179656055138248
2016-07-14,3054.018,-0.002181953328811659,0.01076660248118043
2016-07-15,3054.296,9.102348052003606e-05,0.0103537905690719
2016-07-18,3043.564,-0.003519927017244129,0.009949589688467661
2016-07-19,3036.598,-0.0022913873176051425,0.009649050752851149
2016-07-20,3027.9,-0.002868499903582844,0.00933675946298045
2016-07-21,3039.009,0.0036621654999784425,0.00907029199718811
2016-07-22,3012.816,-0.008656285849658829,0.008848900784629717
2016-07-25,3015.828,0.0009992297606604694,0.009015709305642577
2016-07-26,3050.166,0.011321596026009573,0.008732812178772507
2016-07-27,2991.999,-0.019254289480199915,0.009181182097098211
2016-07-28,2994.323,0.0007764367225000512,0.010789311320833451
2016-07-29,2979.339,-0.005016698777237316,0.010350811956241459
2016-08-01,2953.385,-0.008749493680323184,0.010079100481870983
2016-08-02,2971.279,0.006040529694056218,0.010096468004425513
2016-08-03,2978.461,0.002414224315128166,0.00989228705999743
2016-08-04,2982.426,0.0013303391205949922,0.009554777336022079
2016-08-05,2976.696,-0.0019231026872583712,0.009227135724884278
2016-08-08,3004.277,0.00922297944188788,0.008944376598362518
2016-08-09,3025.681,0.007099250076224806,0.009128419459845964
2016-08-10,3018.746,-0.002294676747039759,0.009101851146863625
2016-08-11,3002.638,-0.005350277751729138,0.008840104067645098
2016-08-12,3050.667,0.015869019620680547,0.008742418075274837
2016-08-15,3125.195,0.02413642600650512,0.009833042322772266
2016-08-16,3110.037,-0.004862058015083548,0.0121398679568725
2016-08-17,3109.555,-0.00015499408995545139,0.011697869198344825
2016-08-18,3104.114,-0.0017513006858429492,0.011184129650055354
2016-08-19,3108.102,0.0012839220490192815,0.010727798659743933
2016-08-22,3084.805,-0.007523804216305052,0.01029883371961226
2016-08-23,3089.706,0.0015874944685556613,0.0101908147842122
2016-08-24,3085.88,-0.0012390728554354524,0.009811232008473756
2016-08-25,3068.329,-0.005703754156520802,0.009463279905886078
2016-08-26,3070.309,0.0006450942598874576,0.009320259991025148
2016-08-29,3070.027,-9.18516511791978e-05,0.009007057059117996
2016-08-30,3074.677,0.0015134987422147361,0.008720897024309523
2016-08-31,3085.491,0.0035109468145826384,0.00847209617870208
2016-09-01,3063.305,-0.007216403432686036,0.008304454169550259
2016-09-02,3067.352,0.001320250207390572,0.008410816979433269
2016-09-05,3072.095,0.0015450906062337566,0.008188523548217214
2016-09-06,3090.713,0.006042069342402812,0.007991456892467637
2016-09-07,3091.928,0.0003930359261161698,0.008022026082257995
2016-09-08,3095.954,0.0013012531810048245,0.007829100171646227
2016-09-09,3078.855,-0.0055383231146031164,0.0076638135454644525
2016-09-12,3021.977,-0.018646521653515435,0.007717233933410302
2016-09-13,3023.51,0.0005071551829836096,0.009608340514430888
2016-09-14,3002.849,-0.006856903464154129,0.009268946198240521
2016-09-19,3026.051,0.007696964470046197,0.009227246461177811
2016-09-20,3023.0,-0.0010087533594003162,0.009236284508581208
2016-09-21,3025.874,0.0009502595743491327,0.008936372966782095
2016-09-22,3042.313,0.005418106005988577,0.008660276425818174
2016-09-23,3033.896,-0.002770479219448063,0.008570563701916719
2016-09-26,2980.43,-0.017780016748450755,0.008374862778663518
2016-09-27,2998.172,0.005935184206014021,0.009922404326006972
2016-09-28,2987.858,-0.0034460269015195166,0.009729722559898095
2016-09-29,2998.483,0.003549751394682943,0.009446860461111773
2016-09-30,3004.703,0.002072233719163208,0.009184830210625244
2016-10-10,3048.143,0.014353824906276458,0.008903510739380598
2016-10-11,3065.25,0.0055965793959824595,0.00972883080285818
2016-10-12,3058.498,-0.002205186345410226,0.009536158415007712
2016-10-13,3061.346,0.0009307427462523776,0.00923190788941401
2016-10-14,3063.809,0.0008042245895012456,0.008928732387973478
2016-10-17,3041.166,-0.007417918608501495,0.008652076589383051
2016-10-18,3083.875,0.013945928590533896,0.008730927846054178
2016-10-19,3084.719,0.0002736442065298661,0.00953038227914043
2016-10-20,3084.458,-8.461420385863505e-05,0.009197184407167647
2016-10-21,3090.941,0.002099622188508121,0.008893791097370703
2016-10-24,3128.247,0.011997208466015152,0.008640198074046855
2016-10-25,3131.939,0.0011795178060349798,0.009188913909653398
2016-10-26,3116.312,-0.005002050200269892,0.008892208336269825
2016-10-27,3112.35,-0.0012721835072628807,0.008767748607789514
2016-10-28,3104.27,-0.0025994847843140434,0.008514833997894862
2016-10-31,3100.492,-0.0012177744986470174,0.008318904326842692
2016-11-01,3122.436,0.007052657834952569,0.008107928321893951
2016-11-02,3102.733,-0.0063301304084948384,0.008203667684743664
2016-11-03,3128.936,0.008409674656521204,0.008249494167606175
2016-11-04,3125.317,-0.0011572926147742635,0.008449913906095579
2016-11-07,3133.333,0.00256157618118813,0.008225315894456516
2016-11-08,3147.888,0.004634457552521454,0.008048970322171384
2016-11-09,3128.37,-0.006219649644599201,0.007981125501076712
2016-11-10,3171.282,0.0136238204059147,0.008046307046858407
2016-11-11,3196.044,0.007777872479570291,0.0089353660299122
2016-11-14,3210.371,0.0044727117692122675,0.00898704087208365
2016-11-15,3206.986,-0.0010549515365720907,0.0088101372176126
2016-11-16,3205.057,-0.0006016803250368241,0.008549965396136786
2016-11-17,3208.453,0.0010590145855822186,0.00830905883583609
2016-11-18,3192.856,-0.004873075449090436,0.008093164535642084
2016-11-21,3218.148,0.007890224749200314,0.008049801015838243
2016-11-22,3248.352,0.009341752000022296,0.008228215434806726
2016-11-23,3241.137,-0.002223596641526271,0.008527773237363217
2016-11-24,3241.736,0.00018479461242115747,0.008319086187348668
2016-11-25,3261.938,0.006212508491378443,0.008096909903778666
2016-11-28,3277.0,0.004606872442815657,0.008127135540465319
2016-11-29,3282.924,0.0018061189764910779,0.008048991662260814
2016-11-30,3250.034,-0.010069030867782658,0.007870852793970725
2016-12-01,3273.309,0.007135942036693876,0.008341139773964905
2016-12-02,3243.843,-0.009042661820778619,0.008413795419219742
2016-12-05,3204.709,-0.01213744742266698,0.00868142285670275
2016-12-06,3199.647,-0.0015807993978249613,0.009275137492232154
2016-12-07,3222.242,0.007036899341642311,0.008980792358037826
2016-12-08,3215.366,-0.002136197983721999,0.008966859409896336
2016-12-09,3232.883,0.00543311621185083,0.008713591837217597
2016-12-12,3152.97,-0.025029443020782693,0.008618909504609867
2016-12-13,3155.037,0.0006553575714107751,0.011546680017669888
2016-12-14,3140.531,-0.004608329437985503,0.011045890865812534
2016-12-15,3117.677,-0.007303720679848524,0.010689824439618736
2016-12-16,3122.982,0.0017001413721953185,0.010523416038255136
2016-12-19,3118.0846,-0.0015694115506512674,0.010117174580186381
2016-12-20,3102.8759,-0.004889511933063417,0.00974783641192227
2016-12-21,3137.4297,0.011074506720518684,0.009528602211612459
2016-12-22,3139.558,0.0006781278483494191,0.00982524855107394
2016-12-23,3110.1544,-0.00940965441966668,0.009467769885205365
2016-12-26,3122.569,0.003983689190530271,0.00962491078800979
2016-12-27,3114.664,-0.0025347791985765866,0.009362959832980005
2016-12-28,3102.2357,-0.003998236148621714,0.009083632590827962
2016-12-29,3096.0968,-0.001980823715813429,0.008886621712189681
2016-12-30,3103.6373,0.002432524878189568,0.008637017431727094
2017-01-03,3135.9208,0.010348100800440463,0.008416293590796509
2017-01-04,3158.794,0.007267462116789858,0.008799610328485518
2017-01-05,3165.4109,0.0020925642097768815,0.008825728744391373
2017-01-06,3154.321,-0.003509614508557135,0.008578399502444642
2017-01-09,3171.2362,0.005348221440296896,0.008410701908662107
2017-01-10,3161.6713,-0.0030207001359201513,0.008344573556669815
2017-01-11,3136.7535,-0.007912432327968233,0.008180817702950946
2017-01-12,3119.2886,-0.005583384859621177,0.008367752408319377
2017-01-13,3112.7644,-0.0020937570278718454,0.008338944774607861
2017-01-16,3103.428,-0.0030038989850158515,0.008145246953323793
2017-01-17,3108.7746,0.001721322263424696,0.008001423829340411
2017-01-18,3113.0123,0.0013622133716282292,0.007826285396556188
2017-01-19,3101.2992,-0.0037697221553969484,0.007662239686117018
2017-01-20,3123.1389,0.00701743330805904,0.007605421865642803
2017-01-23,3136.7748,0.004356584522003715,0.007765499312232483
2017-01-24,3142.5533,0.0018404840578920556,0.007714320078256075
2017-01-25,3149.5547,0.0022254554084657485,0.0075709639247351765
2017-01-26,3159.166,0.0030469909489152514,0.007452365903389372
2017-02-03,3140.17,-0.006031130132079454,0.0073743946342713675
2017-02-06,3156.9838,0.00534013952674961,0.007503902472020514
2017-02-07,3153.0878,-0.001234851438159268,0.007544791750387114
2017-02-08,3166.9818,0.0043967941058742355,0.007411914473049414
2017-02-09,3183.1794,0.005101487857904985,0.0074042126404237725
2017-02-10,3196.699,0.004238206244501441,0.007441305572029169
2017-02-13,3216.8394,0.006280609843985374,0.007421165605022759
2017-02-14,3217.928,0.00033834945157096286,0.007543589549218618
2017-02-15,3212.9857,-0.0015370447197948778,0.007398562289008974
2017-02-16,3229.6184,0.005163358385679828,0.007287326568420335
2017-02-17,3202.0756,-0.008564763300936917,0.007343280356234475
2017-02-20,3239.9613,0.011762160749055894,0.007724587973030336
2017-02-21,3253.3257,0.004116380154204791,0.008408213474790207
2017-02-22,3261.2184,0.0024231024429735015,0.008274122398698363
2017-02-23,3251.375,-0.003022884092720446,0.008088827623789506
2017-02-24,3253.4327,0.0006326705303330016,0.007951648316152115
2017-02-27,3228.6602,-0.007643401903097313,0.007766845724264542
2017-02-28,3241.7331,0.004040841779522353,0.007986498082495717
2017-03-01,3246.9335,0.0016029182678209963,0.007894124642743928
2017-03-02,3230.0281,-0.005220175580369357,0.007727453628324278
2017-03-03,3218.3118,-0.003633900530907397,0.007750299468953037
2017-03-06,3233.8657,0.004821296416306353,0.00767676525590381
2017-03-07,3242.4063,0.0026375065627295413,0.007662857014250621
2017-03-08,3240.6646,-0.0005373071091661075,0.007547142474032612
2017-03-09,3216.7457,-0.007408235896953386,0.0074044588660923975
2017-03-10,3212.7601,-0.0012397844047402629,0.0076541465921303505
2017-03-13,3237.0244,0.007524100834984893,0.007510023528516305
2017-03-14,3239.3278,0.0007113263843567807,0.007730308853345941
2017-03-15,3241.7597,0.0007504605096411154,0.007568217327605749
2017-03-16,3268.9354,0.008348066498514939,0.007422966352529742
2017-03-17,3237.4471,-0.009679279028071974,0.007739516655494778
2017-03-20,3250.8082,0.004118555225922194,0.00818478118191956
2017-03-21,3261.6108,0.0033175414259591918,0.008074671110513345
2017-03-22,3245.2198,-0.005038100936671341,0.007940398763353385
2017-03-23,3248.5495,0.0010255061853854386,0.00792538172890749
2017-03-24,3269.4451,0.006411687295456048,0.007746732479822774
2017-03-27,3266.9552,-0.0007618566814020511,0.00783672774515611
2017-03-28,3252.9479,-0.004296788260758078,0.007666899701035273
2017-03-29,3241.3144,-0.0035827048266110495,0.007638331895290555
2017-03-30,3210.2369,-0.009634191509256596,0.007574839130493298
2017-03-31,3222.5142,0.003817127296331435,0.008042580197744578
2017-04-05,3270.3054,0.014721512705405004,0.00793336478763603
2017-04-06,3281.0047,0.0032663114244524394,0.009018623028713724
2017-04-07,3286.616,0.0017087775380755232,0.008787295024670686
2017-04-10,3269.3926,-0.005254245585947004,0.008535648039331458
2017-04-11,3288.9657,0.0059689200306465295,0.008465826187465362
2017-04-12,3273.8301,-0.004612554556393533,0.00843427238801589
2017-04-13,3275.9603,0.000650463585861516,0.00833705893825587
2017-04-14,3246.0668,-0.009166999425257671,0.008114814637288872
2017-04-17,3222.1673,-0.007389840377614476,0.008440853492684504
2017-04-18,3196.7133,-0.007931019443955023,0.008544566932541008
2017-04-19,3170.6867,-0.008174999198303112,0.008683489875635712
2017-04-20,3172.1003,0.00044573466629138636,0.008826575673765089
2017-04-21,3173.1512,0.0003312398285899576,0.008557262432572372
2017-04-24,3129.5312,-0.013841946553391438,0.00831269599624691
2017-04-25,3134.5674,0.0016079571560698724,0.009218799000544772
2017-04-26,3140.8471,0.0020013664742286608,0.0089254579308396
2017-04-27,3152.1869,0.003603925316058465,0.008666708683172158
2017-04-28,3154.6584,0.000783751625082374,0.008483093722122631
2017-05-02,3143.7121,-0.0034759184208379423,0.008247875428777921
2017-05-03,3135.346,-0.0026647643061679105,0.008113037854388685
2017-05-04,3127.3687,-0.0025475547574949076,0.00795995789647016
2017-05-05,3103.0378,-0.00781041291194029,0.007818669991449296
2017-05-08,3078.6129,-0.007902428750243828,0.008047195545816111
2017-05-09,3080.5269,0.0006215153816153673,0.008251968769828453
2017-05-10,3052.785,-0.009046365045259463,0.008037730294980892
2017-05-11,3061.5003,0.0028508011893020324,0.00836238434015873
2017-05-12,3083.5132,0.0071645063628835715,0.008181429166771736
2017-05-15,3090.2289,0.0021755695460097257,0.008277070179573062
2017-05-16,3112.9642,0.007330225396785295,0.008084840571198517
2017-05-17,3104.4415,-0.0027415632015674873,0.008207508897505017
2017-05-18,3090.139,-0.004617754314477196,0.008047436876788569
2017-05-19,3090.6309,0.0001591711094235393,0.007993801268925786
2017-05-22,3075.6756,-0.004850660382668792,0.007803214386417183
2017-05-23,3061.947,-0.004473596306146632,0.007792359075448403
2017-05-24,3064.0759,0.0006950349747150142,0.00775954442698067
2017-05-25,3107.8311,0.014179064287382914,0.007594376649789775
2017-05-26,3110.0587,0.0007165132117012973,0.008668900417891198
2017-05-31,3117.1778,0.0022864405748670436,0.008415677338162241
2017-06-01,3102.6232,-0.004680093966387133,0.00821263250241759
2017-06-02,3105.54,0.0009396660882305952,0.00814396696966575
2017-06-05,3091.6561,-0.0044807112780098635,0.007942810560330778
2017-06-06,3102.126,0.0033807808551422625,0.007893058964141804
2017-06-07,3140.3249,0.012238583020019789,0.007780662660814323
2017-06-08,3150.3336,0.003182086086980007,0.008520227493106658
2017-06-09,3158.4004,0.0025573449114872915,0.008334991930741852
2017-06-12,3139.8766,-0.005882197118555865,0.008147526259108901
2017-06-13,3153.7429,0.0044064698975834204,0.008166253687000908
2017-06-14,3130.674,-0.007341652848479541,0.008072899860072322
2017-06-15,3132.4863,0.0005787174409626061,0.008221328758086151
2017-06-16,3123.1662,-0.002979739330461584,0.008009800687273728
2017-06-19,3144.3739,0.006767497487867757,0.007879221824464636
2017-06-20,3140.0136,-0.0013876613113623648,0.007980968163603783
2017-06-21,3156.2118,0.0051453798770193515,0.007806397699745324
2017-06-22,3147.4532,-0.0027788931157779473,0.007797451612797561
2017-06-23,3157.873,0.003305081816421307,0.0076816284964194865
2017-06-26,3185.4439,0.00869295167062134,0.007588955939272654
2017-06-27,3191.1969,0.001804398817920827,0.007916546398037799
2017-06-28,3173.2014,-0.005655066546557563,0.007751705218814041
2017-06-29,3188.0625,0.004672381863056074,0.007802673100979586
2017-06-30,3192.4269,0.0013680457429110504,0.007765112119394941
2017-07-03,3195.9116,0.001090956700437573,0.007607367110025502
2017-07-04,3182.8039,-0.004109830090351707,0.007461711275145625
2017-07-05,3207.1342,0.007615227940783953,0.007446501999196702
2017-07-06,3212.444,0.0016542523653271246,0.007684869552975955
2017-07-07,3217.9567,0.0017145747544180523,0.007540566513512879
2017-07-10,3212.6319,-0.0016560851729785497,0.007412521437541166
2017-07-11,3203.0375,-0.0029909294117782537,0.007302613461957697
2017-07-12,3197.5439,-0.0017165944796815324,0.007249814460611964
2017-07-13,3218.1632,0.0064277781611234985,0.00715896313797147
2017-07-14,3222.4168,0.0013208750200881525,0.00732971788488947
2017-07-17,3176.4648,-0.014362756749800809,0.0072164418255284656
2017-07-18,3187.5672,0.0034891123310796246,0.008455036969373012
2017-07-19,3230.9762,0.013526328059461079,0.008288252436352452
2017-07-20,3244.8647,0.004289333696824826,0.009113529675047909
2017-07-21,3237.9817,-0.0021234507688809856,0.008915008112819868
2017-07-24,3250.5989,0.0038890526851549367,0.008666313408196152
2017-07-25,3243.6894,-0.0021278706111917955,0.008494887211435955
2017-07-26,3247.6748,0.0012279084574409183,0.008286762312840291
2017-07-27,3249.7814,0.0006484384069604943,0.008075143098408028
2017-07-28,3253.2404,0.0010638132340918816,0.007878275371175634
2017-07-31,3273.0283,0.006064096208225678,0.007704787908425646
2017-08-01,3292.6383,0.005973516325598283,0.00777298688297923
2017-08-02,3285.0568,-0.0023052158064764683,0.00782569713890898
2017-08-03,3272.9286,-0.0036987620701314228,0.0076904261424739365
2017-08-04,3262.0809,-0.003319875805299688,0.007626822158056605
2017-08-07,3279.4566,0.005312433312399278,0.007552174914127799
2017-08-08,3281.8728,0.000736497121824442,0.007585160823262404
2017-08-09,3275.573,-0.0019214194460168699,0.0074380545859648334
2017-08-10,3261.7494,-0.004229138401870003,0.007332369334503526
2017-08-11,3208.5413,-0.01644726702918753,0.007339556992739147
2017-08-14,3237.3602,0.008941834441944962,0.008918577717028461
2017-08-15,3251.2617,0.00428489176403879,0.009078495924295679
2017-08-16,3246.4512,-0.0014806751091995807,0.008883288873128196
2017-08-17,3268.4298,0.006747224816946229,0.008623216973241778
2017-08-18,3268.7243,9.010036957768364e-05,0.00862979665629998
2017-08-21,3286.9055,0.005546758181599998,0.008378189151339787
2017-08-22,3290.2257,0.0010096195989000023,0.008328428351064954
2017-08-23,3287.7049,-0.0007664416901569382,0.008110114838878328
2017-08-24,3271.5117,-0.004937550895444787,0.007913196165852955
2017-08-25,3331.5221,0.018177114984569087,0.007894888087788083
2017-08-28,3362.6514,0.00930048328966393,0.009595756219315785
2017-08-29,3365.2261,0.0007653825818589866,0.009700364249316069
2017-08-30,3363.6266,-0.000475415379542099,0.009354312985119356
2017-08-31,3360.8103,-0.0008376315241118704,0.009038622918881547
2017-09-01,3367.1194,0.001875495770816471,0.008754653317827833
2017-09-04,3379.583,0.0036947277171712756,0.008509338256570662
2017-09-05,3384.317,0.0013997843767601381,0.008345547184581296
2017-09-06,3385.3888,0.00031664596383329524,0.008130747105006456
2017-09-07,3365.4974,-0.005892991520017432,0.007926965127183593
2017-09-08,3365.2426,-7.571232884373558e-05,0.007973752521911555
2017-09-11,3376.4188,0.003315565578034807,0.007785407174326546
2017-09-12,3379.488,0.0009085975582578953,0.007681891225184514
2017-09-13,3384.147,0.00137766178597154,0.007526492143801434
2017-09-14,3371.4256,-0.0037661988968817894,0.0073934706319895415
2017-09-15,3353.6192,-0.0052955607409472805,0.007367412446198708
2017-09-18,3362.8587,0.002751294939359994,0.007440817502712205
2017-09-19,3356.8446,-0.001789990223468152,0.007352995987216054
2017-09-20,3365.9959,0.0027224521100155386,0.007252883781964958
2017-09-21,3357.8123,-0.002434216978686621,0.007184806158227748
2017-09-22,3352.5294,-0.0015745550160151112,0.007123303113201384
2017-09-25,3341.5487,-0.0032807235544218827,0.007042738605755824
2017-09-26,3343.5826,0.0006084847017895356,0.007033379482579533
2017-09-27,3345.2717,0.0005050491340217178,0.006943519484715549
2017-09-28,3339.6421,-0.001684270433171875,0.006862825623664654
2017-09-29,3348.9431,0.0027811579630157013,0.0068141660615099854
2017-10-09,3374.3781,0.007566237157217159,0.006798627640536486
2017-10-10,3382.9879,0.0025482724064715967,0.0071317980496403395
2017-10-11,3388.2838,0.0015642264302684339,0.007071165369499848
2017-10-12,3386.1,-0.0006447228678254646,0.00699030459729533
2017-10-13,3390.5233,0.0013054586133449675,0.006907813460331945
2017-10-16,3378.4704,-0.0035612125737802813,0.0068401263883033974
2017-10-17,3372.0407,-0.0019049526322127974,0.006869665394153695
2017-10-18,3381.7937,0.0028881391523096767,0.006826451427561716
2017-10-19,3370.1721,-0.003442437897625439,0.006813713204915644
2017-10-20,3378.6481,0.0025118477616352664,0.006840224846681509
2017-10-23,3380.699,0.0006068337762794584,0.006811672869790012
2017-10-24,3388.2477,0.0022303922497552975,0.006746192190422419
2017-10-25,3396.8975,0.002549629943292331,0.006719259352531751
2017-10-26,3407.5671,0.0031360612103163987,0.006706238082549104
2017-10-27,3416.8124,0.002709493414334574,0.006718483836536161
2017-10-30,3390.3371,-0.007778713688601613,0.006711511857416961
2017-10-31,3393.3417,0.0008858320934876929,0.007109878318390125
2017-11-01,3395.9125,0.0007573144404773302,0.007014187962139769
2017-11-02,3383.3095,-0.003718130050666346,0.006927603602926156
2017-11-03,3371.7441,-0.003424224879772453,0.006954885496237853
2017-11-06,3388.1742,0.004861044652937352,0.006963202842703641
2017-11-07,3413.5748,0.00746887839557786,0.0070401621331675455
2017-11-08,3415.4602,0.0005521717337515497,0.00732530726374049
2017-11-09,3427.7946,0.0036048382582460903,0.007203893568734392
2017-11-10,3432.6731,0.0014222064837650095,0.007178693478514414
2017-11-13,3447.8358,0.004407442753342039,0.007083361750309071
2017-11-14,3429.5482,-0.005318197472373498,0.007116213583781528
2017-11-15,3402.5245,-0.007910876280011081,0.007224174582467179
2017-11-16,3399.2503,-0.0009627487969456894,0.007553022099164215
2017-11-17,3382.9075,-0.00481936047899012,0.007414781153664754
2017-11-20,3392.3988,0.0028017349440467854,0.0074490231635817574
2017-11-21,3410.4977,0.0053209519510168946,0.007362117365497887
2017-11-22,3430.4643,0.005837382723907325,0.00741950647524676
2017-11-23,3351.9182,-0.02316283746761627,0.007507226911309614
2017-11-24,3353.8207,0.0005674244343296664,0.01041662130620242
2017-11-27,3322.2298,-0.009464019420835967,0.010008085779706003
2017-11-28,3333.657,0.0034337156177617345,0.010099666650295635
2017-11-29,3337.862,0.0012605826519678232,0.009773022333367541
2017-11-30,3317.1884,-0.006212925600324937,0.00942527351478291
2017-12-01,3317.6174,0.0001293180278452155,0.009319627561886966
2017-12-04,3309.6183,-0.002414009172639453,0.009005005358714523
2017-12-05,3303.6751,-0.001797350046480517,0.008755773880143052
2017-12-06,3293.9648,-0.0029435698699842305,0.00851425536371373
2017-12-07,3272.0542,-0.006673962206939166,0.00833037447801954
2017-12-08,3289.9924,0.005467271348736702,0.008387714861514866
2017-12-11,3322.1956,0.009740634906169277,0.008331732914959662
2017-12-12,3280.8136,-0.012534449232859401,0.008659230962344163
2017-12-13,3303.0373,0.00675099869151552,0.009310171435342553
2017-12-14,3292.4385,-0.0032139634636845216,0.009236854509619677
2017-12-15,3266.1371,-0.00802050402345067,0.008992015741121247
2017-12-18,3267.9224,0.0005464596838855584,0.009080373030769015
2017-12-19,3296.5384,0.00871851691591452,0.008788258893282006
2017-12-20,3287.6057,-0.0027133991434382665,0.008944263902500676
2017-12-21,3300.0593,0.00378088892968087,0.008710075049525813
2017-12-22,3297.063,-0.0009083658206634482,0.00852948527612927
2017-12-25,3280.461,-0.005048110886802348,0.008293786790293065
2017-12-26,3306.1246,0.007792726438344388,0.008238359284583599
2017-12-27,3275.7828,-0.009219824312273417,0.008381877196889816
2017-12-28,3296.3847,0.00626945904275189,0.008673146851560032
2017-12-29,3307.1721,0.0032671513011415243,0.008638509618105372
2018-01-02,3348.3259,0.012367015815918592,0.008444570521831393
2018-01-03,3369.1084,0.006187650040217818,0.00907669441452286
2018-01-04,3385.7102,0.004915552707403847,0.008990406908568572
2018-01-05,3391.7501,0.001782349532595262,0.008836065150167919
2018-01-08,3409.4795,0.0052135984820900205,0.008581224914623925
2018-01-09,3413.8996,0.0012955752724526093,0.008487816138156828
2018-01-10,3421.8343,0.002321536701039406,0.008257792795523012
2018-01-11,3425.3449,0.0010254150519699579,0.008071307799287775
2018-01-12,3428.9407,0.0010492122854852681,0.007878201729647058
2018-01-15,3410.4882,-0.0053959314562117555,0.007704545972095203
2018-01-16,3436.594,0.0076254164139157865,0.007742556988753906
2018-01-17,3444.6713,0.0023476216531630456,0.00793912252813934
2018-01-18,3474.754,0.008695198873532206,0.007785590110612888
2018-01-19,3487.864,0.0037658293168618684,0.008083064943581847
2018-01-22,3501.3622,0.0038625783158110494,0.00796713301537837
2018-01-23,3546.5048,0.012810462329454708,0.007868231238943492
2018-01-24,3559.4653,0.003647781847933018,0.00867282373128378
2018-01-25,3548.307,-0.003139748628852246,0.008490397793105169
2018-01-26,3558.1288,0.0027642003756280786,0.008316402777427684
2018-01-29,3523.0007,-0.009921690647482606,0.008137230077914077
2018-01-30,3488.009,-0.009982011734742002,0.00854568553892942
2018-01-31,3480.8334,-0.0020593384450489083,0.00889645365822679
2018-02-01,3446.9799,-0.009773291513385018,0.008647871780319564
2018-02-02,3462.0808,0.004371339231806104,0.0089596462616446
2018-02-05,3487.497,0.007314491340054019,0.008780594742954362
2018-02-06,3370.652,-0.034078089470957806,0.008812869281960454
2018-02-07,3309.2598,-0.018381658457656158,0.013784764311741943
2018-02-08,3262.0504,-0.014368584280207486,0.014357611051099886
2018-02-09,3129.8508,-0.041370619038948675,0.014390305103042558
2018-02-12,3154.1254,0.007725911102332006,0.018950309548679614
2018-02-13,3184.9587,0.009728075120465363,0.018067883939279914
2018-02-14,3199.1589,0.004448609599121411,0.01735353608586676
2018-02-22,3268.5589,0.021461252900770944,0.016478186326228602
2018-02-23,3289.0241,0.00624171022824882,0.017003190497240358
2018-02-26,3329.5737,0.012253383144100738,0.016211376521067862
2018-02-27,3292.0679,-0.01132836941779658,0.015831229321679244
2018-02-28,3259.408,-0.009970324565324873,0.01543820403261395
2018-03-01,3273.7549,0.0043920297969428646,0.01498651372975364
2018-03-02,3254.5283,-0.005890263948478136,0.014287000355247593
2018-03-05,3256.9263,0.0007365482079570995,0.013707855443107129
2018-03-06,3289.6419,0.00999481601580321,0.013040355211038376
2018-03-07,3271.6683,-0.005478675572378577,0.012807594828702324
2018-03-08,3288.4055,0.0051027585443073065,0.012335026082386702
2018-03-09,3307.1656,0.005688711502772392,0.011875401757003
2018-03-12,3326.6992,0.005889072823428876,0.011482592698439318
2018-03-13,3310.2389,-0.004960219155512036,0.011135641488404674
2018-03-14,3291.3819,-0.005712855026706265,0.01078749640195714
2018-03-15,3291.112,-8.200539316938205e-05,0.010510771778027398
2018-03-16,3269.8821,-0.006471572377883206,0.01009361010970567
2018-03-19,3279.2517,0.002861326910913675,0.009933277595105667
2018-03-20,3290.6399,0.0034667882209404866,0.009603811759974549
2018-03-21,3280.9521,-0.0029483896803093046,0.009323962096523522
2018-03-22,3263.4803,-0.0053394520538407875,0.009061378816770762
2018-03-23,3152.7608,-0.034515689182173404,0.00893889427727778
2018-03-26,3133.7218,-0.006057141782296327,0.013964291003605103
2018-03-27,3166.6488,0.010452496170680448,0.013419615296315386
2018-03-28,3122.2895,-0.01410732100317702,0.013182922610873778
2018-03-29,3160.5306,0.012173378081657305,0.01333644528966279
2018-03-30,3168.8966,0.0026435266913118483,0.013254442271535606
2018-04-02,3163.179,-0.001805917021558301,0.012644681859826012
2018-04-03,3136.6332,-0.008427539193712974,0.012072007072534264
2018-04-04,3131.1114,-0.001761973973399833,0.011841663620819589
2018-04-09,3138.2936,0.002291191314629515,0.011331950740205422
2018-04-10,3190.3216,0.01644251404932362,0.010868677354501746
2018-04-11,3208.0818,0.005551461670016522,0.011628473814327514
2018-04-12,3180.1583,-0.008742213004975241,0.011251306846411327
2018-04-13,3159.0521,-0.006658961182438361,0.011132338165589215
2018-04-16,3110.6489,-0.015440660300338749,0.010877644289214268
2018-04-17,3066.7967,-0.014197757282692791,0.011533632777136251
2018-04-18,3091.3987,0.007990045552693559,0.011926696546232697
2018-04-19,3117.376,0.008367980105337125,0.011662446782877107
2018-04-20,3071.5425,-0.014811743906252062,0.011451448952472595
2018-04-23,3068.012,-0.0011500835733748715,0.011932343137691693
2018-04-24,3128.9271,0.019660371396751586,0.011406848377390283
2018-04-25,3117.9739,-0.0035067663869376986,0.012542124682752186
2018-04-26,3075.0301,-0.013868710021609942,0.01201698383776298
2018-04-27,3082.2316,0.0023391902552294397,0.012301678065205898
2018-05-02,3081.1773,-0.0003421158736625074,0.011760830383126536
2018-05-03,3100.8586,0.006367276674525968,0.01124271562909992
2018-05-04,3091.0334,-0.003173572228410748,0.010944363721362543
2018-05-07,3136.6448,0.014648224941616661,0.010542958504531588
2018-05-08,3161.4976,0.00789214578516173,0.011115396761515422
2018-05-09,3159.1502,-0.000742772001288472,0.010927440192940532
2018-05-10,3174.4127,0.004819571474829587,0.010479183820413173
2018-05-11,3163.2632,-0.0035184858545154185,0.010173135023529924
2018-05-14,3174.032,0.0033985509670131364,0.009851988149148713
2018-05-15,3192.1183,0.005682036335354468,0.009546740021518067
2018-05-16,3169.5652,-0.007090322705819219,0.009377834000713372
2018-05-17,3154.2825,-0.004833364267170737,0.009341329494603756
2018-05-18,3193.3034,0.012294876244205,0.00916021391629783
2018-05-21,3213.8404,0.006410678759451116,0.009659049791355444
2018-05-22,3214.3497,0.00015845828861316136,0.009523874145023222
2018-05-23,3168.9642,-0.014220282917717597,0.009191141432002019
2018-05-24,3154.6506,-0.004527038694806862,0.009979417815136171
2018-05-25,3141.3032,-0.0042399993456676555,0.009719248818640348
2018-05-28,3135.0821,-0.001982383725653847,0.009470730077470627
2018-05-29,3120.4605,-0.004674774855750741,0.009167043856086157
2018-05-30,3041.4434,-0.025648381717388702,0.008995330277595978
2018-05-31,3095.4737,0.01760874237028176,0.011929510248192018
2018-06-01,3075.1372,-0.00659142958757819,0.012666696635190938
2018-06-04,3091.1909,0.005206903041838018,0.012262390732847656
2018-06-05,3114.2055,0.007417642336132957,0.011813449656484612
2018-06-06,3115.1803,0.0003129682569849024,0.01152300633500365
2018-06-07,3109.4988,-0.0018254761366680583,0.011023012866421756
2018-06-08,3067.1478,-0.013713481262518812,0.010581376329971968
2018-06-11,3052.7831,-0.00469440803004062,0.011061184722520427
2018-06-12,3079.8018,0.008811577910501356,0.010707575964494618
2018-06-13,3049.7965,-0.009790377183660937,0.01063433310325163
2018-06-14,3044.1597,-0.0018499645952836374,0.010677831873971247
2018-06-15,3021.9008,-0.007338865117915816,0.010265638056502983
2018-06-19,2907.8221,-0.038481655634764245,0.010147527473188596
2018-06-20,2915.7314,0.0027163156870271266,0.015631853859852416
2018-06-21,2875.8099,-0.013786358495022633,0.014844486886774385
2018-06-22,2889.7603,0.0048392185821404254,0.014762730603798941
2018-06-25,2859.3364,-0.01058398757098189,0.014094719208331465
2018-06-26,2844.5081,-0.005199417131935391,0.013818720128280514
2018-06-27,2813.1775,-0.01107552539478629,0.013249123935386686
2018-06-28,2786.8966,-0.009385980424059248,0.01310294584935969
2018-06-29,2847.4181,0.02148400686727303,0.012837309871414683
2018-07-02,2775.557,-0.02556120607616119,0.013974246764397283
2018-07-03,2786.8878,0.004074041569708697,0.015572557428482726
2018-07-04,2759.126,-0.010011526434203333,0.014819490162441717
2018-07-05,2733.8819,-0.009191422325438126,0.014429297672005818
2018-07-06,2747.2285,0.0048700447189702345,0.014020178587285373
2018-07-09,2815.1095,0.02440857428532972,0.013412015642416444
2018-07-10,2827.6252,0.004436047834819767,0.014896333125390616
2018-07-11,2777.7711,-0.017788363897505377,0.01420509157284784
2018-07-12,2837.6586,0.02133043198953022,0.014640109277492876
2018-07-13,2831.1837,-0.002284382762145043,0.01543431139586503
2018-07-16,2814.0418,-0.006073079874674647,0.014658508476588514
2018-07-17,2798.1259,-0.005671941224802524,0.01405673578730396
2018-07-18,2787.257,-0.003891913558605964,0.01348717329868561
2018-07-19,2772.5454,-0.005292142877364903,0.012897671124764178
2018-07-20,2829.2712,0.020253336766707264,0.012409057568345074
2018-07-23,2859.5424,0.010642460042659785,0.01344100349187653
2018-07-24,2905.5618,0.015965150281586737,0.013217065292805523
2018-07-25,2903.6467,-0.0006593325301986752,0.013544811338169191
2018-07-26,2882.2254,-0.00740472568597994,0.01289054160695655
2018-07-27,2873.5938,-0.0029992625447707866,0.012512391895793269
2018-07-30,2869.0495,-0.0015826513022467736,0.01197535066709575
2018-07-31,2876.4009,0.002559034888480305,0.011452092822090835
2018-08-01,2824.5337,-0.01819653610998717,0.010984532929109414
2018-08-02,2768.0239,-0.020209616916068818,0.012017588908154079
2018-08-03,2740.4429,-0.01001412243818045,0.013157394424495041
2018-08-06,2705.1565,-0.012959783225618082,0.012934050133938193
2018-08-07,2779.374,0.027065956042227945,0.013000199252717112
2018-08-08,2744.0696,-0.012783648516186297,0.015031262970126516
2018-08-09,2794.3818,0.018168827489769335,0.014837739548382056
2018-08-10,2795.3099,0.0003320755627829186,0.015196658432083348
2018-08-13,2785.872,-0.003382046729592858,0.014418296849150908
2018-08-14,2780.9646,-0.0017630843596911916,0.013741589234006823
2018-08-15,2723.2576,-0.020969035177127004,0.013083847580248515
2018-08-16,2705.1917,-0.006656032210669238,0.014135655336210242
2018-08-17,2668.966,-0.013481647061182045,0.013605162874781982
2018-08-20,2698.4658,0.010992257800888972,0.013640824431777672
2018-08-21,2733.8264,0.013018850289004291,0.013423884141361806
2018-08-22,2714.6082,-0.007054605997605101,0.01341071855412553
2018-08-23,2724.6244,0.0036829501726929337,0.012964728675876742
2018-08-24,2729.4308,0.001762505536881065,0.012402988127011535
2018-08-27,2780.899,0.01868116743144288,0.011844746691185931
2018-08-28,2777.9808,-0.0010499238598651317,0.012748955472976867
2018-08-29,2769.2947,-0.0031316660219795622,0.012158454394129253
2018-08-30,2737.7367,-0.011461109681108361,0.011653734200022487
2018-08-31,2725.2499,-0.004571426825647151,0.011730470906935207
2018-09-03,2720.7344,-0.001658286467982606,0.011311882849301291
2018-09-04,2750.5804,0.010910100090590902,0.01084345916678276
2018-09-05,2704.3368,-0.01695523731780213,0.01094304897964818
2018-09-06,2691.5929,-0.0047235321449390355,0.011799424938755906
2018-09-07,2702.3007,0.003970346788511492,0.011381203741196501
2018-09-10,2669.4845,-0.012218138670353262,0.010959950081444778
2018-09-11,2664.7997,-0.0017564872919528796,0.0112075779052506
2018-09-12,2656.1101,-0.003266211250245732,0.010749402720619708
2018-09-13,2686.5784,0.011405729644446083,0.010367937304485817
2018-09-14,2681.6431,-0.00183871004222258,0.010581465381510913
2018-09-17,2651.7886,-0.01119534794799737,0.01017723141338841
2018-09-18,2699.9501,0.017998935635516133,0.010422546181023642
2018-09-19,2730.8503,0.011379734545100106,0.011497076705192044
2018-09-20,2729.2438,-0.000588451413817026,0.011560054975115877
2018-09-21,2797.4848,0.024696153277182553,0.011059275219064022
2018-09-25,2781.1385,-0.0058603515253317084,0.013139245557579398
2018-09-26,2806.8133,0.009189406635851327,0.012655757358626748
2018-09-27,2791.7748,-0.005372260255779082,0.012402156463729136
2018-09-28,2821.3501,0.010538006625586682,0.011959939715581298
2018-10-08,2716.5104,-0.0378674137889643,0.01188975631084797
2018-10-09,2721.013,0.0016561219871240596,0.016535900388007917
2018-10-10,2725.8367,0.0017711894128602523,0.01566888990023023
2018-10-11,2583.4575,-0.05364680879961714,0.014865372314845427
2018-10-12,2606.9125,0.009037952846954411,0.02209768606686096
2018-10-15,2568.0984,-0.015000868054549699,0.02103103053537944
2018-10-16,2546.3296,-0.008512753121071803,0.02041514079974548
2018-10-17,2561.614,0.0059845788499979236,0.019465120378384722
2018-10-18,2486.4186,-0.029794166721352155,0.018479977713908795
2018-10-19,2550.4652,0.02543241204611224,0.0198677702572423
2018-10-22,2654.8762,0.04012225070054942,0.02039710221325714
2018-10-23,2594.8255,-0.0228787549493763,0.023037265688449524
2018-10-24,2603.2951,0.0032587191205468713,0.02290469671681428
2018-10-25,2603.7995,0.00019373567807967618,0.02161727922927888
2018-10-26,2598.8468,-0.0019039162804839194,0.020393327424078397
2018-10-29,2542.1033,-0.02207599893856038,0.01926271468442295
2018-10-30,2568.0481,0.010154306946835945,0.0195061965531564
2018-10-31,2602.7832,0.013435217848598136,0.01869598139098164
2018-11-01,2606.2372,0.0013261612514376964,0.018164703903657712
2018-11-02,2676.4762,0.026593583319855618,0.0171802876335074
2018-11-05,2665.4306,-0.004135458050981811,0.018287555064117344
2018-11-06,2659.3564,-0.0022814819202219283,0.017342978622651148
2018-11-07,2641.342,-0.006797017296645613,0.01642936754177762
2018-11-08,2635.6322,-0.0021640440191239563,0.015715860812052788
2018-11-09,2598.8715,-0.01404576497087362,0.01491754336083076
2018-11-12,2630.5195,0.012104042856654118,0.014851946288275849
2018-11-13,2654.8795,0.0092179123992997,0.014598181855137714
2018-11-14,2632.2425,-0.008563123122656613,0.01415808277199522
2018-11-15,2668.1704,0.013556849602628596,0.01373356076290518
2018-11-16,2679.1097,0.004091543759223271,0.013735502473801363
2018-11-19,2703.5116,0.009066982725861372,0.01312446017239715
2018-11-20,2645.8545,-0.021557445046250123,0.012815085957301445
2018-11-21,2651.5053,0.0021334409429147883,0.014007459528736492
2018-11-22,2645.4339,-0.0022924192367028695,0.013331270539060164
2018-11-23,2579.4831,-0.025246067201105227,0.012713770753772504
2018-11-26,2575.8101,-0.0014249434431743424,0.014535899940400346
2018-11-27,2574.6792,-0.00043914275025258576,0.013814351032961563
2018-11-28,2601.7365,0.010454162876769146,0.013138707276460786
2018-11-29,2567.4434,-0.013268488920215482,0.01293165477401691
2018-11-30,2588.1875,0.008047205995523221,0.01302951780002414
2018-12-03,2654.798,0.025410745154474057,0.012661849663642297
2018-12-04,2665.9577,0.0041947862270959035,0.014479466436570632
2018-12-05,2649.8051,-0.006077265040433488,0.013813267055328548
2018-12-06,2605.1813,-0.016983820411033967,0.013282294441303463
2018-12-07,2605.8876,0.000271076824305716,0.013754742357618975
2018-12-10,2584.5822,-0.008209476397381898,0.013082398105612182
2018-12-11,2594.0881,0.003671178169557976,0.012736658020299363
2018-12-12,2602.1526,0.0031039772560585988,0.012192925654406873
2018-12-13,2634.0491,0.012183218432668674,0.011677731761676692
2018-12-14,2593.7407,-0.01542112454949418,0.011797946767783372
2018-12-17,2597.9737,0.001630675577223073,0.012301548251667896
2018-12-18,2576.6495,-0.008241883470932798,0.011749527822229053
2018-12-19,2549.5634,-0.010567782729583364,0.01153908975725752
2018-12-20,2536.2675,-0.005228616740184044,0.011544394917393655
2018-12-21,2516.2506,-0.007923575662887039,0.0111717759057401
2018-12-24,2527.0071,0.00426570163591844,0.010998822527378367
2018-12-25,2504.819,-0.008819161620576388,0.010621926838650363
2018-12-26,2498.2939,-0.0026084175312712787,0.010580712971980138
2018-12-27,2483.0864,-0.006105756368343762,0.010194325072544703
2018-12-28,2493.8962,0.004343923966345642,0.009999926676480825
2019-01-02,2465.291,-0.011536373238668851,0.009717620450103059
2019-01-03,2464.3628,-0.00037657817308378583,0.010068112137418175
2019-01-04,2514.8682,0.02028712151965184,0.009689468144735423
2019-01-07,2533.0887,0.007218991560043797,0.011309712557130164
2019-01-08,2526.4622,-0.0026194039430862404,0.011056392933715705
2019-01-09,2544.3449,0.007053225959096743,0.010629560304274015
2019-01-10,2535.0985,-0.003640717883886424,0.010434564192845452
2019-01-11,2553.8313,0.0073622098748815645,0.01009422141335253
2019-01-14,2535.7653,-0.007099217205331243,0.009977705057876611
2019-01-15,2570.3449,0.013544607263830777,0.009873743974754868
2019-01-16,2570.4221,3.0034428716518846e-05,0.010413724162358657
2019-01-17,2559.637,-0.004204675103803623,0.010004523381023232
2019-01-18,2596.0056,0.014108504442042147,0.009727048499155184
2019-01-21,2610.5094,0.005571418700351494,0.010366295574424896
2019-01-22,2579.7041,-0.011870672271084182,0.01010859123469291
2019-01-23,2581.0041,0.0005038068331391088,0.010439316576196062
2019-01-24,2591.6935,0.0041330137745454465,0.010028616334526877
2019-01-25,2601.7234,0.0038625485544612204,0.009734705062125435
2019-01-28,2596.9767,-0.0018261108460784214,0.00945746329379426
2019-01-29,2594.2536,-0.001049115563130698,0.009151510602095798
2019-01-30,2575.5756,-0.0072258020703053205,0.008859817392986994
2019-01-31,2584.5724,0.0034870353006599686,0.008896301423959942
2019-02-01,2618.2323,0.012939316990704164,0.008685129887555787
2019-02-11,2653.896,0.013529353600433502,0.009351259975765025
2019-02-12,2671.8937,0.006758722940823247,0.009978244290194968
2019-02-13,2721.0683,0.01823708860296147,0.009832062827139889
2019-02-14,2719.6999,-0.0005030172132132193,0.0110686386170761
2019-02-15,2682.385,-0.013815219191565475,0.010607088661746478
2019-02-18,2754.3566,0.026477552163342466,0.011095582088197258
2019-02-19,2755.6459,0.00046798527715008476,0.013506203435532957
2019-02-20,2761.2189,0.0020203510862417673,0.012852868654631849
2019-02-21,2751.8012,-0.003416533584135628,0.012263260235639409
2019-02-22,2804.2262,0.018871957299725572,0.011758223975935678
2019-02-25,2961.2834,0.054495119058521446,0.012706308137790695
2019-02-26,2941.5163,-0.006697558750467181,0.02103080169557416
2019-02-27,2953.8242,0.004175473115391348,0.019963406206618333
2019-02-28,2940.9538,-0.00436671930692345,0.018894641164861392
2019-03-01,2994.005,0.017878005496786642,0.017912163087097047
2019-03-04,3027.5755,0.01115017819915387,0.017846632679185667
2019-03-05,3054.2466,0.008770815896623319,0.017236150168311908
2019-03-06,3102.0991,0.01554606127643332,0.016539626745601874
2019-03-07,3106.4179,0.001391250340979866,0.01640598765102792
2019-03-08,2969.8614,-0.04495497665689285,0.0155458750862633
2019-03-11,3026.9925,0.019054267276798598,0.02050832367018033
2019-03-12,3060.3073,0.010945783422837252,0.02026307759494691
2019-03-13,3026.9513,-0.010959394384999044,0.019433933775571097
2019-03-14,2990.685,-0.01205348321980182,0.018689842991274498
2019-03-15,3021.7512,0.010334072724370813,0.01808018044460823
2019-03-18,3096.4176,0.024409299474195123,0.017399322706309797
2019-03-19,3090.975,-0.001759255232560264,0.01816634406231552
2019-03-20,3090.6403,-0.00010828884816760365,0.017188027028818487
2019-03-21,3101.455,0.003493069945589511,0.016267757111702197
2019-03-22,3104.1487,0.0008681508840737706,0.015449008064382215
2019-03-25,3043.0313,-0.019885350337350616,0.014654117270086645
2019-03-26,2997.0954,-0.01521053710426834,0.015286946496583837
2019-03-27,3022.7196,0.008513336294669216,0.015291726036549526
2019-03-28,2994.9434,-0.009231622729171107,0.014746614622853881
2019-03-29,3090.758,0.03149103504483364,0.014310400528528987
2019-04-01,3170.361,0.025429093261454483,0.01682927834114204
2019-04-02,3176.8227,0.002036084833129337,0.01782979825174328
2019-04-03,3216.2952,0.012348591784304475,0.016875259754976585
2019-04-04,3246.5714,0.009369347491054114,0.01643743829123405
2019-04-08,3244.8103,-0.0005425963607113005,0.01584176276150419
2019-04-09,3239.6639,-0.0015872994237646765,0.015018276170453022
2019-04-10,3241.9299,0.0006992107689072213,0.014263060484084798
2019-04-11,3189.9619,-0.016159827472680632,0.013554059088804339
2019-04-12,3188.6256,-0.0004189955909676968,0.013887353258515336
2019-04-15,3177.7866,-0.003405060851283892,0.013206172439133428
2019-04-16,3253.5978,0.023576482727055037,0.012624630751938612
2019-04-17,3263.1179,0.002921749915362426,0.014138201601553473
2019-04-18,3250.2012,-0.0039662472341746025,0.013466220798151256
2019-04-19,3270.7973,0.006316875701472213,0.012880733137555734
2019-04-22,3215.0426,-0.017193169828624733,0.012429374966782376
2019-04-23,3198.5938,-0.0051293322658718665,0.01306198526693365
2019-04-24,3201.6137,0.0009436882238933464,0.012552469695862333
2019-04-25,3123.8261,-0.02459639933364066,0.011974154837881683
2019-04-26,3086.3989,-0.012053557847996998,0.013855288634103522
2019-04-29,3062.4985,-0.007773920692176972,0.013727082468495608
2019-04-30,3078.3389,0.005159047244497117,0.013293781661933549
2019-05-06,2906.464,-0.05745291126805263,0.012755572501902375
2019-05-07,2926.3908,0.006832632803847716,0.021895437397955728
2019-05-08,2893.7567,-0.011214300670599364,0.020761299619309937
2019-05-09,2850.9537,-0.014901984301652682,0.01992067763787116
2019-05-10,2939.2106,0.030487472012890926,0.019402715320466727
2019-05-13,2903.7131,-0.012150744579552786,0.0206907517156198
2019-05-14,2883.6107,-0.006947073135304294,0.019911610211137385
2019-05-15,2938.6781,0.018916630207357343,0.018935701133424375
2019-05-16,2955.711,0.0057793766651430545,0.018854345525901168
2019-05-17,2882.2962,-0.025151962907022707,0.01790746961011665
2019-05-20,2870.6046,-0.004064598540050035,0.018728820991431014
2019-05-21,2905.9688,0.01224415907671439,0.017750857720726137
2019-05-22,2891.7046,-0.004920673448632229,0.01722253162472414
2019-05-23,2852.5153,-0.013644988778643174,0.016377715022651746
2019-05-24,2852.9948,0.00016808313112282036,0.016114373724508392
2019-05-27,2892.3782,0.013709820709886245,0.015269898448260934
2019-05-28,2909.9106,0.006043288765241073,0.015109242028117897
2019-05-29,2914.6964,0.0016433043729762176,0.014458530755221717
2019-05-30,2905.8054,-0.0030550654293381996,0.013742260719553452
2019-05-31,2898.6961,-0.0024495828125532526,0.013109510654974442
2019-06-03,2890.0809,-0.0029765203809555274,0.012512341061463315
2019-06-04,2862.2803,-0.00966587996898749,0.01197471188951125
2019-06-05,2861.4181,-0.0003012737381560271,0.011850686737380671
2019-06-06,2827.7978,-0.011819094919639284,0.011325282210874369
2019-06-10,2852.1302,0.008567907498590266,0.011480627598568537
2019-06-11,2925.7162,0.02547315172872011,0.011303370488274825
2019-06-12,2909.3796,-0.005599442835013235,0.013465562265655063
2019-06-13,2910.7406,0.0004676879439049486,0.012942265854306051
2019-06-14,2881.9743,-0.009931970402435653,0.012331697215967791
2019-06-17,2887.6221,0.001957780549071586,0.012190280474320244
2019-06-18,2890.158,0.0008778112420158024,0.011651702730314769
2019-06-19,2917.8029,0.009519729644480002,0.011143789454388233
2019-06-20,2987.1186,0.02347834228107981,0.011079569848265339
2019-06-21,3001.9802,0.004962893750830588,0.012930582990351111
2019-06-24,3008.1479,0.0020524361752336517,0.012414888931980183
2019-06-25,2982.0738,-0.008705609234567646,0.011860060322050187
2019-06-26,2976.2837,-0.0019435227988822135,0.011672402238731935
2019-06-27,2996.7926,0.006867141675678923,0.011179564451763761
2019-06-28,2978.8784,-0.005995729572827457,0.010917033232553967
2019-07-01,3044.9028,0.021922125638878853,0.01064373095779434
2019-07-02,3043.9428,-0.00031533071160616544,0.012322471016852363
2019-07-03,3015.2633,-0.009466492375807434,0.011760069116965944
2019-07-04,3005.2488,-0.0033267964817653706,0.011643409101933991
2019-07-05,3011.0588,0.0019314178038793983,0.011187164173764997
2019-07-08,2933.3634,-0.0261420949412825,0.010729228238661669
2019-07-09,2928.2295,-0.001751708588555445,0.013227974131801426
2019-07-10,2915.3022,-0.004424489076988003,0.01260924391012522
2019-07-11,2917.7609,0.0008430219606623268,0.01210971117610784
2019-07-12,2930.5462,0.004372314979215197,0.011565290239190574
2019-07-15,2942.1853,0.003963782522337311,0.011142831106790839
2019-07-16,2937.6168,-0.001553964178262035,0.010742003818549818
2019-07-17,2931.6926,-0.0020187049644526667,0.010319133083131083
2019-07-18,2901.1766,-0.010463556570900145,0.009941085333478495
2019-07-19,2924.2006,0.007904765338926367,0.010141241395599574
2019-07-22,2886.974,-0.012812249433723721,0.010060126967255101
2019-07-23,2899.9446,0.0044827386098997835,0.01051035848877576
2019-07-24,2923.2775,0.008013784970086313,0.010186456262396393
2019-07-25,2937.3601,0.00480583447246552,0.010108693994567056
2019-07-26,2944.541,0.002441694766895708,0.009837048330248949
2019-07-29,2941.007,-0.0012009078592924993,0.009505122449140329
2019-07-30,2952.3383,0.003845460731285222,0.009183680831947177
2019-07-31,2932.5058,-0.0067402210649696315,0.008958645523887214
2019-08-01,2908.766,-0.00812834311430688,0.008944444581784306
2019-08-02,2867.8376,-0.014170639955377595,0.009048715244687918
2019-08-05,2821.4957,-0.01629116189461932,0.009857000522909115
2019-08-06,2777.5559,-0.015695766072122197,0.010822307301626971
2019-08-07,2768.6795,-0.0032008766085471763,0.011522538186259456
2019-08-08,2794.5523,0.009301423153000421,0.011072628631362444
2019-08-09,2774.7532,-0.00711010857984018,0.010998200747381262
2019-08-12,2814.9944,0.014398465940531402,0.010786274048857646
2019-08-13,2797.2596,-0.0063200486049774796,0.011287161603193227
2019-08-14,2808.9146,0.004157921739666115,0.010996773606128581
2019-08-15,2815.7976,0.002447415331107372,0.010615916023921817
2019-08-16,2823.8238,0.002846363204054292,0.010216092274146733
2019-08-19,2883.096,0.02077279283240152,0.009861022363014166
2019-08-20,2880.0012,-0.0010740059346856512,0.011525739374004461
2019-08-21,2880.3307,0.00011440313026422899,0.011031941285620926
2019-08-22,2883.4358,0.0010774552717895958,0.010571501016829866
2019-08-23,2897.4253,0.004839945837392889,0.01015347339942233
2019-08-26,2863.5673,-0.011754359771812162,0.009879169396709063
2019-08-27,2902.1932,0.013398571739942078,0.01023064880102409
2019-08-28,2893.7564,-0.0029112765089829296,0.010694404298835888
2019-08-29,2890.9192,-0.0009809366760356042,0.01030668806804298
2019-08-30,2886.2365,-0.0016211095108653595,0.009912674545938482
2019-09-02,2924.1063,0.013035491209768324,0.009562090494570212
2019-09-03,2930.1538,0.00206601758302849,0.010088370991432885
2019-09-04,2957.4116,0.009259513194872504,0.009725971735767776
2019-09-05,2985.8648,0.009574993814292831,0.00981000298278471
2019-09-06,2999.6013,0.00458995970803322,0.009912961912550658
2019-09-09,3024.7388,0.008345360811118141,0.009649956731659597
2019-09-10,3021.2024,-0.0011698428040638476,0.009662006566436848
2019-09-11,3008.8118,-0.00410964784757617,0.009326199713386059
2019-09-12,3031.2351,0.007424910232057158,0.009110159692473738
2019-09-16,3030.7544,-0.00015859479829494205,0.009111266800157322
2019-09-17,2978.1178,-0.017520075200397223,0.008815836836327274
2019-09-18,2985.6586,0.0025288687948554767,0.010207877211358452
2019-09-19,2999.2789,0.004551534084924924,0.00984528700097391
2019-09-20,3006.4467,0.002386989976146836,0.009587014758855133
2019-09-23,2977.0767,-0.009817037191004907,0.009276232285435905
2019-09-24,2985.3406,0.0027719982939240495,0.009501229401437732
2019-09-25,2955.4325,-0.010068841941498263,0.009208482155101403
2019-09-26,2929.0875,-0.008954061169903937,0.009469876253070712
2019-09-27,2932.167,0.001050799034016059,0.009582566077028098
2019-09-30,2905.1892,-0.009243222839578458,0.009249253983538614
2019-10-08,2913.5704,0.0028807534155959047,0.009419393923597065
2019-10-09,2924.8566,0.003866183154555003,0.00913740824582213
2019-10-10,2947.7106,0.007783347417612774,0.008917776653169996
2019-10-11,2973.6558,0.00876330369940348,0.00897212008316579
2019-10-14,3007.8834,0.01144453708038995,0.009107721118708969
2019-10-15,2991.0459,-0.005613516470228674,0.009510875724981114
2019-10-16,2978.7124,-0.0041319989614683195,0.009357216708666181
2019-10-17,2977.3342,-0.0004627902087257496,0.009139145078671635
2019-10-18,2938.1413,-0.013251165861316139,0.008842708670497643
2019-10-21,2939.6179,0.0005024363812191623,0.009558860910664567
2019-10-22,2954.3799,0.005009174203327582,0.009223796934198567
2019-10-23,2941.6188,-0.004328739057025466,0.009050272479050155
2019-10-24,2940.9215,-0.00023707445005261008,0.008872624168232247
2019-10-25,2954.9327,0.004752908026874891,0.008599267385517926
2019-10-28,2980.0498,0.008464136146066004,0.008477534519350963
2019-10-29,2954.176,-0.008720249222522014,0.008651487590238689
2019-10-30,2939.3209,-0.005041194289987061,0.008851869028611924
2019-10-31,2929.0561,-0.003498347317751893,0.008734062796306483
2019-11-01,2958.1992,0.00990048386355813,0.00855004355154059
2019-11-04,2975.4919,0.005828665047133974,0.008862015375507576
2019-11-05,2991.5622,0.0053863560089801865,0.008775899417723212
2019-11-06,2978.5955,-0.004343845184872741,0.008671515512249567
2019-11-07,2978.7144,3.9917345920237324e-05,0.008534059354926413
2019-11-08,2964.1849,-0.004889710633035449,0.00829148151403206
2019-11-11,2909.9746,-0.01845773478152779,0.008226505939211077
2019-11-12,2914.8232,0.0016648135390608942,0.009937815568315807
2019-11-13,2905.2409,-0.0032928533066538535,0.009581335559868736
2019-11-14,2909.8697,0.001591990693217582,0.009306682194776534
2019-11-15,2891.3431,-0.006387168898237761,0.009005099292679874
2019-11-18,2909.2002,0.006157063395310303,0.008959063855565719
2019-11-19,2933.9908,0.008485346019217133,0.008883888800082625
2019-11-20,2911.0534,-0.007848535258040634,0.009005106438012861
2019-11-21,2903.6379,-0.002550609701393647,0.009076516185929112
2019-11-22,2885.2884,-0.006339538803634248,0.008824556280787998
2019-11-25,2906.1688,0.00721078987644308,0.008796035226143077
2019-11-26,2907.0602,0.00030667981838927716,0.008818023992051558
2019-11-27,2903.1947,-0.0013305786533743813,0.008549099112331385
2019-11-28,2889.6934,-0.004661344812269874,0.008317881140888292
2019-11-29,2871.9813,-0.006148266508286149,0.008236336254163153
2019-12-02,2875.8072,0.0013312600368085015,0.0082640867394862
2019-12-03,2884.6988,0.003087092370536837,0.00805614324991812
2019-12-04,2878.1157,-0.00228468324410791,0.007914878587541706
2019-12-05,2899.4685,0.007391635147330433,0.007769685571457057
2019-12-06,2912.0136,0.00431735631991792,0.007940716533743722
2019-12-09,2914.4775,0.000845757799877056,0.007867622554898776
2019-12-10,2917.3157,0.0009733542074430446,0.0076928639968199
2019-12-11,2924.4173,0.0024313345024014055,0.007537045354760114
2019-12-12,2915.6983,-0.0029859020180804663,0.00742814570301726
2019-12-13,2967.6764,0.017669944566528706,0.007360975362280513
2019-12-16,2984.3925,0.005616918832737738,0.009116235895633288
2019-12-17,3022.4219,0.012662255092044106,0.008988967094526318
2019-12-18,3017.0444,-0.0017807869616195404,0.009563972199364012
2019-12-19,3017.0658,7.093009338987599e-06,0.009247457113535229
2019-12-20,3004.9376,-0.004027967303322555,0.008939374948714567
2019-12-23,2962.7513,-0.014138472512690292,0.008758351200877982
2019-12-24,2982.6806,0.006704096515957936,0.009618653410976856
2019-12-25,2981.8805,-0.00026828462023864574,0.00950768573545405
2019-12-26,3007.3546,0.008506680132258637,0.009177238257334158
2019-12-27,3005.0355,-0.0007714403345229215,0.009262293296630031
2019-12-30,3040.0239,0.011575995668014372,0.008957329898332613
2019-12-31,3050.124,0.003316868301270759,0.009400274925666231
2020-01-02,3085.1976,0.011433461639372311,0.00913425330080034
2020-01-03,3083.7858,-0.0004577091339381667,0.00953192662823943
2020-01-06,3083.4083,-0.00012242196186740273,0.00920035400636403
2020-01-07,3104.8015,0.006914208121179044,0.008896774556850503
2020-01-08,3066.8925,-0.012284950215503798,0.008883399586157602
2020-01-09,3094.8819,0.00908491310879711,0.009461194265532366
2020-01-10,3092.2907,-0.0008376039651771805,0.00956293349253496
2020-01-13,3115.5696,0.007499849542480064,0.009231824636253862
2020-01-14,3106.8204,-0.0028121688823556923,0.009224363085209098
2020-01-15,3090.0379,-0.00541646757698544,0.008966653709739642
2020-01-16,3074.0814,-0.0051772312846445345,0.008859225699044373
2020-01-17,3075.4955,0.000459901566538079,0.008748773869723933
2020-01-20,3095.7873,0.0065762253285370775,0.008486716048557384
2020-01-21,3052.1419,-0.014198645373411978,0.008496748223132301
2020-01-22,3060.7545,0.002817847755069991,0.009419036875003508
2020-01-23,2976.5281,-0.0279039000137713,0.009135211685591879
2020-02-03,2746.6056,-0.0803917321885157,0.012517276708389211
2020-02-04,2783.2875,0.013266960996797472,0.028123000861913446
2020-02-05,2818.0878,0.012425786846749887,0.026793871124223993
2020-02-06,2866.5097,0.01703658743829184,0.02552527070170722
2020-02-07,2875.9636,0.003292626033146284,0.02462919053831956
2020-02-10,2890.4878,0.005037493497037637,0.023226351206973667
2020-02-11,2901.6744,0.0038626728750426054,0.021949807775686652
2020-02-12,2926.8991,0.008655585276308386,0.020737161299710084
2020-02-13,2906.0735,-0.007140677633258541,0.019757354668554244
2020-02-14,2917.0077,0.0037554732539000213,0.0188003637270184
2020-02-17,2983.6224,0.022579802199076404,0.01780481365793774
2020-02-18,2984.9716,0.000452099781950821,0.01827645468402035
2020-02-19,2975.4019,-0.0032111102510414824,0.01728042662178563
2020-02-20,3030.1542,0.018234387005072072,0.01638758469504154
2020-02-21,3039.6692,0.0031351843923097533,0.01654576952202411
2020-02-24,3031.2333,-0.0027791272976589454,0.01569941936164284
2020-02-25,3013.0501,-0.006016678454638935,0.014913032791764598
2020-02-26,2987.9287,-0.008372483084752247,0.014287954708703827
2020-02-27,2991.3288,0.0011372985246040912,0.013839577862549739
2020-02-28,2880.3038,-0.03782192869964529,0.013164678470532827
2020-03-02,2970.9312,0.030979664330509138,0.01735511223135163
2020-03-03,2992.8968,0.007366308795497822,0.01910199469720776
2020-03-04,3011.6657,0.006251566580337098,0.018193250448501883
2020-03-05,3071.6771,0.019730384681787783,0.017311278707420164
2020-03-06,3034.5113,-0.012173308954510631,0.017515575878786216
2020-03-09,2943.2907,-0.030522148997675025,0.01702272777708104
2020-03-10,2996.7618,0.01800406456474324,0.01880452306471062
2020-03-11,2968.5174,-0.009469669438736616,0.01864897125887183
2020-03-12,2923.4856,-0.01528603323906541,0.017886359506778294
2020-03-13,2887.4265,-0.01241098204009905,0.01760546772315364
2020-03-16,2789.2537,-0.03459155196674679,0.017121389064382615
2020-03-17,2779.6407,-0.0034523942663131635,0.0195749145375491
2020-03-18,2728.7563,-0.018475737116646407,0.018523942011055353
2020-03-19,2702.1296,-0.009805734770267804,0.018472491071766312
2020-03-20,2745.6182,0.015966056218903013,0.01774297830760332
2020-03-23,2660.1674,-0.03161720593313522,0.017514924983689853
2020-03-24,2722.4381,0.023138785966758668,0.019375305686751793
2020-03-25,2781.5913,0.02149533489929567,0.0196965498015849
2020-03-26,2764.9109,-0.006014763786711619,0.019791581077033858
2020-03-27,2772.2033,0.002634008963089407,0.018791873494672075
2020-03-30,2747.2138,-0.009055184741806777,0.01777759874752466
2020-03-31,2750.2962,0.001121380524277349,0.017064908618835938
2020-04-01,2734.5215,-0.005752148697686366,0.01615616093627064
2020-04-02,2780.6379,0.016723895540686762,0.015421274934245449
2020-04-03,2763.9874,-0.0060060145278582056,0.015539384034540565
2020-04-07,2820.7634,0.02033321025042678,0.014863297037234898
2020-04-08,2815.3686,-0.00191436312973714,0.015488177678743139
2020-04-09,2825.9036,0.0037349774566761695,0.014702813433644055
2020-04-10,2796.6312,-0.010412621895103946,0.01400675854203455
2020-04-13,2783.0476,-0.004868963724328879,0.013726528021471462
2020-04-14,2827.283,0.01576959357847496,0.013151550936907196
2020-04-15,2811.1741,-0.005713954559887213,0.01346574047885447
2020-04-16,2819.935,0.0031116097781405117,0.012947547514979518
2020-04-17,2838.4945,0.006559970944659987,0.012372103140019727
2020-04-20,2852.5528,0.004940506678017265,0.011978858957091937
2020-04-21,2827.0133,-0.008993529327388394,0.01154321375983217
2020-04-22,2843.9804,0.005983836881144455,0.011412125350904002
2020-04-23,2838.4994,-0.0019290879660465166,0.011076679910067413
2020-04-24,2808.5293,-0.010614566698166072,0.010632535594136983
2020-04-27,2815.4947,0.0024770177230468704,0.010755721865380256
2020-04-28,2810.0243,-0.0019448522791565281,0.010344645339319898
2020-04-29,2822.4424,0.00440947839813699,0.009962826451066187
2020-04-30,2860.0822,0.013247756284247458,0.009686902663090913
2020-05-06,2878.1402,0.006293955986177657,0.010219679012739786
2020-05-07,2871.5232,-0.0023017009730725846,0.010018291220980843
2020-05-08,2895.3444,0.00826144698931941,0.009673191047710566
2020-05-11,2894.802,-0.00018735277629122749,0.00967534371220639
2020-05-12,2891.5564,-0.001121811030706965,0.009329853397331484
2020-05-13,2898.0495,0.0022430206250509954,0.00902299983137286
2020-05-14,2870.3422,-0.009606668384693151,0.008760638488604295
2020-05-15,2868.4587,-0.0006564089259937234,0.009037453170632084
2020-05-18,2875.4176,0.0024230686878805585,0.008751775698193373
2020-05-19,2898.576,0.008021666037606678,0.008519724097548925
2020-05-20,2883.7378,-0.005132282018394996,0.008646462184223826
2020-05-21,2867.9237,-0.005498981416040216,0.008556629896889833
2020-05-22,2813.7654,-0.01906473213143922,0.008500312612020111
2020-05-25,2817.9697,0.0014930747651975551,0.010251040237237002
2020-05-26,2846.5473,0.010090125056803956,0.009864938863881902
2020-05-27,2836.8036,-0.003428860796351074,0.010010875900558977
2020-05-28,2846.2217,0.0033144700665133087,0.00970129100660686
2020-05-29,2852.3512,0.002151241186669317,0.009407069155063966
2020-06-01,2915.4311,0.02187406246504242,0.009107131794443663
2020-06-02,2921.398,0.0020445697403070895,0.01117706443188291
2020-06-03,2923.3711,0.0006751678436547337,0.010721922784551318
2020-06-04,2919.2506,-0.0014104971688118084,0.010288419385461094
2020-06-05,2930.7993,0.00394824495509738,0.009901710667152931
2020-06-08,2937.7712,0.0023760141519826306,0.009612189820682264
2020-06-09,2956.1116,0.006223557481557229,0.00929886457232448
2020-06-10,2943.7525,-0.004189628055415895,0.009190410961446826
2020-06-11,2920.8968,-0.007794435623972085,0.008991709096019554
2020-06-12,2919.7408,-0.0003958471982903333,0.009060073982532104
2020-06-15,2890.0306,-0.010227754913287868,0.008770385725581531
2020-06-16,2931.7493,0.014332185290185429,0.009114488910767472
2020-06-17,2935.873,0.0014055780921395922,0.00989615437296404
2020-06-18,2939.3151,0.0011717413418059763,0.009539494787328254
2020-06-19,2967.6341,0.009588441006453507,0.009211279364616657
2020-06-22,2965.2717,-0.0007963720323536094,0.009395230661008709
2020-06-23,2970.6203,0.0018021222244373192,0.009078599152060014
2020-06-24,2979.5505,0.00300166398755497,0.008801563672901924
2020-06-29,2961.5164,-0.006071015759997245,0.00858217073145316
2020-06-30,2984.6741,0.007789127200792834,0.008562545474965912
2020-07-01,3025.981,0.013744774775791058,0.00866275815321072
2020-07-02,3090.5693,0.021119976991455403,0.009446319577415064
2020-07-03,3152.8126,0.019939629916427393,0.011280165217337974
2020-07-06,3332.8807,0.0555420617673672,0.012484964656397311
2020-07-07,3345.3369,0.0037304008916745346,0.021186809969928232
2020-07-08,3403.4401,0.017219308223785035,0.020024217148075146
2020-07-09,3450.5935,0.013759531012386361,0.01966510579728812
2020-07-10,3383.3222,-0.01968811905960699,0.019066869275405844
2020-07-13,3443.2863,0.017568208951352915,0.019074884807376694
2020-07-14,3414.6186,-0.008360532087742456,0.0188482676910103
2020-07-15,3361.3044,-0.01573669011233214,0.018013656395249367
2020-07-16,3210.0986,-0.04602745974407263,0.017759048137847094
2020-07-17,3214.1287,0.0012546568919411527,0.022254016336694733
2020-07-20,3314.149,0.030644568693119822,0.020990386774262036
2020-07-21,3320.8947,0.002033355808702453,0.022034036793101414
2020-07-22,3333.1635,0.0036876184530925116,0.020790835217271257
2020-07-23,3325.1102,-0.002419036612192116,0.019654800994019304
2020-07-24,3196.7684,-0.039362391877391545,0.018581194405224686
2020-07-27,3205.2268,0.00264242776116852,0.021551046192921097
2020-07-28,3227.9604,0.0070676303749355185,0.020347058504556672
2020-07-29,3294.5521,0.020419742808080343,0.01933374260167877
2020-07-30,3286.822,-0.0023490849896177224,0.019358847692466204
2020-07-31,3310.0065,0.0070290126403431685,0.01830477926994783
2020-08-03,3367.9658,0.017358788800958536,0.01744347545146138
2020-08-04,3371.6875,0.0011044189404483262,0.01738113729252749
2020-08-05,3377.5648,0.001741615581803302,0.01645004230713377
2020-08-06,3386.4631,0.0026310669514586493,0.01559001882612693
2020-08-07,3354.0352,-0.009621885130565389,0.014804255646012161
2020-08-10,3379.2524,0.007490343320942117,0.014388620298045362
2020-08-11,3340.29,-0.011596872031587324,0.013865930219898799
2020-08-12,3319.2656,-0.006314075926999507,0.013696732547503006
2020-08-13,3320.7261,0.0004399101955367968,0.013187029918065961
2020-08-14,3360.0988,0.011786914469443133,0.01255774692564967
2020-08-17,3438.801,0.023152485812520496,0.012530768350129243
2020-08-18,3451.0894,0.003567085197724751,0.013994307049337807
2020-08-19,3408.1288,-0.01252654763480443,0.013348362814722708
2020-08-20,3363.8988,-0.013062743256199383,0.013321870982725676
2020-08-21,3380.6825,0.004976953764183278,0.013350522860525904
2020-08-24,3385.6383,0.0014648436078186222,0.012800593268186977
2020-08-25,3373.5781,-0.0035685239485001574,0.012207711379504754
2020-08-26,3329.7388,-0.013080069369989289,0.011711947716380523
2020-08-27,3350.1128,0.006100154434429683,0.011950563492366022
2020-08-28,3403.8066,0.015900376674013117,0.011571526505786457
2020-08-31,3395.6775,-0.0023910943105409643,0.012139252712218501
2020-09-01,3410.6068,0.004386923403412624,0.01161769202205475
2020-09-02,3404.8017,-0.0017035226586514796,0.011191253412014844
2020-09-03,3384.9806,-0.005838524839219872,0.01073350778383392
2020-09-04,3355.3666,-0.008787140980114572,0.01046911082063206
2020-09-07,3292.5907,-0.018886332488573743,0.010443083718459917
2020-09-08,3316.417,0.007210281574858257,0.011695663033032936
2020-09-09,3254.6279,-0.018807030597413288,0.011403725212655586
2020-09-10,3234.8234,-0.006103616644216103,0.012448135950340418
2020-09-11,3260.3461,0.007859019342172147,0.012037603085632806
2020-09-14,3278.8138,0.005648355257164894,0.011753606171119526
2020-09-15,3295.6795,0.005130657596749799,0.011369813882237853
2020-09-16,3283.9244,-0.0035731976227850737,0.010996290754489657
2020-09-17,3270.435,-0.004116167034023732,0.010603609723316641
2020-09-18,3338.0897,0.020475693672535655,0.010266648077551671
2020-09-21,3316.9351,-0.006357503356532845,0.01178174289449608
2020-09-22,3274.3015,-0.012936630004190874,0.011446300787835009
2020-09-23,3279.7105,0.001650592409060181,0.011705784116309305
2020-09-24,3223.1764,-0.017387823353505638,0.011201385451908989
2020-09-25,3219.4179,-0.001166766135309416,0.012073006858429013
2020-09-28,3217.5346,-0.0005851526957005859,0.011536549235074658
2020-09-29,3224.3593,0.002118849723155236,0.01103763295125417
2020-09-30,3218.0521,-0.0019580252248641017,0.010595418447077544
2020-10-09,3272.0762,0.01664846835851641,0.010192372409395604
2020-10-12,3358.4652,0.02605937692456628,0.01110689586642711
2020-10-13,3359.7499,0.00038245277846549186,0.013433259320024864
2020-10-14,3340.7782,-0.005662762819222067,0.01278522222795264
2020-10-15,3332.1832,-0.0025760690757561377,0.012323102996566757
2020-10-16,3336.3582,0.0012521480470955026,0.011790893199038895
2020-10-19,3312.6671,-0.007126217509995314,0.01127499477737722
2020-10-20,3328.1029,0.004648806629079516,0.011035956565296283
2020-10-21,3325.0247,-0.00092533930046379,0.010671315565586498
2020-10-22,3312.5005,-0.003773760395930026,0.010245991347262826
2020-10-23,3277.9972,-0.010470716113829326,0.009927919146543049
2020-10-26,3251.1188,-0.00823344288551553,0.010130633900161846
2020-10-27,3254.3157,0.0009828398878948263,0.01009779157726069
2020-10-28,3269.238,0.004574907086819735,0.00971903729793952
2020-10-29,3272.7274,0.001066774315534147,0.009474069114934659
2020-10-30,3224.5325,-0.014835726047099485,0.009150529550395213
2020-11-02,3225.1196,0.00018205633188372872,0.010036804595852091
2020-11-03,3271.0744,0.01414845880398019,0.009659531663092543
2020-11-04,3277.4402,0.0019441972398368534,0.010316011682823846
2020-11-05,3320.1333,0.012942241849563274,0.00993158167370568
2020-11-06,3312.159,-0.002404690107713492,0.010386232145891978
2020-11-09,3373.7337,0.018419811302281985,0.010011418779574744
2020-11-10,3360.1485,-0.004034884492311264,0.011238851928468421
2020-11-11,3342.2025,-0.00535514862989217,0.010841860131732363
2020-11-12,3338.6788,-0.0010548609288250077,0.01054067831726768
2020-11-13,3310.1046,-0.008595369770210581,0.010127723999247303
2020-11-16,3346.9692,0.011075429818035332,0.010125807256709017
2020-11-17,3339.895,-0.0021158505474545564,0.01033763612262544
2020-11-18,3347.3034,0.0022156970939715137,0.009960130868683411
2020-11-19,3363.0876,0.004704414127486345,0.009612088053047706
2020-11-20,3377.7267,0.004343428660934734,0.009383786455802227
2020-11-23,3414.4899,0.0108252021901869,0.00916088482920414
2020-11-24,3402.8225,-0.003422877141835201,0.009484104666072359
2020-11-25,3362.3274,-0.01197182154398213,0.00922354169888235
2020-11-26,3369.7334,0.002200218687175237,0.00970393744016501
2020-11-27,3408.3071,0.011382084966978567,0.009378301151298073
2020-11-30,3391.7551,-0.004868200378910004,0.00973229337914254
2020-12-01,3451.9384,0.017588412303558343,0.0095134886423393
2020-12-02,3449.3805,-0.0007412786321534526,0.01071373972740278
2020-12-03,3442.1359,-0.0021024698333906855,0.010283154630158255
2020-12-04,3444.5814,0.0007102077800666962,0.009910074584211894
2020-12-07,3416.6037,-0.008155400170595684,0.009545442408374894
2020-12-08,3410.1771,-0.0018827620474990425,0.009576163480900167
2020-12-09,3371.964,-0.011268861504660777,0.009260713003318892
2020-12-10,3373.2758,0.00038895578376241247,0.009649824017265546
2020-12-11,3347.191,-0.007762833079532072,0.009306388255566865
2020-12-14,3369.1201,0.00653012571915923,0.009332846580901288
2020-12-15,3367.2326,-0.0005603922874737322,0.00924142113952773
2020-12-16,3366.9832,-7.406950045130145e-05,0.008936459973165264
2020-12-17,3404.8732,0.011190548992683347,0.00865670491675474
2020-12-18,3394.896,-0.002934572296974025,0.009101529125099839
2020-12-21,3420.5693,0.007533871952350779,0.008859654269281118
2020-12-22,3356.7822,-0.01882416267298659,0.008900224726692083
2020-12-23,3382.3195,0.00757888020511821,0.01050189274405464
2020-12-24,3363.1133,-0.005694594393460761,0.010356717064538746
2020-12-25,3396.5626,0.009896797868670149,0.010121242280773593
2020-12-28,3397.2854,0.0002127807400835735,0.010214894453974999
2020-12-29,3379.0362,-0.0053861800534509285,0.009822463941484852
2020-12-30,3414.4527,0.010426695732455471,0.009623030238803504
2020-12-31,3473.0693,0.017021510857190947,0.009836201479651589
2021-01-04,3502.9584,0.008569141116399948,0.010878048348134479
2021-01-05,3528.6767,0.007315059532110979,0.010766249711953916
2021-01-06,3550.8767,0.006271602603067805,0.010574648370858203
2021-01-07,3576.2046,0.007107539694908738,0.010336064984724811
2021-01-08,3570.1082,-0.0017061669841513805,0.010175495949783458
2021-01-11,3531.4978,-0.010873816553615967,0.00980357738720669
2021-01-12,3608.3389,0.021525441042527405,0.010066853828305937
2021-01-13,3598.6518,-0.002688252625000942,0.011815934292877783
2021-01-14,3565.9046,-0.009141508900386341,0.0113275621748345
2021-01-15,3566.3778,0.00013269244658609125,0.011232476695687936
2021-01-18,3596.2237,0.008333863817808762,0.010755725964668417
2021-01-19,3566.3814,-0.008332854390770805,0.010639163449631636
2021-01-20,3583.092,0.0046746465076541455,0.010555911610200672
2021-01-21,3621.2641,0.010597048976645596,0.010236168009901063
2021-01-22,3606.7496,-0.004016184836393322,0.010383633737589293
2021-01-25,3624.2381,0.004837107964956289,0.010062677361119226
2021-01-26,3569.429,-0.015238447883971773,0.009796940024403048
2021-01-27,3573.3412,0.001095429443106255,0.010617774420582128
2021-01-28,3505.1759,-0.019260363787996226,0.010196043461302028
2021-01-29,3483.0692,-0.006326845560220562,0.011564522093179323
2021-02-01,3505.2836,0.006357571078286384,0.01124790556300374
2021-02-02,3533.6849,0.008069777305385273,0.01094850292887594
2021-02-03,3517.308,-0.004645283205229944,0.01079108106693158
2021-02-04,3501.8592,-0.004401896836293773,0.010459968260334369
2021-02-05,3496.3329,-0.0015793510866082272,0.010148513111390086
2021-02-08,3532.4467,0.010276070626469291,0.00977663476701902
2021-02-09,3603.489,0.01991179579148472,0.009953151195658188
2021-02-10,3655.088,0.014217626729355004,0.011444144886108351
2021-02-18,3675.3571,0.005530128492829078,0.011821886120651026
2021-02-19,3696.168,0.005646309279743633,0.011426291478623623
2021-02-22,3642.4449,-0.01464147529228832,0.011072205781673663
2021-02-23,3636.3573,-0.001672693185529539,0.011591289645410984
2021-02-24,3564.0799,-0.02007651082602635,0.011100322814810909
2021-02-25,3585.0458,0.005865321435233994,0.012406316873870222
2021-02-26,3509.0804,-0.02141724057397809,0.011974722008566203
2021-03-01,3551.3998,0.011987826777499322,0.013314285394551088
2021-03-02,3508.5912,-0.012127246239872491,0.013218056780222207
2021-03-03,3576.9045,0.019283172182996466,0.013169325040731022
2021-03-04,3503.4916,-0.020737690346720683,0.013927055441728535
2021-03-05,3501.9867,-0.00042963519654293236,0.014794884740191073
2021-03-08,3421.4141,-0.023276490879064582,0.014046729415420747
2021-03-09,3359.292,-0.018323707661547672,0.01526678353631621
2021-03-10,3357.7372,-0.000462942762782248,0.01561458151794162
2021-03-11,3436.8313,0.023282618436764935,0.014807086397338489
2021-03-12,3453.0777,0.004716007166702951,0.01584940514172416
2021-03-15,3419.9456,-0.009641275811453909,0.015093712532969332
2021-03-16,3446.7334,0.007802297411609871,0.014652164471768588
2021-03-17,3445.5509,-0.00034313732868085367,0.014123317862410422
2021-03-18,3463.0681,0.005071125659066311,0.013424292528104408
2021-03-19,3404.6634,-0.017008850167767875,0.012871888849762547
2021-03-22,3443.4392,0.011324659303065587,0.01341017898991091
2021-03-23,3411.5088,-0.009316082612055965,0.013245504174233648
2021-03-24,3367.0606,-0.01311451854552459,0.012960302477946653
2021-03-25,3363.5915,-0.0010308363159019507,0.013038821362548643
2021-03-26,3418.3267,0.016141860418462883,0.012425841895680382
2021-03-29,3435.2958,0.004951873166342935,0.012890699596842756
2021-03-30,3456.6766,0.006204571739385045,0.012377906373303433
2021-03-31,3441.9115,-0.004280621579932031,0.011965576169980181
2021-04-01,3466.3315,0.007069844449510754,0.011515045739035615
2021-04-02,3484.3924,0.0051968516971143686,0.011232045897870364
2021-04-06,3482.9674,-0.0004090502172342525,0.010874047146811883
2021-04-07,3479.6256,-0.0009599298010414259,0.010427935923802414
2021-04-08,3482.5548,0.0008414605783091389,0.010023414658334834
2021-04-09,3450.6772,-0.009195660733976041,0.009649900990165996
2021-04-12,3412.9477,-0.010994155590934085,0.009762136875801426
2021-04-13,3396.47,-0.004839689056678864,0.010044615659937316
2021-04-14,3416.7212,0.005944720776147605,0.009793549315480318
2021-04-15,3398.9875,-0.0052037846095469575,0.009614725325174675
2021-04-16,3426.6178,0.008096117401839464,0.009426108266677776
2021-04-19,3477.5485,0.014753880962231847,0.009444220660494912
2021-04-20,3472.9427,-0.001325316597526438,0.010224214471970946
2021-04-21,3472.9298,-3.7144361630936373e-06,0.009841716973112606
2021-04-22,3465.1138,-0.0022530856699791713,0.009481316509672603
2021-04-23,3474.166,0.0026089753967486473,0.009183295621993496
2021-04-26,3441.1658,-0.009544140890060504,0.008915439081756248
2021-04-27,3442.6111,0.0004199148351933246,0.009163084158874513
2021-04-28,3457.0683,0.004190693601792361,0.008862979659143736
2021-04-29,3474.9011,0.00514510042102323,0.00868520256495794
2021-04-30,3446.8564,-0.008103390927127307,0.008576346932803434
2021-05-06,3441.2826,-0.001618376521307141,0.008727122023632478
2021-05-07,3418.8741,-0.006532964385144169,0.008484454517947828
2021-05-10,3427.9909,0.0026630597763919184,0.00851139381702912
2021-05-11,3441.8454,0.004033434911036693,0.008309618527080509
2021-05-12,3462.7513,0.006055665463211568,0.008182001734024207
2021-05-13,3429.5361,-0.009638442279529258,0.008190296469823053
2021-05-14,3490.3762,0.017584519883660832,0.008557443427160237
2021-05-17,3517.6158,0.007773906471973291,0.009978336068776652
2021-05-18,3529.0144,0.0032351945876012422,0.009905558972442972
2021-05-19,3510.9647,-0.005127782140746717,0.00958997015062328
2021-05-20,3506.9444,-0.0011457259940250708,0.009399609575110065
2021-05-21,3486.5569,-0.0058304293885509395,0.009086819296263678
2021-05-24,3497.2821,0.0030714363350998752,0.008992844863701532
2021-05-25,3581.3418,0.023751410687593122,0.008757254643139612
2021-05-26,3593.357,0.0033493284016898883,0.011311202584781405
2021-05-27,3608.8507,0.004302492942793279,0.010875851817637953
2021-05-28,3600.7844,-0.002237645388099452,0.010511362821119512
2021-05-31,3615.4773,0.004072169473516851,0.010121648614840635
2021-06-01,3624.7138,0.0025514533755153224,0.0098166086668516
2021-06-02,3597.1379,-0.007636831983550252,0.009489246807230357
2021-06-03,3584.2121,-0.003599828432964358,0.00948310260490689
2021-06-04,3591.8447,0.002127241489567666,0.009229617923975982
2021-06-07,3599.541,0.002140422794546737,0.008945387149007696
2021-06-08,3580.1063,-0.005413844624030162,0.008687879210250505
2021-06-09,3591.3965,0.0031486313656525766,0.00861115161719539
2021-06-10,3610.859,0.005404570102777839,0.008415611408599977
2021-06-11,3589.7481,-0.0058636612702098745,0.008352468756140444
2021-06-15,3556.559,-0.009288528510152716,0.008345131064738987
2021-06-16,3518.3292,-0.010807286564476826,0.008649365359838039
2021-06-17,3525.6042,0.0020656079987109166,0.009080352213856713
2021-06-18,3525.0968,-0.0001439289514273412,0.008808553819070893
2021-06-21,3529.1826,0.0011583891777480204,0.008540757516463358
2021-06-22,3557.412,0.007967028145834831,0.008303876513303282
2021-06-23,3566.2199,0.002472869067931427,0.008454572155317256
2021-06-24,3566.6539,0.00012169008248363866,0.008252796851612962
2021-06-25,3607.5618,0.011404269142195389,0.008036973050938962
2021-06-28,3606.3722,-0.00032980618086675406,0.00861458395284348
2021-06-29,3573.1779,-0.009246968421273039,0.008365652539513525
2021-06-30,3591.197,0.005030205215726724,0.00866228546706977
2021-07-01,3588.7816,-0.0006728154011810261,0.008549265826381202
2021-07-02,3518.7595,-0.019704244984094288,0.008309081831199244
2021-07-05,3534.3222,0.00441302849411862,0.010234792298447414
2021-07-06,3530.2589,-0.0011503301867570315,0.009933429421758679
2021-07-07,3553.7155,0.006622464849117549,0.009573577251171833
2021-07-08,3525.5039,-0.007970299478664344,0.009461929882088745
2021-07-09,3524.0881,-0.0004016686409755721,0.009486978095734597
2021-07-12,3547.8362,0.0067161887656066455,0.009159036994965059
2021-07-13,3566.5225,0.0052531348950264345,0.009100391724125112
2021-07-14,3528.5011,-0.0107178682161706,0.008953296972444668
2021-07-15,3564.5902,0.010175933141356452,0.009325556968487152
2021-07-16,3539.3038,-0.0071190552096656035,0.009554078898144743
2021-07-19,3539.1225,-5.122607550234193e-05,0.009499382283223026
2021-07-20,3536.7905,-0.0006591375796816124,0.009168983514380828
2021-07-21,3562.6611,0.007288088142551885,0.008871377756745963
2021-07-22,3574.7344,0.0033831140548041816,0.008890387698052943
2021-07-23,3550.3964,-0.006831620454342158,0.008675840853770031
2021-07-26,3467.4409,-0.023642430143635096,0.008702921294863797
2021-07-27,3381.1833,-0.02519109209623238,0.011305736005565021
2021-07-28,3361.5895,-0.0058118093944461435,0.013462979235522336
2021-07-29,3411.724,0.01480380779343804,0.012949473827061459
2021-07-30,3397.3574,-0.004219841260498569,0.013181690545095869
2021-08-02,3464.2854,0.019508483482479022,0.01262755582306487
2021-08-03,3447.9914,-0.0047145190077255705,0.013510448125785692
2021-08-04,3477.2186,0.008440862741149857,0.012947283829681504
2021-08-05,3466.5491,-0.0030731178973457673,0.01261275016267043
2021-08-06,3458.2277,-0.0024033710387598717,0.012069578246607274
2021-08-09,3494.6348,0.01047264569062989,0.011553901615248876
2021-08-10,3529.9309,0.010049417588314569,0.011525140100468392
2021-08-11,3532.6213,0.0007618775915432252,0.011462422725869696
2021-08-12,3524.7374,-0.002234236238999543,0.01096895614569237
2021-08-13,3516.2989,-0.00239694944909985,0.010540204054580997
2021-08-16,3517.3447,0.00029737077030844716,0.010151848258003453
2021-08-17,3446.976,-0.020209033422204925,0.009764884097239229
2021-08-18,3485.2859,0.011052753216000966,0.011398837431700334
2021-08-19,3465.5546,-0.005677400596283633,0.011442485626510748
2021-08-20,3427.3338,-0.011090036428580419,0.01110171955605248
2021-08-23,3477.1321,0.014425203700842104,0.01121175893486567
2021-08-24,3514.471,0.010681171244085519,0.011649594249494473
2021-08-25,3540.3837,0.007346095032037425,0.011628349778293518
2021-08-26,3501.6643,-0.010996741342447436,0.011351542246301562
2021-08-27,3522.1567,0.005835131090336176,0.011420651444791288
2021-08-30,3528.1512,0.0017004935187330261,0.011076653330956525
2021-08-31,3543.9402,0.004465164642249775,0.010624184872174761
2021-09-01,3567.1008,0.006514006007376949,0.010289101545931467
2021-09-02,3597.0426,0.008358842827338009,0.010094316057194684
2021-09-03,3581.7344,-0.004264855477021712,0.010054713848908818
2021-09-06,3621.8593,0.011140360396225901,0.009775171106477605
2021-09-07,3676.5866,0.014997254623056122,0.010043338203556861
2021-09-08,3675.1865,-0.0003808877118167686,0.010748331084404181
2021-09-09,3693.1296,0.004870348998181839,0.010312458773462499
2021-09-10,3703.1103,0.0026988594726766735,0.010024472732036873
2021-09-13,3715.3723,0.0033058003443766637,0.009682392193447565
2021-09-14,3662.6015,-0.01430520122194423,0.009389625434565209
2021-09-15,3656.2232,-0.00174298521312366,0.010152765167857685
2021-09-16,3607.0922,-0.013528739053548122,0.009783514415307518
2021-09-17,3613.9663,0.0019039042756592295,0.010370302453232642
2021-09-22,3628.4897,0.004010633814722553,0.009980488984663596
2021-09-23,3642.2204,0.0037769945808054928,0.00968610158028091
2021-09-24,3613.0673,-0.008036416502626764,0.009410091398343031
2021-09-27,3582.8307,-0.008403892872252072,0.009447189836120485
2021-09-28,3602.2184,0.0053966915979408725,0.009512028314208122
2021-09-29,3536.2944,-0.018470478669135204,0.0093302123331407
2021-09-30,3568.1668,0.008972563275790435,0.010763816337817382
2021-10-08,3592.1666,0.006703567706727753,0.01069737447589765
2021-10-11,3591.7087,-0.0001274799412556149,0.010472864353392577
2021-10-12,3546.9362,-0.012543861671042933,0.010058981660920443
2021-10-13,3561.7623,0.0041712618694216275,0.010476634985143176
2021-10-14,3558.2795,-0.0009783089413257784,0.010142957351669476
2021-10-15,3572.3662,0.003951035829825145,0.009762893310217425
2021-10-18,3568.1379,-0.00118431428229826,0.00948652258793439
2021-10-19,3593.1533,0.006986310442732346,0.009166501667272993
2021-10-20,3587.0009,-0.0017137240606128756,0.009126918669493542
2021-10-21,3594.7831,0.002167206099748853,0.008848821313690197
2021-10-22,3582.6036,-0.003393856900745007,0.008601044875724334
2021-10-25,3609.8626,0.007579912023457425,0.008426110974279392
2021-10-26,3597.6377,-0.0033922750508086352,0.008525699773328106
2021-10-27,3562.3052,-0.009869572229845858,0.008358388895453156
2021-10-28,3518.4166,-0.012396804537079475,0.008725515295335183
2021-10-29,3547.3361,0.00818586857345771,0.009345941277192356
2021-11-01,3544.4795,-0.000805604746545896,0.009381513735504452
2021-11-02,3505.6283,-0.011021560063513292,0.00906620254578401
2021-11-03,3498.5368,-0.0020249386820285764,0.009456450122543446
2021-11-04,3526.8657,0.008064748900261876,0.00915505339408098
2021-11-05,3491.5677,-0.010058739779537973,0.009203873536360676
2021-11-08,3498.6308,0.002020858893700961,0.009464844875395846
2021-11-09,3507.0018,0.002389792460419926,0.009156873290789905
2021-11-10,3492.4616,-0.004154667317834537,0.00888564731473993
2021-11-11,3532.7858,0.011479921078597854,0.008716243370177023
2021-11-12,3539.1002,0.0017857758674413304,0.009186761707613516
2021-11-15,3533.3026,-0.0016394997464352912,0.008899473861205825
2021-11-16,3521.7867,-0.0032645682394019104,0.008640996316270843
2021-11-17,3537.3662,0.0044139928730082545,0.008456718907139582
2021-11-18,3520.7106,-0.004719594696490859,0.008332295144346458
2021-11-19,3560.3734,0.01120258276807462,0.00825255013975645
2021-11-22,3582.0797,0.00607812652651063,0.00876644650630796
2021-11-23,3589.0894,0.0019549677701871104,0.008707721370890868
2021-11-24,3592.7025,0.0010061835138461817,0.008468531276464726
2021-11-25,3584.1788,-0.002375322553453074,0.008236763115514778
2021-11-26,3564.0894,-0.005620788792111142,0.008061494233341841
2021-11-29,3562.6968,-0.000390807294801121,0.008071745473425583
2021-11-30,3563.8872,0.00033407310180244565,0.007875220097841052
2021-12-01,3576.8853,0.0036405345096337527,0.007696641821083499
2021-12-02,3573.8358,-0.0008529210249488273,0.007617068214396412
2021-12-03,3607.4322,0.009356744549750218,0.0074706886532179
2021-12-06,3589.3061,-0.005037320400694156,0.007892103551913332
2021-12-07,3595.0882,0.0016096280373716354,0.00788276542219817
2021-12-08,3637.5675,0.011746664079309355,0.00771737090309403
2021-12-09,3673.0412,0.009704794736990152,0.008400235250404724
2021-12-10,3666.3479,-0.0018239397760186904,0.008713331997510542
2021-12-13,3681.082,0.004010686716609868,0.008476462156736442
2021-12-14,3661.5253,-0.005326921472487811,0.008330187046278612
2021-12-15,3647.6303,-0.0038020853568010438,0.008288519482093063
2021-12-16,3675.016,0.007479762522057953,0.008164476079474911
2021-12-17,3632.3638,-0.011673865475732015,0.008289724524738182
2021-12-20,3593.6019,-0.010728606641519534,0.008891707174127425
2021-12-21,3625.1251,0.00873378377642986,0.009274812067146662
2021-12-22,3622.6178,-0.0006918843934204943,0.009368036901824264
2021-12-23,3643.3391,0.005703682656141851,0.009052827780491034
2021-12-24,3618.0535,-0.0069644222797098365,0.008937767337283421
2021-12-27,3615.9741,-0.0005748941453500578,0.008943564621150675
2021-12-28,3630.1115,0.0039020841648103044,0.008665783436902606
2021-12-29,3597.0002,-0.009163143743093016,0.008494989163565555
2021-12-30,3619.1886,0.006149636751953125,0.008763430362399252
2021-12-31,3639.7754,0.005672119380891516,0.00870996394452371
2022-01-04,3632.3289,-0.0020479636417345404,0.008630712735838897
2022-01-05,3595.1761,-0.010281038132212927,0.008407256097636045
2022-01-06,3586.0792,-0.0025335138456501483,0.00881449817645512
2022-01-07,3579.5427,-0.0018244060053014266,0.008587107874912337
2022-01-10,3593.5187,0.003896806929766683,0.008362350582345843
2022-01-11,3567.4409,-0.007283357744299224,0.008222772792869712
2022-01-12,3597.4321,0.008371781374270526,0.008345818561092375
2022-01-13,3555.2585,-0.011792510284786673,0.008529076519188642
2022-01-14,3521.2559,-0.009610059349874689,0.009104201596919489
2022-01-17,3541.666,0.005779522158661621,0.00933184557991451
2022-01-18,3569.9144,0.007944380005984186,0.009191458147251415
2022-01-19,3558.1796,-0.003292552146845651,0.009225478791094551
2022-01-20,3555.0629,-0.0008763092779275894,0.008984692363568332
2022-01-21,3522.5679,-0.009182515801025914,0.008706102395383322
2022-01-24,3524.105,0.00043626262952578543,0.008945913401695114
2022-01-25,3433.0612,-0.026174162026620706,0.008665596806246376
2022-01-26,3455.6679,0.006563411284359333,0.011829072737331917
2022-01-27,3394.2474,-0.01793369507787368,0.01148618936243542
2022-01-28,3361.4397,-0.009712693150923712,0.012384904620950841
2022-02-07,3429.5809,0.02006870277782724,0.012219811379879304
2022-02-08,3452.6288,0.006697844781690776,0.013259685780222998
2022-02-09,3479.9458,0.00788080704722205,0.012794240072697803
2022-02-10,3485.9071,0.0017115783353123248,0.01243845011003964
2022-02-11,3462.9479,-0.0066080767395320095,0.011876736363759232
2022-02-14,3428.8821,-0.009885930860663805,0.01154672630108402
2022-02-15,3446.0885,0.005005530038481254,0.011489817018884161
2022-02-16,3465.8305,0.00571246673622916,0.011099948710168547
2022-02-17,3468.0354,0.0006359800163764362,0.01077951987868645
2022-02-18,3490.7573,0.0065304376004622355,0.010341047385356865
2022-02-21,3490.6123,-4.1539127227707695e-05,0.01014195630834332
2022-02-22,3457.146,-0.00963377175406599,0.009755840008907153
2022-02-23,3489.1465,0.009213757233922593,0.009896702886181576
2022-02-24,3429.9564,-0.017109600704950267,0.009954948340491196
2022-02-25,3451.4061,0.006234163501721568,0.011026552057441756
2022-02-28,3462.3064,0.0031532433643288726,0.010741445650052276
2022-03-01,3488.8347,0.007632827017388877,0.010349146408857446
2022-03-02,3484.1916,-0.0013317318726357996,0.010224457078177865
2022-03-03,3481.1125,-0.0008841251311828557,0.009842033803274598
2022-03-04,3447.649,-0.009659377130603275,0.009486929067015886
2022-03-07,3372.8552,-0.021932923460978415,0.009666496268928812
2022-03-08,3293.5301,-0.02379965774438375,0.01164304713296016
2022-03-09,3256.3884,-0.011341239775054746,0.013461464254957886
2022-03-10,3296.0922,0.012118856461555083,0.013314685335567731
2022-03-11,3309.7467,0.004134075824023142,0.013230225664503659
2022-03-14,3223.5328,-0.02639375978888303,0.012660773894777816
2022-03-15,3063.9652,-0.05076800688059535,0.014699162110929122
2022-03-16,3170.7103,0.03424573807852482,0.021303756059417842
2022-03-17,3215.0445,0.013885566772355418,0.022813083444984547
2022-03-18,3251.0724,0.011143712182164478,0.021944581376683675
2022-03-21,3253.6857,0.0008035041735379167,0.0209896533745992
2022-03-22,3259.8619,0.001896417200054401,0.019809102471721192
2022-03-23,3271.0325,0.0034208517882046152,0.018715824438460548
2022-03-24,3250.2644,-0.006369337427582167,0.017719732531382634
2022-03-25,3212.2399,-0.011767864915803727,0.016887603335666163
2022-03-28,3214.5027,0.0007041825803035806,0.01642499106937833
2022-03-29,3203.9393,-0.0032915805852660185,0.015559469556969442
2022-03-30,3266.5959,0.01936734955046937,0.01479436380817279
2022-03-31,3252.2029,-0.004415851395293657,0.01530604734999352
2022-04-01,3282.7166,0.009338729195587092,0.014590595476733288
2022-04-06,3283.4261,0.00021610861511156543,0.014159008023490318
2022-04-07,3236.6951,-0.014334641569345052,0.013456534180195061
2022-04-08,3251.8502,0.004671348309429391,0.01359880165170693
2022-04-11,3167.1259,-0.02639960618746784,0.013017537487054736
2022-04-12,3213.3295,0.014483106531095302,0.014971911781831333
2022-04-13,3186.8244,-0.008282691929405672,0.014917071305929458
2022-04-14,3225.6412,0.012106817112575996,0.01440661686988695
2022-04-15,3211.2448,-0.004473102057223954,0.014200261232204378
2022-04-18,3195.524,-0.004907569491798824,0.013572969171851306
2022-04-19,3194.0287,-0.00046804529127619787,0.013012033040176601
2022-04-20,3151.0498,-0.013547368193693288,0.012397116475316782
2022-04-21,3079.8077,-0.022868507185355824,0.012594002382993592
2022-04-22,3086.9193,0.0023064433215935765,0.01404008394184482
2022-04-25,2928.5118,-0.0526792273868395,0.013364143607330426
2022-04-26,2886.4257,-0.014475421234789287,0.02099288652940843
2022-04-27,2958.282,0.02458973975878198,0.020342196016312614
2022-04-28,2975.4848,0.005798289274432378,0.020703522480502744
2022-04-29,3047.0624,0.023770995249130067,0.01962321217247991
2022-05-05,3067.7587,0.006769250871482058,0.019985274571264516
2022-05-06,3001.5605,-0.02181490973019784,0.01898809798682274
2022-05-09,3004.1409,0.0008593168347630353,0.01923785855239034
2022-05-10,3035.8442,0.010497903763782901,0.01817675569034017
2022-05-11,3058.7027,0.00750133112837581,0.017497280337893755
2022-05-12,3054.994,-0.001213243193737057,0.016718492001858182
2022-05-13,3084.2845,0.009542073142361218,0.0158368146870717
2022-05-16,3073.7488,-0.0034217776249505505,0.015304414329228501
2022-05-17,3093.6965,0.00646873011045912,0.014561477285736259
2022-05-18,3085.9768,-0.00249841816575902,0.013973837420707185
2022-05-19,3096.9648,0.003554298998279748,0.013311044820618161
2022-05-20,3146.5673,0.01588957751229536,0.012718179893799737
2022-05-23,3146.8573,9.215968050391155e-05,0.013108663698995377
2022-05-24,3070.9272,-0.02442473673700718,0.012484955018828198
2022-05-25,3107.4641,0.011827456096545674,0.014216805010588874
2022-05-26,3123.1079,0.005021636175268185,0.014007316953937284
2022-05-27,3130.2394,0.002280859434016236,0.013405631795282001
2022-05-30,3149.0607,0.005994730643543278,0.012777551460605661
2022-05-31,3186.4271,0.01179603985120714,0.012319550550210808
2022-06-01,3182.1566,-0.0013411147097190934,0.012321803325859242
2022-06-02,3195.458,0.00417128350358098,0.011767804912337861
2022-06-06,3236.3719,0.01272249188833996,0.01132053003183468
2022-06-07,3241.7635,0.0016645534284123187,0.011545191837707471
2022-06-08,3263.7934,0.006772666674367045,0.011053933486248172
2022-06-09,3238.9543,-0.007639607733256781,0.010798016916150656
2022-06-10,3284.8341,0.01406561758152236,0.010644188858241348
2022-06-13,3255.5511,-0.008954578293002058,0.01112572070152642
2022-06-14,3288.9066,0.01019359902924677,0.011037991456481384
2022-06-15,3305.4066,0.005004322340784739,0.011045481212130908
2022-06-16,3285.3845,-0.006075799183957287,0.010695607949641485
2022-06-17,3316.7857,0.009512459034359821,0.010448752189813762
2022-06-20,3315.4302,-0.0004087623320216949,0.010465969016276439
2022-06-21,3306.7186,-0.002631050823096004,0.010053776762532439
2022-06-22,3267.2016,-0.012022499446445067,0.009714340556977447
2022-06-23,3320.1487,0.016075732377965224,0.010122679661487931
2022-06-24,3349.747,0.008875249514936456,0.010966213083503132
2022-06-27,3379.1852,0.008749794748354134,0.010868899501234798
2022-06-28,3409.2103,0.008846065552784665,0.010772429661592307
2022-06-29,3361.5177,-0.014088112478534143,0.010694621796147033
2022-06-30,3398.6161,0.010975750931834227,0.011203630014470061
2022-07-01,3387.6373,-0.003235602601636245,0.011264108376677894
2022-07-04,3405.4267,0.005237530712546956,0.010837170056031634
2022-07-05,3404.0252,-0.0004116337233526224,0.010517482708264312
2022-07-06,3355.3497,-0.014402616258314183,0.010100988087688802
2022-07-07,3364.398,0.0026930491656926847,0.010749973591941858
2022-07-08,3356.0778,-0.0024760759501276652,0.010344515180989833
2022-07-11,3313.584,-0.012742587633903568,0.009975176768058055
2022-07-12,3281.4665,-0.00973995692877061,0.010430246818473722
2022-07-13,3284.2918,0.0008606165640863139,0.010494436671003872
2022-07-14,3281.744,-0.0007760542907391255,0.01008107102334768
2022-07-15,3228.0609,-0.016493372006134877,0.009704224002837243
2022-07-18,3278.1033,0.015383376542121852,0.010731292129607295
2022-07-19,3279.4313,0.0004050302740772338,0.011369548500444616
2022-07-20,3304.7243,0.007683027545116516,0.010882075165143675
2022-07-21,3272.0012,-0.009951265273459242,0.010703834503257665
2022-07-22,3269.9739,-0.0006197822626674565,0.010753741160410021
2022-07-25,3250.388,-0.006007629394677139,0.010318879213617077
2022-07-26,3277.4356,0.008286913508609217,0.01010571777744697
2022-07-27,3275.7553,-0.0005128188885272777,0.010058930348884478
2022-07-28,3282.5758,0.002079950632227323,0.009681880667070025
2022-07-29,3253.2382,-0.008977549557501519,0.009355634301725336
2022-08-01,3259.9585,0.0020635957101760027,0.009485552974297453
2022-08-02,3186.2664,-0.022864641424780174,0.009176601367256005
2022-08-03,3163.6741,-0.0071157817396194645,0.011473235651956314
2022-08-04,3189.0391,0.007985606777751286,0.011213638100802491
2022-08-05,3227.0267,0.011841538124649276,0.01102203800081171
2022-08-08,3236.9337,0.003065305832400611,0.011192922401512179
2022-08-09,3247.4318,0.003237975765635781,0.010759504758296175
2022-08-10,3230.02,-0.005376139406415348,0.010368147579386065
2022-08-11,3281.6654,0.015862708274312354,0.01011371407455863
2022-08-12,3276.8877,-0.001456937459307639,0.010928097920155444
2022-08-15,3276.087,-0.0002443775661102876,0.010488161828045949
2022-08-16,3277.8847,0.0005485834017520119,0.010073363880420216
2022-08-17,3292.526,0.0044567455226172115,0.009693855026614278
2022-08-18,3277.5438,-0.004560750928307655,0.009445852514606296
2022-08-19,3258.0784,-0.005956726677643687,0.009239827501189181
2022-08-22,3277.7943,0.006033152941643749,0.009137342693253761
2022-08-23,3276.2234,-0.0004793700908312104,0.009034085647043643
2022-08-24,3215.2033,-0.01880076605693759,0.008747304191149316
2022-08-25,3246.2481,0.009609308176882436,0.010383943647786581
2022-08-26,3236.2226,-0.0030931132455780386,0.010417824636978741
2022-08-29,3240.7275,0.001391056178254857,0.010059980187127535
2022-08-30,3227.2203,-0.004176663155982752,0.009688926007689967
2022-08-31,3202.1378,-0.007802529229357091,0.009440439099445232
2022-09-01,3184.9797,-0.005372733873825197,0.009453904346742713
2022-09-02,3186.4781,0.00047034762676290143,0.00929171362886563
2022-09-05,3199.9118,0.00420698392162322,0.008980231833077954
2022-09-06,3243.4466,0.013513282912994029,0.00879130815232794
2022-09-07,3246.2943,0.0008776005780966045,0.009517479942955605
2022-09-08,3235.5862,-0.0033040133156578833,0.00918835216557234
2022-09-09,3262.0542,0.008147002532792769,0.00895158911900611
2022-09-13,3263.7972,0.0005341831845715461,0.009033301449007809
2022-09-14,3237.5419,-0.008076933791773655,0.008745408102068985
2022-09-15,3199.9187,-0.011688965793913653,0.008871087297679058
2022-09-16,3126.3977,-0.023243956037301672,0.0093743046493101
2022-09-19,3115.6019,-0.0034590872977826592,0.011688515350888147
2022-09-20,3122.4058,0.0021814345301685023,0.011232629520674177
2022-09-21,3117.1774,-0.0016758815632744728,0.010775420885114998
2022-09-22,3108.9096,-0.002655859084462975,0.010351802094760379
2022-09-23,3088.3695,-0.006628772040299324,0.009986680469899287
2022-09-26,3051.226,-0.012099804674726045,0.00984837523494563
2022-09-27,3093.8618,0.013876606990402607,0.010245221171410036
2022-09-28,3045.0668,-0.015897245531800053,0.010766815810726933
2022-09-29,3041.2046,-0.0012691515920302265,0.011504624569287107
2022-09-30,3024.3905,-0.0055441033536869355,0.011014834595750173
2022-10-10,2974.1454,-0.016752846351954176,0.010707180455713011
2022-10-11,2979.7926,0.0018969635536816298,0.011577786939365982
2022-10-12,3025.5055,0.015224484180057729,0.011087355445909577
2022-10-13,3016.3561,-0.003028671492190327,0.01164564205782798
2022-10-14,3071.9868,0.018275004933455463,0.011180394034329695
2022-10-17,3084.9423,0.004208435377680786,0.012148422491693756
2022-10-18,3080.9574,-0.0012925609395839643,0.011670268081170047
2022-10-19,3044.3777,-0.011943880379471139,0.01116742153428876
2022-10-20,3035.0504,-0.003068481825945213,0.01135693357073567
2022-10-21,3038.9291,0.0012771529858532915,0.01091706914083166
2022-10-24,2977.5554,-0.02040255533223778,0.010472322829425649
2022-10-25,2976.283,-0.0004274217517794554,0.011971759580940704
2022-10-26,2999.5036,0.007771601774613224,0.011437334449539713
2022-10-27,2982.9029,-0.005549854430542567,0.011207701046218384
2022-10-28,2915.9257,-0.022709620167733036,0.010882183037100753
2022-10-31,2893.4829,-0.007726401495578017,0.012689803119921897
2022-11-01,2969.1995,0.02583145564924294,0.012350556583741002
2022-11-02,3003.3699,0.011442570373015215,0.014316005336718604
2022-11-03,2997.8057,-0.001854370531821914,0.014064497145061836
2022-11-04,3070.7964,0.024056353931069197,0.013383714207373611
2022-11-07,3077.817,0.0022836378202075736,0.014816729757340856
2022-11-08,3064.4928,-0.00433850500334465,0.01408235084159453
2022-11-09,3048.1676,-0.005341451265522323,0.013459894760473297
2022-11-10,3036.1318,-0.003956352213506875,0.012925904576952677
2022-11-11,3087.2926,0.01671025463293674,0.01238371122078559
2022-11-14,3083.4013,-0.0012612197522283708,0.012926828236727382
2022-11-15,3134.0778,0.016301662274612383,0.012324824600120805
2022-11-16,3119.9804,-0.004508248380753699,0.012825140621648263
2022-11-17,3115.4347,-0.0014580266854373747,0.01231074132666689
2022-11-18,3097.2432,-0.005856267549642524,0.011759132583679116
2022-11-21,3085.0444,-0.003946376041090716,0.011398430887344282
2022-11-22,3088.9426,0.0012627822241970676,0.01098416773278693
2022-11-23,3096.9073,0.0025751366522417385,0.010533729880951111
2022-11-24,3089.3096,-0.002456332825998331,0.010143951791055228
2022-11-25,3101.6932,0.004000520405437413,0.009791719598204
2022-11-28,3078.5485,-0.007489936259199581,0.009514631966151764
2022-11-29,3149.7478,0.02286416646934164,0.009493563678497782
2022-11-30,3151.3353,0.0005038816369804522,0.011647146246186502
2022-12-01,3165.4711,0.004475623503806148,0.01113771263188482
2022-12-02,3156.1442,-0.002950798593392534,0.010756811431542978
2022-12-05,3211.8144,0.017484918414798045,0.010364848046571827
2022-12-06,3212.5334,0.00022383595203123718,0.011371749845655555
2022-12-07,3199.6194,-0.004027981822394722,0.010883791296509168
2022-12-08,3197.3499,-0.0007095547872069119,0.010517979375361376
2022-12-09,3206.9502,0.0029980816142636257,0.010103478316623574
2022-12-12,3179.0417,-0.008740592883983211,0.009762726399452535
2022-12-13,3176.3255,-0.0008547736361723679,0.00981828493406745
2022-12-14,3176.5253,6.290089484295436e-05,0.009464939389032371
2022-12-15,3168.6478,-0.0024829910620471907,0.009137430250265168
2022-12-16,3167.8576,-0.00024941192478067364,0.008877688501310009
2022-12-19,3107.115,-0.019360880525022495,0.008603919203644294
2022-12-20,3073.7659,-0.01079115555257637,0.010382144339694487
2022-12-21,3068.4105,-0.001743812293341307,0.010556403775995689
2022-12-22,3054.4313,-0.004566253627404038,0.010152507302668314
2022-12-23,3045.8664,-0.002808028738620294,0.00987759805749476
2022-12-26,3065.5626,0.0064457161143618436,0.009559244188679449
2022-12-27,3095.5678,0.009740237674993324,0.009437181442930811
2022-12-28,3087.3997,-0.0026421309029007745,0.00960557283212459
2022-12-29,3073.7016,-0.004446647410476956,0.009307013985260027
2022-12-30,3089.2579,0.005048332067906003,0.009109198230593439
2023-01-03,3116.5119,0.008783495391599061,0.008949691328851622
2023-01-04,3123.5164,0.0022450228124650806,0.009090201451351095
2023-01-05,3155.2162,0.010097601336383377,0.008821609940163044
2023-01-06,3157.6365,0.0007667849175643227,0.009114595898211588
2023-01-09,3176.0845,0.0058253441125106775,0.008820696299451715
2023-01-10,3169.5072,-0.0020730304332285954,0.008738974130795161
2023-01-11,3161.8376,-0.0024227408216663804,0.008505747795291762
2023-01-12,3163.4509,0.000510111130893165,0.008305102771093292
2023-01-13,3195.3059,0.010019337894968672,0.008085144517952815
2023-01-16,3227.5916,0.010053397840467326,0.008483121406172252
2023-01-17,3224.2448,-0.0010374721529498032,0.008822322174944
2023-01-18,3224.406,4.9994953993603986e-05,0.008560774895615474
2023-01-19,3240.2794,0.004910813417261295,0.008315671314753376
2023-01-20,3264.8138,0.007543171351544586,0.00823381598191968
2023-01-30,3269.318,0.0013786684601111432,0.008355462775000948
2023-01-31,3255.6692,-0.004183554538441214,0.00813937693644899
2023-02-01,3284.9213,0.008944848340185274,0.008050906203498492
2023-02-02,3285.6705,0.00022804643053575546,0.008334706414716278
2023-02-03,3263.4059,-0.006799336094509556,0.008111074835596213
2023-02-06,3238.6978,-0.007600069168496759,0.008206887057451491
2023-02-07,3248.094,0.0028970273322705964,0.008360776745621815
2023-02-08,3232.1063,-0.004934332797876806,0.00818153394585485
2023-02-09,3270.3826,0.011772951153467659,0.008131824170422356
2023-02-10,3260.6734,-0.002973242658640629,0.008741029691081932
2023-02-13,3284.1599,0.0071771425617246365,0.008535628542657749
2023-02-14,3293.2825,0.002773906723843922,0.008587101869652027
2023-02-15,3280.4919,-0.0038914070859252803,0.008381307213478038
2023-02-16,3249.0295,-0.009637044301365805,0.008251717888966665
2023-02-17,3224.0243,-0.007725974525758517,0.008609054088008097
2023-02-20,3290.3383,0.02036002440187268,0.008720670448710357
2023-02-21,3306.5236,0.004906979324939442,0.010607007902719822
2023-02-22,3291.1477,-0.004661016633814796,0.010293071196481969
2023-02-23,3287.477,-0.0011159476481275021,0.01000928969107706
2023-02-24,3267.1597,-0.006199387090417119,0.009642407170672917
2023-02-27,3258.0344,-0.0027969454422382967,0.009512187505394237
2023-02-28,3279.6053,0.006599011040282932,0.009227006207509254
2023-03-01,3312.3478,0.009934163297607768,0.009152260045323775
2023-03-02,3310.6536,-0.0005116109554066384,0.009379903741936289
2023-03-03,3328.3927,0.005343882664210042,0.009062180017805649
2023-03-06,3322.0259,-0.0019147071268914573,0.008924382383073352
2023-03-07,3285.0988,-0.01117808008103971,0.008669628054408024
2023-03-08,3283.2479,-0.0005635817150135836,0.00914256093198736
2023-03-09,3276.0937,-0.0021813783373882956,0.008846547710762641
2023-03-10,3230.0766,-0.014145915411752696,0.008605892013872426
2023-03-13,3268.6955,0.01188512352830351,0.009497898679281837
2023-03-14,3245.3123,-0.007179389756901244,0.009892500837667666
2023-03-15,3263.3148,0.005531902698580282,0.009803953738442983
2023-03-16,3226.8912,-0.011224291617438098,0.009599963277136922
2023-03-17,3250.546,0.007303785255038164,0.009932188603960994
2023-03-20,3234.9103,-0.004821782638060768,0.009829286957826944
2023-03-21,3255.6505,0.006390902490906569,0.00959843485783261
2023-03-22,3265.7475,0.003096577779233556,0.009468482335743657
2023-03-23,3286.6491,0.00637985524125817,0.009188664691118733
2023-03-24,3265.6537,-0.006408578021297018,0.00910295268186887
2023-03-27,3251.3971,-0.0043751761891570595,0.009047213768183337
2023-03-28,3245.376,-0.0018535668804240402,0.008872224553065425
2023-03-29,3240.0568,-0.0016403534989137825,0.008620961822988937
2023-03-30,3261.2485,0.006519237007584167,0.008388863088417655
2023-03-31,3272.8602,0.003554183977215075,0.00840645056445432
2023-04-03,3296.396,0.0071654689618139145,0.008247323442143394
2023-04-04,3312.5578,0.0048908897553268105,0.008334500526607337
2023-04-06,3312.628,2.119185849913663e-05,0.008249400084722573
2023-04-07,3327.6457,0.004523224879909193,0.008033976322873629
2023-04-10,3315.3578,-0.003699505506716605,0.007961606151761724
2023-04-11,3313.5705,-0.0005392425328576422,0.007867919861083003
2023-04-12,3327.1816,0.004099270340205408,0.007692704218454214
2023-04-13,3318.3638,-0.002653749133926908,0.007636070403984167
2023-04-14,3338.1525,0.005945680113788043,0.007532887160085506
2023-04-17,3385.6095,0.014116439004130399,0.007614140356887561
2023-04-18,3393.3312,0.0022781445306332415,0.00867402809284787
2023-04-19,3370.1283,-0.006861278914179536,0.008445654732077989
2023-04-20,3367.031,-0.0009194677104371607,0.00850376516634992
2023-04-21,3301.2575,-0.0197278906524172,0.008270652367131367
2023-04-24,3275.413,-0.007859488486701594,0.010211960297280236
2023-04-25,3264.8717,-0.0032235016092947433,0.010139515314133585
2023-04-26,3264.1006,-0.00023620869201401717,0.009810922217452124
2023-04-27,3285.8844,0.006651581741325074,0.009453802871109666
2023-04-28,3323.2746,0.011314782683752966,0.009357376682077185
2023-05-04,3350.4587,0.008146639706275494,0.009706777682485969
2023-05-05,3334.5028,-0.004773679040711798,0.009695342842184996
2023-05-08,3395.0036,0.017981238597039706,0.009475292245700657
2023-05-09,3357.6707,-0.011057331870286902,0.010748629771743182
2023-05-10,3319.1506,-0.011538582701321687,0.010901419083559623
2023-05-11,3309.5512,-0.0028963157493357983,0.011083852279166707
2023-05-12,3272.3619,-0.011300573313389961,0.010662197888772047
2023-05-15,3310.7367,0.011658714841546569,0.010851846159275645
2023-05-16,3290.9874,-0.0059830912698704,0.011026358534021941
2023-05-17,3284.232,-0.002054806681250909,0.010741724009914373
2023-05-18,3297.3199,0.003977152334465828,0.010328258979914712
2023-05-19,3283.5417,-0.004187360552371899,0.01000049646701077
2023-05-22,3296.4696,0.003929451195480382,0.009722633495727766
2023-05-23,3246.238,-0.015355290211658712,0.009449196491706988
2023-05-24,3204.7494,-0.012862890427022933,0.010354130983327253
2023-05-25,3201.2605,-0.0010892584930157767,0.010764786081409563
2023-05-26,3212.5038,0.003505994605035312,0.010333480284954157
2023-05-29,3221.4484,0.0027804389850576428,0.009988217893577157
2023-05-30,3224.2133,0.0008579104204553545,0.009651570587423003
2023-05-31,3204.5644,-0.006112814006360878,0.009310470055836089
2023-06-01,3204.6345,2.1874808723509886e-05,0.009210681435277318
2023-06-02,3230.0686,0.00790533209123545,0.008905881813133112
2023-06-05,3232.441,0.0007342039713389426,0.008972211975858234
2023-06-06,3195.3404,-0.01154395574505962,0.00869105274603616
2023-06-07,3197.7587,0.0007565345312237071,0.009206223629437685
2023-06-08,3213.5855,0.004937133822439321,0.008903967628507608
2023-06-09,3231.4055,0.005529889928721943,0.008759885119753055
2023-06-12,3228.8336,-0.0007962244418706632,0.008666084660040036
2023-06-13,3233.6734,0.0014978091025081852,0.008416169880311807
2023-06-14,3228.9887,-0.0014497743338743874,0.0081961344463606
2023-06-15,3252.9751,0.007401000754569509,0.008001384521427879
2023-06-16,3273.3341,0.006239074924998533,0.00814151308660067
2023-06-19,3255.8057,-0.005369296001594748,0.008168236932432947
2023-06-20,3240.3648,-0.004753855853767419,0.008148293414445921
2023-06-21,3197.9011,-0.013191227703689634,0.008091314194724567
2023-06-26,3150.6189,-0.0148957786259718,0.008945084643027356
2023-06-27,3189.4427,0.012247289611091006,0.009881599678739587
2023-06-28,3189.3758,-2.097567127989919e-05,0.010260107524922076
2023-06-29,3182.3812,-0.0021955020599904174,0.009863925134093435
2023-06-30,3202.0623,0.006165349365957695,0.009529914493380958
2023-07-03,3243.975,0.013004358713452291,0.009392624283648168
2023-07-04,3245.3492,0.00042352638832277023,0.009943251213585354
2023-07-05,3222.9469,-0.00692682871261141,0.009574446286156212
2023-07-06,3205.5748,-0.0054047082979682415,0.009502953876690085
2023-07-07,3196.6092,-0.002800796059862165,0.009337530555392005
2023-07-10,3203.6958,0.0022144578722276265,0.009068777842494952
2023-07-11,3221.3666,0.005500598579342153,0.008801455337688741
2023-07-12,3196.1337,-0.007863818886823637,0.00870125841078352
2023-07-13,3236.48,0.012544458898469557,0.00881323525257149
2023-07-14,3237.7012,0.00037725234334828883,0.00940333375787285
2023-07-17,3209.6298,-0.008707968424335633,0.009081597856422423
2023-07-18,3197.8201,-0.0036862444676799555,0.00922202725539061
2023-07-19,3198.8358,0.00031757218909866936,0.008997422555384427
2023-07-20,3169.522,-0.009206143233951636,0.008712062449062663
2023-07-21,3167.7452,-0.0005607464512653593,0.008953478756814907
2023-07-24,3164.1608,-0.0011321710659881745,0.008674674123845446
2023-07-25,3231.5213,0.021065146706675364,0.008428313922758767
2023-07-26,3223.0279,-0.002631757738312146,0.010535622409431521
2023-07-27,3216.6709,-0.0019743165829204656,0.010153778059427283
2023-07-28,3275.9257,0.018253542891850216,0.009789138853186689
2023-07-31,3291.0398,0.004603077840705794,0.011037808811306003
2023-08-01,3290.9493,-2.749928589373951e-05,0.010671074573738053
2023-08-02,3261.6903,-0.008930506252713855,0.010240459239348345
2023-08-03,3280.4626,0.005738891098650001,0.010254202835469937
2023-08-04,3288.0842,0.002320636101860174,0.010016718753787977
2023-08-07,3268.8311,-0.0058726259077825915,0.009666018643385904
2023-08-08,3260.6196,-0.0025152205618326207,0.009512096178182486
2023-08-09,3244.4867,-0.004960082843130209,0.009218414194668921
2023-08-10,3254.5597,0.0030998418678684914,0.00905700713974898
2023-08-11,3189.248,-0.020271845364298713,0.008816203745051491
2023-08-14,3178.4272,-0.0033986690828307076,0.0107087428010043
2023-08-15,3176.1758,-0.0007085887487239262,0.010335281713179052
2023-08-16,3150.1277,-0.008234902799452826,0.009936168770763372
2023-08-17,3163.7393,0.0043116591106802105,0.009926420168207559
2023-08-18,3131.953,-0.010097879178786684,0.009649668660277758
2023-08-21,3092.9777,-0.012522487781968294,0.009851874735069448
2023-08-22,3120.3338,0.008805699429862202,0.01029936474306229
2023-08-23,3078.4021,-0.01352931961658399,0.010272905974245596
2023-08-24,3082.2439,0.0012472070292641746,0.01077879175788939
2023-08-25,3064.0747,-0.005912239214117321,0.010345178564864855
2023-08-28,3098.6363,0.011216480002763873,0.010123615688035869
2023-08-29,3135.8867,0.01194986152948374,0.010350770074812384
2023-08-30,3137.1375,0.00039878692531658544,0.010625966413529801
2023-08-31,3119.8764,-0.005517374282220544,0.01019933331799517
2023-09-01,3133.2467,0.004276365637373658,0.009969417726576455
2023-09-04,3177.0603,0.013886583987790857,0.00968708033866533
2023-09-05,3154.3693,-0.007167764180540104,0.010303481563428231
2023-09-06,3158.0769,0.001174695295254935,0.010168808752539038
2023-09-07,3122.3523,-0.011376606334589923,0.009785840459817199
2023-09-08,3116.7191,-0.0018057820369712374,0.01010779572235463
2023-09-11,3142.779,0.008326562337149568,0.00974367960976639
2023-09-12,3137.0593,-0.0018216079167565624,0.009742845065437909
2023-09-13,3123.0669,-0.004470332659382237,0.009411178286373697
2023-09-14,3126.5511,0.0011150122650622762,0.009204076375993735
2023-09-15,3117.7434,-0.002821041141212177,0.008905260036235523
2023-09-18,3125.9319,0.002622975827952345,0.00867842801301492
2023-09-19,3124.9567,-0.00031201964082683276,0.00845909831871391
2023-09-20,3108.5679,-0.005258289270878791,0.008224742694649121
2023-09-21,3084.701,-0.007707405744710627,0.008190786249226955
2023-09-22,3132.4316,0.015354839878332527,0.008356873758437312
2023-09-25,3115.6071,-0.0053855430392584225,0.009449610816776973
2023-09-26,3102.2726,-0.004289089234742249,0.009288629128680642
2023-09-27,3107.3156,0.0016242626552003259,0.009084873127977566
2023-09-28,3110.4753,0.0010163417595734359,0.008804059936139428
2023-10-09,3096.9224,-0.004366699925036244,0.008540846288717693
2023-10-10,3075.2361,-0.007027165372035071,0.00841851751870356
2023-10-11,3078.9556,0.001208769773255014,0.008493878961386796
2023-10-12,3107.9007,0.009357033615975396,0.008262097411621176
2023-10-13,3088.0991,-0.00639175857153873,0.008558199160578562
2023-10-16,3073.813,-0.004636913141643717,0.00856525837752282
2023-10-17,3083.4964,0.003145337469407039,0.008455129218009406
2023-10-18,3058.7098,-0.008070954879510595,0.008275103096273344
2023-10-19,3005.3934,-0.01758471850479637,0.008464167171494385
2023-10-20,2983.0585,-0.007459358089912271,0.009953980474005098
2023-10-23,2939.2913,-0.014780618599515627,0.00987969306297813
2023-10-24,2962.2437,0.007778490080164069,0.010619972809284998
2023-10-25,2974.1135,0.0039990234478040065,0.010476533235168005
2023-10-26,2988.2992,0.004758384727814757,0.010136145521416676
2023-10-27,3017.7842,0.009818457355295962,0.009859636345246793
2023-10-30,3021.5534,0.001248216522746759,0.009979568326082698
2023-10-31,3018.7706,-0.0009214075923349441,0.009613700656007904
2023-11-01,3023.0765,0.0014253590525346027,0.009279020234817794
2023-11-02,3009.4058,-0.004532370829299026,0.008977384260228052
2023-11-03,3030.7977,0.0070832015639883394,0.008817757687058943
2023-11-06,3058.4105,0.009069484362592917,0.008826957533486494
2023-11-07,3057.2697,-0.0003730737958580477,0.009011933616676763
2023-11-08,3052.3726,-0.0016030729159801638,0.008726495894196249
2023-11-09,3053.2792,0.0002969707531175203,0.008483573848057974
2023-11-10,3038.9699,-0.004697551291389601,0.008245885029698072
2023-11-13,3046.5329,0.002485580614228766,0.00817451124152626
2023-11-14,3056.0703,0.0031256850404286496,0.008001020590895021
2023-11-15,3072.8348,0.005470648194775052,0.007866980350053305
2023-11-16,3050.9257,-0.007155470394417662,0.007872275506144227
2023-11-17,3054.3655,0.0011268259780852219,0.008031214149584865
2023-11-20,3068.3191,0.004558008478070974,0.007843285379276668
2023-11-21,3067.9328,-0.00012590747798668644,0.007794454836861293
2023-11-22,3043.611,-0.007959340290067729,0.007624102408767437
2023-11-23,3061.8562,0.005976693908426256,0.007896325970366123
2023-11-24,3040.9717,-0.006844230860641787,0.007933849846462645
2023-11-27,3031.7002,-0.0030535182392892324,0.008056865104653843
2023-11-28,3038.5545,0.00225832465088871,0.007924265811077977
2023-11-29,3021.6874,-0.005566491843634225,0.007769761921035383
2023-11-30,3029.6727,0.002639176814140498,0.007811955794967834
2023-12-01,3031.6358,0.0006477479470454739,0.00768053389889201
2023-12-04,3022.9138,-0.0028811411614917404,0.007523024281036693
2023-12-05,2972.2959,-0.016886516186685796,0.007440974518646467
2023-12-06,2968.9334,-0.0011319207487971994,0.009073902763769126
2023-12-07,2966.2061,-0.0009190349079286619,0.008790441746095735
2023-12-08,2969.5594,0.001129862814402749,0.008530328492504511
2023-12-11,2991.4385,0.0073407837469714465,0.008294088612510943
2023-12-12,3003.4378,0.004003190532754886,0.00839013753256714
2023-12-13,2968.7606,-0.011613006600254216,0.00825257051292875
2023-12-14,2958.9856,-0.0032980524234798025,0.008853151967779522
2023-12-15,2942.5568,-0.005567643617778728,0.00864899081526762
2023-12-18,2930.8036,-0.004002211643018505,0.008586705481289566
2023-12-19,2932.3908,0.0005414113640069829,0.008440862547910054
2023-12-20,2902.1096,-0.010380142194445163,0.008208085049514716
2023-12-21,2918.7149,0.005705495860789611,0.008659706972771072
2023-12-22,2914.7752,-0.0013507181914924615,0.008588254678446969
2023-12-25,2918.8126,0.0013841912672107881,0.008353656004035
2023-12-26,2898.8787,-0.00685288269291906,0.008137829741789225
2023-12-27,2914.6138,0.005413316840124693,0.00823468606246178
2023-12-28,2954.7035,0.013660983524597548,0.00819280192235662
2023-12-29,2974.9348,0.006823815376696629,0.009057299567078458
2024-01-02,2962.2762,-0.004264163487210482,0.009018269114384107
2024-01-03,2967.2472,0.0016766950155160387,0.008840669320590966
2024-01-04,2954.3486,-0.004356467694063504,0.008583427751398295
2024-01-05,2929.1833,-0.008554539652113391,0.008455999178597273
2024-01-08,2887.5379,-0.014319445670277986,0.008667296873202862
2024-01-09,2893.2513,0.001976685764747188,0.009572978242633257
2024-01-10,2877.7023,-0.005388723841555532,0.009254372160176954
2024-01-11,2886.6502,0.0031045662758826253,0.009114198139879348
2024-01-12,2881.9769,-0.0016202472239408294,0.00886807642675183
2024-01-15,2886.2908,0.0014957352982296612,0.008612150125576312
2024-01-16,2893.9886,0.0026634714407522964,0.008373338788594217
2024-01-17,2833.6152,-0.02108233678395255,0.008185271428199454
2024-01-18,2845.7839,0.004285213420271994,0.010421627006503535
2024-01-19,2832.2793,-0.004756771803420712,0.010097592368562534
2024-01-22,2756.3399,-0.027178117388763745,0.0098372206126047
2024-01-23,2770.9763,0.005296036514115698,0.012821319438375566
2024-01-24,2820.7719,0.017810857923596934,0.012328280880229931
2024-01-25,2906.1087,0.02980439891786979,0.013025680550203965
2024-01-26,2910.2227,0.0014146376480805856,0.015557155996905494
2024-01-29,2883.356,-0.009274713948356883,0.014758204874127776
2024-01-30,2830.5266,-0.01849212143310819,0.014323734064874583
2024-01-31,2788.5482,-0.014941670106440874,0.014828447452481516
2024-02-01,2770.7403,-0.00640656116657734,0.014861638233618732
2024-02-02,2730.152,-0.014757255507725553,0.014258102356605832
2024-02-05,2702.185,-0.010296580306780712,0.014342843928561754
2024-02-06,2789.486,0.03179664447445152,0.014019942834019134
2024-02-07,2829.6956,0.014311794562226865,0.016670617926559897
2024-02-08,2865.9032,0.012714409506500601,0.016411318594900883
2024-02-19,2910.544,0.015456451753755651,0.016047021246532314
2024-02-20,2922.7302,0.004178174147209113,0.015961041852745585
2024-02-21,2950.9556,0.009610870660443638,0.015181594188043055
2024-02-22,2988.3578,0.012594955650487627,0.014712921082040484
2024-02-23,3004.881,0.005513960786588612,0.014515153025879564
2024-02-26,2977.0221,-0.009314460950615278,0.013891129461347993
2024-02-27,3015.4807,0.01283574803625509,0.01354193737906148
2024-02-28,2957.8524,-0.019295789159615495,0.013497411167548316
2024-02-29,3015.1712,0.019193146856460785,0.01423762654354157
2024-03-01,3027.0204,0.003922158042788837,0.01481162558234757
2024-03-04,3039.3055,0.00405026600842362,0.014112190101826204
2024-03-05,3047.7931,0.0027887195717983815,0.013470338358703397
2024-03-06,3039.9309,-0.0025829700463457783,0.012846808738051258
2024-03-07,3027.4013,-0.004130190139024492,0.01227308998105495
2024-03-08,3046.0192,0.006130963044146398,0.011790892117558557
2024-03-11,3068.4554,0.007338750150641005,0.01142808721979018
2024-03-12,3055.935,-0.004088706507834772,0.01117066041881157
2024-03-13,3043.8346,-0.003967499320875589,0.010781757076578335
2024-03-14,3038.2339,-0.001841709472058639,0.010422696968534075
2024-03-15,3054.6359,0.005384011199835115,0.010032078446564171
2024-03-18,3084.9262,0.009867331015531278,0.009797130655285391
2024-03-19,3062.7558,-0.007212635953685265,0.009930030631431795
2024-03-20,3079.6859,0.00551251235232364,0.009839760235699643
2024-03-21,3077.113,-0.0008357915181456121,0.009631061720846303
2024-03-22,3048.0336,-0.00949515836180126,0.009293921176471027
2024-03-25,3026.3055,-0.00715409275460388,0.009483273296783607
2024-03-26,3031.4809,0.0017086773674179767,0.009439437662559245
2024-03-27,2993.1388,-0.0127286433285132,0.00912783203361203
2024-03-28,3010.6636,0.005837916908211227,0.009721612553870813
2024-03-29,3041.1669,0.010080770873081235,0.009543818514793854
2024-04-01,3077.3786,0.01183684024353937,0.009732130656313063
2024-04-02,3074.9586,-0.0007866929416060486,0.010085239765785492
2024-04-03,3069.2959,-0.001843250992708434,0.009708134817411578
2024-04-08,3047.0526,-0.007273424024413444,0.009380012712596097
2024-04-09,3048.5369,0.00048700786998168155,0.009357571532674804
2024-04-10,3027.3349,-0.0069791090914019804,0.009040273561469503
2024-04-11,3034.2464,0.0022804290343145794,0.009034928083911865
2024-04-12,3019.4735,-0.004880612109145588,0.008772359477970637
2024-04-15,3057.3776,0.012475076631558224,0.008653740664886356
2024-04-16,3007.0681,-0.016592004164817098,0.009262791687766822
2024-04-17,3071.3806,0.02116161644509873,0.010398152488456328
2024-04-18,3074.2246,0.0009255395068397121,0.012001629038727254
2024-04-19,3065.261,-0.0029199861202950927,0.011466259593812464
2024-04-22,3044.5952,-0.006764767658234305,0.011012963975274969
2024-04-23,3021.9775,-0.007456534657558578,0.010776899758296495
2024-04-24,3044.8223,0.0075311230726597955,0.010612102344758336
2024-04-25,3052.9,0.002649417053662617,0.010451717300446407
2024-04-26,3088.6357,0.011637513826187273,0.010070853941874494
2024-04-29,3113.0432,0.007871296277029316,0.010351431117318845
2024-04-30,3104.8245,-0.002643576603073683,0.01024425152698729
