text,sen
牛市,1
格雷厄姆说：若低于内在价值的价格买进，即使买入后股价仍下跌，他也很难赔钱。因为他,1
消息面太平静了。,0
民生银行已经被易方达等大基金拉黑了，现在基金几百个亿的钱都不放这儿了,-1
22.94开盘开的漂亮！,1
卖菜的都敢在6.32元买进，机构你怕什么，买进,1
有一小撮动机不良的人 整天把养老金入市来忽悠我们散户,-1
那个更便宜？,0
跟庄王亚伟，疯抢黄金坑！江浙游资疯狂买入天立环保，连续涨停20天！,1
清仓了，过一段时间再来,0
建行临沂分行履职担当存款保险宣传,0
分红超前几次，但价不漲，若业积不降，长期吃红利，短炒无戏。,-1
股指还会跌，三千以上就要空,-1
来自 碰呸奥 的冷嘲热讽。 自己查查。不给发帖。,-1
50,0
[图片],0
周末看不见的意大利，摸不透的米国，还是走远点欣赏欣赏,0
真是个极品,-1
应该跌到8.70才能稳住，千万不要随便进，万邦很,-1
喊你们赶紧来买银行 价值投资价值投资赶紧买要大涨,1
平安银行12月11日资金揭秘,0
市场要闻,0
5日线已破，看缺口位支撑如何！,-1
怎么回事，今天暴跌，不分红吗？,-1
安信信托600816—4.5元的超低股价，最后仅有的几天上车机会，买到就是挣到,1
我太难了！漫漫回本路[大哭],-1
大家现在开始大大买。。。。。。,1
把未分配利润全分给股东，股价肯定大涨,1
康得新上市发行4040万股㐅14.2=5.7368亿元,0
48买。53绝对要卖！铁的规律！起码可以维持3年！,1
招行连续上攻，将创本轮新高！浦发能否跟上，不负浦粉信任？,1
转发,0
到底是杭州银行在减持还是你减持，怎么比杭州银行跌的还凶,-1
险资股成杀跌主力！指数春节前破2850点,-1
有高调喊着我要收购的吗？最终还是要出货的，割的只能是韭菜。,-1
$平安银行(SZ000001)$今天大涨1分，倒数第一,-1
笑狂笑!狂笑!猖狂贴啦!剧毒哈药狂奔涨停!人民同泰袖珍互联网十3 电商医药 医疗服务 民,1
华夏银行：迁址公告,0
☆公司大事☆◇002406远东传动 07-12◇ 港澳资讯 灵通V5.0,0
汇金减持就是5月26日的大宗交易 没什么大不了,0
交通银行(601328)融资融券信息(04-28),0
md 你不涨，创业板涨,-1
突然觉得基民整体年化2%是正常的了，无数人后视镜举出一堆基金比兴全趋势，富国,0
2020年股权登记日是什么时候？,0
拿着银行股的人这几天的感觉是不是比较爽!,1
短线反弹有望继续展开,1
为什么只有建行H股大涨，什么个情况,0
俵子,0
买工商银行，真能霍霍人,-1
今天卖出的小散你会后悔的,-1
基本面好的国家的样板银行股不能买，因为只有基本面差的才有变革的动力，才有大幅上涨,-1
人保这样搞19.99% 封杀了蚂蚁腾讯的空间了 清理落后产业首钢才有空间合服现在的政策,-1
9.10元卖出的回来看看,0
《关于进一步推进个人经常项目外汇业务便利化的通知》,0
差不多了，该向上了。[微笑][微笑][献花][献花][献花],1
同样是银行存款，利率差别竟然这样大……,-1
nnd你比中信银行还 牛么.这 垃圾浦发下星期低开吗.垃圾猪力,-1
G狗阴魂不散，到处留下它的爪印,-1
崩盘崩盘崩盘吼吼吼,-1
底下这些文字点有硬，但是，您想在股市赚钱，请务必读进去,1
跟主力扫货广发证券责无旁贷！主力三十亿元买入,1
今天银行转证券老是交易失败怎么回事,-1
白求恩同志毫不利己专门利人的精神，表现在他对工作的极端的负责任，对同志对人民的极,1
"等这次解套了就卖出,今后如买华夏就砍手",-1
三年了买了不涨盘子大个证券牌照年底发给所有银行股,-1
$工商银行(SH601398)$坐等分红，一分两分懒得理你,0
最稳妥的赚钱办法就是买入招民兴浦，长期持有,1
等5年 招行的现价就是未来交行股价,1
一些机构顶风作案！一句话反应机构是不是真要投资中国股市！中国管理层不再相信部分做,-1
四川矿机集体被断电，BTC挖矿在中国成为历史吗？,-1
今天做梦牛追我，周公解梦说主财运旺盛，代表金库，希望是我重仓的兴业银行雄起,1
分红后净资产9元多，股价4.96元左右，股息率大于6%，便宜了谁？,1
平安银行10月24日资金揭秘,0
过了国庆开盘,0
一定是会涨上去的，相信这一点,1
使劲跌,-1
这种垃圾股还有人炒，就是想吸散户近去接盘，无耻下流，无底限，送你一个字，滚。,-1
民生银行（600016）：民生银行随被套实际我已经赢了！,1
千年老二倒数能站上吗 哈哈,0
3毛1狗挂卖那么多,-1
尾盘全仓梭哈一直没找到出处，现在找到了！第六感真的是又灵验了……明天上午高价出，,1
今天要跌一分了,-1
8.23高地的老人们，风大吗,0
当然银行什么时候反弹又取决于散户们何时割肉，割肉走了银行才会涨，不割肉涨等反弹是,-1
买银行股不如买理财，金融股里银行股最垃圾,-1
不破不立 估计要挖个坑了 快走,-1
主板科技股将是下波大盘上涨领先者和发动机最近大盘调整，从创业板和中小板退出资,0
BY正常在一周内收到相关通知,0
官媒对索罗斯等喊话感觉跟说4000点是本轮牛市的起点有点像啊……[滴汗][滴汗],0
两百亿,0
一路跌下来，价值投资待定论。,-1
不过还是借了点钱投了股份,0
价值投资，买了可以不用天天看盘这么辛苦！,1
工商银行：关于认购台湾永丰金控或永丰银行股份的公告,0
191亿！外资再度抛售新能源，连续加仓大金融再现精准调仓，银行ETF规模连创新高！,1
"比特币坚挺在$ 9,500：上涨的理由",1
$宁波银行(SZ002142)$苏州银行请各位大佬帮忙抬一手[微笑],1
"沪港通,人民币国际化将是下一个最大的概念。",1
Y银行要大涨,1
银行股应该还有一次大跌，也许就在近期。,-1
民生银行烂,-1
中国银行融资融券信息(12-09),0
底部区域会有哪些特征,0
除了茅台其它的股都退市吧，还要什么中小盘股，要什么创业板，要什么IPO，茅台一家,-1
4.34买4.35卖挣四斤猪肉钱，没意思。,-1
中国银行本周融资净买入3431.23万元，居银行板块第八,1
知道H股啥价/,0
大南行，起来啦，哈哈又满仓哈,1
在这垃圾身上白耗时间，出了,-1
中国银行股每年一般都有15%收益，没人有要，在美国你买得着吗,0
代表的成长股屡屡,0
“断直连”再提速 多家银行敲定时间表,0
5.29没出，后悔死，都挂了又撤了，结果跌到了4.41.都说中行适合做长线，纯扯,-1
昨天借涨我清仓啦啦,1
沪港深基金未完的第一个牛熊周期,0
今年中央一号文件与往年不同，今年是乡村振兴开局之年。,0
快点先跳水不然又被别人先卖了,-1
日，什么状况？跳水了。,-1
别的银行股都在筑底了，建行居然继续创新低，怎么几个大神不来抄底了,-1
继续坚定银行股,1
拉的这么猛，该走了,-1
请问跌给谁看？？[大笑],-1
我踏马是疯了，4.91买的，4.97卖了，又5.20买入，套成狗了！割肉，不玩了,-1
不要脸干脆跌停,-1
网易博客有个桑狗又开始叫人去跳火坑、买垃圾股。,-1
看好兴业,1
重回流动性危机，倒逼国家队再次入市,-1
南京银行不可能上涨，宁波银行在下跌,-1
8家机构推荐后跌了4个多的点哦，有韭菜上当了么？,-1
分红到账了吗？为什么我的分红还没用到账？,-1
华夏银行：融资净买入324.37万元，融资余额15.5亿元（10-19）,0
今天头功，力挽狂澜[赞][赞],1
工行一前职工拿买断五万元投资山东黄金暴赚60倍！,1
这次，银行股不会缺席,1
今天什么情况？,0
不给做T的机会,-1
14只银行股入选转融券 中行融出量连续两天居榜首,1
12.57杀入平安银行,0
先是国家银行带头然后是北京.,0
有消息称平安银行控股汇丰银行，更换亲美高管。,0
就不明白泛海是要卖的，华夏人寿也是要清仓的，不如几个人约好喝酒吃饭泡妞谈价格公司,-1
接着找底去了,0
浦发可以跌倒每股一元钱,-1
没有大股东重组，没有自己的特色，市场化后小银行成本会特别高破产的概率就是百分之百,-1
"弱谷VS持股,关于南京银行",0
董秘您好，兴业银行在2014年，2015年，2019年三次共发行了5.6亿股的优,0
公开呆账是股市法制化的体现,0
新华联不走，北行永远不会涨！,-1
跌吧，破6我也不会买的,-1
就是不涨啊,-1
工商银行08月28日获沪股通减仓295.98万股,0
公布券商今年赚了多少钱！证券公司（方正证券）必暴涨！给我分点我也想翻翻,1
只要相信一定会起来的就行了。,1
还炒过的银行股有:中行！农行！平安银行！都赚了！都不多！券商股炒过的有:中信证券,1
赶紧向杭州银行靠拢，每股收益你俩一样。,0
2成仓买入。咱不急，慢慢吃,1
可以把指数拉红[大笑][大笑],1
601166兴业银行中线布局正当时！！（盘中实时更新）,1
拉高出货！逢高快出！,-1
突破上轨，空中加油，飚升在即，持股待涨！,1
银行资产质量差，不意味着不能炒作,0
银行股十大股东外筹码市值也就1万亿左右，,0
我在估摸老牛平均一个买字有一股不？,0
银行股中的废物，我却变废为宝，傻了！[哭],-1
工商银行是一面旗子，上涨10个点，下砸10个点！意欲何为？,-1
建议贷款给股东（股民）,0
银行里的绩优股,1
短期应坚决规避浦发银行,-1
上证,0
致现在还往进追的朋友们，冷静客观的分析，不喜勿喷。,0
工商银行可能是中国服务质量最差的银行！,-1
浦发高手多，有谁能系统的，或推荐相关书，告知选银行股的逻辑思维？ 估值方法？银行,0
by结果出来了!说是“误操作礼拜一就发更正公告!原因是由于财务部门搞错了!把康得,0
民生目前股价比招商差10倍，招商很快100元，民生很快3元，这样就差30多倍了。,-1
我靠，爽啊，今天三个点筹码全交出了，随你涨了。有22万的利润了，够了。把我400,1
各大银行将会在明年爆发行业~~,1
宁波银行要开始砸盘了,-1
放量涨[赞][赞][赞],1
不要听他们胡说，平安要涨了。坚决买入，持有。,1
没有3个月回不了23元,-1
明天涨停！！,1
垃圾中垃圾，太垃圾了,-1
李大预测近4个月全部正确，很睿智,1
中国银行：2013年第一次临时股东大会通告,0
《完了完了》不给下单卖股票了！,-1
如果大家都只买不卖工商银行会出现啥情况？,0
还有五个板 天哪外资巨量买入 广发证券涨停？啥情况？谁举牌……,1
消息面与技术面见解,0
网贷监管全面收紧,-1
民生现价4.61，马上分红0.213元，二季度就算业绩3毛，那么到7月初分红后净,1
股吧这么好的平台，是让大家交流看法的地方，成功者谈经验，失误者总结教训，却被一些,0
从今天盘面上看，至少停盘是对的。,0
什么绩优高分红，庄家割韭菜的借口,-1
可进可退，市净率0.33破产清盘资产打五折卖，值多少？,-1
价值投资真是坑，,-1
徐教主的一字断魂刀来了？,-1
彼得林奇说过，当价值股下跌时最好的办法是继续持有，更好的办法是再买上一些。,1
【货币政策解读】“重磅”利好之下，为什么股市不涨反跌？,-1
民生银行今日热门盘点,0
股吧里精神病患者真多，满嘴乱说，吹牛难道真没罪？,-1
抄底了，应该能拉到48.7,1
撤职就可以了吗？严重违法了，要蹲大狱的，狠狠查个明白，让这些明知故犯的感到疼，才,-1
快点打下来,-1
卖不完的4.8,-1
华茂股份市值分析,0
银行调整差不多了,1
如果突破有连锁反应,1
哈哈 这么明显。,1
吹虚别人吃剩的独角兽！有意思吗？,-1
骗子银行，谁沾谁有罪！,-1
看已故黑嘴大师是如何诱人入套的,-1
集合竞价5.66没卖出去什么鬼,-1
1151.79第二天总净值数据……睡觉[俏皮],0
跌死你们，哈哈哈,-1
买建行,1
理想是丰满的，现实是骨感的,-1
平安银行:2021年第三季度报告,0
我宁愿看好煤炭大涨，都不看好中行能涨。,-1
下午还会拉升,1
A=2000，垃圾股满天飞,-1
艹艹艹买入脯发行 夜夜做新郎,1
6.12 资金进入股市，银行慌了，怎么办？,-1
h股牛脾气,1
南京银行今日超大单流入排名第17名(12/11),0
牛啊，北瀛,1
桃花若仙,0
好了，大盘稳住了，不需要你了。你可以继续跌了,-1
6银行密集发行优先股 资本金告急谁来输血？,-1
九阴真经最后一天渡劫失败[傲],-1
求你们把那该死的拖单都撤了,-1
[大笑]银行暴力起动了,1
券商涨了这么多，银行板块死水一踏,-1
多轮政策暖风助推 今年资产证券化规模超5000亿元,1
在股市中没有实战经验的权威文章作者,0
这点小利空，如果能打到3.25元坚决抄底！这么低的股价，这是在给你送钱，你明白吗,1
小盘低市盈率没涨的次新股002422科伦药业！,0
浦发今年的涨幅20%多，少吗？11.70,1
大家有收到分紅嗎?,0
600015:华夏银行非公开发行优先股备查文件,0
现在这银行股也开始玩拉高出货了吗？,-1
养老金要入市，这两天银行股下跌是为了让它们低位建仓,1
本周跌破3.7,-1
服不服,0
建议持有民生银行的银行投资者去申购160631鹏华银行母基金。这样相当于间接加仓,1
套牢的开始！慎高抛,-1
$宁波银行(SZ002142)$36元附近可以关注，回升可进，破位就出。,1
你看到是公地悲剧，我看到的是共享经济。,0
中银下周分红吗,0
只出不进，昨天未解套出逃的，今天要随时做好拉,-1
8万亿，你要成长几年？,-1
真后悔买工商,-1
突破能否一蹴而就 主力或现大动作 中期慢牛开始,1
这一跌不回头法不敢做T+0。只能等稳了再说。,-1
铁了心!生是浦发银行的人，死是浦发银行的鬼，只加仓不做空，让做空的王8到最后血本,1
工行上海分行出丑闻,-1
招行新高,1
“一带一路”对话国际农民丰收节贸易会 谋定精准农业合作,0
第二个亚夏汽车，未来成妖,1
国泰君安：改革降低无风险利率 造就大牛市,1
继续保持这种涨势，不过下午不会跳水吧,1
邪门了，看多的人不少啊,0
北京银行(601169)融资融券信息(09-29),0
银行性价比排名：谁优谁劣？,0
华夏银行4月19日出年报业绩超好！极具投资！,1
明天银行跌停板,-1
垃圾浦发跌易涨难,-1
看来目标价45我是高估了，修改目标价为35.,-1
新帖子,0
好吧，快乐的小明吧，快乐的平安银行张叔叔吧，快乐的大公猫吧，好吧,0
25万亿银行理财信披之考（下）：部分理财子公司自有渠道查不到产品净值 青银理财58.7%产品未披露销售服务费,0
现在不买，等待何时？克服恐惧，耐心持有，享受中国经济发展带来的红利。,1
在7元左右买的工商银行，现在仍被套20%多，跌的时候庆幸抗跌，涨时就傻P了,-1
招商也不过如此，我大民生也可以超越招商！,1
光大期货做空上证50股指期货,-1
现在股市头上顶着个雷。,-1
今天11.8是个什么鬼，一过就压盘,-1
$工商银行(SH601398)$全体举报，有人恶意砸盘，砸大盘指数！,-1
垃圾，每天骂一句都成日常了……呵呵,-1
黑银行不绝于耳，全是创业板主力黑的，他们怕中小创超高估值烂手，希望大家去高接中,-1
谁帮给解释一下为何国家不支持银行股大幅上涨？,-1
$中国银行(SH601988)$今天可以入场了吗[捂脸],0
准备跳[加油],1
既然给机会。,0
该起飞了，能量蓄积已达标，今日起飞准备，明天飞起,1
周一空方给我搞下去，让我买点[呲牙],0
完了，完了，芭比Q了！深度套牢了！[哭][哭][哭],-1
中国百亿富人达315位；瑞幸CEO与COO被免职；苏宁辟谣张康阳求婚,0
公司操蛋，机构也操蛋,-1
这是要练九阴白骨爪吗,0
有钱先处理坏账，提高拨备，基本面好了股值又低自然就上去了分红还要交税,1
兴业银行(601166)融资融券信息(09-10),0
空头狙击民生,-1
赔了5万,-1
平安银行机会大于风险，珍惜历史性绝佳买入时机平安你好2022年08月03日13:,1
重大消息,0
如果，真有两个跌停板，那真是财神爷到你家过年了,1
兄弟们:第二倍投点3.59已经到来，加油各位，留好第三次倍投钱勿用！！！,1
来吧，避险了,0
真的想骂人，这垃圾游戏股市,-1
我只想笑，啪啪的打脸,1
谁说银行股业绩下降我和谁急,1
金玉其外败絮其中，你想净资产买入赚钱,-1
建行已累计发放个人住房贷款4.6万亿元，共支持1600万个普通家庭实现安居梦,1
还好昨天割肉跑了亏五千[旺柴]不然今天又是大亏,-1
涨一分也要你妈的命也要,-1
平安双雄。大垃圾,-1
它能避险 保值 这几天来看 感觉是这么回事,1
鹫峰科技，鹫这股好，涨停涨停！,1
昨天全部抛掉了，今天下午买了一部分，周一如果大跌，再买一部分,0
收割手段越来越狠，不光是连根拔起，还要连泥土一起挖起！,-1
这么多人骂，该涨了吧,1
银行薪酬有多高？“天价”年薪曝光，最高人均64万,0
傻子才会现在买银行股,-1
出来混，该还的迟早都要还,-1
今天破32就买点，搞套面膜钱，就走，决不贪恋[偷笑],1
分红不如回购,0
穆的是个什么东西？凭嘴吃饭的家伙！,-1
银行股形象怎么这么差，今后面值退市拿6大国有行开刀吗？,-1
什么时候美联储结束加息，北向资金回流，这些股票也就有希望了,1
第七次增持已完成并锁仓。,1
宁波银行三买行情已经结束！！！各位获利了结，等待新一轮的行情！！！,-1
投资者问卷,0
外国有政策，中国有对策，期货股指统统休市，随便弄八个股，(股市刚开始只有八个股),0
懵逼了,0
来来来，大家一起卖,-1
创业板，要死早死，别拖累大盘了，行吗？,-1
要反弹了，银行股上涨是拉指数用的，套8个点相当于题材股25-30个点。可以趁反弹割肉，也可以死扛，个人判断，白马股春天快来了。,1
$平安银行(SZ000001)$快跑,-1
法国将在数小时内第一个对利军事行动。,0
今天交通银行空方力量还是弱了些,0
持有兴业的有福了，明天，后天，大后天，一堆跌停的，想抄底哪个抄底哪个，就怕不敢抄,0
今天庄家他妈妈死了,-1
成本5元，分红2元，只要你不退市，我无所谓，反正都这样了#你们成本多少？？？？都,0
机构就是机构永远不缺乏新的思路,0
妈的，不争创倒数第一就不是宁波银行了,-1
今天32.5卖的，然后32买回，这个操作可以吧,1
元气大伤，要想再激发股市的活力，国家队要加油了,1
16.66这个数字挺好的。明天等那些假区块链砸下去，就该银行地产表现了。,1
将散户套在山顶，让外资低价捡便宜就是民族的罪人,-1
最近的格言是： 如果持有三个银行股，第一个大跌，讲那两个换成这个，就能少损失不少,1
印花税没减，周五已将利好兑现了，这是机构的套路，当心！,-1
今天大涨[鼓掌],1
宁波银行和招商银行的前年去年今年,0
2653是底了已经,1
后面，港股下午休市两天半，美国，圣诞，休市，呵呵,0
大资金卖，散户顶。我好感动。垃圾机构，还是散户重情重义,-1
关门吧！别在害人了！入市十年只有失去感！！从没获得感！！,-1
中信银行本周融资净买入799.51万元，居银行板块第二十,1
哈哈哈又开始画心电图啦上一波还好逃得快否则拿了四个月啥也没有,0
一分钱震荡一天,0
我的持仓情况。16.84,0
离前高还差这么多呢，不能光压指数，是时候干活了啊,1
中国人站起来！,1
弃购，弃购，再弃购，重要的话说三遍！,-1
怎么回事，你个辣几股，怎么行长辞任就跌停，我服了,-1
好！董事长会算红利拖到年底分，还可以多不少利息哦！,1
中国银行(601988)融资融券信息(07-28),0
吧里的朋友骂持股，它就自己顶自己的帖子！哈哈哈()hiahiahia ，累,-1
机构三次溢价买入中银，说明什么？,1
坚决卖出,-1
为什么平安银行萎靡不振？,-1
刚才看了一会北京银行的分时图，发现有大资金在偷偷吃货，是在底下挂单吃的，一边往下,1
中国正在融入世界经济 美股的今天也必是A股的明天,1
这一波这就过去了？,0
请保持沉默！谢谢！归于理性。[鼓掌][鼓掌][鼓掌],0
$宁波银行(SZ002142)$32.95的本，宁波五月六月已盈利十个点[憨笑],1
地产对银行的影响很大，导致整个银行板块都趴在地上不敢涨，随时都有暴雷可能,-1
温水煮青蛙，还不赶紧跑！,-1
今天继续加仓,1
力度差劲。,-1
兴业   越涨越轻松,1
又是板块倒数第一,-1
最大化融资买入兴业银行，借钱养钱钱生钱赚大钱,1
不护了，随你跌。,-1
60线下中线不看多，中短线不看多，等九月底再来！！！,0
复旦教授给新主席的信:,0
预测南京银行年报公布日要开始下跌,-1
招商银行也已经被热炒了将近半年了，任何时候回调都不为过！,-1
抄底是有规则的,0
大出所料，大跌眼镜,-1
各位道友不要猜啦，是我尾盘点错买了[哭],-1
一线基金开始入仓了，就等分红,1
银行唯有龙头招行最稳定，没有唯二。,1
精荐傲雪临金：投资者需要警惕的投资心态,0
做t一次一成，全套了，被埋了,-1
北京分红前和分红后的差别，请看下图,0
$平安银行(SZ000001)$垃圾，退市！,-1
对比发现五大行里交行效益，效率均最差。请问董秘，董事会没有意识到差距吗？如果有，,-1
鸡狗抛银行去抄底垃圾股博傻的动作比我想像中快，原以为月底才会行动[大笑],-1
现这价只低买   不会卖  做分分差不是投资者风格,0
上市后美国证监会的巡视,0
看趋势还是季线好,0
银行业已经废了吗？年初鼓吹的价值呢？中国股市就是套路多啊,-1
国家不给涨，就不能涨，好好持有吧！,-1
战略转型成效显著，业绩高速增长,1
中国银行：连续6日融资净偿还累计6969.29万元（05-10）,0
招商银行(600036)融资融券信息(07-24),0
兴业银行网站 打不开,-1
10.57拿了快一月了[兴奋][兴奋][兴奋][兴奋][兴奋],1
明眼人都明白----------史玉柱持有的民生银行没问题,1
地产股低开高走，你跌个毛啊？,-1
今天收盘4.95，明天刺激5元大关,1
大盘就是被你这个砸下来的,-1
除权除了个寂寞，还是收税的，还继续下跌了，真优秀,-1
唉，买个银行都能亏这么多,-1
即将死叉？还是做给散户朋友看的？,-1
如果今天能收长下影线，后市可期。,1
民生这2天吃药啦？,-1
$平安银行(SZ000001)$银行股也可以做T[滴汗],0
6.33已挂建仓。,1
银行股全面开花，大A想继续坚挺银行股必须发力。,1
底部摩擦，这狗庄很快就会启动上涨。,1
近来的走势合乎预期。,1
中国银行H股价高于A股了，A股将急起直追!!,1
招商银行，长安汽车机构挤着脑袋出局，小明早就提示汽车股要高抛了。跟着大公猫喝白酒,-1
北京银行建仓方法,0
中信银行(601998)融资融券信息(05-06),0
$建设银行(SH601939)$明天破6,1
有个叫茜茜的世界，不出意外，这b已经清仓了，天天喊涨停，实际心里慌得一批，恨不兴,-1
证金持有20%，证金就是最大的庄，别怕有底线的,1
今天十一号，发工资了，追加2000股,1
建设银行03月01日被沪股通减持536.27万股,-1
速买。,1
通知书,0
看看港股 在看看国内,0
大盘月线之KDJ,0
多头随时会发动迅猛进攻,1
到了6元左右买，到了7.5就卖,1
垃圾！,-1
缺口不补吗[为什么][为什么][为什么]医药股涨得挺好呀,-1
#招商银行6年多以来首次破净#招商银行理财白存本金都拿不到，泰坑爹了,-1
小散玩的不亦乐乎，没行情，大家都走了吗,-1
可能当年的,0
建设银行：2020年净利增1.62%至2735.79亿元 拟每股派息0.326元,1
中信银行商誉8.96亿，会不会太高了，股价还会涨吗？,-1
涨不涨是你的事，这个价位我能买点，如里跌下去，我还可以买点,1
妖有二种，全通教育是一妖，交行也是一妖！,1
浦发银行：连续3日融资净买入累计6759.63万元（05-08）,1
$XD兴业银(601166.SH)$,0
软磨硬泡是无赖的行为！,-1
以造谣为业的提示消息用英文L小写l假冒数字1仿冒别人网名把罪孽嫁娲别人,-1
全是高手,1
快跑啊。猪力又要拉大陀屎了。,-1
必须要高开高走的。,1
看了一下20年7月30日发永续债后市场表现，还下跌两天，-0.63%；,-1
可恨啊，分个红也要扣税，分的越多扣的越多，怎么让人安心价值投资。剪羊毛也不带这样,-1
这庄牛X，民生有戏,1
什么势力？利害！胆大！无法无天！银行四五倍PE还打压！,-1
这银行的业绩得有多差才能走出这种连跌行情,-1
平安银行业绩这么差，市值居然比兴业银行一样差不多，证明兴业是被市场严重低估！！！,1
今年还能见到40么,0
当前交通银行的最佳操作模式就是不断逢低买入,1
华夏银行今年之最,1
能吃掉上方2万手，得看招行的脸。像似寄招篱下的银行。,0
民生的呆坏帐太多，如果全部处理完毕，其净资产应该不到1元，目前市净率己高达5倍以,-1
熔断暂时取消了......,0
周五为何会跳空中阳超越2444？,0
散户造反 空头龟缩[赞][赞],1
牛市余来了，金融股还能不涨?!,1
今天3.95,0
在垃圾的股票都有反弹的时候。你没有，,-1
2014年“两高一剩”行业信贷增长8790亿元  余额仍超1.5万亿元,0
完成任务了，撤了！,-1
明天起连续5涨停：阿里巴巴马云回归A股增发收购民生！,1
调整到12.56可能性比较大,0
南京银行：2021年净利润158.57亿元 同比增长21.04%,1
压力山大 卖出走人,-1
2月3日那根跌幅达到1.99%的阴线是招商局中国抛售的吗？这失地能不久的将来收复吗？这可关系到兴业银行股价的最新趋势,0
$平安银行(SZ000001)$明天资金到位就可以抄底了[哭][哭][哭],1
中金预测:明年二次降准降息,1
明天必定有超过3%以上的短线调整！！！,-1
北向开始动镰刀了，百米冲刺逃离吧！,-1
慢牛必到19块,1
看了月k线对比招平两行，少了一根次高点月k线。高手指导一下以开我茅塞。,0
又到方向抉择时？,0
跌懵了[哭][哭]想死的心都有了,-1
能否补涨两个涨停，让国人相信价值投资,0
浦发银行小心主力做局，做好安全回避风险。,-1
600016:民生银行H股公告(於香港联合交易所有限公司上市之通告),0
关键时刻 还得平安横刀立马啊,1
2013年银行股股价涨跌幅榜,0
"招商银行 ,下个交易日,压力位 18.58 ,支撑位 18.13",0
年赚三千万的公司，得保持20年多，才能达到宁波银行今年这三个季度的收入,-1
看走势，真以为兴业银行是垃圾。,-1
本大师来点破601988的玄机,0
$民生银行(SH600016)$强庄介入,1
你分红的那点钱不够你跌的，你还是别分红了。我们认倒霉。,-1
此时不跑更待何时,-1
银行里面有两大类，一类是以农业银行为首的红利股，一类是以招商银行为首的成长股，买,0
$南京银行(SH601009)$今天是你带成都银行飞,1
一跌就涨，祈祷大盘跌到1000点，哈哈,0
牛逼[财神],1
工行来一波，大盘上4000点基本就完事了，跌5年铁律,-1
开头被吓到了，贱跑了,-1
证券日报头版：采取八大措施 维护股市稳定健康发展  2018年8月20日 07:30作者：董少鹏来源： 证券日报 编辑：东方财富网,0
受不了折磨的跑吧,-1
自从我买了你大盘就开始拉稀,-1
明年A股谁会唱主角？该买什么，怎么买？有秘诀,0
招商银行的大公猫主力们，一线白酒茅台，依然以珍藏为主，不排除提价白酒的可能性。,0
如此低的市净率，我要是大股东，就大量回购，直到私有化退市，那就赚大了。,1
别看现在每天都是红包，想想当初分红后可是直接跳崖式下跌啊！,-1
华夏银行净资产高，每股利润也不错。市净率最低的主要原因是分红率很低，而且逐年减少,-1
601166 : 兴业银行澄清公告,0
中行全体股东听好了： 第一；不要老是盯着眼面前的得失，必须随时提配自已在6月前匹,0
兴业银行的股价达到什么价位才算符合国际水准？,0
下次再也不买招行股了，一次就让你伤透了心。,-1
华夏银行07月06日获沪股通增持497.22万股,1
[图片],0
明天会高开多少？能冲上10.4么？,0
上半年银行股哪家强？半数实现正增长 下半年复苏可期,1
亮晶晶组合来啦！,1
止的时刻，没有人,0
大叼呢,0
由于配合社保减持，明天需要高开3个点,0
跌到你怀疑人生,-1
招商银行算是众多商业银行中最优秀的的。地方行没法看，七大姑八大姨小三情人大舅哥小,1
进二退一,0
是不是被恒大拖下水了？？？？？,-1
老乡 别走！,0
知道对于中国，股市是什么了吧！有钱不如到赌场赌两把！,-1
中国银行601988，中国金融国际化最好的一个银行,1
搞这一出到底为了什么？[叹气],-1
振荡市箱体顶部速抛为宜！,-1
短期冲高在9.6上下,0
明天就买,1
明天大漲銀行版块5个点以上,1
横盘终于横出问题来，看来开盘要跌啰。,-1
"炒作大蓝筹,目的是割韭菜套现.(大小非要套现)!!  巨量大小非集中于国有大银行",-1
天天都是不动如山,0
江苏银行天天涨停，股价有望超过宁波银行,1
银行板块现在真的是一个比一个惨，脑袋都亏麻了,-1
挖坑挖太深，爬不起来了目标3—2—1退市,-1
跌停算了,-1
心问口，口问心,0
我们涨停板将中国银行切换到全球最大城市铝矿的怡球资源601388,1
建行算市场的价值中枢,1
『以「敬畏之心」投资，以「平和之心」生活』快乐生活，从快乐投资开始！,1
$工商银行(SH601398)$,0
今天涨了,1
惨遭游资蹂躏的南京碳中和小公主——苏美达。央企小盘，绩优超跌。苏美达(60071,-1
一周涨不了一毛，能跌一块。,-1
大蓝筹仍是做多中坚力量 四板块成领涨先锋(附股,1
小盘妖债爆发，可转债热度明显升温！,1
煤炭板块暴涨，龙头一季报净利增速均超60%！价值ETF（510030）涨2.5%收复5日线,1
大盘常跳水，水往低处流[拜神][拜神][拜神]朋友们，总会有买不起建行股票的那一,-1
使劲砸，加油9.10等着你8000手,-1
周五18.16买入1000股，周一18.55走掉。一周菜钱有了，而且又跌了回来，,1
北斗星通,0
招商银行：最佳门票股,1
大盘总攻的时间在下月初,1
中信银行：主力资金连续3天净流入累计4088万元（10-23）,1
希望73梦买到,1
难做了，经,-1
$平安银行(SZ000001)$大资金一定嗅到了什么跑了要爆雷？,-1
周末！坚持好股！搏助力深港通顺利开通之利好！,1
别的银行跟着大盘反弹，这个家伙不涨反跌去争倒数第一。,-1
大家都偷着乐,1
能让你便宜买到的股票一般来说好不好呢？,0
人民币又升值了，银行最有前途，坚定持有！,1
世界第一，牛。,1
14的本怎么办。。,-1
南京银行是不是要倒闭了？60日线都跌穿了。,-1
中盘银行股近二三个月走势诡异，大盘银行升他们不升，次新小盘银行升，他们也不升！放,-1
601169:北京银行股份有限公司董事会决议公告,0
究竟要连跌到什么时候？,-1
再砸二十万手，看看你的实力。,-1
天天创新低你庄家不是个人动物都比你好,-1
微笑，再次微笑，让所有的微笑在快乐里徜徉而行，不让任何微笑滞留在生命的罅隙处。,1
转发,0
人民币贬值到和港币1比1，看您怎么样走法,0
完全控盘就是抗跌,1
为什么海普瑞是下半年最红火的品种？请看分析,1
厉害了浦太监！竟然收了个仙人指路！ 今天是不是该站上12元了。,1
还是要爹,-1
兴业你的刹车是不是坏了，跌起来没完了,-1
下午很可能跌破三千点,-1
做银行就得慢，昨天卖来今天买，明天再砸再买,0
2021绿金委年会逾40多万人线上参加，发布十四项成果,1
黔南荔波小七孔景区风光。,1
本周五天中行资金都是净流入，等待下周放量走入上升通道，逢低吸纳，,1
不要要怕战 新世界就要到来了。乾坤就要倒转了。兴业银行100就在向你招手。,1
下星期必破3.86元平台,-1
有个问题，如果分红明天应该是34.96开盘，那么集合竞价怎么算？,0
小伙伴们该,0
女汉子要与建设银行“死磕”到底！！决战到底11.58元,1
久盘必跌，还真TMD的准,-1
上大人,0
股价下跌跟多钱下来无关，不是说股价很低就是底,-1
T+0可转债盘前集合,0
憋几天 就要掉头向下了 大家提放...,-1
市盈率6.5倍在往下调整能到哪,-1
4.90已挂加仓。,1
水井坊洋河股份跌停，五粮液茅台暴跌。漂亮50必须大面积补跌。你们懂得。,-1
你，真够笨的,-1
什么时候才能回本哦，34的本,-1
恭喜浦发银行破10，9元在向我们招手。,1
历史新低,-1
都开始卖核心资产救命了吗？所谓白马股看来都要成死马。,-1
目测3.93或者3.94收盘,0
不知道我的笔，段是否画的正确,0
平安银行市净率仅0.79，目前可以说在全球银行业中是奇葩现象，造成超低市净率重要,0
现在买股不能买有融资盘的股 跌时怕爆仓抛盘如云 跌得飞快 先河环保300137潜力大，股价低，是黑马股！把握,1
周五股指交割日，短线将迎方向抉择！,0
请不要再操控股市,-1
000001这个鬼样子，你有脸吗？,-1
上一次的增发没有遭到广大股东强烈抵制，越发变本加厉！,-1
大家別看了，让这垃圾跌透了再来。,-1
不顶峰慕名而来，不低谷转身离开,0
建设银行09月01日被沪股通减持70.5万股,-1
银行股死气沉沉地、是这几年走势最差劲的、看看医药股、科技股涨的真好,-1
兴业银行是散户逼迫机构不得不抬轿的典范！业绩好大家特别放心,1
终于07看到了希望，前面只有不到20000手了,1
股市总是不可能所有人都满意的 众口难调 就是神仙也做不到。有人输才会有人赢 看着明明要上涨的样子，实际却又下跌了，一切都看各人自己怎么选择了。股市有风险，入市需,0
宁行转债这周上市大涨[拜神],1
明天银行集体发力,1
卖了，省心,1
大股东必须把4100亿元未分配利润的投资收5%约200亿用来回购注销。,0
借反弹清仓了,-1
建行回应“兴润违约”：不良关注重点仍在长三角,0
此次申新后卖掉浦发，不玩了，现申新股成了机关枪了横扫散户。,-1
[图片],0
盘小不配送有毛用,-1
明天回踩5.05再出年报？,0
开始跌了,-1
不想当将军的士兵不是好士兵，冲啊平安大兄弟,1
今天不买叫精，卖真是叫笨到底。,0
广田集团减持圈钱$_$,-1
56的成本有吗？,0
十三，我都懒得和你这没信誉又厚颜无耻的货废话了,-1
北行是银行股中的垃圾 不涨有因,-1
招商银行，银行金融是没有问题的长线股。现在拉升白酒行业，注册制的首选标地，加油。,1
真是焦虑.能上五吗磨磨叽叽的,-1
$招商银行(SH600036)$今天你丫到挺坚挺，等着35补仓呢,1
本周，希腊危机导致世界金融动荡，银行业遭受冲击首当其中,-1
600319.....3.1亿的小盘股。。。6.13的白菜价。 。重组股。。即将,1
既来之则安之，就凭平安这二个字就值得持有，何况这是防雷时段，暴雷暴怕了，,1
陕国投民生控股都涨停了！快抢买招商银行！大涨在即！,1
4.37是重要压力位,0
假定上证指数维持不变,0
今天不收个长阳那是没戏了,-1
民生银行04月28日获沪股通加仓562.92万股,1
$招商银行(SH600036)$这波妥妥的上54，不到不出货[俏皮][俏皮],1
呵呵。跑路跑得凶啊。,-1
啥时候分红啊，往年这个时候已经分红了,-1
我靠，好久没来跌成这逼样了。,-1
特斯拉产业链 分析（附名单）,0
建设银行：融资净买入2030.8万元，融资余额17.72亿元（03-17）,1
有开始垒墙了,0
坚决把南行打到便宜的没人信的价，欢迎美国人来买！,-1
如果上证5月到2600，6月到2400，浦发会影响吗,0
暴跌吧，跌到我遇到了你都不认为你是人，是蓄牲！！,-1
号外：中国平准基金将入市救市,1
华夏银行我来了，今天开始入仓[大笑][大笑][大笑],1
平安银行的各项财务指标已经超过花旗银行，花旗银行认为平安银行已经高估了，开始卖出,-1
没有看到正规媒体报导,0
宁波银行今天最高18.68元,1
「玩出来的钱」黄金下跌就加一点积存金，反正买积存金前后已赚14000多。,1
我给工商银行的评级： 无长线投资价值,-1
北行是银行板块领头砸盘的罪魁祸首,-1
干就完了,0
外资扫底有利于股价回升，欢迎外资。,1
问题一：国家为什么发动这波行情，1、在尽量不增加货币供应的情况下调动更多老百姓,0
这毒瘤上市十五年竟然只有4.4元，丢人啊！退市吧要脸吗？,-1
瘟鸡！,-1
它妈的快涨啊、大盘都涨了、千股大涨、就它妈的银行的跌、,-1
不良机构就是不让你上17元,-1
烂缸又要弄什么板出来,-1
前期抄底的散户，横盘整固，可不予理睬,0
别人假崩，吓得它们真崩．哈哈哈．,-1
尼玛，今天你在补跌吗！,-1
糊涂账,0
$宁波银行(SZ002142)$不到39不走,1
$招商银行(SH600036)$兄弟们创造奇迹吧,1
大家控制仓位，别乱加仓，注意做T，大银行安全性国家是非常严格的，不会爆什么大雷，,1
今天尾盘下杀5000万股,-1
现在不建仓银行的是21世纪大SB,-1
来来来，有工商股的，都过来看看啊，不要说我吓你们。,0
知道吗:证监会联合公安部门猛出重拳,-1
兴业银行乱收费现象严重，在客户不注意情况下就会莫名其妙增加一两笔费用，客服服务态,-1
银行涨！7月规模以上工业企业利润数据出炉，同比增长19.6%。,1
建行是不是有消息未公布，跌这么厉害？,-1
一个工商银行的市值，相当于整个创业板市值，没有不做空工商银行的理由，否则“万众创,-1
天下第一腊鸡天天冲高回落，天天解套不跑被套,-1
看了一下个股，基本养老保险基金九零六竟然被套30%！,-1
招行应该有所作为！,1
银行股有可能向上翻一倍的可能，机会就在眼前。,1
深发展作为银行股居然每股负现金流6.7元！这是什么概念啊？？？？？,-1
中行今天小跌一天，明天会不会再来个涨停！没买心里慌！,1
兴业银行新版手机银行5.0精彩权益，白金尊享!,1
辣鸡[亏大了],-1
今天大部分人被砸晕了！不知道熔断机制有何用，该做的不做！,-1
122,0
唉，这么好的机会居然还不珍惜,-1
强烈要求中报分红,1
建义；降低融资利率,0
30分钟线到了超卖位置 不要指望马上有收益,-1
完成布局,0
还好21.6减了一半，尾盘再接回,1
华夏金融租赁己完成增资,1
我觉得浦发明天会领涨银行，浦发就是这样，别人不行时他才会表现,1
这股散户多，哈哈，我来凑热闹，,0
房子炒那么高银行本来就是祸害现在就是还债时候跌停也不意外,-1
你就是渣渣,-1
央行表态落实碳达峰碳中和目标对银行意味着什么机会,0
$工商银行(SH601398)$4.58我认输了，以为割亏了，谁知还有更低，4.,-1
跌停收盘？！,-1
两个银行,0
跌无可跌,-1
$招商银行(SH600036)$60分钟级别反弹波段开启，看能够过高。,1
金融委最新定调！鼓励境外资金进入境内金融市场，一个月三次提及银行资本补充，有何深意？,0
5元买入的17万股净亏14万,-1
亏到内裤都没了,-1
48.41的本，要割吗？,-1
银行暴利，企业没法活,-1
兴业银行：融资净买入9069.24万元，两市排名第16（11-25）,1
中国大A一点希望都没有了？,-1
招行今日只是反抽，明日低开低走，长阴下挫！,-1
万影皆因月，千声各为秋,0
12.3早盘：虚假繁荣应谨慎,-1
5.57的3000多手，有一千手是我的，尽快咂下来,0
去年花不老，今年月又圆——招商银行,0
那么请问,0
大象最终被蚂蚁干趴了[滴汗],-1
换贵州茅台要涨停板啦,1
横盘半个月了,-1
华夏银行：融资余额11.9亿元，创近一年新低（06-27）,-1
4.48没忍住买套了,-1
喊跌不对，喊涨也不对，看来市场要盘,0
跌下来加仓，急拉T,1
今天的买盘是卖盘一倍多，今天上涨已经确定,1
打九折入股民生肯定是划算的，神创板你想入股不但不能打折，还他妈的要溢价！,-1
601988:中国银行关于副行长辞任的公告,0
谨以二字相赠：你妈,-1
$平安银行(SZ000001)$砸平安盘的师,-1
已经全仓买入工商银行，在7.46点位成功抄底，等待暴涨！！！,1
发量了，是谁在逃啊,-1
宁波银行的大股东雅格尔要抛其金融资产了，提高雅格尔的年利润，该消息在雅格尔股吧中,-1
快到5.00元了，减仓操作合适么？,0
这是向谁是尊严宣战,-1
19名重大违法违规股东被公开，涉及这些金融机构！,-1
真腊鸡啊,-1
5.88进5万股，不知是福是祸？纠结中,0
小心了 危险,-1
大股东安邦的事情，一拖再拖。这个才是重点，如果股权给外资，可能成为外资在国内最大,0
600015华夏银行 近期银行股整体高位回落股价在30日均线附近止跌，但缩量调整,-1
大盘指数就靠你扛着了,1
抄底,1
数据游戏 2021价值投资取向成败就看这最后几天动态了！出权价与填权价都是希望！,1
快砸给劳资来个痛快的,-1
宁波银行半年报：净利润同比上涨18.37% 非息收入占比提升5.05个百分点,1
转发,0
又激动了,1
宁波银行4个月跌了11元想涨已经很困难了下跌通道了,-1
上证指数的周k线的kd严重超买，不下来都得死。这波是周线级别的调整，不是几天能完,-1
谈谈工行值多少钱,0
银行己到上证3100点价.又到融资买入时,1
美国银行股大涨！兴业银行就垃圾！,-1
疫情两年了，中国十大最赚钱上市公司的变与不变,0
没跑的 快跑吧   明天又是暴跌 说真话 没人看 也没人顶 都愿意被骗,-1
进二退一，小步慢走，步步高升,1
今天为何大跌？,0
该涨了明天涨停开盘,1
请大家帮我算个帐！谢谢！,0
一个重要的加仓信号,1
银行利润的百分之四十到五十现金分红，那肯定来板,1
赶紧砸,-1
中泰证券给予招商银行增持评级,1
ING入股北京银行迄今，从未减持过北京银行股份 。,1
每个月的工资都是买银行股，等机会了,1
大胆预测银行股稍微休息将继续大涨，创新高就是答案，最近很多银行股保险股都创出新高,1
特锐德要涨停了爽,1
哈哈哈，牛逼,1
转发,0
这巴里 有个 大明白 这几天 兴许又要犯病了。,0
护盘先锋，指数越跌越要买！,1
等分红的，请注意了,0
国家队用力扛指数，为了IPO也是蛮拼,1
网友的借新还旧是说没能力还钱是银行风险,-1
庄家又开始出货了,-1
一季度 鸡的屁7% 预期7% 前值7.3%！,0
那个 啥韩和 那个啥 向 争论的 头破血流的..散户们醒醒吧 他们都是一伙的,-1
山东试点跨境金融区块链服务平台，两三天办理时间压缩到30分钟,1
交通股价跌到十多年低点，把所有分红全部跌光[大笑][大笑][大笑]，有本事。,-1
中国的股市黑暗啊,-1
上海银行未分配利润和公积金最高，合计每十股138.38未分配,1
牛刀：中国股市将暴跌 跌破1664点没悬念,-1
主力旅游了，国庆后再看吧,0
华夏银行融资融券信息(12/16),0
一会四块九毛七，就会买着，小散，别做傻事！,-1
厚积薄发.超级主力 在银行股里装逼 够了吧,-1
兄弟们，又要珍惜14的平安银行了吗,0
完了,-1
股市走牛，还的5年。,1
601998 : 中信银行第三届监事会第六次会议决议公告,0
帐户怎么还是0,-1
"创业板的炒作之风，为什么这么强悍？今天创业板不涨,我喊你爷爷,不再发贴",-1
奶牛！数亿外资扫货，翻倍不是梦！！,1
短均线重新粘合是否放量一举突破关键，二十日线勿必尽快收回恢复市场做多信心,1
这走势，必须的,1
快跑!!!!!,-1
必跌！,-1
险资重仓8只银行股 选股取向类似梧桐树,1
酒厂马上把你收购了！你你们四大行那点金条马上就要送到酒厂了！,-1
我的中远海特根本没涨，几乎天天跌！,-1
51项问题压顶，广州银行冲刺IPO，十年坎坷上市路能否迎正果,0
买到烂尾楼对一般家庭都是沉重的打击,-1
再创新低,-1
大盘微涨，业绩大好，它都能跌成这样，如果业绩不及预期，它会不会跌停？,-1
自己把自己吓尿了，不敢涨，使劲砸盘,-1
今日卖大泡泡股中国软件买价值投资的！！！,1
这帮庄枸是真恶，一点汤都不想给散户留，这个位置还要磨,-1
2020银行年报榜单｜六大行不良“双升”背后：交行不良贷款率上升幅度最大 邮储拨备覆盖率超400%,-1
你想分它的红，它带你入地狱,-1
三板第一高价股应该是鹫峰5我准备拉升到136元！三板也有《百元股》了！好好好！,1
招行已经没价值了,-1
看来民生银行想在4.10元以下补仓的机会不大了，强势洗盘并吸筹中,-1
基金为了做年底净值真是丧心病狂啊,-1
三星都探不到底！！！！,-1
沪强创弱，拥抱权重,1
有些人不懂装懂，天天说成交量，其实A股的成交量居世界前列，自己不买，等别人买，别,0
看看你大哥中国银行,0
南京银行11月11日被沪股通减持114.92万股,0
欧洲崩盘 日本崩盘,-1
股市的特色就是涨涨跌跌 涨久了要跌 跌久了会涨,0
今天抄底没想到有年报会是今天，年报才分红才1个多点，明天集合竞价庄家给个机会吧，,0
这个好票，超级牛，会大幅上涨，我以我的颜值保证，各位怎么看啊？,1
哎，想着比存银行要多点利率，没想到直接翻倍亏了出去。。你倒是填个权啊,-1
发布,0
交通银行会倒闭吗？会退市吗？不会，肯定不会！那就买入，每年的股息都超过存款利息，,1
开盘天风换南行2000股,0
涨上去不跌的股票[牛],1
华夏银行会向下补8.16元处的缺口吗？呵呵，虽然有点难度，但还是期待中。,0
北京银行融资融券信息(9/5),0
南京银行、招商银行、工商银行资产分析,0
这个走势，一点都不工行,-1
大股东怎么不在二级市场买点自己的股票却全部用于定增？,-1
兴业银行：主力资金净流入3176.8万元，净占比1.43%（11-03）,1
有病,-1
被洗出来了！想融券卖出，居然没有！银行整体上涨乏力了！,-1
在股票市场，一般五十万以下的人会天天骂人，五十到一百万的，不怎么说话会专心研究股,0
不是说银行老股没前途，全社会玩金钱游戏的时候，银行还是受益匪浅的，为崩盘涨出空间，上涨吧,1
今天不会跃停！,0
低市净率低盈率时买入大蓝筹才是盈利的根本保证,1
分红10派6.90,1
优先股股息,0
$平安银行(SZ000001)$银行股是真的弱啊，今天都没敢加仓,-1
不用美国人揭露，中国老百姓都知道这是一个什么东西。,-1
该跌了,-1
中国西部战区今天在中缅边境实弹演习,0
看K线如果收盘392真的完美收盘，明天机会更大啊，努力,1
看到奇异数字吗？33.06这是提醒散户，赶快去睡觉吧，否则会给你一碗面吃,-1
这是要一直往下？,-1
招商银行获北上资金净买入。银行股本周连续活跃，周五更是全线上。绝大部分银行股本周,1
今天没有大单压盘，交通银行绝壁龙头,1
影响浦发涨幅的不确定因素排名,0
银行有利好，浦发有点事,1
"庄家演砸啦吧想收9,96",-1
还不开盘，估计得再等个一年多，[微笑] 16年最好的两个投资行业，[赞] 一个还,-1
大小平安一起上,1
不放量的上涨都是耍流氓,-1
为了持有南行股友的利益，我已减仓,-1
大家还在幻想吗？,-1
华夏银行为何成为银行股的新龙头？,1
不会吧、贱B票,-1
该你出力啦！赶快……,-1
5倍PE7折PB，每年4%分红10%新股收益，发财。,1
厉害厉害，我今天买的,1
创业板，创业板，创业板国家队没买，砸不了盘，快冲！,1
日前，市场又到了“不买贵的，只买对的”新阶段,0
看来今天交行一分钱涨跌又要玩一天了，混改本色,0
别买入！耐心等待融资盘被强平爆仓时抄底不迟！00,-1
16年财报的疑问：逾期超过90天的已重组贷款86.05亿，是指逾期超过90天的贷,0
集合竞价卖了昨天买的，碰巧昨天买的最低价今天卖的最高价,1
光大银行是底部不反弹，反弹不是底部，千万不要把底部筹码给骗走,-1
董秘你好！我想问，我们银行的信用卡办卡处推出了在某个学校办理成功100张就给这个,0
[牛]深港通下的万科或将改变无数人一生的命运！,1
银行股中就市净率最低的破股未创新高，自选股关注中，做短线操作中。,0
啥时候我不出现就该走人了[鼓掌],-1
各位大神，股票账户显示新代吗是什么意思,0
卖出不介入,-1
发银行今年年底的净资产每股超过16元 ！！,1
华夏定增只有国资会来，大家要求对它的资金和意图进行审计，定增就会失败，华夏早点破,-1
熟悉的味道，熟悉的佩服，还是原来的渣渣兴,-1
16.33成本能解套吗？,-1
可以退市，严重造假，扰乱金融市场，其性质及其十分特别非常恶略，退市、退市！,-1
满仓杀入随便发财了哈哈。。。,1
又是涨幅巨小，你都要年报了呀，涨呀,-1
利好：中信银行(601998)短线反弹还将继续,1
6.09伪巴又被打脸,-1
北银显然换了个董事长,0
大机构利用工商银行操控指数，上涨就是出货良机！,-1
交行董事长彭纯挂帅中投公司,0
提醒你闫总，国家的利益高于一切，低于救市成本，你应该想想,-1
BBUPOOL公链链改计划--帮助企业实现链上超车,0
"民生银行.好股票，民生的高管,就是一帮人渣 好股票，不好好分红每年，分红不到百分",-1
你卖错了吧,-1
南行目前真实市盈率8.4左右。券商普遍估计今年净利润1.46元，增长10%，这还,0
把银行股全拉到100元,1
说一下过去的经历，前两个月买的万华化学99-131没走，133下跌途中北向一直加,0
国家队应该选定一批市盈率低,1
601009:南京银行第八届监事会第五次会议决议公告,0
熄火，走了去中广吧了,-1
完蛋了。,-1
"听说搞错了___不是支付宝收购中信银行,而是收购光大银行!",-1
金融股跌了4天了，主动买一点套,-1
服了你了！你会的报应的，永远记住，哪天忘记报应就到,-1
美股昨晚狂跌600点 周一A股又受压了。如果破2598点 看2450点 。星期一,-1
先打个底仓，指标下来加仓，就是太慢了，当投资了[加油],0
不去h股，倒是想不通,0
央行降息，既保证了银行存款不流失，又救了房地产！,1
银行股最安全！,1
世界智能大会将亮相天津 引领全球智能科技新发。,1
摊上大事了，乐视事件黑天鹅。,-1
老子昨天在17.81买的，你就在这个价位横盘，就盯这么准？手续费都不给？NNGM,-1
大盘的目标3200-3597,1
真齐心、真会演！先抢买3.07，动作慢的待买二十几万手、一分钟内撒剩两万多手，再,0
现在为什么有这么多人攻击小秘书，真是奇怪,0
银行又让利啦！小心前期低点。,-1
翻翻规率！,0
影响【银行业】重大消息汇总(3月31日),0
银行股上涨，大盘就是回调的像真！,1
T+0可转债盘前消息合集,0
强烈要求民生银行把未分配利润分红,1
7.99收盘,0
涨一次，跌两周[滴汗],-1
中国银行成功发行双币种新基准浮息债券,1
重磅利好之下为何依旧颓废？,-1
5月多项经济指标超预期，传递什么信号？,1
龙头老大，下周继续涨。,1
这五类投资者最能赚钱,1
一个中阳线,1
没有时间成本不看盘的散户最恨,-1
第三波段上涨即将开始，敬请期待。,1
亏死了，周一卖飞了，没想到周五今天狂拉升,-1
全仓买入华夏，养老金概念股，最少有30个点，融资满仓干,1
媒体：华阳微20亿枚RFID标签年产能真的还是假的？,0
主力能表演下昨天那个10w手吗，我想接盘了,0
12.45附近低吸，涨一天，跌两天，,-1
摩根大通银行在美国这轮牛市从1．1元涨至今日97美元（市盈率15．7倍）涨幅高达,1
真他娘的银行股，，，就是不起来，，全他妈在抛售银行股,-1
持有南行、明年必获大利,1
600015 : 华夏银行财务报表及审计报告,0
当涨不涨，卖！保命要紧,-1
安邦难产，民生难受,-1
顶是17.37，破了就还创新高,1
这么简单的事，储户要贵行先提供帐户流水都不行，又是合的哪部法，哪条规。,-1
康得新，和的说北京银行要涨的人出来走2步！不信庄家打不死你！[大笑],0
真是扛的住。今天应该北向资金还没怎么流出，按照港股今天跌8个点，明天北向资金要做,0
坚守住10块，有望绝地反击,1
北上资金已经抛弃了兴业，可怜,-1
话说抄底成功了吗[想一下]阿拉宁波人哦,1
华夏银行必须每股亏损2元，引起大面积银行挤兑破产，才能成为神行 因为有个博士嫌它盈,-1
12月12日超级资金一下就净流出4.11亿元，厉害，股价重挫3.56%,-1
辽宁：“大象”经济转身艰难 10月工业负增长持续,-1
明天低点是最佳进入的机会，这个月必上三十，同意的点个赞。,1
计划买10万股中国银行，长期持有，每年分红再买入，持10年约有20万股。十年后退,1
数风流股票，能不能看工行？,0
军工大发展，军民融合金融龙头呼之欲出,1
这个银行股上次12.60元启动的，恐怕要跌回去了。,-1
银行股的利好已经提前炒作，利空却还没释放,-1
我在等兴业回到16元再买，这个票赚钱挺容易，唯一的难点就是要耐心等。,1
今天沪市大盘收盘 难涨7点,-1
银行会跌停吗？,-1
如果三年后优先股持有者将优先股转换为普通股，那么他比同期内一直持有普通股的投资者,0
沙比,-1
银行股正在复制券商的走势！,-1
下午还有得跌,-1
平安银行炒家先砸盘以为能先涨起来，现在悲催了。收盘前十五分钟走势真意图,-1
新人报道,0
局地房贷利率松动，非房地产金融政策改变,0
走不动什么感觉，下午连银行板块都不跟了[赞],-1
全世界少有的超低估值收割庄稼概念股,1
午夜快讯：香港恒大欲借壳深深房A，香港忠旺欲借壳中房股份，深深房A和中房股份两只,0
进来躲躲周一就走，谢了,0
招商银行其实很快就会死掉，它也是抱团股，更是盈利几倍的基金重仓股，基金应对赎回绝,-1
注意估值切换和板块轮动,0
下跌中的反弹,1
民生又要开始暴跌 马上泛绿,-1
2638已破！哈哈！垃圾桶,-1
1月6号走的，当时发帖说离别是为了更好的重逢。今天26块我又回来啦！,1
。,0
苏-战机虽好， 希望这是最后一次“海淘”,0
金融多数上涨美国银行、富国银行、摩根士丹利均涨超1%,1
我是新手,0
建设银行12月05日资金揭秘,0
最好来个跌停！,-1
宇宙第一行拿住必有厚报,1
终于踢飞了[捂脸]愿你一去不回头，青云直上千层楼!,1
兰石重装涨停了，借钱买次新陕西黑猫惯性涨停，次新股坐等翻翻机率大！看涨停王兰石,1
该发力了[鼓掌],1
烂泥扶不上墙,-1
华夏银行：2020年营业收入953.09亿 同比增长12.48%,1
估计周一有2个点以上,1
媒体就吹吧。反正不破发，不看多。,-1
平安银行会跌破10元。分红才一点点。,-1
郭嘉队提前跑了，独角兽来了，大盘权今年没资金玩得动，上周开始机构就一直多杀多到现,-1
率先反弹的肯定是国有银行股，毋庸置疑,1
风险大于机会,-1
北京必胜！,1
创业板再爆2个欣泰电气，就都会来买银行股了,1
什么时候可以买入[微笑],1
再好的基本面什么面，不给你赚到钱就是垃圾,-1
这个涨不上去[抓狂][抓狂],-1
体现了国家对农业,0
又崩了，12马上破,-1
能跌倒4.58吗我想把他接回来,1
平安银行:董事会决议公告,0
这个票要涨0.11比登天都难，跌起来毫无低线,-1
恭喜。。明天涨停[大笑][大笑][大笑][大笑],1
亏损11个点，我走了。,-1
这是玩假摔的吗。吓死个人,-1
"浦发银行,三年共每股收益8.2(元)加2021半年约三年半够现市值大笑",1
看我的嘴型：补。 跌,-1
安静。快乐的喝着可乐。看平安银行，尾盘暴力砸盘跳水。指数绿青蛙。,-1
[牛]深港通下的万科或将改变无数人一生的命运！,1
尾盘是MSCI增量资金买入，这部分股属于被长期持有了，如果各位想割外资的韭菜建议,0
新高就融券,0
这大的行股，11天内2次跌幅超过6%说是抗跌其实很一般。,-1
看着分时成交，我想说...,0
华夏银行12月13日获沪股通增持277.23万股,1
狂笑狂笑 咯咯咯！抢盘了，抢盘了，黄金砸头！晨鸣投资价值第一股。,1
工商银行-市盈率最低的银行股！,1
别指望宁波银行下午的行情好，宁波银行到下午就焉,-1
没有地产股，银行股狗都不是！,-1
南京银行07月12日获沪股通增持149.02万股,1
公司营收主要由非息收入拉动，前三季度同比增长24.8%，较上半年增速提升超10%,1
这票存在就是个笑话[大笑],-1
今年老大就是它了,1
这就萎了？,-1
还是建行吧安静，期待慢牛,1
复权日K线三低一线，大诱空大潜伏大反弹★★★★★,1
涨点吧？这天天跌怎么对得起广大股民呢,-1
张坤重仓股，你就不能拉大阳线吗,-1
7.19 北上资金昨日净买入18.45亿 增持中国平安招商银行,1
大盘5月 6月 7月超级资金投资策略（5星重要）（2011-05-26 10:59:46） [编辑] 短一句话逢高清理我们的筹码，空出资金等待7月8月,0
切，一点技术含量都没有,-1
4.1元什么时候解套？,-1
到629确权日能否冲到530以上呢？欢迎大伙猜猜,0
民生银行(600016)融资融券信息(04-29),0
卖菜妹，明天3200靠你拉，顺便把建行拉到5.35。你掩护我出来。[大笑][大笑],1
卖的太多了。是着急卖了回去ssbb,-1
宁波银行：融资净买入417.81万元，融资余额14.75亿元（01-05）,1
有割肉的吗？,-1
看好平安，要起飞！,1
南京银行拟不少于20亿元设立资产管理公司,1
41.3卖五手,0
拉起来快走 要补跌可能,-1
中国银行：融资净买入1525.49万元，融资余额30.61亿元（05-17）,1
对于沪股通，昨天突然放量，按目前交行的量价走势，结合周五大盘，五大行的量价（四大,0
今天会大跌,-1
跌，不怕,0
反复提及赛道股风险，一套10年，稳稳的抓住低估金融保险，有肉有汤还不会塞牙！我们,1
行情的确很不好，银行分红创新高。大把银行握在手，吃喝游乐无忧愁。,1
想抛的，直接2.99就行了。干啥要一点往下压。[微笑],1
谷歌公司网络服务发生大面积异常,0
这样走才套敬多人,-1
股市不行，哪有钱促消费？,-1
没有四位数的大单，不可能涨停了,-1
买银行的投资者要十分关注离岸美元汇率，假设我是美元外资，人民币升值5%，加上银行,1
齐鲁银行放量涨停！银行ETF（512800）5连阳，周涨5.37%！41亿元主力资金加仓，反弹能延续吗？,1
北京银行飚起来了！！！,1
$工商银行(SH601398)$你还有脸跌，人家创业板翻倍了，跌点无所谓，你咋这,-1
工商银行02月22日资金揭秘,0
银行股评级（2016.1-2017.6）,0
还是想说，这是大顶股票，或许你们不信我，以后。,-1
【挖财报】华夏银行2021年实现归母净利润235.35亿元，拟合计派发现金红利52.01亿元,1
直接跌停吧，退市！,-1
我快拖不住了，你们都别砸了好么,-1
$兴业银行(SH601166)$今天散户被诱多买入60182.2万元，下周庄家绝,-1
王的大女儿,0
浦发不倒，商业银行就有戏。,1
你不拉住，大盘就死给你看。,-1
转发,0
上面压力挺大的，溜了,-1
明天还是大跌   追进就是死,-1
这是舍得行呢？退货得！丢人现眼。,-1
各位，你们有我惨吗，天天抱怨，抱怨个鸡儿[怒],-1
工商银行今天护大盘,1
大盘一跌，工行就站起来了，硬是把大盘拉红了,1
还涨了？,0
绿毛龟又来了，大家小心啊！,-1
风向已变!上海重磅出击，查处3.39亿资金违规流入楼市,-1
织布中心线下移了，买早了，唉我就知道，一买就跌，我赚的都是实力钱。运气对我而言不,-1
交通银行与华为签署战略合作协议,1
看样子是要当很长一段时间的股东了[滴汗],-1
可转债连续6日下跌，明天应关注哪个板块？,-1
拜托你今天涨到5.01哈,1
有时候我的信念都动摇了，其他股赚钱快，两天盈3个点，可惜又不敢多买，说是价值投资,-1
感觉喊空的人很多，我还是赶紧买入把融券的平了吧,1
为了配深圳市值，不得不买，不得不锁仓,0
银粉转仓投行明显,0
温水煮青蛙，一直徒溜！4.5以下再动吧！,-1
大盘涨，它跌:大盘跌，它涨；大盘平，它更维。维稳的机器。,0
大反转会在今天出现吗？,0
MacD今天可以买入了,1
银行这两天表现不错，交行加油！！,1
昨天6.26时割肉卖了。今天6.21买回来。什么价值投资长期持有就是一个屁，如果,-1
有人在做空股市，赚股指期货的钱，已经有机构在砸盘做空了，消息已经出来了,-1
降准利好，个股疯狂！银行股居然近半收绿！,-1
两个行情不可错过,1
远离垃圾股，别以为他很强大就不垃圾,-1
金融开放使民生银行有并购题材。外资银行如果进入，低于净资产买一个银行比新建一家银,1
招商银行郑州分行两宗违法遭罚 未按规定处理异议,-1
你们周一尽管卖，我要接货,1
每天都被股指期货搞死,-1
存款多的人将变成买理财产品和进股市，为安全为保值为升值。,1
开盘就抢，今天新股资金解冻,1
珍惜手中600000的筹码,1
反对增发，配股或停止增发,-1
怀念深圳发展银行，曾经深沪两市的标杆。,-1
哎，筹码不知不觉交了出去一半了……,-1
转发,0
再坚守三年，不信不到15元，走着瞧！,1
601398:工商银行H股公告-2020年度报告,0
股市疯狗,-1
我发起了一个投票,0
慢牛形成，趋势向上，持股待涨，长线是金。,1
分红到账了,1
僵尸股该涨了吧,1
郭嘉队来救盘拉。,1
今日大单第一名，什么意思？,0
证监会、财政部、国资委联合发布《关于支持上市公司回购股份的意见》最大利好交通银行,1
挺住，[鼓掌][鼓掌][鼓掌],1
建设银行今日热门盘点,0
北京银行又在调整指数,0
大日本股民判断：周一肯定高开暴涨涨停一一一一一一一一一没问题,1
杭州银行——澳大利亚CommonwealthBank共富银行。澳大利亚银行业:W,0
中国银行业绩比农行好，股价比农行低，为什么？,-1
没救了，涨的都是绩差问题股。有业绩保证的没几个涨。,-1
600000:上海浦东发展银行股份有限公司关于召开2021年年度股东大会的通知,0
上海银行业复工复市进行时！多家网点率先开门迎客，,1
工商银行：连续3日融资净买入累计5602.31万元（11-25）,1
工行砸盘的狐狸尾巴露出来了！！,-1
稳住了  是什么意思 要起飞？,0
8.8 再入,1
4.4补了，4.3补了，4.2也补了，4块钱也补了3.9也补了/流泪，3.8的,-1
满仓等死中。。。求大神分析割肉不割肉,-1
暴涨的区块链，能否带领大盘冲上3000点？,0
恶心,-1
【银行景气持续验证！平安银行三季度净利环比增长55%，张坤大举增持1.08亿股】,1
@招商银行资讯：招商银行推广国内首个资产配置系统,1
宁波银行融资融券信息(4/16),0
平安银行(000001)融资融券信息(05-17),0
48买的 低价补仓 成本45 死拿不走 随便套吧,-1
你给建设银行跪下,-1
2020-7-31华夏银行 沪深股通机构持股及增减数量,0
九阴真经，不错不错[赞] 应该怎么样，心知肚明。,1
随时跳水一样，根本持续不了多久。,-1
5.22小赔5分，胜利出局,1
如大盘反身向上䃼缺口，抛出16．26元买入的筹码。588090目前赢利2%。,1
垃圾交通银行,-1
比特币跌破5万美元！华尔街已深陷其中……,-1
开盘没看，50没卖太亏了,-1
深发展的改良板,0
昨天亏5800，今天回来5000。今天本来想卖掉一点新能车，想想算了。27号买入,0
关键看银行进来的资金是什么性质的资金，长线资金当然欢迎，短线资金套住他们也该,0
关于欧洲杯买球APP,0
15家理财子公司“交作业”：2020年共赚近百亿，净值化转型加速度,1
真不能买，手续费都赚不回来,-1
【19.7亿份】银行ETF最近60个交易日资金净流入6.4亿元，推动份额和规模又创历史新高！,1
一涨就有人砸出来66,-1
兴业银行2020年业绩增长完全是牺牲员工的各种工资奖金各种财务支出的情况下实现的,-1
就一狗屎垃圾，无底线！,-1
狗庄带头打脸，查查,-1
如果四大行再跌个5%，有人会睡不着觉,-1
这种坑爹银行怎么还不跌停，人家还款七年，居然本金还是这么多,-1
601988:中国银行公告,0
今天去医院门诊，保安说要看绿码才能进，于是我把股票界面拿给他看，然后就进了,0
织布机开始。一分钱玩一天。今天就这样了。,0
明天破2800,-1
在45处有有弱支撑，在35处有强支撑。,0
加仓平安银行,1
每次涨一波要调整七八天，幅度1元左右。13.9可以进了,1
大盘3500点，垃圾股中国银行还没有启动！！,-1
精彩绝伦,1
南京银行(601009)融资融券信息(05-27),0
现在股市处处风险 连银行都要和h股联动,-1
同志们别冲动，打开月线拉长k线，最高17.09元历史三次低点是4.39元那条线，,0
工商银行：上半年境内人民币贷款新增1.61万亿元 创历史新高,1
请新主力硬庄们去抄底菲达环保!错杀最高点下来仅1折筹码!好筹码未来翻几倍都可以的,1
明天涨到15元,1
三度举牌富德生命持浦发至15%,1
啥优质股都杀,-1
要看浦发你们去研究他的融资融券就知道,0
不涨的股票,-1
$招商银行(SH600036)$今天追高的明天吃跌停板，今天的红是基金自救拉宁德,-1
1个多月，终于见到放量了；,1
天风证券维持招商银行买入评级 目标价55.48元,1
我本不想骂人的，这股也真踏马无耻。,-1
恒生中国银行股大幅上涨,1
再杀一波大家好捡漏,1
宁倒在超级大牛市起动脚下(上证一万点)，也不加,-1
青岛银行三连板，专项债输血中小银行正式开启，银行ETF逆市吸金再超亿元！,1
从K线看，招行处于相对高位了，上次高点套了上亿的筹码不会有人轻易解放，又赶上高管,-1
祝大家好运！,1
茅台股价为什么减速了？中国股市A股定价启示录，主动权根本就没在美资投行手上,0
空头大本营浙商银行连续融券砸盘做空第32个交易日.银行想涨难。指数要止跌不可能，,-1
测试你适合玩股票吗？,0
徐小明推荐徒弟票,0
平安银行股价连续2个月当日、3日、10日资金净流出，可融资融券余额？,0
世界上有一种烂泥，叫招商银行,-1
卖出躲过明天调整,1
股市已经完蛋了,-1
可惜，担忧增发放掉了四万股绿地,-1
波波累了，需要调整一下！,0
银行打虎是利好，队伍纯洁是改革创新的前提。,1
又到支撑了,1
伯朗特2017年净利润4667万元 同比增长56.6%,1
康得新造假的后果，股民～,-1
亏了抛它干啥？,-1
进来接点血,1
汇金已经出手了,1
美国今天拉高利率上行，明天又下跌了。回光返照。 A股场外没多少资金了别追高,-1
臭嘴阿q你好会玩！,0
【掘金低估值】银行ETF2.24最新规模创历史新高35.6亿元！标的指数PB估值跌至历史低位,1
工行全天高开低走,-1
指标股别砸呀！,-1
中国银行，不能欺负弱者，想挣老百姓的钱就得有担当！,1
龙宇燃油/603003/主力强拉/毕涨130％//赶快进入我是主力我怕谁啊,1
我来陪你们了，不知对不对！,0
江苏租赁发行价及上市定位猜想,0
等罚款吧！3倍罚款，恭喜！666,-1
卖了一批建行，调整调整仓位结构,0
301151发行价30.82,0
贵阳是大湾区吗，这么轴,0
德必外滩WE,0
建设银行：融资净买入2936.1万元，融资余额22.49亿元（08-11）,1
大成每日资讯 | 善用金融工具呵护经济“毛细血管”,1
一个月还能解套嘛？,0
自己拉，自己赚！真聪明！！！,1
请问各位，我是一个小韭菜，请问多少点可以入手,0
收盘变绿,-1
其实大盘拿下3400点很容易,1
假设持有十年，银行股每年的分红能和通货膨胀持平吗,0
多人被贷款几十万负债，信息安全这事可不得了了,-1
利空出尽，下周暴涨,1
兴业银行三季报,0
行了行了上11别装了我11.99就走12.5我不要了,0
融资买入7000万，才涨了1％，说明还是受到北上资金控制。,-1
三月收宫,0
多，只唯实！,1
人为操控，无法无天,-1
这垃圾不是一般的弱，落后大盘太多了,-1
今天北向资金流入2亿多，明天能涨2分不？,0
新华联不愿意割肉,0
其他我不知道会不会，但是提前说过了，假不了,0
记住今天 成交量 放巨量了 好事情 低位巨量换手 呵呵,1
废柴,-1
哎……低估就是不涨……,-1
外资收盘买入近1亿吗,0
加息周期到来  紧握银行股,1
宝能接手上海中环中心烂尾楼项目，股权已全数质押给上海银行!4月20日凌晨0时30,0
今天开空单了吗？明天收钱,0
可怜的主力，没钱拉，同情你。老子虽然给洗出来了，不过谢谢了，要不我还下不了决心换,-1
超级大利好,1
宁宁，深蹲后要慢慢跳哈……往下无风险，往上窜就要小心了。,0
本人想拜师学艺！哪位大神收留！,0
市值上千亿，成交额几千万，典型的垃圾,-1
18,0
可转债看点多多 深入剖析,1
三季度业绩出来了，分红还没有消息哦！,0
1,0
涨啥呢...继续压啊...,-1
兴业行这次第一目标位13.48元,1
"银行股已苏醒,会有源源不断的存款资金流入银行股",1
老银行价值太贵，新银行价值严重低估,-1
国有资产流失，败家子。,-1
平安银行是A股心脏之一,1
高开创新高。。。。。。高开高走，，最起码四个点,1
这几天感觉都没跑赢工行，垃圾,-1
建行股价为什么会跌，主要是老牛在叫空做空,-1
区块链带领大盘放量，风险偏好能否就此打开？,0
牛来了，翻红了,1
明天下来再买,1
跌就加仓，加仓，涨就卖卖卖，没办法被套的太深了，解套就走,0
券商和银行今天要涨，因为必须拉大盘。大盘要破2600，要破60日均线压力，所以今,1
动荡，动荡，还是动荡，你知道什么时间可以稳定吗？???,-1
$招商银行(SH600036)$没有了北向，就跟一条赖皮狗一样！,-1
净资产多少啊，破净没？,0
收盘变绿,-1
请问你司有没有金矿？,0
远离股市，每天不要交易，让他们没有对手盘，自生自灭去吧！,-1
华夏银行06月14日资金揭秘,0
都江堰“兴堰投资”挂牌展示与可转债发行仪式隆重举行,1
财政部长：推进房地产税立法和实施 对个人住房按评估值征收,0
现在买进北京银行当定期存款三年不拿就拿分红划算吗，当然了涨到6，8就全部取出。请,1
银行股的IPO即将结束，银行股的行情也接近尾声?！,-1
说珍惜的那个人是谁，他现在去哪儿了？,0
南京银行融资融券信息(5/26),0
曰你妹的，一分钱玩一天,-1
要阴跌了，去年中国平安都说长线最好。看看现在。港股跌的比A股多下周还要跌,-1
银行资本补充需求迫切：永续债发行主体继续扩围 更多方式待探索,1
建设银行目前的点位是1664.93点的水平，现在是3630多了哦该翻倍了把，王洪涨,1
散户感觉安全的，反而是最垃圾的股…,-1
明天早上会涨一点忽悠大家进去的，然后又继续跌,-1
"每次只要大盘指数冲高,大盘股就会有神秘资出来砸盘,目的就是不想让指数那么快恢复太高",-1
神经，30万首卖单,-1
三维工程002469，六年大底，准备起飞,1
有民生银行的也会关注交行的，一群人一个想法让庄难受,0
今晚排队早，1千多名！,1
牛股,1
恒讯科技介绍一台矿机pha，bzz，chia三币同挖方案,1
再次进入，把握好像有点不大。,0
下午可以跳水了,-1
垃圾中的极品,-1
能升32？才回本了,0
热钱不在银行板块,-1
交行与上期所续签《战略合作框架协议》,1
4.44何日能到呀，就是涨慢跌也慢，要等小半年年再来买了[想一下],0
转发,0
银行类今天会留个长的上影线，明天开盘会微降，我猜对了请点赞,0
喂喂喂。。。。。。。早上哪个Uo･ｪ･oU日的砸盘啊！,-1
跌的最惨，新股发的最多。说保护投资者。呵呵,-1
$平安银行(SZ000001)$怎么平安银行带头砸呀，发生什么了吗[哭][哭],-1
2013年7月1日至2017年8月21日主力资金流入19.48。,0
说要跌停的家伙们那去了 继续吹  我要跌停吃货,-1
转发,0
建设银行流通盘在几大银行中最小，建议全仓换进,1
这股9怎么这么神奇，比银行股还能画图,1
兴业和招行的差距越来越大了,-1
5.68突破前期高点了，空苟要绝望了。,1
可能还有三个多点跌,-1
这是不是个名牌！,1
利空出尽大涨！,1
中行创新高,1
见设银行证明我了我的投资是失败的，割肉了，用钝刀割的，一碗大面关灯吃,-1
扶不起的阿斗,-1
看来下半年 凉凉的节奏,-1
关注人民币走势,0
自动分期槽点多，有大冤种交了上万利息！银行：客户没看清条款,-1
用决堤挺恰当，溃不成军了!,-1
"骂它是因为它“月亮下看鸡BA---自看自大\"", -1
下午银行股开始护盘，跌不到哪里去，放心！""",1
大盘股就是垃圾，10万股走人，反正赚钱了哈哈,-1
一动不动是王八,-1
浦发能不能来一次跌停，让我们小散来买？10.50,-1
"明天次新高价股低开,银行券商急杀补缺口",-1
交行什么时候分红,0
假设净收增速百分之十三年后股价不涨，市净率会变为1.7，市盈率3，则将严重低估。,0
小秘书，差价差不多了上车吧,1
呵呵，我的建行也跌了1%还多呢，不过一看股票没少就放心了！！！同样，持有的大秦铁,0
从前看到外围股市上涨！就可以安心睡觉了,1
年前最后一个月了，大家都把钱拿出来了，所以阴跌，估计这波到十六元八角多，年前不炒,-1
明天继续砸，退市我认[大笑],-1
军人干部要领头买进建设银行601939,1
兴业、浦发量能对照！,0
纠结的比样,0
民生你终于帮我解套了,1
今天看来多空要决一公母了！看戏！[鼓掌][鼓掌][鼓掌][鼓掌][鼓掌][鼓掌],1
如果明天券商能把大盘拉起来，则行情热度不改！如果明天券商熄火，则行情危矣,0
招商银行(600036)融资融券信息(02-26),0
超大资金肯定要细研基本面，用多种手段预判价格是否偏离价值严重，研判大盘择机进驻，,0
机构这它MD是几个意思,-1
$工商银行(SH601398)$反着散户来，别墅向大海！坚持！,1
000667反弹意义重大 重组,1
工行H股起来了!,1
那咋咋地呢，先赔两毛,-1
死股票,-1
六七块钱买的，这么大的盘子，翻了一倍多，获利太多，应该卖出,1
中国重汽港股03808，绝佳机会！净资产8.87股价2.87港元。,1
哈哈 今天早上看中国银行站稳了4.99 跟着达哥买进中国银行 真的涨停了啊 达,1
002122太便宜了，去抢点筹吧,1
净资打对折了，明天跌再买点，感觉跌不了多少，最多到5块,-1
原来A股的中流砥柱招商银行，现在也沦为一个臭，一个扶不起来的阿斗,-1
润和软件，天海防务,0
6块钱建仓，纯为了打新。,1
突然起飞 明天怎么办,1
看来只能11月。或者过年时候涨一波了。卸载软件。,-1
10转100派1000,1
崩盘了 崩盘了 崩盘了 崩盘了 崩盘了,-1
严重被低估,1
江湖兄，持有南行5年赚2倍是怎么算出来的？,0
加仓加仓 中午涨停,1
已经无法用文字来形容股市的垃圾程度！！！！！,-1
完犊子，比平银还增长少,-1
赶紧卖卖卖！！！！,-1
易会满出任工商银行行长,0
换行长就一直跌，肖任行长真不行了,-1
现在的博士生知识水平还不如以前的本科生！,-1
每次优质股的下跌调整都是买进的机会，而不是卖,1
「家里怎么分配好呢？」分享一个最基础的资产三性模型，鱼和熊掌虽不可在单一事件中兼,0
满仓543共享财富人生,1
/,0
明天怎么看？很慌。,-1
"明曰尚存一丝护盘机会,果断离场,特别是融资的,善臷,南阿么佗佛",-1
所谓的逾期指的是到期未付部分，不是整套房子的。可能是一个月或者三个月。银行人的脑,0
我们现在能做的是调动所有资金准备开市迎战。,1
华夏银行从2017年跌到现在！每年盈利1元多！,-1
情商---心理界限、压力测试、寻找榜样,0
中证500疯牛行情已经开始,1
庄在压价格到分红那天看你怎么压[大笑][大笑][大笑],-1
已贡献一个月工资[大哭][大哭][大哭],-1
明天先下单！,1
今天果然还是银行砸盘？巨亏26934元！早盘抄底上汽集团、平安银行、华侨城算是没有被套住，下午出逃了……,-1
追高了28.8[滴汗],-1
大家在骂中信银行，那您买题材活跃股啊！说不定哪天弄出个造假新闻，连本金都没了！,-1
几座大山压顶，短期内不会太好.,-1
落后于平安银行，要加油。,0
强烈要求上市公司未分配利润不能超过股价的50%，超过部分强制分红！如果能实现，银,1
买,0
能长一个点吗,0
【最全汇总】1月金融数据创纪录，银行股涨势持续！如何解读？权威机构观点汇总,1
温水煮，慢慢熬，利空兑现熬出头[摊手],0
关于长期持有分红的看法。如果按一些人说的，长期持有分红除后买入，十二年回本才是真,0
转势有那么容易，转你个头[呲牙]，再磨个半年再说,-1
满仓了，实在没法子。,-1
北向资金在砸，快一个亿了MD,-1
莫在这当股神了,-1
本次MLF操作“量升价平”符合市场预期。,0
那些标榜其成长行的创业板股票敢于实行裸卖空机制吗？,0
五年前身边的股友都认为民生银行好是最俱成长性的银行，买入的很多，五年后纷纷离开了,-1
地产板块强势强烈 龙头000573,1
未来两年指数都是大平衡市。刘浪12182022-09-2209:02:38股吧网,0
今天没有做成T加0，继续满仓持有 700万股成本7.55元,-1
怎么个情况？,0
[图片],0
"净资产12.18元,六成价,是谁在打压?",-1
都去追热点了，银行股自然就没有资金进入了。,-1
今天只低吸不高抛,0
太弱,-1
恶心到家了,-1
601166，2014年报盈利2.47元/股，分红预案10送5.7元。一季度0.,0
我的这个水平应该在股吧里算不错了吧！,1
今天能跑的都是高手，下个交易日跑都跑不了,-1
3.9的本，反正赚钱，就是赚多赚少，这两天盘中不盯盘,1
比方说宁波银行，股价连创新高。只不过冲出大年线布林线上轨太多。我看现在就别追涨了。到了明年可以再考虑上车。,0
19.30我在进兴业下来一点,0
银行股股价应该对应净资产值，如果考虑收不回来的呆坏账，那净资产值还需打折扣！所以,-1
调入上证红利指数，不是调出,0
得，4.5加仓还是被坑进去了，这韭菜当得名副其实了,-1
$平安银行(SZ000001)$首先月线7连阴，macd绿住加长，布林带处于中轨,-1
怎么不同股同权？,0
水煮青蛙，不要融资！不要裸奔,-1
招商鬼子弟,-1
拉尾盘，明日继续跌,-1
金融股 可以拿着分红 行情不会有 今年的金融监管只会越来越严,-1
【银行ETF（512800）强势翻红，板块成北向资金近一个月加仓头牌！】,1
银行股是空军司令部,-1
哇，W底漠视大A空中加油？银座股份双鸭头蓄势妖相。大股东频频争持。前期漠视大盘9,0
我7月8日清仓银行股后去抄了一些超跌中小创股，现在又回来了！,1
601169:北京银行与中信证券股份有限公司关联交易事项的公告,0
市盈3开头，还有人砸盘送钱？[大笑][大笑][大笑][大笑]谢谢庄家，破20有多,-1
南京银行融资融券信息(8/31),0
回到3.77,0
601998 : 中信银行关于独立董事任职资格获批的公告,0
单价亏了两元多，你真的这么垃圾吗,-1
缺囗已补，拉升将开始，大胆买入，近期目标价30元,1
发疯了。。,-1
敢快跌停，没人买你，100000000%千万出货,-1
关于兴业优先股,0
玩2年兴业,0
民生银行本周融资净买入2437.79万元，居银行板块第十一,1
[买入][买入][买入][买入][兴奋][兴奋][看多][看多][看多][看多],1
按往年应该分红了，今年连个公告也没有，不应该呀,-1
我现在60岁如果拿十年这股能翻两倍吗？,0
康德新事件，是大股东利用违规的资金归集协议掏空上市公司的典型案例，也是一起重大的,-1
中国银行一升  其他股要大跌了   风向标[大笑],-1
富时罗素剔除的五十只股票没有工商银行，也没有其他银行，今天这个跳水莫名其妙,-1
银行理财探索ESG投资运营管理存挑战,0
$平安银行(SZ000001)$明天需要量能,0
工商银行09月20日获沪股通加仓256.07万股,1
九卦 不考了！银行保险业高管任职资格考试取消,-1
涨涨涨,1
从此以后再也不碰银行股了，让你们发财去？,-1
A股历史上九次牛市是如何终结的,0
20.06支撑点,0
$宁波银行(SZ002142)$市场声音还是挺杂的，是不是内生增长？判断的唯一标,0
民生银行行长个人出问题中行大跌，迷糊了！,-1
上午收盘8·88是在透入什么信息吗？？,0
我还是会坚持我的价值投资7.66买入部分,1
兴业的空头主要是用来融资，而非砸盘~,0
看表内业绩很不错，表外就呵呵了,-1
北京银行,0
软蛋，TNN的,-1
你们就差这一两分钱？搞什么呀,-1
为什么所谓的专家要不断唱多？,-1
银行板块尾盘 入货100亿？,1
垃圾中的战斗机！,-1
可转债怎么还没上市,0
股票大跌，业务巨亏，石油期货害惨散户，中报暴雷,-1
南京银行资产质量恶化 评级下调有争议,-1
“赔钱”私募说：未来不能只属于蓝筹白马,0
杠杆资金无处不在，比如买房子首付款 企业贷款 等等都在用北京银行的钱,0
必涨,1
股市上涨，基民要兑现套了多年的基金，所以：,-1
典型的打压吸筹,-1
我丢一直挂5.76，都还没成交,-1
中国银行机构为何不断出货，虽然重很少，因为大多小散都已离开中行这只僵尸股!，让机,-1
下周央行公开市场到期资金达9620亿元，其中下周二到期规模最大，不仅有1600亿,0
GUO 加队大买单几乎都入浦发和民生。,1
4年半利润总和可再造多一个北京银行,0
五穷六绝已经过去，七翻身是否能如期到来？,0
屁滚尿流都跑啊。,-1
市盈率才14太低了吧，起码30啊才合理,-1
大单金额流出前十名个股如下： 兴业银行、交通银行、中国石化、中兴通讯、财通证券、,0
深港通中的深市龙头！,1
T+0的标的就是银行股,1
浦发的买盘莫名其妙，卖盘也莫名其妙。,0
昨天说今天上午轻仓的和空仓的要适当买入，战略上为什么买我不再重复了，请看昨天写的,1
房贷利率下降刚需盘入市 沉闷楼市鲇鱼搅动,1
赵丹阳：A股将迎史上最大牛市 目前满仓操作！！！,1
能跌2个点就进来做T,0
3.02已挂单[吃瓜],0
造了什么孽在银行股中选了你这个货色,-1
成交，17%没跑！后悔！,-1
金融科技加区块链概念，业绩超预期，短期内冲高可能，,1
天天砸，一帮不要脸的东西,-1
交行,0
601166:兴业银行:国浩律师(上海)事务所关于兴业银行股份有限公司非公开发行的境内优先股(第二期)申请于上海证券交易所转让的法律意见书,0
真是垃圾中的战斗机，涨不行，跌行。,-1
今天赚了2分钱[滴汗],0
所谓多头不死，跌势不止是有原因的。正是交易行为的存在，才带动了下行，因为这些资金,-1
是不是董事长赌球输了？,-1
浦发银行盘前回顾(10-19),0
对2015年股市的预测,0
银行行业板块5支优势个股统计资料（D17-35）,0
$兴业银行(SH601166)$今天有可能翻红,1
安邦目前成为民生银行第一大股东,0
拉高恒指掩护A股抛售,-1
你自上市以来，一直秉承绿色发展理念，无数人被你执着的绿所折服，您给广大韭民铺垫了,0
民生不生,-1
劳资闲钱就当是存银行了,0
请不要着意混淆价值投资与搏取价差的概念,0
这g庄砸盘真不遗余力，,-1
有人说净资产高没有用,-1
任由股票下跌，收益最大的是银行，我们投入让人割去的钱到底去了哪里？？,-1
谁能猜测一下。浦发银行到底有什么大事要发生？,0
601328:交通银行H股公告(股份发行人的证券变动月报表),0
四连阴！这波行情要结束了吗？,-1
赶紧跑吧，垃圾中的战斗鸡,-1
力度空前的降准，没公布沪深就大涨了。我们散户都不知道，机构大户们都先知先觉地炒底,-1
芒果品金若消息面褪去 防止白银或报复性下跌,-1
旧闻重提：9年净资产从1.5到12.7元，说明价值投资永不过时。,1
大家小心回调打压！,-1
又冲高回落,-1
买入,1
咋又跌了,-1
中期这小样1.31,0
民生银行：相关信息为恶意造谣 已经向公安机关报案,0
二八切换，大象起舞。,1
证监会：守住不发生系统性风险底线，强化和完善退市制度,0
银行期盼领头羊但看来兴业没有领头羊风范丶跟风没有丶画虎不成反类犬！没人认同！,-1
昨晚叫你们买002048的记得赚钱请我喝酒。,1
今天格力护盘了，应该无风险套利,1
每次涨一点点[不屑],-1
《波浪理论策略》概要,0
启动捡金项链、金手镯方案,0
果断扯断网线,-1
增发价16.7，现价赢利比13.7%,1
自古四大赚钱的行业，除了钱庄就是不让干的黄赌毒了,-1
重磅利好,1
用中行和农行拿红～努力把自已培养成投资人而奋斗～$中国银行(SH601988)$,1
15.1的增发价与浦发调整后的14.16的增发价相比属于中性,0
估计降准了,1
我们用港股通可以买港股吗,0
猛料！证监会下周对200家机构现场检查 大家分析一下这下怎么搞。银行下周走势,-1
明天民生创新低，值得表扬点赞。破四最好,1
不敢卖了[哭]涨到我心痛，t出买不回来了,-1
主动性买卖筹码差,-1
钛白粉涨价潮提前来临 今日4股有望爆发,1
北京银行即将有一波大拉升，拿好了…,1
2个点20亿成交的调整已经足够覆盖中报不及预期的影响。 中报虽然垃圾，但不至于说,0
笑死了，就他不涨,-1
看哥的满仓操作……嘿嘿……,1
趁势而行！,1
$招商银行(SH600036)$黄金坑,1
民生银行A股被动减持几百亿股一样，天天喊爹。,-1
6月1日正式启动，可大胆抄底,1
你应该破发！然后st!最后退市！,-1
放巨量下跌，破位半年线！,-1
这股太吓人了,-1
北京银行：融资净偿还1033.89万元，融资余额22.32亿元（07-01）,0
该股利空出尽，扬帆起航！,1
所有的企业都在为银行打工,-1
2017-11-16上海银行(601229)天量解禁 开盘直接跌停。,-1
人的言行是受心理支配的,0
加油兴业银行，今天又是第一名,1
上证50护盘中，平安银行深圳的指数，想做空也是没影响的。下午拉升,1
大盘再演冲高回落戏码，指数空头排列,-1
看看同受调查的光大银行的走势与海通一样，兴业是北向资金一下进来的太多，怕砸漏了，,0
厉害了压都压不住，全国人民大买银行股，还得感谢社保神一般的减持，让全国人民注意到,1
大哥别吓我啊，早上看你涨得这么猛，涨两个点时追进去，现在就这副死样了啊？,-1
什么是股票，要买最差的，不买最好的。,-1
到47.7可以重仓了,1
背离了。。先回避一下吧.,-1
今天终于涨赢指数了，涨赢银行指数了,1
今天不要加仓,0
我擦，垫底,-1
大家都说跌的时候，我预测明天低开高走,0
为什么啊怎么想都想不通,0
根据公开数据北京银行总资产首破3万亿，又进军零售业。短时间内不会让跌下来的,1
牛短熊长，现正处于熊市中，只能抢一反弹，弄不好套死你。一赚二平七赔是铁的定律，上,-1
会计变更造成的。新的会计准则更严，导致资产减少。两地上市的大行去年实行新会计准则，也有净资产未记入损益的减少。详情可细读年报，季报得知。,0
"大盘月级别趋势不好,银行股是不会好滴,目前只有逢低买入中小创做做反弹波段",-1
换了水货懂事掌，股价立马涨到净资产。,1
为什么兴业的收盘价尾数都喜欢8，庄家你想做什么(´`)?,0
4.15以上被套很难受，忘了吗,-1
个人观点拉是为了发债。就像某些公司准备上市前会招大量员工大张旗鼓、扩张规模。上市,0
南京银行融资融券信息(7/11),0
撤了。坑钱的银行,-1
电视剧都不会这么演,0
跌，就是规律。,0
横店东磁军工股；苹果手表无线充电！拉升到50元..88,1
关注市政，迪士尼中海科技,0
北向沪股通和深股通成交总额今年首次突破3万亿，意义何在？,0
康得新进一步表示，公司管理层已将西单支行的违规行为向监管部门进行投诉，后续将根据,0
臭LJ下水道,-1
又要去跌一周了,-1
民生，专治各种不服[滴汗],-1
今天银行里最弱的,-1
背面,0
看着别人飞涨，兴业在这绿，真不是滋味,-1
0.71市净率，尚未启动的燃料电池概 中国能源牵手郴电国际投2.5亿开发氢燃料电,0
平安银行02月21日被深股通减持1340.5万股,-1
福建的,0
南京银行即将创历史新高，空间完全打开！配得上低估值高股息蓝筹称号！长期投资好品种,1
中信证券（600030）高管列表和截止于2015-09-30的大股东名单,0
资产规模和经营绩效实现稳步增长、全球排名和品牌价值实现同步提升，连续六年跻身全球,1
一半的民生股民需要三个涨停板才能解套,-1
中信建投重磅发声！银行股：误读、误判、误卖！,0
房地产完了，银行也就走下坡路了[呲牙],-1
$北京银行(SH601169)$历史大底,0
尾盘涨0.19%就以为炒到底了！肤浅！愚昧！,-1
分红是什么时候?,0
多方炮,1
涨的都跌回去了,-1
打击金融暴利垄断，支持实体经济，可以预计利差很快调整。,1
兴业银行中线整理结束，这周开始上涨。,1
驴肉飘香成交6单，老三板牛市，如果不是亲眼所见，我是万万不敢相信的,1
下跌一旦形成，千万不要去妄想对抗！,-1
AH股溢价指数调头下行！这些A股节后大概率联动上涨  中国证券报10月07,1
银行为什么砸的最欢？招行见30兴业件12吗,-1
对于兴业银行，现在这价格我基本不是很担心了，17年不会亏钱！第一现在净资产17.,1
动平安君安及低市率16支银行股启金融结构性牛市,1
浦发为什么涨不过兴业？,0
jjjjj,0
浦发确实到了临界点。看本周~~~,1
mmp什么利好，大金融尾盘抢筹码,-1
跌停板收盘,-1
利空出尽是不是利好[好困惑],0
空头占主导，卖卖,-1
主力就这么控着,-1
利率上行对实体经济的影响还刚刚开始,-1
九角以下买！九角三以上卖！！！丅死鸡狗！！！,0
6家银行抛出1931亿元股权融资方案,-1
跟跌不跟涨的辣鸡关门吧,-1
要调了，看着办吧,0
中国银行将向“中行优2”股东派发股息每股5.5元，羡慕啊！,1
估计，，尾盘突然大跌，，明天爆跌。。。猛跌猛跌。,-1
来自兴业银行总行员工家属的一点心得体会,0
中信银行个股智能点评(8/01),0
"别人拉盘,你压盘,你tm是人吗?",-1
民生银行：融资净买入217.88万元，融资余额63.53亿元（08-10）,0
民生虽然低估，分红也可以，可是没有什么成长性，所以股价才会那么低迷，好比中石化，,-1
私家提款机：工商银行,1
$招商银行(SH600036)$不跌个30%不过瘾，打两折全仓进,-1
五大银行利润大幅下滑背后的转型困境,-1
云上会  2021如何安放我们的钱袋子——中信幸福财富之夜,0
遇到压力了。。。最后涨的都很危险。第一没有同板块的拉动，不能借风本身不是很强势。,-1
短线将有反弹，30天线不断巩固，底部不断抬高w,1
5.20为什么不给我成交,-1
这是我入市以来遇到的最好热情的人了 给的票和方法方法都是无私的 支持您,1
今日操作记录（--）：仍未走出弱势格局,-1
祝贺砸盘的男操盘的都带绿帽子,-1
$平安银行(SZ000001)$明天高开就跑，低开补仓，抱着过年[困顿],0
港股四大行貌似已进入无底洞模式，招商还在苦撑，这是国际资本对光天化日下公然造假的,-1
别急着涨啊，等分红到账买了再涨,1
最低9.05吧，这股就这样9元能拿着上10就没必要了,0
还在观望的人，准备明天进入吧，目前来看已经到地了，今天两市已企稳。原油也涨了，股,1
兴业银行盘前回顾(10-09),0
(SH688357)$$凯莱英[国家队][国家队][国家队][国家队][国家队],0
要不要卖。,0
工行、信达、长城相继官宣：受让锦州银行内资股股份,0
买浦发不是为赚钱的，是为打新的。,0
12.67继续加仓，估计今明两天有大动作。,1
PanteraCapital计划推出6亿美元区块链基金,1
我觉得未来闭着眼睛躺赢的最佳标的是A50ETF,1
感谢某人的谎言，让我回本了，尾盘全部买入了你，安全起见,1
快跑 大盘年底目标 5点 最贵的股票5毛钱,-1
两市市赢率最低，有巨大发展潜力的个股浦发银行,1
关注券商狂飙拉升变盘？券商被低沽机构杀入广发,-1
没有换手率，卖个毛，别卖,-1
谁能留在浦发！绝不是一般人！,1
招商银行05月30日获沪股通资金净卖出1.036亿元，持股量减少364.45万股,-1
今日回血+0.23%领涨拖后题，今年很难说啊,0
在25元左右等你,0
工商银行：海外监管公告（五）,0
千股好戏拉，重新演。。。,0
转发,0
中国目前规定的银行坏账拨备覆盖率为150%。南京银行中期为463%，看来贷款坏账,0
市场四大毒瘤:造假，黑嘴，圈钱，做庄。前二大毒瘤在严打下已有所转好，圈钱也有些控,-1
港股涨这么多,1
银行股票的和市盈率市净率哪一个重要？,0
平安什么时候能回本？纯粹就恶意操作，难道银行还扭转不了局面？,-1
能抄吗？,0
8万亿股份行迎新掌门人：原建行副行长吕家进任兴业银行党委书记,1
宝泰隆也收到了上交所的问询函了！哈哈哈！！！,1
分红的两万块4.5买到了，继续锁仓,1
涨不起来 也跌不下去,0
10W手都压上来了 哈哈,1
银行就是牛一出事全是个人原因,-1
浦发银行股的春天来了,1
17要起,1
不知如何不让'霸霸气气金金融融网网'跳出来,0
民生银行的走势让人绝望，管理层真的是无话可说吗。市值管理，薪水挂钩，都是一句空话,-1
建行老将段红涛拟出任工行副行长,0
"没能力就别高分红,可以不分红你先稳定股价",-1
这个时候，只进不出。,0
如何看待富时罗素WGBI本月或将纳入中国国债及对资本市场的影响重阳问答,0
招商的股民大家记住大家保险的产品一律别买,-1
在上证指数约2000点时建设银行约4.20元,0
很快切换,0
中信银行2017年到目前为止涨了2.74%，前提是你的成本价是6.20元,0
（楼市 道琼斯 社保 比特币 制造业 国际军火 金市 RQFII 的热钱）八股热钱将流入中国股市。,1
用脚投票的股市………………继续诱多中…………,-1
股价最终体现的是企业价值的增长，长期看好,1
可转债套利怎么玩？有哪些不错的选择？,0
今天一炮 要把 以精神病长 为代表的空头 干晕。,1
$北京银行(SH601169)$我说啥来，长期4.44徘徊,0
期指助纣为虐,-1
银行股补跌模式开启,-1
适度的监管动作已然,0
疯狂抢盘了，抢盘了，黄金砸头！晨鸣投资价值第一股。,1
沪深300ETF 采取了快速建仓的策略,1
涨停。冲60,1
招商银行本周被沪股通减持3.99亿元，周内减持市值两市排名第11,-1
今天兴业脱离了招行影子。走独立小行情。早上1小时下午开盘半小时有起色。但胆子不能,0
你们股东解禁公告里提到的“上述股东按照承诺履行限售义务，相关股份自2020年4月,0
我怎么这么牛逼买了个最垃圾的银行股。,-1
垃圾永远是垃圾！！,-1
利率市场化之时就是银行混业经营的开始！,0
我认为兴业银行急跌阶段可能即将结束,1
只有新股发行与垃圾股退市相平衡，才能有长期牛市，一只新股看似融资只有十几个亿，一,0
$招商银行(SH600036)$利空来了，要涨了,1
【狗蛋】：深港通方案准备就绪 尚需国务院按启动键,0
别说我不告诉你们~,0
大盘指数年底将围绕着现在的指数上下50点横盘振荡，具备优质的个股将会走出独立行情,1
点火已完成，任务结束，可以自由行动，可以自由行动,1
被浦发远远的丢下了,-1
浦发这6年到底在干嘛，干啥啥不行，加薪第一名。,-1
下到6块8再让哥买点,0
民生银行盘前回顾(12-16),0
平安银行：主力净流入2.61亿元，居两市第七（01-29）,1
你们都幼稚了，业绩如果很好股价会这样？业绩己经反应到股价上面了，我就拿着不动了，,0
近日，招商银行联手永隆银行、永隆深圳分行，成功实现了三方间使用区块链技术的跨境人,1
2023开门红，为大家制作一份2023年炒股赚钱登记表，免费取用！,1
股本差不多，你就比不过上海和浦发银行，你就是差！,-1
招行越涨，筹码锁定越好，这是为什么呢？ 持续看漲。,1
其它银行股的主力悄悄的吸货，民生的主力却是拉高狂吸,0
牛逼吹完了,-1
11.15 公司高管增减持排行榜,0
大盘大势已去 暴跌即在…,-1
继续这个节奏[吃瓜],1
上海浦发31项重大违规！被罚款6920万！大家可以去查证！,-1
银行股中董事长持130万股，行长持150万股。比任何投资者更想着上升,1
北京银行(601169)融资融券信息(01-19),0
强烈建议权重股停牌...拉升优债股！子弹用的最少结果最完美[大笑],1
知道为啥涨了么？因为我卖了。笑crying,-1
兴业银行开门红,1
大家都把基金的钱给撤了，看它用什么来抱团,-1
普华永道：中国银行业不良贷款形势总体略有好转,1
我已经卖出科技股，全部买入北银,1
股息率己经达到百分之六点五！然而依然无人问津，股市到底怎么了？如此之高的收益却敬,-1
天王回归，工行果然厉害。,1
要创新低的节奏,-1
买了1000股做空先,-1
今天做上影线，下午冲高回落概率较大,-1
平安银行反弹结束今天百分百大跌[大笑][大笑][大笑][大笑][大笑],-1
华夏银行(600015)融资融券信息(04-27),0
涨不动了就拉银行,0
大家心齐一点，都用分红买成股票,1
安邦民生银行买卖持股及盈亏数据(2015-01-21止),0
光大银行它是银行股中领头羊.更是大盘是下轮的风向标，要么不涨，一涨吃十年！写于2012年1月19日周,1
整个银行板块就你一个绿了,-1
兴业银行今日超大单流入排名第4名(12/04),1
明天准备测试涨停熔断，要买的早点下手，要习惯不到下午三点收盘，别以为中行没涨停还,1
$平安银行(SZ000001)$谁说14的平安银行筹码要珍惜？那个人买了多少？,-1
安邦掌控民生应该不是坏事！,1
这就是铁公鸡的下场[大笑],-1
熟练掌握三个技巧即可在短线中博取差价i,0
属于新手，现在买进工行是否可以？[鼓掌],0
工商银行“新掌门”的任务清单,0
原油，黄金都没人玩了，转买股票了,0
坏得不能再坏的是金子；好得不能再好的是垃圾,0
银行股年底补涨？,1
今天中国人骨气[赞][赞],1
咦？这价位，股东在减持！明白了:是股价高估呀！[围观],-1
8.5钻石底，将成为历史，不会再出现了！,1
为啥工商银行总跑不过大盘，或者其它银行涨，它也涨不起来原因是什么,-1
盘前日志2013 12 11,0
沪指5周线遇压回落，将回踩到哪？下周二盘中看,-1
不分红的股票要它干嘛，不分红说明公司缺钱，有未知的风险。所以社保要减持了。,-1
癌姑得了子宫癌乳腺癌直肠癌……,-1
有股市才有很多高速公路,0
欧美股市开跌了，A股也得跟着跌,-1
昨天听一朋友感叹，股市不是炒的，房子才是。但一切都已晚了，二十多年也就赚了个手续,-1
我想问一下大家。买那个银行好现在，谢谢,0
边拉边撤退,0
不要这么辣鸡吧,-1
今天是卖蓝筹的日子，注意风格转换,0
谨防嘉实基金等涉及众券商股跳水。短线走为上策,-1
交行，6元以下大胆吸纳，过了此村无此店，什么市盈率、市净率大家都懂就不用解释了，,1
涨停不了 闪咯,-1
大蓝筹呀~t+0,0
年分红利息已经超过银行3年期利息了,1
呵呵，中信，不是我瞧不起你！,-1
中国银行全部烂大街了吗？,-1
总买到死股了,-1
各大指数连续两天杀跌，是压制题材的主因，周一区块链好不容易聚集的人气就被大盘打散了，市场目前没有其他热点，如果区块链不能持续，大盘就危险，因为投资者的热情被杀没 [text omitted],-1
宁波很缺钱吗,0
大盘掉得不成样了，庄家在慢慢出货！,-1
经进入跌回11的下降,-1
平安银行业绩快报出了！股价比昨天更低！原因？[为什么],-1
春风不到金融股，狂砸银行为哪般？,-1
笑死,-1
各银行利率,0
浦发银行高层管理者吉祥,0
通知600016董事会改名建议：根据安邦保险已成为A股第一大股东，改名为“安邦保,0
关于你的存款，内容太敏感，力哥不敢写……,0
没耐力不够硬的找我，八个牡蛎增强持久力，改善亚健康,0
$招商银行(SH600036)$不是吧,-1
现在的行情是5大行烂大街。,-1
12。6~12。7阻力位明显（先出来了）,0
平安银行要长到13不是梦,1
2:00过后，中字头，银行，券商拉力拉升，抢进!,1
该起来了吧,1
美股：航空股大涨，银行股小涨，科技股大跌。美股三大指数涨跌不一：道指涨近1%纳指,0
小庄孬,-1
山水轮流转，本月到咱家,1
这次调整不会短期结束。下看大盘年线支撑,-1
中国银行累计每10股分红已超过25元，如果你在3元买入一直持股到现在，那么你的持,1
兴业你长点心吧，要么就来个急跌，跌到这个价就再加一点。这周能实现吗？,-1
这股就是稳，有多少钱买多少，除非就是跟风炒作。,1
不管破不破新高，先空为敬,-1
破十7元，十三见短线底,-1
补个缺口,0
罕见4乌鸦要提高惕波段操作赚个吃饭钱见好随时兑现以防不测,-1
葫芦岛银行去年净利润-2.78亿、资本充足率降至2.33%   新班子重新明确战略定位,-1
计提减值损失251.55亿元比去年158.46亿元多93亿,-1
银行股投资价值在哪里？,0
北京银行融资融券信息(3/27),0
新的下跌酝酿中,-1
还是回购好,1
浦发（15.47）还是处于低位！,0
不提拨备每股实利2元,0
也该出手拉一把了吧！[胜利],1
美股大跌，大癌就靠你和工商银行蹭一下子了。,-1
稀缺资源等板块跌幅靠前；两市涨停板股票超过了50家；跌停板个股有2家,0
股价很快要创出新低,-1
交通银行真好,1
包商银行事件让我们更加坚定持有银行资产！,1
建设银行02月26日资金揭秘,0
南京银行:2011年半年度报告摘要,0
工行投资价值高,1
兴业银行08月03日资金揭秘,0
5月12日，沪股通净买入兴业银行579.72万股，净买入金额1.3亿元，持股比例,0
美股银行股撑大盘,1
去年11月的 行情又来了 8000点见,1
银行股全线调整，多只明星基金三季度增配银行板块，中信建投：预计Q4基本面持续向上,1
此股是大资金控盘的资金水池,0
下去吧,-1
买点仓位当打新市值的，爱怎么走怎么走，你有本事给我退个市看看,-1
怎么还没有分红？,0
哥还继续持有工商银行，还不错，小赚。,1
$工商银行(SH601398)$谁知道年报工行的美国未分配利润是多少？,0
【美国大型银行股普遍收涨，投资者看好耶伦出任美国财长的前景】富国银行收涨将近8.,1
美联储议息会议来了！抱团砸盘，谁的错？,-1
真应该减仓的，今天又得亏几万了,-1
希腊股市在底部十年了，今年两个多月又腰斩，目前还不到十年前的十分之一，这十年的底,-1
北京银行归还康得新122亿现金存款！,1
天天吹价值在何，就是骗散户接盘,-1
撒大声地票,-1
稳住50了牛逼,1
建行现价4.77元与发行价6.45元相比等于卖一送四,0
捡钱,1
要买就赶紧买，等外面的投机资金反应过来，等高位站山顶上资金反应过来，还不都来抢4,0
跌吧！有本事跌到2块，贷款都要买！,-1
还要一个涨停才回本[困顿][困顿][困顿],-1
机会都是给有准备人预备的,1
沪指跳水跌逾1.5%逼近3100点 创业,-1
天天割,-1
什么情况？平安银行业绩惊艳 股价却砸了个坑！董秘：不认同“A股三傻”提法,0
资金继续在往境外流，Ａ股能撑多久？去与留散户们自已做决定吧！,-1
给我拉，南京加油。,1
上缺口没补呀！难为情！,-1
周末注意利好！,1
联通拉版也没用，不好使，大盘不看那些股,-1
大盘迟早都得上四千，银行早晚都得涨,1
流出10个亿米娜,-1
这支票还会逆势上涨吗？主力超大强势进场势必搞起一波上涨风波，散户紧盯时机进场！,1
全日抛空107亿元占大市成交12％ 中移动占7％,-1
上个月就4天是红的，招商真厉害,-1
跌得快涨得慢,-1
$招商银行(SH600036)$$东方集团(SH600811)$东方集团8字评语,0
601998:中信银行2018年年度报告摘要,0
养股老师说，招商银行要跌到20[哭],-1
加仓招行，减仓平安。主力流出4500W,-1
哈哈哈，原来增持是用来砸盘的！,-1
估计今天又凉凉了,-1
上证指数低开高走,0
大市不好，银行保值。愿现入手，能涨几分,1
上证50看能不能突破2650,0
今天涨幅超招茅了。是否该小心了？（瞎猜的）,0
相对其他银行股，宁波银行估值太高了,-1
下午跳水,-1
兴业银行，关注背驰带来的机会！,1
还有五分钟，跑吧，不要持币过节,-1
跌三毛钱我就补,1
久违的三剑客啊,0
怎么这么弱啊，还重仓了,-1
红盘！哦耶！哦耶！,1
搞的好像是谁不知道亏损来着,-1
下来吧不用装了，农行早破净资产了，你有什么理由不破？[胜利],-1
地量见地价,0
股市就是个滑稽的小丑，太不可思议了。感觉主力就是个shao子！,-1
看着长阴，充满期待，明天又可以捡肉肉了！也不知肉大小，但肯定沾血，珍贵的！,1
"这大盘,不上也不下",0
曰你玛，都飘红了，你还绿色,-1
䃼了今缺，如果反身向上，放量消除浮筹站上3100点。3200点将是本周第一目标位,1
这股是有点蠢吧,-1
银行股是国家用来调解股市酌码，己经成为宏观调控的工具，它从不跟资本市场走，是国家,0
龙头？？银行股唯一一支绿的,-1
擦，分红分了个寂寞,-1
如果不回调，明天还是向上冲,1
招商银行融资融券信息(11/22),0
给我涨停[大笑][大笑][大笑],1
朋友们注意了：中国唯一的黑心银行出现了，本开户行取款机上取钱每笔要扣款2元。这在,-1
不用猜，今天收盘11.12上涨3分钱。,1
重仓买入就发分红利好，底部待发，赚钱可期。,1
广发证券无法沽值利润吊打建投价格不及4成！粤民投举牌辽宁成大有大动作！广发证券系,1
看图投资建设银行10年年华收益是10%10年才1倍多，所以男怕入错行，选择暮年行,0
黯然销魂者，唯别而己矣[哭][哭] 多情自古伤离,-1
$招商银行(SH600036)$2015年招商银行的股价比兴业银行股价低。,0
从绝望的人手里买过来股票，然后卖给那些亢奋的人。,0
能源化工值得投资么？,0
砸吧，空狗们，空仓了，砸到2800爷再吃货。,-1
牛骨头、股友kk 我觉得你们俩是建行的代言人一样，每天跟着人家帖子下面回复，我知,0
南京银行浦发银行招商银行就是兴业银行的风向标。拿好了。,1
北京银行1-9月净利125.92亿 增长14%,1
加仓吗？,0
一路买跌,-1
涨停来一个，机构赚点钱,1
赚的糊里糊涂！谁能告诉我这么涨逻辑？,0
国庆假期第三天，欢迎光临中山小城。[微笑] [献花],1
保险公司来了，高股息银行股腾飞在即,1
注销交行,-1
5月存款报告：定期存款利率连涨三月 大额存单上涨空间有限,0
银行股逆市飙升，成都银行涨超4%！银行ETF（512800）半小时成交超2.7亿元,1
看昨天欧洲走势和银行H股走势，今天银行股估计要大跌。,-1
银行最近估值怎么样了？还值得投资吗？,0
招商银行加油啊！！！,1
华尔街人怎么能用自己的钱去买股票,0
晕，小秘的贴火了？？？,0
从前天开始，大盘已有下跌趋势。大盘下跌，银行股是有护盘责任的。所以从前天开始银行,-1
宁波银行现已经发展成为一家资本净额超1660亿元，总资产超17200亿元，员工人,1
重磅！资管新规过渡期或再次延长 市场人士：利好银行股,1
今天封涨停就连涨模式，没人卖了，可以已抛3万股，上当了.,-1
$平安银行(SZ000001)$买在山顶上,-1
南京银行融资融券信息(8/29),0
这货把我困了几十个,-1
看来今天是红不了了,-1
我还是觉得它怎么还这么贵！！！,-1
上个星期四和星期五的融资盘9千万尾盘几分钟猛砸。[鼓掌][鼓掌][鼓掌],-1
大家一起喊:破三！破三！必须破三[呲牙][呲牙][呲牙],-1
以后80%的股票都将被人遗忘，其实我这个老股民已经连今年上市的新股都不知道名字了,-1
一般来说，如果储蓄率高，经济的稳态将会有大的资本存量和高的产出水平。古往今来，中,0
$平安银行(SZ000001)$第一次买，给点希望啊，多涨点吧,1
玩这种  大象，  跟玩赛道股那样  暴挣，  你可以gun了,-1
狗屁东西你们玩吧,-1
马上实行注册制，大量上，康得新何况还造假，既使不造假也有的是，但北京银行永远就一,-1
开个玩笑:大胆猜测，下周摸前高，冲60，收到55,1
招行每天拿小部仓位当天做T，盈利还是不错的,1
传安邦就要举牌兴业股份啦！,1
股票涨幅榜怎么选牛股？,0
耻骨：营业收入不下降那定增20%的意义何在？,-1
招商银行正能量！中国必胜！,1
机构太傻吗？业绩每年一块多，分红30%，股价这么低,0
千钧霹雳之势雷霆万钧之力,1
002142上涨，必须抬高可转债转股价格，对现有股东有利,1
点评：《东方园林安全已全 成长高远》 一、四重资金安全之第一重，工程回款：回款高,1
$招商银行(SH600036)$快点跑吧，今天是没有戏了。,-1
如果长期持有工商银行，每年的收益率大概是多少啊,0
连涨3天，不知道的还以为我赚了。哈哈,1
追进去了，诱惑了,-1
买了二十五万，亏了四万多，希望早点解套,-1
已经投票[坏笑],0
骗股民钱的垃圾,-1
浦发银行股东户数下降2.27%，户均持股108.01万元,0
江淮汽车600418即将大涨！新能源车龙头！低位即将大涨！！,1
为什么总是倒数几个？,-1
。。。,0
让交行超了2分,0
$建设银行(SH601939)$对比上个月，股价已经属于近期高位，满仓不可能，做,0
千万别去沪市，他欺负50万以下的小民,-1
新股民问:什么是蓝筹股？ 老股民答:上涨的时候涨幅没有啦鸡股大，下跌的时候，跌幅,0
中国建设是要带头的啦我的国,1
2016年底开始全力转型后，平安银行的零售业务获得了丰厚回报。年报数据显示，20,1
这银行我看也一定会跌得惨不忍睹的。千万别指望那一点点羊毛出在羊身上的分红了。,-1
200一个,0
002142庄家天天诱多出货！,-1
原油将突破80美元一桶,1
高价房，新又多，跌停,-1
南京银行结算行？,0
今天买了云意电气？,0
你的论点不行和交行一样不行，是的你买的4.76元，价格很低了，但交行已经是日落西,-1
官人海上丝路 养老概念 保障房 高铁是不是题材股？怎么区别？,0
买买买买呀涨呀,1
要股市跌好容易，要股市升就困难多了,0
这股看这情况，股价还要腰斩,-1
还是量能不足,-1
谁能解释下，主力流入这么多，为什么股价还在下跌？？,-1
嘿又把大盘拉飞了。,1
601328:交通银行第九届董事会第六次会议决议公告,0
1月21日净值播报,0
如江苏租上市，南行可增40%净资产,1
多亏了散户们不知道怎么买，要不韭菜大军损失一半。机构们亏了，我们的日子也不好过了,-1
中报难道比去年还差,-1
该低头了吧,-1
均价34.472万股，走起,1
抛压太重！估计今天要回落,-1
我为什么没动手 因为周线的大均线不好,-1
暑期免费股市研讨班通知！告诉你何时买在最低价！！！,1
银行股风险换没释放完,-1
你好我如何查询公司近几年贷款结构变化走势图。以及公司财务指标走势去哪查询。,0
和东方财富比这就是一垃圾,-1
今天银行股休息,0
别嚰几了，早到七元早托生，造假亏损股，我12元都不买你呀！,-1
以科创板为例，一开始就是桩股性质了,0
中国建设银行佛山分行以“建行惠懂你”服务小微企业发展,1
10点半没反应的，又没有大跌的，就卖吧,-1
你走的不好但收的不错,0
怎么疫情开好转变利好出货了！,-1
明天引领大盘快速反弹,1
民生银行今天就涨到3.93呗，让国泰君安丢人现眼一次,1
广发证券再次拯救大盘直线封板……券商齐涨大盘迅速窜红,1
民生银行：股东中国泛海旗下公司因触发贷款协议 被动减持1.42亿股,-1
平安银行经常有客服电话打来问要不要贷款，心想股票被套那么久，休想我去平安贷款,-1
推动中国林化深加工进程一颗未被挖掘闪闪发光钻石闪亮登场,1
这货天天几个亿资金交易额在里面干啥？放银行吃利息算了。散户玩这种股不如买基金算了,-1
北京银行是一个对股东不负责任的银行！,-1
银行砸盘,-1
庄，睡觉了！,0
好股，周四不买入,0
这支票票可以观察一下。,0
5.28抛了,0
不回复，就是心中有鬼,-1
俺4.31买入了,0
今年也太差了，啥情况,-1
兴业银行(601166)融资融券信息(09-22),0
集合竞价资金好明显疯狂出逃~一下子跌了3分钱，只是被指数上涨拉回来~明天直接低开,-1
601988:中国银行关于中国银行(香港)有限公司出售南洋商业银行有限公司全部已发行股份的进展公告,0
拿着南行的股票而希望南行股价跌下来，这什么逻辑啊,0
11元的净资产，跌倒三块七毛六哇靠靠,-1
个垃圾，早上补仓都被套,-1
今天开盘价7.81进了8000股，明天有肉吃了！,1
息差表现好于预期，海外业务贡献占比提升,1
平衡器,0
流氓股票,-1
被活埋了,-1
国家队，敢砸跌停不？,0
华夏银行融资融券信息(7/30),0
下周打新资金返还，又有政策鼓励资金入股市，浦发应有不错表现。,1
什么多不想说，只能割肉,-1
疫情爆发，企业不开工，银行能收回利息吗？房贷怎么收？银行坏账会增加，股价会持续下,-1
"股市春天在哪里?工商银行绩优股,优在哪里?应该相信谁?",0
中信比特币巨亏！,-1
已破位，己出。,-1
$建设银行(SH601939)$不争气的东西！,-1
估计本周都会走高,1
$民生银行(SH600016)$今年什么时候分红？,0
建行牛逼,1
工商银行04月12日资金揭秘,0
明天还是跌别看了[大笑],-1
突发！新增1500亿美元入市额度！,1
……团结 团结 团结大迎20国峰会 携手打击一切做空者,1
怎么这银行不涨呢,0
大家呼吁取消股指期货,0
怎么觉得今天有点不太正常啊,0
红高的兴业银行去了,1
谁说不调，今天要大调了！,-1
1,0
比存银行强多了。,1
我打压不给发为,-1
翔都快跌出来了。,-1
的银行，大跌的时候它涨，人心向涨的时候它在砸盘。,-1
好几年没有看你股价了，整个A股就服你工商银行。,1
若跌停我全仓进入,0
瞧这幅德行，不死不活的,-1
老乡吃套吧,-1
是不是有雷？,-1
我不明白，浦发为什么总是有几千上万手的买单和卖单，这么操作是啥意思。,0
不是我们利害.由头到尾信息全是你康得亲自己讲的,0
连调十六日浪费了我不少的光阴一一这些脑残的庄,-1
本股东将于本月底减持1000股，特此告知！！！！！,-1
不低于每股净资产的市场化竞价增发，看北京银行敢不敢实行,0
巨人：指数基金建仓优选，000562宏源证券，理由：,0
现在就是卖出机会 它拉最好走 拉完就砸下来了,-1
窜溪大王,0
还是看好深港通开通后的超级大行情，但是今天的消息面上看，深港通开通延后，,0
真不让我解套，浦发在走慢牛行情。11.48,1
兴业股价评估之七言绝句,0
这么喜欢跌,-1
深市最新个股简评（周二（11.4）可参考）,0
华夏银行上一次增发时间线2018.11.19银保监会批复同意。2018.12.1,0
$中信银行(SH601998)$年化率真高，这货,1
烂票,-1
跑了你们眼泪就出来了,-1
$兴业银行(SH601166)$怎么就这德行,-1
养老金入市行情升级，领先品种：正海磁材，九阳,1
银行股明天暴动，集体上涨5%.以上。,1
下周一看多空对决，很精彩,0
恶意砸盘，没人管吗,-1
南行和垃圾股各买了一点,-1
巴菲特看好+北上资金进场 机构喊：别让外资抄了底,1
准备割了。。没救了,-1
应该鼓励短线操作，中国人消费观不同，儿女上大学，婚姻买房，老人赡养等几十万,0
什么是可转债？为什么一天可以赚翻倍？普通散户怎么玩？,1
股灾，基金公司在清仓银行股，散户也清仓出来,-1
雄起平安银行，我爱你，我爱你平安银行！,1
邮储银行3高管到位 郭新双获聘行长 还挖角蚂蚁金服、民生银行,1
你还算不算是民生？……,0
分红什么时候分呀,0
以原酒为标的物的投资基金在川设立,0
平安普惠并入平安银行，完成平安银行信贷链最后一环，也是最接地气一链，问题在于控制,0
这波从23涨到34对指数的贡献可想而知,1
流氓股，谁进谁套。,-1
主力不要的垃圾[加油],-1
四川钱坤投资今日行业聚焦,0
即使大盘跌到3000点，兴业银行也值30元,1
4.36t回全仓，再也不动了，静待今天晚上的年报！,0
北京银行未来将紫光债转股，应该是捡漏，大利好。,1
请发表建议：浦发面对网上有损股东利益传言应如何进行危机处理保护投资者利益,0
所有的成功；都来自一流技术；加1%不到的运气；一定要找好自已的买放标准；卖出标准,1
现在，敢把钱存入银行的中国人，基本都是吃了熊心豹子胆的人。,-1
说好的百分之三十分红呢？言而无信,-1
主力，太黑了。收13.73,-1
有创造力也要付出艰苦的努力。,1
分时图显示：内外盘差值DIFF数值有点大，超级机构们有离场意愿,-1
中国最大机器人公司总裁表示：机器人产业即将迎来真正黄金期,1
新低了,-1
招商仁和人寿去年亏逾4亿,-1
贱行快要被工行追上了。,-1
现在撤离浦发己晚 但仍不算太晚 再不行动，就真的要给戚狗美人们陪葬了,-1
听讲中报有220亿，不知道靠不靠谱,0
股票亏损累累，怎么消费？,-1
快跑，哈哈,-1
判断:今天肯定又是崩盘收大阴线了!!!!!!!!!!!!!,-1
攻击院长者必将倾家荡产！,-1
本轮风格切换能成功吗？,0
[大笑]送钱的大菜庄我喜欢，30以前只要砸三个点以上必加仓，欢迎砸盘,1
资金不断流进来！,1
长三角主政官员去哪儿？丨本周聚焦疫情防控、招商引资和民生领域，浙江388个“共同富裕”项目集中开工,1
民生银行本周沪股通持股市值增加2903.76万元，居银行板块第五,1
本人今始潜人一只39元跌到今7.95元次新股,-1
看看南京银行的存贷比，就知道潜力非常大。[赞][赞][赞],1
南柯一梦，我掐指一算，南银得跌倒7.8元。,-1
平安和兴业，哪个更优质,0
"有上影线 才是好事情,拉中阳 明天就冲不上了.",-1
大湾区政策持续加码  金融机构多维度布局拥抱新机遇,1
中国银行什么时间停牌？,0
中行与大盘的跷跷板效应凸显了价值投资在中国的寂寞与无奈,-1
上周5.25全清了，现在开始跌1%买10w股,0
兴业银行正能量！正义雄师！,1
挖槽，怎么涨了，等我过几天卖了太阳能回来接啊,0
对大盘中长期走式的看法,0
宁波银行资产规模突破1.5万亿元 营业收入同比增长23%至200亿元,1
今天QFII还破罐破摔吗？请教，越是臭，越是狠抛，技艺精湛，厉害呀,0
证监会宝钢股份在打压建设银行属于操纵股票请严查（没理由打压）,-1
来吧未成年的兴业，看看我可以买到她的雨季还是花季,0
交行粹步上行,1
下次改名笑话银行更好一点,-1
★★★ 向上突破……只为卖个好的价钱……,1
建行一张三百万的砸单出现了。,-1
今天35明天33后天32下周直接割到27,-1
建行七连铁，快跌成狗了。,-1
全卖了,-1
阴跌之后，后市该怎么走？,0
4季度业绩黑天鹅今年不会来,1
今天指数为什么跌得客气了,-1
天天锻炼身体好，高抛低吸不可少！24.70元抛上汽！,1
股份制银行（中小银行）各项指标见底向好：1、资产规模上升加速，Q1同比增长17％,1
兴业银行股价一直萎靡不振，低价定增已经严重伤害了中小投资者，造成了损失！,-1
趋势来时，,0
交行垃圾的原因,-1
？？？,0
有异动，尾盘入。,1
最后一分钟买五十万手，吹个牛,0
这么多自选就你绿,-1
而格力电器目前的回调,0
我认为这价格、这指数、这时段、这主题很明确价格我认为跌也跌不到哪去了。所以分两次,0
中国互金协会首次披露3家银行资金存管信息,0
回复王若谷,0
感觉像在坐过山车,0
买平安银行就跟白酒反着做就行了。白酒当天大涨的话就尾盘买入平安银行，因为肯定是当,0
300059东方财富网垄断互联网站金融龙头老大，独特业绩爆增，稀缺独角兽企业，高,1
坚决支持民生银行董事会的决议,1
真羡慕港股招行的那批人,0
社保这么低价减持银行股，是不是社保不如地板天花板这种犬托聪明？,0
离年底不到一个月了，定增注入上海信托今年能完成吗？,0
天风证券给予招商银行买入评级 不良生成率趋稳 涉房风险敞口继续收缩 目标价格为55.48元,1
终于上涨了1分钱，嘻嘻,1
兴业银行这日k线画的真漂亮，日线，周线，月线全部多头排列,1
量都缩没了，是不是可以抄一把，赌吗？来吧，后1个小时估计该涨了,1
公鸡叫给力,0
本人爆不了仓。如果主力继续打压我就继续买！,1
北京银行给北京人民丢脸。,-1
逢低加仓，有钱赚,1
今天是最后一跌吗？,0
41的兄弟还卖有,0
$招商银行(SH600036)$亏了两万多，恒瑞亏了五万多，美的亏了三万多[哭],-1
大盘暴跌，它就会涨了，一贯作风,1
从中行中跑出来了，我就在外面看着，短时间不进中行了。,-1
报透明底线 险资不可嘴上说看好某股，脚下却抹油跑路，大数据已经拷知，不如安心持,-1
融券在砸,-1
碳中和概念股南京银行,0
100万股农行每次有三百多个号子摇新股中了新股又可增加农行筹码良性巡环，每年还可分红十八万。每年的红利又能增加六万股农行股票！,1
此生再也不碰银行股。,-1
北京银行(601169)融资融券信息(11-24),0
经典织布机,0
垃圾，下不言底,-1
你出鬼了吗。,0
现在股价已经低于H股了，怎么溢价还是负数呢？,0
中国银行是迎合证券会阿谀奉承打压大盘的哈巴狗,-1
股价过高，谨慎加仓，9000亿市值不是开玩笑的。宇宙第一行工行市值才多少？,-1
学会按价值投资很好，决不追涨那怕1分？？？,1
美股又大涨，A股又大跌，形成鲜明旳对比。,0
看上海机场就知道了，季报前疯狂打压，季报一出报复性上涨。,1
我咋看着像个套套，哈哈哈，,0
汇市楼市股市命运共同体正式形成，不认为会有第四次大回调！,1
幸亏出来打新了 下周便宜接回来,1
差不多行了，别砸过头,0
二晚上没睡了，在想为什么低价银行股基金不买，困为坏帐多，中间业务收入少，所以招宁,-1
#把握种业中的大机遇# 还哭了哦,1
不科学啊，照理今天要跌停的,-1
就四个字：不跑没命！,-1
兴业银行要破4倍市盈率吗,0
601988:中国银行H股公告(董事名单与其角色和职能),0
中央汇金董事长“国家牛市”是非常危险的概念.融资融券规模也屡创新高.这种状况是存在,-1
A股应该大量封杀散户，都是因过多散户造成市场激烈波动，投机成风，爆涨爆跌，如果没,-1
"跌成这副熊样不回购,难道是假股票吗??历年财报都是假的吗???",-1
中信今天涨停，我操，,-1
中信哦：“华菱军工”业绩牛！登陆高铁入选2018年智能制造试点示范项目名单,1
阿里，腾讯收购可联想,0
2015年1月6日是上涨以来49个交易日,1
18净资产是忽悠，根本没这个净资产，东财怎么算的？明明是13净资产,-1
$平安银行(SZ000001)$mnb平安银行天天第一[赞][赞][赞][赞],1
逼装的够大啊，谁来当带头大哥啊？,-1
垃圾中多垃圾,-1
换了，今天上午22.68追入国信证券，亚厉山大，能否成为龙头看明天。,1
长威科技一度冲A折戟，9成营收依赖福建，经营性现金流暴跌,-1
988吉利数字，再加把劲！,1
主力抱团取暖，靠银行护盘，大盘完蛋了,-1
不这么强势拉升，怎么骗小散来接盘。,-1
中期能否分个一毛八分的，补偿补偿,0
看了一上午没敢动手,0
周一大盘反弹,1
上次院长唱空逼走半瓢水厦门快枪手后，兴行就真正涨了！,1
快讯！节后或降准！央行半年来首次暂停逆回购,1
招商银行08月20日获沪股通资金净买入1.923亿元，持股量增加715.51万股,1
老子加仓，不计成果。,1
不买招行，买什么中行,0
应相信北银的法人治理，第一大股东为外资，连续分红有保障。,1
在举国的空前绝后的拆拆拆拆拆拆拆拆拆拆拆拆拆拆拆拆拆拆面前！任何别的概念不值一提,-1
可转债还不发吗，现在可转债行情好不发就以后可转债平静了想发都发不出来了,-1
排在1500多名好好好,1
"处于空头市道,建议出局。",-1
北京银行表示智享数字金融，共筑绿色未来,1
天马科技603668即将大涨！次新强庄天马科技即将井喷大涨！,1
股市将回归经济基本面和聚焦转型,1
准备1万亿接盘让两融强行平仓！最后的机会！,1
这种票吸血啊,-1
后市三大猜想，周一周二阴跌，周三小阳，然后开,0
今天多空仓间博弈，从盘口上看，空方稍占优势，不过总体交易量不是很活跃，大资金没有,0
孙子压不住了，,-1
6.12买了点,0
超燃！60秒见证全球银行的中国力量,1
没人买卖,0
明天就去中行销户1.中行的原因导致的亏损，那投资者以后肯定不会信任中行。2.中行,-1
$北京银行(SH601169)$北银买入见增长,1
估计跌回16元。看看香港的银行股，0.2倍市净率，2倍市盈率，民生银行！,-1
跌破4.4赔一两毛钱也要止损，如果跌不破，继续持有！,-1
社保减持完毕，哈哈哈,-1
我割肉了，可以涨停了！,0
又是悲伤一天，永远无出头之日,-1
外资为什么老是减持？,0
董秘你好！2020年兴业银行股东大会建议也做像中国平安那样的胸章有特色的纪念品。,0
虚拉指数横盘时间越长被套住的人就越多温,-1
21.08企稳,1
605188，国光连锁，连续涨停在所难免,1
中国的股市和外围没法比啊，不要脸,-1
中国银行03月19日获沪股通减仓1519.13万股,-1
大盘股涨10%以上必有大回调，道理很简单，你懂的。,-1
贡行又发挥作用了.......,0
国内的这些蠢货机构把便宜筹码都送给外资了，以后千万别买基金,-1
早呢，平安腰斩了，这个28差不多了,0
主要是增发。如果拉得太过高。谁来参加增发,-1
是准备破产吗,-1
中金持2.52亿股占4.16%私募传闻或继续增持7千万股：《补核心资本短板； 拓,0
7元必破,-1
跌了一上下，还有一下午，,-1
丢了多少筹码了[大笑]明天全仓进，5年内不减持,1
中投民生：盘中最高涨60% 股市不好就炒可转债？,1
利好很可靠！！！,1
股市里是反着来的，当大家都以为今天涨了还是会接着前段时间样今天涨明天跌！跌了又涨,0
一个二十年老股民给牛市鱼的泣血建言:[牛][牛][牛]应该先完善分红制度，让A股,1
今天止跌收小中阳线，明天国检集团603060创新高,1
六家银行发布公告，暂停这类账户新开户,0
今天外资在买平安银行，内资在卖平安银行,0
创业板再破60日线，上午不拉回下午就惨了[鼓掌][鼓掌][鼓掌],-1
招商银行：融资净偿还6385.11万元，融资余额61.52亿元（09-15）,0
我来祝贺一下[大笑][大笑][大笑],1
万能险高杠杆投机二级市场存在巨大风险问题,-1
银行也开始加速下跌了，大A还真难探底。,-1
宇宙收割机,0
注册制来了！股灾4.0来了！,-1
$平安银行(SZ000001)$买对板块买错个股，本以为000001是个龙头没想,-1
真垃圾啊,-1
民生银行、平安银行遭央行处罚，罚金分别为1.63亿、1334万,-1
乐视网放量大跌5%，互联网金融灾难已经来临,-1
今天股价是5.24元！,0
50指数爆涨2.5%上证指数才涨28点。实际指数已经收阴,-1
建设银行：2022年一季度净利润同比增长6.77%,1
至七灯大师强烈建议大师把媳妇儿七灯大师的爱人找回来，大家都很想念她。,1
为什么一直跌不下来看不懂了[好困惑],-1
“SPDB ”惠及出国达人 浦发手机银行推出便捷出国金融服务,1
9.32元的成本价，赚10个清仓了，妈的，小心补跌,0
平安银行05月20日资金揭秘,0
见鬼了,-1
交行成功发行24.5亿美元境外优先股,1
神创板升天，绩优大蓝筹崩盘。,-1
今日最后一跌，明日开始银行板块开始反弹。该抄底了。,1
2020年年报盈利榜：银行行业,0
作为投资人，关注到中信银行是百信银行的控股股东，而百信银行作为凤凰卫视旗下凤凰金,0
垃圾民生,-1
上上下下,0
建行的实际控制人是特朗普,-1
没事的！放心啦，99％的银行是安全的。,1
5.7买8.8的资产，我顶你个肺，抢钱啊？,-1
现在可以说了，浦发与生命的秘密。,0
2015年一季报点评:息差拉动营收增长，不良生成继续加速,0
最后一颗子弹已打万只剩下吃饭钱[好困惑],-1
建行不是最好的股票，但比他更好的股票还真不多,1
招商银行怎么天天坏消息,-1
中国银行别硬抗了，倒下吧，地上更凉快！,-1
超跌必反弹，现在就是反弹的时刻,1
招行利率5%的理财也爆雷了 现在不认账.光大资本的兜底函。更加可以不认账了,-1
加密货币6月交易量骤降40%，比特币价格仅历史高点一半！衍生品今年首超现货交易,0
盘面发出强烈信号——量价严重背离！！！无量拉,0
外资大幅流出，撑不住了！,-1
融券的，有没有爆仓？,-1
祝贺平安银行股价创历史新高，山鸡变凤凰,1
时下，什么都激不起股民情绪了！唯有指数上涨且还要股价也涨，可能会有点‘波涛’！！,0
破位了，割肉止损,-1
住建部部长:对于购买首套房要大力支持，首付比、首套利率该降都要降！,1
买买买坚决买惜售严重后市看涨,1
波波这样下去，会不会和什么银行一样破产呀,-1
招行被减持至少53亿！股价创新高，新持仓市值不降反升是何寓意？,0
这次到17.6附近,0
金融里面银行保险水太深，所以市场更爱券商！！！,0
为什么当时不在债券那儿抛?这帮乌龟王八蛋,-1
弩虽强，势不能穿鲁缟者也！,0
做空的太容易了，砸碎大盘又股灾,-1
你天天这样玩，还有谁在买你们的股，,-1
因为银行依靠分红，最终跌到8元,-1
跌停算了，看着都烦了！！,-1
报告建设银行现在还不到到一美圆一股，滚出去，涨到8-9美圆在告诉我,-1
2020年度小集锦——宁波银行,0
2020中国企业500强发布：重庆农商行居全国农商行首位,1
哥的自选股全部飘红,1
不用慌！以前有很多指数调仓案例！,0
用益-2020年8月集合资管产品统计报告,0
辛亏昨天买了点平安银行股票，今天又加仓了点，但愿这轮有个大行情啊。,1
今天工商银行不会跌吧,0
弟兄们，加仓干就是了,1
[图片],0
快来万手哥把4.65吃掉,0
这个换手率是不是主力在自己买，自己卖？,0
估计社保又在减持，，,-1
8050.9950.99100,0
十月的晨练！笑早！,1
董秘你好，同业及其他金融机构存放款是否包括同业结算资金与同业存款？同业结算资金与,0
冲鸭,1
等浦发需要极强极大的耐心，今涨够利息。10.35,1
走……给南京银行提鞋去……,-1
每天跌八九分，正好解禁股上市日就沉在十元之下挣扎了，还有救吗？呵呵,-1
刚需物欲推动全球物流的源泉，永不枯竭，越发旺盛！,1
$平安银行(SZ000001)$垃圾股,-1
盘子太大冲不动,-1
唯一的利空是明天蚂蚁上市。招商银行是老金融龙头，蚂蚁是新金融龙头，短线几天新金融,-1
持股老师如泰山顶上的明灯!,1
既然没人看好公司的后期发展，拼命打压股价，公司为何不出个十四五宏伟规划，适当提高,0
$交通银行(SH601328)$买银行等于买商业房，每年吃房租，一百万的房子每年,1
"开盘直接跌百点,直接再破掉4000点,看来又要开始新一轮的暴跌了!完蛋了!压银行股的下场",-1
醒醒了，领导喊你护盘了！快到2900了！,0
两桶油和银行股板块上涨难道真的那么可怕吗？这不都成现实了吗？市场也不是走得挺好吗？,1
明天涨停……保险涨完，影子股涨……,1
画图呢一天[亏大了],-1
没人陪你玩了,-1
浦发银行本周融资净偿还4433.35万元，居银行板块第七,0
平安银行，多头实力弱于空头，没有10亿的接盘是要下跌的，买军工股,-1
基金可以任性，因为钱不是自己的,-1
真这么快就40+了，可惜了,-1
第三季报告前将展开填权之旅～～～[强壮][强壮][强壮]举足轻重银行业，抄底分红,1
港股都涨了2个点了,1
34以下每跌1元买入2000股，看好下半年经济复苏，不到40不减仓，就这么愉快的,1
下来,-1
招行会补跌吗？,0
周一是股指期货交割日！大家要特别小心。,0
招商银行涨6%填权完毕真的疯掉了，把兴业甩到爪哇岛,-1
利好之下还抛盘，不知这些人是怎么想的,-1
兴业银行要和交通银行合并,0
5.39挂卖单，即便它要上天，我也不帮它拖了,-1
$招商银行(SH600036)$政策已经很明显了，缺口也补了。零售非招行莫属。今,1
秘密，他们可以随,0
总感觉这几天793有点怪怪的感觉平时至少五贴喊空这几天好像有气无力的样子有知道为,0
赶紧跑，提前跳水,-1
做股票要有自己的主张,1
强势机构吸筹宁波银行五天均线之上，兴业银行也是五天线之上,1
用茅台跌停洗筹,-1
今天不护盘，国家队就赶紧回调,-1
看来要跌了。,-1
$宁波银行(SZ002142)$下午起不来了么？,0
今天抄底的明天开盘10分钟内走人，回光返照就那一会儿！别谢,-1
60000浦发银行应该有两个涨停板！,1
"唱空的整天嚎,不烦吗，整个板块就是平行在支撑，其他都是跟风,你们看不到吗",-1
一个个以为自己很牛逼，看不懂这次外围大跌，稳住筹码吧，别杞人忧天,0
以前死货说平安银行多好，我自己买的银行股解套赚钱了，平安银行一路下跌，还说我买的,-1
大家赶紧跑吧，过了这个村就没这个店啦！！！,-1
没有良心银行,-1
脱单不是好事情，基本上必破,-1
价值投资也飞灰烟灭。A股全是割韭菜模式。,-1
社保基金真可恶！,-1
民生银行：连续6日融资净偿还累计5379.21万元（10-08）,0
下午会跌停吧,-1
兴业银行今日沪股通净买入98652661元,1
新华联是不是得罪什么人啦?按说，就算康德案122亿全赔光了，计提之后的估值，股价,0
昨天容至的大户卖出还了三千多万，可以看出机构好和散户坚决买入。未来可期，坚决不卖,1
等 期权机构买入后大拉标的股！,0
300126上海锐奇9.73元该股发行价9.5元3亿的总股本,0
已经亏了很多,-1
跌倒不怕，关键是今天破位前后，主力的筹码被小散买了不少。明显大于卖出的。接下来怎,0
牛市终结者,-1
明目张胆地操纵,-1
先剪美国羊毛，再吃烤全羊!!!,0
布林线开口朝下，下行趋势，要跌一段时间,-1
$中信银行(SH601998)$克服恐惧，大胆买入，坚定信心，长期持有，必有厚报,1
今天6.43收盘价、补缺口、,0
初三|有图有数据，原来证券日报区块链新闻传播影响力已居全国主流媒体前列！,1
告诉你中矿大涨的原因,0
宁波银行:关于宁行转债赎回实施的第五次公告,0
呼叫万手哥,0
感觉中国平安一直吸收平安银行的股权，平安银行将再次引领内银估值修复行情！,1
我老耐还在!,0
辣鸡哦,-1
抛了就融不到资金。,-1
天天来骂你，无耻加下流。北淫违法归集严惩。,-1
A股跌停潮！超300个股跌幅超7% 跌停个股超50家！警惕短期风险,-1
大家都想想导航板块涨，有什么来头了。,0
大道至简，允许银行放开手脚干，亏了最多赔50万。对银行超级大利好！,1
最低股价的银行股，跌到这价位，还能往那跌，买点压压仓，多少拿红利，不比存息低，还,0
我发起了一个投票，【#工商银行#投票】，快来参与投票吧~,0
散户绝对是亏的，散户赚钱，那就改规则。,-1
洗洗更健康,0
买啊！抢啊！,0
钱就能创造财富，谁还努力工作与劳动？,-1
到点了干活,0
北京银行(601169)大宗交易数据一览(1/28),0
这啥鸟股市，散户赔的卖房卖地卖老婆,-1
2016年亏了，还以为抄点底，股市果然不好混,-1
北京银行快退市去吧,-1
死跷了交行,-1
17.80已经开始埋单！,0
卖出  又砸盘了,-1
南京银行三季报好啊,1
问询涵：四、北京银行1、根据*ST康得（002450）2018年年报，报告期末上,0
看到28,0
国际关系变化对银行有影响,0
卖掉算了,-1
明天有希望,1
跳水开始了，刚才追高的又要被套了[鼓掌][鼓掌],-1
好大几个银行，竟然市值比不上一个顺丰。,-1
兴业银行(601166)融资融券信息(12-02),0
中国银行聊城开发区支行违法遭罚 未按规定办个人售汇,-1
北淫，还搞不搞归集业务？不搞，没生意，搞了，st,-1
任何时候买银行股都赚，只是恶心的很,0
银行股的盛宴暂告一段落，短炒的股友可以卖出静待下一个时机,0
未分红利3.372元建议一次性分掉，除权到1.768元。不相信就涨不上去。,0
金融科技2020十大新闻：创新合规，行业可期,1
民生银行一季度净利同比增5.53%,1
北京银行按照目前的盈利能力，用不了几年，净资产就会到十二三元，而股价还在五元左右,0
怎么天天出研报 ？[为什么],-1
农、建、中、工行连续几年有高分红真实兑现。绝非谣言满天下！,1
银行板块周一估计涨幅在5个点以上，立贴为证,1
揭穿苏~银的假象,-1
欧美日已经控制不住了，大跌，大A双头，跟一波下跌，银行等低估值会成为避风港。银行,0
每个买入北行的目的都不一样，我是马拉松持股，平时做短差。大盘股也只能这样,0
这是底吗,0
降息和取消银行理财，降低实体经济融资成本，回归为实体服务天职,1
平安银行分红太抠，只对高管大方。,-1
这个崽子,-1
中国银行02月13日获沪股通减仓349.05万股,-1
BMEX加密资产交易平台 多次创新抢占衍生品交易市场,1
$平安银行(SZ000001)$前一段时间银行股涨的比较多，但是本票没涨，孬货就,-1
已挂民生卖出，只保留二手。,-1
今年我退出a股市场，揭露那些你们不知道的事,0
目测开盘半小时，短线的跑光了，超短线的割肉T飞,-1
今年交行也许10送1的理由,0
你好啊！福利股。,1
$招商银行(SH600036)$一般这种一线大蓝筹一天涨4个点就差不多了，我就是,0
$工商银行(SH601398)$跌哭了有没有？[让我看看],-1
康粉可以休矣！自己去查康得新公告编2018-050,-1
还不如直接探底了。越是这样越不能进 跟进就。。。。。。,-1
平安银行天天绿！是真正的绿林好汉！,-1
长线持有，今年创新高（超过57）也没什么问题，,1
唉，你也争口气呀！啥时也表演个百分之二十上涨。,0
就看着你涨，就不买,0
多发优先债，多分红，提振股价。,1
平安银行是最早披露年报。希望有个奇迹出现吧,1
我从2007年开始持有风华高科、吉电股份、宝钢股份、中国铝业、招商银行、博瑞传播,0
目前主力流出资金一亿，假设全是社保资金卖出，还需要卖出九个这样的交易日，拉升就是,-1
邵PIG竟然有脸到哈佛演讲？,-1
民生什么时候分红？,0
40.75卖掉了，不然又白搭,-1
准备好了5万元，4.79下单。,0
大哥，你不涨也就算了，还带头砸盘,-1
兴业银行：连续4日融资净偿还累计2.26亿元（08-12）,-1
当时我提出还款2000元了结，贵行没同意。前两天我接到一个类似恐吓的电话叫我立即,-1
你有空的时候常回家看看,0
今天这底探的好猛，估计又割了不少韭菜。下一步可以再涨一波了！,1
招行——装什么B神，快下来，,-1
哎，我交通银行又飞了，我昨天半夜调起闹钟挂的5.25，3分钟就飞了。回中行3.5,0
明天开盘就知道结果了,0
交通银行：融资余额23.48亿元，创近一年新低（02-22）,-1
2点半会拉吗？,0
"银行板块的整体回调应该与当前大环境有关,仍然坚信这对长线而言是良机.倒是民生银行",0
易居研究院的,0
一天跌一点，慢慢割才不会痛。,-1
华夏银行乱云飞渡何处是晴天？,-1
闷杀行情，快跑！,-1
6块以下的，随便买了20多万股，不看了。,1
银行板块深度回调！别慌，央行刚刚发了1600亿元“红包”,1
对华夏银行的出技术分析 本人是一名大学的学生 有不对的地方希望大大们 多多给予指导,0
助力“内循环+双循环”新发展格局 华夏银行与深交所签署战略合作协议,1
大资金在进，小韭菜在出，今晚只能后悔。。。,-1
这两个贴吧最有意思？北京银行股友称:反诉小康；康德新股友:北京银行，还钱；北京银,0
中信银行03月11日资金揭秘,0
几年一转兴业变招商轮回而尔,0
满仓坐等主力不拉升,-1
为什么，抛盘源源不断啊？,-1
建行信用卡中心：践行社会责任 创新驱动爱心满分,1
收盘,0
奇了个怪,0
先发转债还是先分红谢谢,0
奶奶的，华夏银行都红了，你还砸,-1
机构对民生背后的险恶用心-----融券做空！,-1
$兴业银行(SH601166)$看似很猛，乍一看1点几，呸,-1
$招商银行(SH600036)$抄底银行，好几回,1
收垃圾……收破烂……收废纸壳……收贱股票……听说你们手上拿了不少擦腚纸，赶紧扔了,-1
善举通知亲友赎回易方达，汇添富，嘉实旗下！,1
低位十字星，有接盘资金，但也上不去，说明还有大量抛盘的。,-1
生存才是最重要的事情,0
dddd,0
落后农行2个点，无语,-1
给散户提个醒，业绩光鲜的背后老百姓能知道吗？外资能做出的选择难道不如我们吗？,-1
股神不看好银行股，说明大危机要到来了。风险比08年还厉害。不懂我这样解读是否有错,-1
哪个高级人才把转股价设在25的,-1
公告一下，散户跑来接盘，大资金走的顺畅！,-1
我还没有上车啊,0
下班去拜拜财神爷和灶神爷，保佑我中签南租，这两位老人家有一位显灵就管用[微笑][,0
一片空白84023你主子叫你回去啃骨头！,-1
$兴业银行(SH601166)$兴业银行，你的理财公司巨亏，今年到期理财后投资者,-1
假如高管们是有钱人，那就不好了，因为他(她)们希望股价跌的更低……再买入,-1
各位大侠下周回踩哪个价格可以入呀,0
疯了？,0
下周俺做反向指标,0
601166创下上市以来最大单日成交量.天量有天价.大家等吧.,1
大盘大涨了100点，还不让卖股票，这是什么道理？,-1
"证金公司减持的基本等于梧桐的股,左手换右手 988",0
频换新装，牛眼猪脑黄鼠狼心的丑陋大猪！,-1
宁波银行：2010年度独立董事述职报告（陈永富）,0
今天抛不掉，一年站岗,-1
转发,0
17.62开始建仓了！分批进，最终一万股了！,1
A股维A股维,0
来吧，10块见,0
卑鄙  大不住疯牛拿银行开刀,-1
价值投资？只是他们说的,0
神贴被淹没了,-1
「中国杂交水稻之父——袁隆平」1986年，袁隆平正式提出杂交水稻育种战略：由三系,0
建行强，买入10000股[鼓掌][鼓掌][鼓掌]，一定涨,1
这业绩,0
这是要直接去回补15.78的缺口？,0
有本事跌停你妹的。[大笑],1
北银大股东再不增持，这个股迟早会玩完的。,-1
@@@@@@@@@跌怕了，我是不敢再买浦发了,-1
定增前跟涨 定增后领涨,1
我十分不理解，为什么我在宁波银行和你之间，选了你这个垃圾,-1
明天涨停板，推混改,1
四大行旗下寿险公司上半年净利大增158% 借力打力母行代销保费合计580亿元,1
涨疯了，这还了得，刚刚满仓就给人带来好消息[大笑][大笑][大笑][大笑][大笑,1
大家知道谁是王者了吧？,0
该跌点了吧。脚底下踩个缺口涨着你放心嘛！,-1
17元介于比较安全,1
昨天3.67元空出来的要做好买入 准备,1
谁在每天对敲操纵农业银行等四大行股价？！,-1
我6.1买的，能分红吗？,0
2021年一季报银行行业排行榜（4-28）,0
两个十万单，压阵，是什么意思啊？,0
[鼓掌][鼓掌][鼓掌],1
上证3000点很重要。如果不守住3000点，向下会很快杀到2800点，后面会有很,-1
天狮集团举办后疫情时代一带一路健康产业发展论坛,0
银行股即将反弹,1
中国银行，隐形的碳中和概念股,0
自有资金搞投资，杠杆还是算了吧，有时超预期的调整是始料未及的结果。,0
最后一涨，即将开始下跌,-1
这个银行股挺哏儿了！,0
市值打新，两年没中过一签,-1
$民生银行(SH600016)$没钱了，这价位黄金坑啊！眼睁睁看着却望洋兴叹,0
不作S不会S！！,0
工行沉默这么多年，即将爆发！,1
负增长但不是亏损，人寿已有先例，老大位置座不安稳而已,0
银行都是借新还旧,0
南行什么时候派息,0
兴业银行股价开始捂不住了,1
死垃圾还没有出货完到底还有多少,-1
持有银行的小散近期要明白一个道理,0
讲真，各位如果不是被交通银行套住，买别的股票，可能已经腰斩，也可能濒临退市。各位,-1
今天杀的有点狠啊！,-1
所有炒股的都来看下，假设【实际一定会收购成功的】002772众兴茅台，成功收购贵,0
"兴业没人炒作最多到18,招商有人炒可以到28。",0
实际利润增加14%,1
上次分行前有不少散户要走，我说怎么也得等拿了分行呀，这次又有散户要走，我得说怎么,0
平安银行：融资净买入2773.36万元，融资余额42.82亿元（08-27）,1
华夏银行100亿风投达安基因,0
一个招行，一个平安，两个做空A股的阵眼,-1
建设银行：融资净买入240.98万元，融资余额13.26亿元（11-24）,1
4块等你,0
平安银行本周深股通持股市值减少885.22万元，居银行板块第八,-1
$平安银行(SZ000001)$2022年一季度，巨亏15%,-1
哎呀，打开APP不经意一看，HA溢价真红了,0
普涨，就是不带工商银行[下跌],-1
大盘杀跌  等下银行 应该要开始护盘了,1
有些人至今不明白,0
大盘红了，你会红吗？,0
恳求看空银行的资金把银行的股价打下去吧,-1
"有一个问题一直困扰我,银行股值到底低不低?看银行市盈率,净资产,现在是非常低.",0
A股失去了股民的信任.不值得投机更不能投资,-1
感觉要补跌了,-1
谢谢，我去年开始玩的，不大懂,0
好像吹牛一直不用上税！！！,0
这是哪个在拉工商银行,0
中信银行跑了合适，净资产高也没用 一跌再跌，一般银行那些高管，吃喝玩乐都是公司的,-1
又被屏蔽了？？,0
股价涨跌无所谓，继续贯彻赚取股票的策略!坚决满仓申购新股!先预祝持有银行所有股民,1
全部都绿了，绿油油一片，心里那个难受啊！,-1
3分钱织布一天[呲牙],0
远离毒品，远离信托产品，远离基金，远离人寿保险,0
承担人民币国际化的重头戏，中国银行未来价值飙升！,1
快三个点回调到不到一个点，不光兴业，整个板块依然很弱，可以稳稳的跌两个三点，确不,-1
摩根士丹利看好：兴业（首选）、招行、平银,1
603050科林电气是雄安概念股吗？,0
强烈要求，中国股市24小时不休市。,0
耐心等待大盘上涨,1
为啥那么垃圾,-1
银行股涨！大盘必涨[加油]！,1
康散打卡流氓银行,-1
您好！请问平安银行2017年的绿色贷款余额是多少？当年的社会责任报告仅说明了绿色,0
太弱了，连续3天收盘都在年线下面。,-1
龙和虎牛掰大闪闪发光！,0
"收盘后对话,现在快点加仓.呆.赶快啊.",1
招商银行威武[大笑][大笑][大笑],1
今天民生银行护盘，跌不多。,1
今天继续新低，股吧里看不见牛骨头发言，底部就差不多了,0
哇，兴业后市前途无量啊,1
疫情还没有结束，先让旅游酒店下跌便宜。买白酒消毒，也是内需。锂电池坚决清仓抛掉！,-1
每天跌4分,-1
猛滴很,0
A股新涌举牌潮，该板块何时秀肌肉？,0
起飞,1
新华网：警惕久盘必跌的风险,-1
在房产危机暴发前，卖光银行股[大笑],-1
看看人寿就知道浦发即将大涨，滞涨的涨的少就是买,1
大宗交易：平安银行成交7680万元，折价6.91%（01-19）,0
兴业连续4天砸盘、压盘，真有你的,-1
午后科创50指数涨逾4%，富时A50指数一度跳水2%，同样的剧本再度上演，早盘不,0
该走了,-1
虽然我也亏损，但是我觉得最近关注度比之前高了，七月过去八月归来，888发发发，回,1
格雷厄姆说：若低于内在价值的价格买进，即使买入后股价仍下跌，他也很难赔钱。因为他,1
上面挂单那么多，起不来的,-1
几日不出的北向在北银成功的做了把接盘侠,0
兴业银行王者雄起！,1
业绩负增长，不良狂飙升,-1
开始反攻,1
见过烂的，没见过这么烂的,-1
黑色星期四，星期五。嘿嘿,0
废物一个,-1
辣辣辣[亏大了],-1
谁在制造大金融泡沫必然会死得很难看！,-1
$中国银行(SH601988)$终有分红加填权，静待中行花开时，周游列国拜访各位,1
在即将增发时刻，号召原有股东齐心协力将南行推向新高度,1
买了一支压仓石，比大盘还不着急涨了,0
感觉最晚下周要起来了，跌久必拉，而且是大级别的拉。,1
这股的散户都跌傻了，清仓换别的银行股了。再见,-1
红筹回归，大家谈谈这个政策对大盘和宁行的影响,0
超级利好，养老金要入市了，我们终于等来了价值投资，终于等来了中国版的401,1
胸多吉少,-1
民生银行，套着的冷静，现在还不是最好加仓的时机，现金为王。切记切记！,-1
中国银行菏泽分行组织开展反洗钱工作培训,0
交通银行现在股价不高，去年最低5.6元，现在是5，42元，赶快买。,1
∞北京银行战略投,0
都说了，不买没机会了，越来越贵,1
股民还没还清这个罚款,0
上周银行股集体发力拉抬，下周还是十只新股发行,0
大灾大难将要来临前，低估值的银行、航空、及贵金永遠都是上帝之板[想一下][想一下,-1
9.28买入!,1
无比价估值优势！,1
看见浦发，就想呕吐,-1
牵一“发”而动全身，汝能否~~~,0
黑色星期一，银行ETF悍然吸金再现亿元买盘！安信陈果：政策误读！情绪宣泄不会持续,0
指数20日线粘连，银行ETF早盘获净申购超7700万，7日资金连续净流入4亿。,0
我真的不想说,0
平安昨晚20：30许发布2019年报，拟10派2.18元含税，今天收盘涨2.59,1
南京银行近期下跌分析{二]南京银行11月30日周五收6.98，比10月30日收的7.57下跌8.45%，周五银行板块收977，比10月30日的940下跌3.93 [text omitted],0
已经没钱配股了。心如刀绞,-1
招商破净仓又嘉措,0
浦发业绩挺好,1
请问公司的,0
当区块链与物联网结合——谈传统手工黄金开采行业转型升级,0
[上涨][上涨][拳头][拳头][买入][买入][买入]马上连续涨停,1
南行在月底会上攻20块，大家耐心一点，不要三天两日就换股，这是炒股不是投资，连马,1
换手率太低，非常弱势，没有一点反弹迹像，日线下跌趋势，短期千万勿介入,-1
不知道为什么跌的，去看一眼人民币就知道了,0
了，一点都比不上,-1
扫货开始,1
明天看反弹力度，反弹高度11.8碰不到就全部卖出,0
卖油亏完本金后其余不想还的有么有,-1
我女朋友。还在读书，我只是个农民工。我只是个开塔吊的。我心里难受哎。,-1
大宗交易：民生银行成交447.12万元，溢价9.11%（09-02）,0
昨天18．14元振荡了2个小时，尾盘砸盘至平盘位18．07元。今天在昨天的收盘价,-1
平安最近肯定掀起涨停潮,1
不到20我不出。,0
5.32买了3万股,1
建议新股申购再完善两种方案：1.取消网下申购，统一网上申购，市值配号，上不封顶，,0
乱收费滥罚款：俺俩都好 以罚代管是之本,-1
你是我的中信中信，怎么爱你都嫌多，,1
百年交行股价能够涨到10元吗？,0
预言 沪指第一次50%幅度下调前的高点在3060点附近的可能性大 届时底点可能在2450附近,-1
南京银行与宁波银行的估值相差越来越多了,0
关注小微的力量,0
14买8万股，13买16W股，12买32W股，！,1
看看美国 在看看咱们 这也叫涨啊,-1
600015:关于华夏银行非公开发行A股股票发行过程和认购对象合规性之法律意见书,0
沪指飙涨2.17%剑指5200点 蓝筹股爆发,1
招商银行连续六天阴K线，难道第三季度财报出了问题？,-1
快跑,-1
不要脸的垃圾,-1
中国银行将获寿险业务 完善多元化经营,1
分红是公司的事股价是市场先生的事CEO管理团队的利益与公司股东的利益一致才能劲往,1
北京银行：主力资金连续4天净流出累计5393.16万元（12-30）,-1
平安银行被抛售中，美林远东有限公司高管信息,-1
预测明天过5.23，5.20元T飞了3000股,0
转发,0
牛呀，前天14.17，昨天14.16，今天14.16[赞][赞][赞],1
房地产起不来，银行也乖乖的趴着,-1
到37我梭哈,1
中国银行融资融券信息(8/16),0
$建设银行(SH601939)$如果到5.96就买一点，不到算了。,0
华夏银行的每股净资产为什么突然增加这么多？ 比一季报收益多很多啊。哪位内行的朋友,0
3.04出了，3.02等你们[大笑],0
华夏银行融资融券信息(11/1),0
区块链大热成职业新宠,1
明晚平银第一个发一季报，买入赌大涨,1
这票开始有主力介入了！！稳住！！,1
下跌的反而是四大行，怎么回事？LPR的影响还没有远去吗？,-1
巨无霸要直接一字板涨停才有用,0
国泰君安维持宁波银行增持评级 目标价38.75元,1
该放弃了,-1
今天破7，彻底废了[滴汗],-1
看来业务绩堪忧呀,-1
冲锋号角吹起来，B点出来了，没钱买的别卖就行，不要影响庄家拉升[大笑][大笑],1
破位，散户们快跑，还机构一个跌停,-1
本股神正式宣布，平安天地银行砸盘，第一目标11.50，韭菜们要加半仓。到10块钱,-1
破净还这样的走势，中国银行像是要关门大吉,-1
区域性银行评测出炉：服务功能如何改善 安全隐患如何消除,0
兴业四季报预测：净利增长13%，不良率1.05%，拨备覆盖率268%，资产质量逐,1
明天先挨个跌停,-1
$中国银行(SH601988)$加息越来越近了，不抱幻想。清仓，缩表后再来。留下,-1
我就是人见人爱的股神,1
2020年新年央行实施全面降准，施放8000余亿元信用资金，降低了银行信贷资金成,1
真可笑，你显得狠猥琐,-1
大家好,0
交通银行年报净利润665亿同比增长1% 拟10派2.7元,1
打卡19.81，坐等,0
萎货，交通堵住了吗？通往大涨的道路怎么还不通行,-1
太合适了，放开随便买,1
龙头快拉升吧！好套人[加油],1
近期建行涨幅过大，应该特停警示风险。有无未公开信息，盈利有无重大变动......,-1
从日线级别来看，下跌之势，三个交易日每天触及五日均线就跌。高手们怎么看。个人愚见,-1
开炮 空方子弹很充足 要大跌了,-1
差价高于股息,0
大盘后市究竟如何走，我们还要看大盘量能如何变化,0
601009:南京银行第七届董事会第二十次会议决议公告,0
猜一猜：星期一会不会千股涨停？,0
北京银行有一轮下泄，立贴为证,-1
四大银行的三季报都很优秀，利润率增长都达到两位数了，建行的增长率是最高的。,1
工行请继续跌，刚好分红的钱用来再买,0
北京银行又放量了，谁来分析一下。,0
平安真的要起飞了,1
机构资金去新能源车赛道了，房地产大蓝筹大跌，只有游资在房地产炒小炒差。大金融这波,-1
已经暴涨的雄安新区概念，主力逢高兑现获利无可厚非。,0
主力机构在上周5.2左右进入，在今天5.00逃跑，机构疯了吗？大单打压，小单跟进,-1
又在炒房，何来牛市？,-1
今天七波杀跌，终于可以全仓买入了,0
下车下早了，5.27就卖了,0
招商银行即将涨停 平安银行跟上 上周20.53元买入  加息周期到来,1
转发,0
A股规模最大银行ETF近7日资金净流入达4.08亿元，基金规模达99.21亿元！,1
想想不对,-1
浦发的差是不以堂诘柯德的意志为转移的！,0
55天线成为支撑,0
弟兄们准备子弹，在10.85到10.7区间杀南银一个回马枪,0
在中国红利税非常之高，造成股市无法靠分红赚钱，相反还会亏钱，不然社保也不会拼命卖,-1
一看这趋势，我不补仓了，过两天再说吧[囧]美股大跌，大A如何独善其身？,0
100元买18股建行，很合算。,1
强烈要求拉黑：顺势而为1234567和主力动向掌控，这两人,-1
周边地方天量投,0
4.8 好冷,-1
还没跌停啊，骗子，大骗子，卖卖卖,-1
今天看到一个3亿左右盘子的股票把新华人寿套了个一年又一年！,0
招行都拉红了，你还跌2个多点？？？,-1
南京银行宁波银行估值对比,0
三年翻十倍！投资建设30万！三年可以赚300万！妥妥幸福到家！,1
完了，又要跳水了！,-1
买了伊利买了你，唉，我真蠢,-1
招商银行大涨 平安银行快跟上 机构建仓银行股 平安银行加油！,1
今天什么股也没买。错过了银。别的也没亏,0
是不是要跌到1.66元每股。我做的一个梦。,-1
光大银行起涨了.它是银行股中领头羊.是下轮的风向标.,1
龙建股份,0
北向还有66亿,0
估算，招商局基金这几天已经卖出多少了？,0
外资跑了3个亿！,-1
业绩大滑严重，银行股割韭菜明天开始！,-1
民生织布机,0
各位老百姓们，你们知道吗，当你踏进招商银行的大门时就如踏入了一张大开的血盆大口，,-1
一跌就做时间的朋友了[呲牙]直接说自己被套了，不好吗,-1
搬个小马扎，坐看建行多空激战。,0
请问，股权登记日是哪一天？大师指点一下,0
浦发银行上半年利润大降12%，屡陷罚单风波缘何成业界反面典型,-1
我以16.97元买入南京银行（601009），理由是：绩优蓝筹,1
一副对。一副对联给出了当前形势，那就是上联：证金、汇金、养老金，金金索命；下联,0
今天最大的利空是钢企业绩太差，表明宏观经济面堪忧,-1
升是为了更好打压,-1
其实，浦发也是银茅，信不信由你，性价比甚佳！,1
卖掉民生银行！能买啥呀？,-1
出货出爽了！哎,-1
完了，9元再补仓吧，这走势像破产了一样,-1
建设很行,1
中字头，科技头，云中上，网中行,0
今天核按钮[大笑][大笑][大笑],1
可以涨回5.3吗,0
抄底成功，每股赚了一毛钱,1
北行拖了银行股的后腿,-1
回复狐狸：若不拖延复牌……,0
$工商银行(SH601398)$大佬们可知道啥时候分红？,0
你惦记的是分红，人家惦记的是你的本金。,-1
已经赚30%，涨到45元再卖不迟,1
不错，神股，大盘涨我不涨，大盘跌我要涤挖坑。,-1
都说建设银行在海外20多家机构挣到大钱了，业绩爆增,1
持股常动，不停倒腾，已经取胜。,1
按此比例测算养老金入市规模上限在11981亿元,0
宁波银行(002142)融资融券信息(12-04),0
国投电力绝大部分换回浦发,0
唱多者送精神病院     融劵作空者送大礼包！！！,-1
一缩图浦发银行叫狗基金们用四年功夫砸跌,-1
已经跌了1.1元了 几万块没了 惨啊 [鼓掌][不屑][不赞],-1
兴业银行获2014年云计算工程专项资金支持,1
5.4这个线很重要呀！哎，你怎么这么墨迹呀！利空出尽就是利好！该计提的都计提了！,0
大家和协,0
价位这么高，周K线超买，随时回调，拖累大盘回暖难。,-1
价值投资，不要盯盘，逢低买入，持股待涨，机不可失，时不再来！,1
“分红30%”写入公司章程，成都银行想成为下一个招商银行？,1
卖掉中信行在补回来,0
13.88估计是底部,1
银行涨了,1
银hang股就是银行股，,0
也冲不上去，摔下来得了正好我建仓,0
M2增速放缓难以触发全面宽松,-1
这股昨天走势就有问题，所我马上走转买紫金，失算是，这股利用大盘反弹硬拉6个点，这,-1
发个帖：大家关心的问题，都说内资不买还砸盘外资买，为什么？就前几个月发生过一个有,-1
买的，能解套不！无语,-1
阿康问题不解决！北银你就想浪起来[兴奋],-1
对2016年股东大会的议案投反对票,-1
要买平安银行的话，就按那几个大宗交易的价格买就可以,1
动手的时机到了,1
银行板块上涨才能拉动大盘。,1
要求招开特别股东网络大会，对用未分配利润回购注销股票，保护市值和股价进行表决！,1
彪形大汉，老虎停盘，猴子兴业称大五,0
"业绩可能下降,大盘涨得这厉害,它却跌.",-1
银行股今天要bbq了！！美东时间周二，美股三大指数全线下跌，截至发稿，道指跌1.,-1
砸盘开始，砸了[大笑],-1
这种高位跌下来一点也不反弹，奔着破产去的吧,-1
值不值15元看着办,0
工行去年实现净利润2763亿 蝉联最赚钱银行,1
明天是多米诺骨牌效应的第一天,-1
引金融活水纾困小微企业 北京银行发布“惠转贷”产品,1
看来有得磨了，但此股的安全系数相对比较高。。,1
浙江国资杭钢股份，浙江云，万亿市值,1
敢死五矿告关的劳酿,0
用十送几十股股套钱！大股东卑鄙的骗人手段！,-1
大家真不要着急，国家都开会说促进消费（大力促进），那零售业老手的招商会怎么样？心,1
我估计今日收盘价是20.95,0
散户在民生这个位置抛盘，我只能说10亿哥，和各大持有民生或者想进民生的机构笑了。,-1
交易量发大是好事。显然有新主力介入,1
今天应该是这段时间的地板，大家看着办,0
宁报银行死，也不抱创业板生。,-1
贵行在最近是否加大了个人住房贷款投放，客户一般要等多久放款？,0
今天宇宙行怎么了，别涨啊，我还没加仓[哭],-1
兴业明日会小幅度下调,-1
如果都如这二天，我的钱在3个月内就亏光,-1
同是建行，为什么跑不过港股?,-1
交通银行：融资余额17.58亿元，创近一年新低（09-22）,-1
宁波银行：融资净偿还1981.62万元，融资余额11.96亿元（02-02）,0
不对广大股民负责的言论和做法都将被清算。,-1
什么时候粉红？,0
想不赚钱也难啊,1
北京银行：连续3日融资净买入累计2618.09万元（08-19）,1
招商银行没跌过吗？还不是一样会创新高。优秀的基本面，逢低就是加仓的机会。,1
600309是你打新的标配，后市股价腾飞可期！,1
自助挂号缴费 再也不用排队 南通市一院与中行合建的自助服务系统上线,1
风险极大,-1
盘整,0
高管们真牛啊！给泛海200多亿贷款，看你们怎么要回来，要不回来看你们怎么谢罪？,-1
如果你闹心就别看，随意,0
大家看看年报季报股东人数，散户已经被洗的差不多了，这大牛的一个重要因素,-1
华夏银行的交易盘有点不经常的地方,0
赶紧至少给哥走个填权行情吧[加油],1
继续跌吧，让我扫点货,1
中信银行(601998)融资融券信息(05-22),0
工行跌破年线跌破净资产，5大行只剩建行肯定也是跟随了,-1
不够一个太保赔的[大笑][大笑],-1
"000981,603535.必涨！！！",1
看你几爷子机构还抱团恶搞股市不？抱团炒高50、品牌大蓝筹，照样完蛋。踩踏吧，机构,-1
Solid credit growth; Asset quality and capital underperformed,-1
牛，又低位涨了10%,1
外资跑路了！,-1
搞笑，10.8买了一万股，一星期了，没点动作,-1
原来内银股都是被恶意打压,-1
回归理性，没人愿意抛了！,1
平安银行敢涨？,0
交通银行05月03日资金揭秘,0
32万股南行已减持到18万股,-1
银行股这么多散户，机构进来抬轿。可能吗。。大家快醒醒吧[大笑]人家涨停一次，你要,-1
我也算佩服你了，老大,1
行情暴跌成现在这样子，周一有一只天价新股上市，现在是竞猜养元饮品周一开盘价格的时,-1
买了新华文轩,1
北上资金今天13亿交易资金，净流出4400万左右，今天成交79亿，减去北上资金1,-1
老手死于抄底,-1
谁也拉不动了。[大笑][大笑][大笑]，上面200亿以上压单,-1
杉杉股份抛宁波银行550万股赚8043万,1
一个投资者开立20个A股账户没有意义！,0
早盘买了3000股兴业，18.91，有点高了,-1
为什么我之前中签兴业可转债，可是前几天把兴业银行股票卖出了，只剩了100股，现在,0
慢慢等金子发光。,1
请问，交行2年前的混该，现在还在推进吗？,0
WK，今天流弊了，银行板块第一，百年难得一见,1
看大家讨论债，我也来凑热闹,0
今天的交易量连昨天的一半都不到，说明根本没人愿意往下卖了，想要的只能往上买。,0
$民生银行(SH600016)$克服恐惧，大胆买入，坚定信心，长期持有，必有厚报,1
工商银行今日热门盘点,0
暴跌即将拉开序幕,-1
央行明确下半年仍将定向调控 或包含定向降息,-1
中小板指数发放天巨量收阴十字，明天下跌正式开始！,-1
中信银行行长方合英：综合金融服务赋能实体经济高质量发展,1
美国如果加息，中国股市该如何应对,0
金融股中只有银行股被低估,1
交通银行融资融券信息(12-16),0
前天就说过国内机构打压兴业，而外资即在笑纳！主力打压兴业就是给别的主力送钱！目前,-1
史上最垃圾银行,-1
[滴汗]24.25.26不是刚涨了10%，涨了回调不正常吗？这才回调多少啊，我都,-1
我卖了，你们随意,0
招行H股昨天上涨2%的基础上今天又涨2个多点,1
就一个字：跑！,-1
要么一飞冲天，要么狂泻千里！我赌往上！！[鼓。,1
银行股的悬念！,0
[好困惑]你怎么就涨这么点？磨洋工呢？,-1
谁来为二重股民鸣冤！,-1
（2022 年-2024 年）资本补充规划,0
2017年半年度报告,0
中国最牛股！,1
涨也好跌也罢，我只玩我的一分钱游戏[大笑][大笑][大笑][大笑][大笑][大笑,1
【大盘转债上新银行多渠道“补血”需求旺】财联社6月15日讯，规模200亿元的南银,0
发个贴怎么就那么难呢？？？,-1
想跟大家探讨浦发降低成本的问题。本人持浦已有三年几。一直没法降低成本。三年来拿到,-1
交行观察了一段时间，发现真的有点不一样，走势很独立啊，大银行涨，小银行涨他都不跟,1
[毛估估],0
。诸如益生股份,0
不管风吹浪打，胜似闲庭信步.,1
招行前员工投诉：遇到老东家力推的融资平台违约。该融资平台名为钱端，据其介绍，当初,-1
上汽《钻石底10.40元》，车强则国强，科技龙头上汽不可能跌到几块钱！,1
卖出！,-1
炒股老是亏的兄弟注意了，下次准备割肉的时候就补仓，准备补仓的时候就卖出，反向操作,0
最新重大利空！香港否沪港通时间表,-1
每天就这半死不活的样，,-1
天天跌，你早死早超生,-1
热烈祝贺交通银行荣获全球盈利上市公司市净率？,1
减仓,-1
$兴业银行(SH601166)$兴业行只要跌就买每年就拿利息打新！,1
上海电气，买买买！！！爆发吧，我的小宇宙。,1
"港股台股救得起,大陆救吾起?讲明什么?",-1
北京银行今日超大单流入排名第10名(05-14),1
新品发布会未发先热，,1
满仓买进银行股！,1
银行板块针对前个交易日百分之四涨幅过大的整理结束，后边将继续向上！,1
抱团进入极致行情，建议分散投资防范风险，这个板块值得关注,1
你们赶紧买吧，最好把房子卖了全仓买。我56已经清仓，52再买回来,1
今天可胀一分!狂,1
明天就看谁跑的快了[大笑][大笑][大笑],1
大盘都上天了,1
来占个位，明年看戏,0
A股大底吸引大量外资游资大举抛售美股我有一个店面2015年出租给人家。合同定了五,0
按年付息，到期还本，分别是年折现率取8%5%3%，年利率取4.85%算的纯债折现,0
$交通银行(SH601328)$今天要突破5.01吗,1
人民币已经跌的鼻青脸肿，你又跑到A股兴风作浪！,-1
爆雷了，呜呜,-1
难不难受。大盘今天大涨咱的宁波微涨。搞不好还要绿。那天大盘跌了他就要大跌了。银行,-1
神仙一样的股权激励,1
不分大小均可当时买入,1
还没跌透，回到20可以试试,0
感谢给便宜的机会！质优价廉！,1
中国银行金华市分行2宗违法遭罚80万 贷款审查不尽职,-1
银行股票上涨,1
那求扩散与转发v。,0
002394联发股份小盘绩优低市盈率，在新.疆建规模棉纺基地,1
做空建行到底是为何？,0
我已经全仓了，3500股，有本事让我亏完,-1
昨天尾板卖了涨停券商买的你，今天看来券商是卖对了，买你怕是石乐志,-1
负债优势稳固，零售和Fintech持续推进,1
金融委办公室上海协调机制：进一步加强监管协作近日，金融委办公室地方协调机制(上海,0
买买买，主力吸筹了，越跌越买,1
一季报点评：手续费收入较快增长，拨备水平提升,1
妈的，是不是要跌停？,-1
牛市早报｜再次围攻5000点，6月3日你必须知道8个消息,0
16.5已出。早上以为也涨停，吓得我赶紧卖了,-1
尽管你不涨，一毛钱的快乐还是有的[耶],1
哈哈卖出40多万股低3分钱在买36万股,1
这就对了嘛。,1
这几天我几乎每天都在逢低增持浦发银行,1
压住银行股不让涨，就是最大的不讲政治。,-1
我就问你年报出来后今年能不能守住四元,0
招商银行(600036)融资融券信息(05-27),0
"龙头股树立行业地位,大牛行情邀请你参加盛宴!",1
养老金万亿元入市！首选：华夏银行（600015）,1
10.5啊，看收盘。,0
宁波银行融资融券信息(10/16),0
大托单一直在诱多，100%下跌,-1
今天银行板块全部探底一针,-1
托民生银行的福，沪市市值打的新，算是安慰奖,0
银行即将启动坐稳了，别下车!,1
持股不动，支持国家！亏完都不动,0
五年内肯定会出1000元面值人民币,1
早间标题新闻【2015.04.15 星期三】,0
等南高减完了，南行就坐上火箭了！,1
听证监会话：炒重组股！偏不信，又追高被套了吧！,-1
猪也是这样想的,0
快拉起来，中信你要被华夏银行鄙视了。,-1
昨天出了券商之耻，什么时候你这个银行之耻能解套？,-1
$平安银行(SZ000001)$18块建仓，及时7个月，扭亏为盈了,1
$北京银行(SH601169)$$兰州银行(SZ001227)$大北京银行比不过,-1
这价格可以干了,1
平安银行，不怕报应吗？,-1
夏迪门！大胆抄底！,1
转：投诉股指期货在A股市场存在的不合理性,0
融资融券周汇总：建设银行本周融资净偿还90.75万元,0
没有的银行,-1
资讯速览 |《反洗钱法》修订工作提速；廖林任工行行长,0
为什么有人说FIL是骗人的？选择项目应该从哪几个方面考虑？,0
跌了就买十万干入建行稳得,1
王良董事长，您在哪里？？？？？？？？？？？,0
什么时候可以从坑里爬出来？,-1
收盘价12.34元,0
中水渔业 天润乳业 都是快消费、轻资本。银行早被房地产所绑架 实话实说。,-1
标债认定规则公开征求意见“非标趋严”推动资管新规加速落地,0
躺在床上,0
兴业控股股东任其市值缩水，就不怕被人收购？1千亿换44OO亿未分配利润。你就得负,-1
走相比民生银行都难看，不用装比,-1
$工商银行(SH601398)$怎么又显示成本了？搞不懂！,0
马上分三角，哈哈,1
买入民生银行是最大的失误，银行股已经变成草狗了,-1
脱欧黑天鹅是怎么飞起来的？,0
底在4.49元以下，年底过后是买点。,1
当初在宁波银行和南京银行间选一只，真是瞎了，看看宁波银行的走势！，你就是一坨,-1
刚上台就不守信诺谁还敢和你玩.,-1
放开贷款0.7倍利率下限只有象征意义，目前谁能得到0.7倍的贷款？而允许银行自主决定贷,0
等着9块钱以下捡便宜的人，今天散了吧，明天再来等。,-1
尾盘跌停  跌停,-1
明天涨停，我加了仓200万。,1
宁波银行又要发行转股债券吗？,0
送给主力,0
南行回调已精准到位.重点在于确认.,1
这泥煤 叫大幅下跌？,-1
大盘作死，拉银行,-1
投机投机，就是买入的时机，再好的股，买的时机不对，价格不对，一样套人,-1
[图片],0
北京银行监事曾颖增持3.3万股 增持金额14.03万元,1
3.02强势归来，3万股，起航！,1
大家赶快卖出，把蛇宝打倒，让它出不来。,-1
商业银行的不良贷款率1.76，其他人要替这1.76%的人还,-1
股市是要用真金白银放进去，而且要源源不断的放进去，因为他要让原始股东们套现，让非,-1
交通银行数十年如一日。半死不活。拿十年就懂了,-1
北京是民生银行的主场，致力于服务新三板中小民营企业，一直与京交所有合作，未来主角,0
你最会玩上下在这里天天这里印花税不用成本吗,0
资产证券化2015年爆发式增长 商业银行重点布局消费贷款,0
土豪金安邦继续进场横扫筹码.第一大股东非她莫属。,1
平安银行什么鬼，搞啥子哦,-1
来了！她来了！,1
今天能不能t到两包中华。大家都t把，主力不拉，我们和主力一起干，能t一分是一分，,1
$宁波银行(SZ002142)$核心资产变身垃圾资产了？怎么一直跌,-1
上次抄底，一个月赚了10个点，这次抄底一个月才赚2个点。,-1
基金爱问 | 基金分红，你有哪些误解？,0
慧眼识中信，默默无闻地王者风范的中信银行,1
你动下试试，我一动不动,0
高层出声了:整治券商砸盘!恶意砸盘取消执照!,1
看看4大行的涨幅，垃圾交通,-1
010-85238570你们自己不打电话问，哈屁一样,0
截至收盘，沪指下跌10.55点，指数收于3144.11点,-1
业绩好得股，都可以买。,1
在中国银行办一个简单的业务有1个小时，什么效率，垃圾银行，真的，垃圾银行,-1
现在做平安，我就是一天也不怎么看他，等到了17卖出去就行，乱T真容易T飞。,0
关联贷款多，吸收存款为股东服务，小圈子玩，没投资价值,-1
看不懂有些人，看到大跌很开心，过来说风凉话的，如果是想买，看到跌下来能理解，但是,-1
卖茶又减肥的一爸心口在飙血，这是要往死里按呀,-1
银保监会依法查处两家大型银行违法违规行为,-1
瞬间沦落为银行里的弱鸡[捂脸][捂脸][捂脸],-1
银行不怕跌，只怕涨！,-1
"挑衅,就一定让你做错",-1
五力宝典周评（2014，12，13）：疯狂过后趋理性，下波牛股费思量？,0
转发,0
601398:工商银行H股公告-2018年第一季度报告,0
$招商银行(SH600036)$我又进场了，要求不高，40就卖,1
如果跌破5元的心里价位，可能会到4.5左右！无奈！,-1
下周这些票子将直奔涨停！无私奉献，不喜欢勿喷。,1
光大证券维持兴业银行买入评级 预计2022年净利润同比增长14.51%,1
定增被否我认为是好事，这样就不会稀释股东的股权和每股净利润，想参与定增的机构也可,1
海外机构流出明显，无所谓，深股通持股已经新高了，关键还是张坤怎么看，千亿规模,0
兴业银行：截至2020年11月末累计为29565家企业提供绿色金融融资27897亿元,1
真丢人，大盘在护你,-1
大家不需要担心按原价增发能不能发出去，哪怕是一个噱头，能够涨几天也行！,0
会长啊会长，你可曾想起了她[大笑][大笑][大笑][大笑][大笑][大笑][大笑,1
这救市也真是醉了，捡了芝麻丢了西瓜，指数没稳住，哪里是个底,-1
等了好久，院长按老办法选到了一个未来十倍股！,1
不要怕卖空了，中信银行看上去还没启动[俏皮][俏皮][俏皮][俏皮][俏皮][俏,0
亏钱我走了,-1
散户接了，晕,-1
尾盘这大单是为何看不懂明天还要不要集合竞价前挂3分跑路,-1
骗钱的，不玩了,-1
请问兴业银行旗下子公司深圳兴业资管与荷包金融存在56亿借贷融资，现国家清退p2p,-1
这股散户少安静,0
要脸吗？,-1
服,0
高分红的股票,1
大家再坚持下，等会就会救市，现在我们要耐性点，价值投资买银行股，短暂亏无所谓，贵,1
上证一定会到2800，不知算不算仰望3000，13.09,0
牛B哄哄的、这样的环境中不会还翻红吧？,-1
11.4日大盘分析及个股精选,0
分红的钱又换成民生银行股票了不换股还是那些钱，换了还有可能涨，还能申购新股，还有,1
我要买更多的票，去投反对票,0
美股大跌，今天补跌，直接贯穿5元几率很大,-1
进行债转股要求召开股东大会表决,0
此股死猪一个！,-1
中国最赚钱的40家公司中有13家是银行,1
平安银行以后会有3亿个网点，为什么？,0
倒计时200个交易日退市[吃瓜],-1
假如美股跌五千点，A股是不是得负数了？可以说机率非常大！,-1
买银行股是因为它稳定，用来打新的。没想到跌这么多。股市真不是一般人待的地方。,-1
300217是仙股吗,0
这只票王多鱼来了都拉不动,-1
走了，股，几年都上不去，留下的发财,-1
睡觉,0
$浦发银行(SH600000)$银行股怎么那么不值钱呢？请教各位大神[抱拳],-1
工行   -  非得收割 小散散们  ？,-1
想圈钱砸了自己的脚,-1
招商银行：主力资金连续4天净流出累计11.86亿元（10-09）,-1
000625长安汽车 绩优调整充分 即将暴涨速抢！,1
这不是类似北京文化之前的故事，可惜你盘子太大拉不了多少,-1
嫑被事物的表面现象所迷惑,0
在市净0.61的时候买的，结果买完一直跌，现在市净都到0.60了，跌懵了,-1
要命了，太弱了，技术指标都背离了还不反抽，20.5抄底的我都有点发抖。。。明天开,-1
怎么下去的怎么上去，拭目以待,0
还好今年的1.2万的分红加仓了其它股,1
标准的大M头,0
比特币真是普通人最后的机会吗？,0
招商银行收到设立招银欧洲的批复,1
分红太少了，未分配利润很高已是画饼充饥。管理层太自私了！,-1
工商银行啥时候，报半年报啊等你好消息,0
$浦发银行(SH600000)$不清楚庄的筹码有多低……或许是4[哭],-1
大家看到今日新闻了吗？兴业银行获大资金抢入最多！！！,1
再也不参与分红了,-1
563000重仓股招商银行：房地产不良率大增，对公零售不良率缓和,-1
继续砸呀，没筹码了吗,-1
明天回踩年线不破就该起航了,1
兴业银行上半年计提了291亿元的减值损失，这种会计做法也太保守了。比去年同期多提,-1
中国银行：王志恒因工作调动 辞去本行副行长职务,0
归集大法好!碳谷的钱也被归集给了康得集团，熟悉的配方，熟悉的味道!,-1
赚了8个点左右走了，祝留下发财,1
民生看似做多 实际是空方大本营 ！,-1
下午上涨到6.5左右，超过后就涨停 快年报了,1
海通银行业首席最新研判：银行全年业绩增速或超预测，邮储银行13%利润增速具备标志意义，打响第一枪！,1
过完年了，人气散了，大盘要大跌了！,-1
$兴业银行(SH601166)$兴业真是差，银行股钱少就不要买，不赚钱的。你想想,-1
谁在集合竞价砸盘了谁今天晚上戴绿帽[大笑],-1
哎，没卖出去,-1
如果发行可转债，持有到什么价位买比较合适,0
【】中行最微投资人注意【】中行正走在上市融资后是否是16年还那3.08挂牌价的终,0
什么时候分红啊？[胜利],1
下午百点反攻,1
导致管理成本高,-1
宁波银行(002142)融资融券信息(09-16),0
没有大单来吃货，全是整个大单在出货,-1
恩准下午央妈出绝招救人心:广发中信涨则券商涨，引领大盘涨则提信心存希望,1
澄清：给前面楼主误导了，他统计的是每10股送股或者分红数量，而不是每股收益，所以,0
为什么这么刻意的打压,-1
严重低估，24元见，坚定持有,1
你这都能低开？,-1
高低估值回报有异！基金不明就赎回！,-1
平安银行刘显峰：信用卡流通卡量突破7000万张 将向精细化经营迈进,1
金融三马车，银行是是瘸子,-1
受够浦发了，换了002925，爽快多了，也踏实点,1
借一点消息打压股价 真够没品的主力,-1
与国家队同在！我心依旧！,1
亏惨了38的本,-1
这个银行泡沫太严重了,-1
绿帽子王,-1
今天刚入宁波银行，希望能涨,1
很多人被猴耍了一年，但是我有收货。哈哈,1
15号抛压有点大，但应该问题不大,0
601038:一拖股份关于完成公司注册资本工商变更。,0
现在不卖，真到八元天天以泪洗面,-1
护盘买入300手,1
兴业银行对公业务做的是最棒的，做的财政支持的优质项目特别拿手。在今年大量的财政刺,1
坚持,1
从中长（年和季线）在结合北京地区的经济，该股将走出贴权走势第一目标位4.09元，,1
太TM的垃圾了,-1
「桃花开」甄妮&罗文女：桃花开开得春花也笑笑影飘飘送幸福乐谣谣歌轻男：轻轻响心曲,0
大家睁大眼看看AH证券股的差价是多少了！还说要加仓Ａ股证券股，哎。。。,-1
带头砸盘,-1
招行7万私人银行客户，人均资产2700多万元，这是个什么概念？,1
[献花],1
股市奇葩：每股净资产10.67，已经是目前股价二倍，股价还天天跌，这种现象只有在,-1
现在砸兴业的目的只有一个：收集筹码！,-1
赌狗终将一无所有,-1
北京银行：构建金融操作系统实现数字化转型,1
今天买进，明天会上涨不会？,0
3.17，净资产，应该有资金按这个目标在托底。,1
漂亮50杀跌，看底部，看看多少空头中的个股能抵挡50杀跌,-1
早跑早好，毕竟不是好消息，切莫留恋,-1
银行业基本面大幅下降 官方已经公开宣布工行农行不良贷款超6% 拨备不足！,-1
央行三点半开会有什么重大事项了[鼓掌],0
平安银行厉害，大阳棒直捣花心，多大的阳棒呀！,1
9连阴牛皮看你能连续跌多少天,-1
买入不急，今天继续挂买单4.30,0
离发行价3.12还差的远,-1
十字星十字星十字星[呲牙][呲牙][呲牙],0
努力砸破4块，大盘去2000  加油,-1
工商银行的基本面走坏了，，要它至跌企稳，目前很难。今天减仓出3分二，留底仓观望！,-1
看来真的不能看市盈率，本来看中瑞丰银行的，却嫌它市盈率高没敢买，想不到买了这个垃,-1
中信一拉大盘就暴跌！,-1
涨了指数，笑话,-1
马上和平安银行差4元，年底差一倍！！,1
大宗交易：平安银行成交1354万元，成交价13.54元（07-29）,0
现在只有国家队敢拉指数，其它机构没谁敢动，谁动打谁,-1
走势分析,0
601398:工商银行监事会决议公告,0
17付近洗盘耐心持股,0
勒紧裤带强撑面子了,-1
逢低介入逢低介入逢低介入，牛市不言顶，熊市不言底，看看宏观政策面，央行放水，信贷,1
【A股主流ETF】银行ETF7.7最新资金净流入高达4.76亿元，最新基金规模达56.19亿元！,1
致北京银行的中小股民！你们真的应该感谢康得新的散户！是他们提醒你们问题和风险，并,0
估计要绿了,-1
2016年1月27日收盘5.25，今天5.25,0
今天卖了1/3仓位，会不会卖早了[为什么][晕][困顿],0
牛市猝不及防，一个小学生都会算的算数学题，你都不会，你说你羞愧不。华夏银行当前股,-1
建行的优势越来越明显了：小盘绩优银行股,1
沪港估值套刺,0
转发,0
等待15,0
华夏阶段性卖完了吗？,0
$招商银行(SH600036)$挂39.30居然买进了。。。,0
!!!!!!!!!!判断：庄家在出货肯定又暴跌无疑了!!~!!!·!!!判断：庄在出货肯定又暴跌无疑了!!!!,-1
大量3333买盘,0
招商银行的泡沫（600036）：泡沫有三：,-1
有点反常必有妖,-1
继续卖高买低,0
贴吧有没有高人在此啊！我25的成本价何去何从呢[捂脸][捂脸][捂脸]这跌跌不休,-1
中期分红10转2股[大笑][俏皮][赞],1
还是等到9.3在入稳点[得意],1
估值修复？呵呵了……继续忽悠吧！,-1
不沖3200，尾盘可择股买入;冲3200必为诱多，可落袋为安,0
中国银行(601988)融资融券信息(06-18),0
昨天涨多了。今天要补一下，完蛋玩意,-1
巴菲特加仓银行股！最新的监管文件显示，巴菲特和他的团队加仓了伯克希尔持有比例最大,1
2014年年报中投资收益和交易性金融资产公允价值变动同时都是正值，才是赢家,1
圈钱完毕，再回18,-1
请开始你的表演，,0
卖了平安买入兴业。。。一对难兄难弟。。。,0
这股的成交量怎特码低,-1
华夏银行：连续3日融资净买入累计2883.6万元（12-28）,1
对不起父母亲戚，对不起自己，昨天不该堵。赌输了。惭愧哎，我爸妈在家种田一年也就1,-1
北向资金进入“买买买”模式 “银茅”招商银行受青睐（附股）,1
14.03满仓,1
转发,0
至小秘书： 您老浦发吧也算是有影响的人之一，所以希望您少发风凉贴！ 浦发此次增发,0
交行上半年净利增12% 交易型银行战略次第推进,1
来个涨停板吧,1
有句话收撑死胆的，饿死胆小的，这样良好的公司，有多少买多少,1
$交通银行(SH601328)$兜兜转转一场空欢喜，想来想去还是你好哦！,0
几把,-1
香港中央结算有限公司才是民生银行最大的股东，正经的国企,0
因达不到监管而以11.4元被动定向增发都能被伪巴说成是大股东以11.4豪买,-1
我一买这跌了,-1
建设银行：董事会二○一○年第八次会议决议公告,0
国家救市资金肯定要把建设银行的空头消灭光，前进前进,1
百业之王千年大底来了！,1
天天带头跌，莫非账务造假？,-1
摘帽 黄金坑=加速暴涨牛股！,1
又见新低，吕董可否买点自家股票,-1
特么的储户是受害者，科远智慧把钱存银行不见了股价暴跌，浦发银行是对储户钱财保管出,-1
建设银行：获准发行无固定期限资本债券,1
出货了……果然是恶庄出货……开盘5分钟内……大单瞬间出货了……资金疯狂出逃……净,-1
大资金在控盘，年年不填权！,-1
都跌了快一年了[大笑],-1
工商银行：海外监管公告（一）,0
平安超兴业3元确立，哈哈,1
垃圾,-1
买了南京银行，心里踏实，买别的睡眠变差，得不偿失,1
陆家嘴论坛|交通银行董事长任德奇：金融助力沪巴深化合作新格局交通银行今天6月10,0
二度发射！大家跟上。,1
酝酿了许久的利好机会已经出现,1
连续上万手的压单是散户的吗？,0
来了？,0
别去给理财的接盘，跌下来买,1
窝都翻过来了，里面的蛋还有好的吗？,-1
中国银行：大盘暴跌即将到来！！,-1
17年前三季北银的净利润是156亿多，18年也就是去年核销了呆坏帐l38亿多。1,0
15倍市盈率正转型生产12英寸单晶硅片和12英寸单晶硅片设备制造商，高成长的京运通有10倍涨幅,1
与其明天早上竞价抢中珠医疗，不如现价13:00一笔吞，玩地天，金固第二！,1
看来周末有利空发布，都在跑啊。我中建也跑了点。10.10,-1
中国银行连涨三日卖出，连跌三日买进,1
很明显常熟银行才是龙头。辣鸡平安银行并不是。券大家早点溜。常熟银行又创新高。而平,1
喲宁波又是领跌，招商还要紧随其后？,-1
可以拉啦。哈哈,1
散户跑的好多呀。,-1
突破2400点即大牛市的起点!  601633长城汽车、600259广晟有色股价,1
股闻到“宽松”味道！年中资金面宽松让你绝想不到！这一品种利率刷创10年来新低 2,1
中行太弱了,-1
这波杀下去要再次探底15块吗？,-1
6.92元买入，主力看着办,1
南京银行(601009)融资融券信息(05-14),0
徐翔每股17.68元的价格拿，不激你16.51元拿,0
要参与也最好短线，否则会死的很难看。,-1
3.7等你,0
邮票收藏将重受青睐.,1
热烈祝贺中国银行今天进入银行板块涨幅榜前三,1
护盘大侠,1
废话不多说，先去30呆着。,0
要跳水，卖出！,-1
浦发银行：趋势将会持续进仓吗，还是一个慢性的套路因此有多少人被套,-1
民生，民生，永远不缺乏故事，关键要知道讲故事的人是出于何种目的。[毛估估],0
拿了八百多天，算上分红也是亏啊，你们都是怎么算出每年稳赚5%的？,-1
与招行比差三个涨停，如果第一个涨停出现，您卖还是不卖?卖多少?敬请大家商榷!,0
只要“权威人士”不改口， 经济长期L型。上半年对大周期波动的期望，都已烟消云散,-1
还是可以的？O(∩_∩)O哈哈~,1
仍然绿帽啊,-1
这波轮到交通银行创历史新高了,1
‭大盘又要暴涨啦，大家赶紧明天买银行，保险，煤炭，钢铁，机不可失失不再来啦[微笑],1
H股报价 6.490 -1.37%,0
量子卫星升空！抛万科       买永鼎股份量子产业龙头        十倍空间 量子股永鼎股份公告世界首颗量子科学实验卫星“墨子号”成功发射来自解放军报 新华,1
工人买工行工行往上涨股息7%股价4.57元胜过全球任何《理财产品》有钱就买，不到,1
既然破位你就大跌，我是来收尸的,-1
[微笑][微笑],1
平安银行06月25日资金揭秘,0
跟交通银行一样钱，看财物谁更有投资价值,0
又买入1100股.,1
工行今日起持续大涨！,1
必须破6元，能打到5.6元才有象样的反弹！,0
建设，农业，工商，招商全部创新高啊！看来兴业银行已经不是第一梯队的了！,1
交通银行(601328)融资融券信息(12-10),0
下周红利入账，跌这么多也是安慰。,0
作为A股蓝筹之一，为何不借鉴成熟市场上蓝筹公司用股份回购替代部分现金分红，从而达,0
股灾是不是要来了，银行股一直下跌？？有专家解说下吗？,-1
601009 : 南京银行关于获得证券投资基金托管资格的公告,0
$平安银行(SZ000001)$下午两点不涨，集体卖出！点赞支持一下,-1
股市就这样：当哀声一片的时候，不要恐惧；当大家处在一片亢奋的时候，就要注意了。新,0
放心分红肯定让大家失望！,-1
躲过期指交割日，在考虑是否用红利增仓。,0
常常听到一句话：银行同质化。这是睁着眼睛说瞎话。招行与民生为何有如此的差距，就是,0
今天该股票的成交量怎么这么少呀？,-1
我不相信技术，因为我不懂技术；我不做T，因为我判定不准什么时候涨，什么时候跌，涨,-1
反正就是垃圾,-1
民生银行复权收盘价下降压力线的下降速度2分钱/每个月,-1
看来这里没几个人了[加油],0
大利好啊，债转股是转优先股，中行为何不动呢？,1
兴业银行融资融券信息(8/30),0
今天算是给出个信号吗？,0
昨天卖飞了,-1
这是故意让大家猜不透，故意抖机灵啊,-1
低调迎接解禁股流通并不是坏事。,0
究竟是为什么？兴业会如此的颓废。,-1
两会后，还拉不拉银行啊？…,-1
5481.95 万的融券今天痛苦了！只有高位回补股票认亏啦！,-1
纠结,-1
定增价格每股8.46元，属于利好,1
兴业本次分红135亿，如果不分红，这钱全部用于回购，应该会至少20以上,1
抛，这股没有价值，今年完全没涨，好多股翻倍了，银行还在地板上，就活该被摩,-1
苟比，别的跌你就拉，别的涨你就压,-1
坚定持有，莫忘了交行的大股东是国家财政部,1
涨跌了然于胸  盈亏随心所欲！,1
每天跌100点一个月就差不多了。,-1
唱空银行业理由：它是房地产泡沫的帮凶！它是呆账死账的天生寄主！还要别的理由吗？,-1
小猪快跑，，在不跑就歇菜,-1
买两手银行还要套我几个点,-1
怂包烂货,-1
～$中国银行(SH601988)$～路不同不相为谋；大富是来挣钱的～因为大富不存,0
民生银行04月17日资金揭秘,0
兄弟们快买,1
大逃亡,-1
中信银行融资融券信息(2/21),0
明天想吃涨停板，开盘就买00219,1
这是什么情况，要飞了吗？,1
银行暴动！新开一仓,1
垃圾股,-1
那天我看宁波涨得挺好的，我就买了平安。没想到啊。狗贼套我,-1
不要跑啊，肯定会涨起来的，5个点！你们满意不？,1
10块5w手干嘛呢，速度撤离,-1
短线买了十万股，后边继续上攻有没有！,1
越跌越快了，每几天比上几天跌的快。快到底了吧,-1
中国人讲的旺气，一直给人骂这个股会衰的,-1
今三类股能够逆市飘红,1
现在要集中资金接盘所谓的科技股．,1
银行股下午启动，大买,1
这游资搞了个下跌中快速反抽做差小动作,-1
又跟上一轮一样的操作,-1
快看！假货1991要你们2元买的同济堂！,-1
唉，23出了，跑到别的股内裤都输掉了,-1
牛！！！,1
告诉你们一个有趣的事，银行服务商蚂蚁上市，市值直接超过银行，这个是值得关注的一件,1
真服了兴业的大股东，赶紧换人吧,-1
H股：内地居民企业通过深港通投资且连续持有H股满12个月,0
头肩顶已成，后市将跌回12块附近！,-1
抛了机构,-1
钱说话了，沪股通买了700万，招商卖了600万,1
民生银行股价大幅破净六折，民生银行业绩差，洪懂事掌确实能力差，留着干嘛，坑爹？,-1
宁波银行融资融券信息(6/1),0
这支票的庄家都跑了 无人关注的小鸟 可能还有一跌此时再不出手，更待何时？,-1
向下吃不到,-1
离岸人民币兑美元日内跌幅超800个基点,-1
总算有点资金在进了,1
就你不争脸,-1
[大笑][大笑][大笑]开心啊砸到负三送钱的大笨庄,1
唯喲你。,0
恭喜回归三傻，均线压力，这种反弹走不远，对标平安格力。目标价38.,-1
新股压力一减牛市就来了呵呵,1
什么是操纵？这就是操纵！,-1
一分钱跟你玩一天。有意思。,-1
"中行涨了一分钱,我感觉象封了停板一样的激动",1
王者归来,1
今天再不下车，中报一出破位走势就来了。不听本庄早晚吃苦头[大笑],-1
我只能说幸亏没再跌，能不亏，谢天谢地了,1
下午肯定又崩盘大阴线了 !!!!!!!!!!!!!!!!!!!!!!!!!下午肯定又崩盘大阴线了 !!!!!!!!!!!!!!!!!!!!哈哈哈哈哈,-1
浦发银行基本追上招行了！还要超过才行！,1
“关银一KEY通”项目率先在河南省落地 建行系省内首家试点银行,1
表现不错，我相当看好，目标10,1
明早银行股低开后拉升,1
建设银行融资融券信息(12/19),0
每天一骂,-1
协同优势：中信银行如何为企业提供一揽子金融服务？,0
早上11.95补了一些。[偷笑],1
3500是纸老虎还是铜墙铁壁？,0
宁波银行:独立董事关于公司衍生品投资及风险控制情况的独立意见,0
不要涨了我还没加仓,-1
抓紧时间，下午加仓，尾盘拉升。大盘反转，长期上涨了。,1
这次中报不要盯着数字看，主要看业务结构，看好后续发展,1
这种银行股再赚钱也不碰，涨一年的，让你套5年,-1
小聪明与大智慧,0
转股数量参考,0
$平安银行(SZ000001)$T都不好T,-1
多位银行从业者跨界流向险企任高管,0
啥时候能回本？[为什么][为什么],-1
请问公司是国企吗？,0
宁波银行截止2016年9月，未分配利润和公积金合计每股8.455，也就是每十股有84.55元可分配,0
请问公司在北京市持有哪些物业资产，规模大约有,0
认真学习招商银行踏踏实实跟上价值体现出来……,1
北交所龙头，非你莫属,1
华夏和厦门差距这么大吗,0
什么时候能回到3.6元！！！！,-1
陕西首单政府名录内PPP业务成功落地,1
也不懂是W还是大M,0
记者向工行内部人士确认，6月25日起，工行广州地区房贷利率调整为首套5.55%(,0
2点30以后继续打压好出资金给明天准备,-1
银行股龙头,1
挺起脊梁,1
早买了了一步，然后步步错,-1
推动跨境支付，有利于有跨境业务的银行，长期看好,1
7.24望解套！！！,1
平安银行(000001)融资融券信息(05-13),0
为什么兴业银行不抗跌，还是因为分红率不达30%,-1
希望下周涨回来吧，估计又得一个星期,0
突然放量大跌，是不是有老鼠仓的大雷?,-1
华夏银行明天会涨停么！因为定增价远高于股价？,1
2.5元不买入，3.5元大量到仓这不是阴谋是什么？,-1
年前能持续涨的板块看来只有银行股,1
打通金融活水流向中小微企业 北京银行力促企业复工复产,1
买你哪如买民生,-1
留着打新用,0
银行股真的好吗？那为什么香港的银行股要低30％。大家好好想想吧！外围股票还会持续,-1
我靠，有点恶心,-1
包商银行出事了，兴业2700亿不能拖了,-1
小仓位建仓有色金属,0
本周看好上17,1
小招给我冲啊,1
今天要是能到3.73的话，我就止损.,-1
2008年的价，厉害,1
果然是垃圾中的战斗机,-1
通宇通信未涨超小盘，行业领先，通信基站天线龙头！！,1
dia典型的震仓洗盘，今天有望收红,1
我朋友就是买了100手这个股，亏了3万多。指数都涨到手机屏幕外面去了，它也不动一,-1
众筹操纵几个蓝筹该收手！中国转型成功全靠创业板！,-1
都是招行的消息，小心点吧,-1
政府工作报告明确了全面深化,1
这些人才，高位不卖，现在卖属实被这些人秀到了,-1
今年算是猩猩他哥狒狒了，大肖那，好像削他一顿,-1
人民币连续18个交易日出现异常 出什么事了？,-1
这波行情的王牌主力：银行！银行！上5000点只能靠银行。,1
起诉浦发，成都事件几月前没信息披露,-1
民生银行(600016)大宗交易数据一览(04-22),0
庄家你的筹码收的回来吗,-1
各路专家都对股市表现信心的时候 反倒觉得 股市有点悬呢,-1
放心目标3.57远还是没有变，分红本金宿水加速，以光速向3.57裸奔而去，很多牛,1
7.8收盘：短期做多一类股,1
成本做到10.8了，不容易呀,-1
华夏银行目标价12元?想疯了吧!30岁以上的人不会再见到11元!,-1
不要涨太快呀，小招,0
中报里的中国经济｜六大行信贷图谱： 绿色、普惠贷款增速高，房地产贷款集中度下降,1
3.4周一3大猜想：多方动能明显衰减 短期将以强势盘整为主,-1
康得新股民莫中声东击西之计了，找钟老板才对,-1
我花了几个亿，连一分钱都拉不上去，罢了。不管了，,-1
今天高点不会超过4.50低点在4.27,0
"@@@@@@@@@@@我持有招行21600股,请我的长期持有的分析!不看后悔!",1
牛逼股,1
我要筹码！！！！！,1
银行股逆势拉升 工行独善其中,1
唯空,-1
大家都是多少本啊，我自从今年7月份买了，一直是个跌，，现在5.51成本,-1
3.4元收了,1
兴银理财高管变动 景嵩拟任专职董事长,0
草你个姥姥,-1
『晶圆制备工艺』晶棒要经过一系列加工才能形成符合半导体芯片制造要求的半导体衬底，,0
南京银行100亿元金融债券发行完毕,1
平安银行本周融资净买入5541.01万元，居银行板块第三,1
北上北上北上,1
铁树开花了，难得涨停啊,1
贱行把九阴真经练的炉火纯青。,-1
引罗隐诗赠北银：京城醉别十余春，重见北银掌上身。我未发财卿更瘦，可能俱是不如人。,0
中小股早就跌破2000点水平,-1
爱吃保健品的01犬已成为业界笑料.,-1
北京银行现在这种情况能持续多久？后续又该如何？,-1
时代财经梳理发现，银行板块中，二季度百余家公募对银行股总体呈现减持趋势，43家银,-1
贵行优先股个人是否可以参加交易，每年收到的优先股息是否有税收优惠,0
不知道我顶不顶得住,-1
监管缺位是原油宝灾难的原因,-1
乱七八糟,-1
机构们，要大跌了，来民生银行避风吧！最多跌20%[大笑][大笑][大笑][大笑],-1
重仓追进二百多万[拜神][拜神][拜神],1
狗比的平安银行股票，买了你真伤心。其他的股跌了还能涨上去，你丫比的跌了就爬不起来,-1
hao la ji,-1
垃圾公司，深不见底,-1
啥时候分红啊,0
天天第一,1
套人啊(o),-1
我认为现在买股票变的很简单啦！主要选择3点。第一是前期跌到比较深的，第2是市盈率,1
为什么不拉，上面没c码压力,-1
工商银行：融资净偿还7238.04万元，融资余额39.48亿元（02-04）,0
近期资金净流入比流出多很多，但股价升小，明显压着吸筹。持股。,0
越是利空仓位越是要重，这就是反向理论，越跌越买，现在就是买买买………………,1
中签机遇速买600099小盘央企即将停牌重组,1
平安银行！捂稳18元必快到！,1
"从银行指数看,少了万亿浮筹{等于五月20天的交易量}的银行板块会点走,难在数据又要公布了,真想给投资人抄自家底?",-1
保增长与控通胀是两难选择吗？,0
今天抄了点邮储、江苏行、北京行、AH太保，今天就这样了，准备钓鱼去了，今天不看了,0
主要是等分红,0
大家好，我是七灯大师，我改了个马甲，那个是某某号。我平时生活中舍不得吃顿好的，来,0
【老银观市】银行股止跌翻红，宁波银行大涨超4%！开源策略：共振下跌宜调结构,1
华夏银行(600015)融资融券信息(03-18),0
4月九日股东人数？请问是否有大股东减持？,0
亲！六十万股想换600674川投一年会翻倍吗？八年四倍有600900水电股长江大,1
按照中行客服的说法，结算价只是“参考”CME的报价，中行会为大家提供一个合理的“,0
今天入手3000股,1
中国银行2020年报未分配利润估计3.05元每股，不知道散户慌什么[滴汗],0
赶快跑，带长上影线的大阴线要来了，14.30分,-1
呵呵多亏了没进.死逼操盘手,-1
清楚了吧！,0
银行平台已破?,-1
$兴业银行(SH601166)$垃圾,-1
缺口待回补,0
请问公司股东有多少？,0
52目标价,1
去年分红后工行行情涨的可以啊,1
钱端招行案新进展：广州警方通报钱端实控人陈强等4人涉嫌挪用资金罪被批捕,-1
可以潜伏起来了。坐等起飞。,1
利润表详解,0
弹尽粮绝只有卧倒，只输时间不输钱。,-1
应急钱今天都进这个板块护大盘去了，明天可能回调一点。T吧,0
有点不正常。,-1
都看不到平安银行的尾灯了，破发银行。,-1
"北方冰的意见完全正确,由于是一个漫长的过程.很难分析.",0
这股可以大胆放心持有并买入，底部逐渐放量，而股价没涨，这是庄吸畴，以后可能就没这,1
别装了，下来吧[大笑][大笑],-1
明天会涨5日支撑,1
赶快跑吧！,-1
$建设银行(SH601939)$不到分红是不卖的,0
张婷诱惑还在你左右,0
收盘抄入有戏吗,1
还有20万股潍柴动力呢,0
沪股通连续3周净买入浦发银行 累计净买入3.49亿元,1
真垃圾  废物庄,-1
看下一只涨停股:恒逸石化（000703）或奥马电器（002668），现在就看，,1
上方套牢盘太多，涨补上去,-1
解放前的日子   味道奇特   期指远观亵玩,0
看看港股，看看它自己，算不算把自己打败了？,-1
大浪淘沙方显英雄本色,1
5.21进去被闷杀了,-1
大A自己雄起了！不容易啊！,1
银行股护盘了，不然又要千股跌停了。,1
等加息周期，水平高的可以玩波段慢慢等！,1
世界第一大银行，本散来了,0
涨停板敢死队：浦发银行复权价还在6000点下轮牛市遥遥无期！,-1
周一或周二可以择机买入!跟我一起发大财！吃大肉!加油！加油！加油！,1
"北京银行:小W双底或称型,你是否要登上这波向上的飞船",1
放心一万个不涨,-1
如此这般,0
这是在悬崖边行走,-1
机构在减持打压,-1
盈利稳定，低估值龙头股,1
好歹是个银行，为何没人抢股权,-1
华夏儿女都来买,1
美股大跌，银行又要护盘了,1
真无耻主了德性,-1
融资盘是北京银行的命门,-1
2019银行薪酬哪家强？平安、招行行长均为466万 农行人均最低,0
看好宁波。,1
买了憋屈，晦气，银行股,-1
12.75-12.81真的到了.呵呵.,0
高台跳水，满满都是套路，骗你没商量,-1
又要上演多头踩死多头的惨状吗？！,-1
gg了，,-1
我觉得它肯定会涨一波。这么人为化的走势，洗盘，打压，拉升，阴跌，就是来磨人的吧。,1
啊这,0
分红没有交行多，还有脸股价超交行？买这股的人是啥逻辑思维？,-1
昨天撑出才升1分钱,0
几手的成交量  基本没有什么人买卖,-1
千万别接盘，这个股票有大问题了！切记,-1
一些二逼在这里唱空唱高有何意义！何不实实在在的交流分享！,-1
年薪50万 为何大批年轻人“逃离”银行？,-1
下周一有望一阳补二缺，654，663,1
停熔断，是认错的吗？,-1
两天平盘，也是醉了,-1
透视中国平安2021成绩单：稳健增长、持续回报、改革创新,1
满屏都是假巴菲特谩骂别人的帖子，都是牛皮癣，污染环境。,-1
昨天每股11.04元卖写错了,-1
还得继续等待…,0
吹得再猛最终还得从图谱着手切入,0
这种黑心银行居然不跌停？,-1
炒股要顺势而为，持有福田汽谁不亏？,-1
$中信银行(SH601998)$配股价是多少,0
"看好兴业银行, 银行会是下一个风口",1
北京银行城高行龙头，知耻而后勇。,1
新的一年快開始了，祝大家新年快樂,1
维稳在哪里？价值在哪里？,-1
垃圾又要开启十连跌,-1
就是垃圾股,-1
尾市直线拉升不是吉象,-1
工行不涨，这个小啰啰也不敢涨啊,-1
复盘总结,0
卖出这毒瘤去华夏幸福目标8—9元,-1
打压股价,-1
建行就这么一点点流通A股，会不会被抢光？,-1
今天横盘,0
垃圾！！！！！！！！！,-1
大家低调一点，每天涨一分，年底也有30%以上收益，很好了,1
『流水线上三班倒』一位研究生在卷烟厂流水线上的分享。（题材来源于东方财富资讯）,0
"股市曰记:看不懂的中国股市,证金公司救市录",-1
17的成本，回来看看,0
601166:兴业银行2014年度财务报表审计报告,0
国家队围追堵截，你们别抛不就能涨停了？,1
此次的下跌，主因就是一半以上的融资买了垃圾股及极高市盈率股票。,-1
民生银行上半年净利316.23亿元 同比增6.77%,1
惯性下跌后将有反抽,1
深港通开闸，沪深A股上市的银行股，估值上升,1
三六五网:独立董事关于股权激励公开征集委托投票权报告书,0
数字人民币礼包又来了！交通银行携手京东再发1600万拓展试点场景,1
拜托20线再回踩一下[拜神][拜神][拜神],1
大哥你看看农行啊,0
一阴穿五线，牛鬼蛇神皆不见,-1
这个垃圾多少年阴了。,-1
想近日发财的去别的地吧,-1
刚刚开始有人关注，这股开始发力不是你扁一煸就阻止的了的，看好了,1
涨最慢跌带头！,-1
10。68融资买入10万股我就不信你还能跌,1
『不期而遇的温暖，生生不息的希望』由于，用了很久的一台落地灯彻底坏了，在『淘宝』,0
低点不会过32.47,1
民生银行：中国民生银行股份有限公司第六届董事会第三次会议决议公告,0
破39后全仓买入,1
#中资银行将迎来系统性重估#,1
银行股靠你了，还不发力！,1
兴业比爆雷还跌得多,-1
市场在酝酿暴跌，被恶意打压破净的中字头银行股是最安全的标的。,1
强烈要求姜建清留任，饱狗子总不饿狗子强！,1
$中国银行(SH601988)$,0
这行情再加上万1低佣金账户，美滋滋啊[大笑],1
没有方向了,-1
持股，一有大涨你就开盘扫货了。这样说有意思吗？真有水平，你应该在7.6附近淡定的,-1
中国银行：融资净买入707.23万元，融资余额22.58亿元（11-13）,0
南京银行拟收购苏宁消金控股权,1
880946 扩展看看，都喜欢意隐啊,0
看看股价，看看融资余额就知道这股有人在甩卖！不计成本的甩卖！,-1
假外资还能撑多久？大捞一笔后主动滚出去是良策,-1
降准了，创小板关门打狗，银行股否极泰来！,1
[图片],0
董事会预案分红，要到什么时候实施分红。,0
买工行就买港股，价格低，见效快，投机，投资，两相宜！你买4.74元，我买3.85,1
可怜的散户，今天又在地板割肉吗。我7快的本都没慌,-1
红盘，哦耶！,1
2023年会有牛市吗?    2023年会有牛市吗？,0
这一下股市健康了！,1
A股假如真对海外市场开放，银行板块是唯一低估值品种,1
它怎么了？,0
看来我犹得6.21元护盘了,1
"又是一分,哈哈哈.",1
基民惊现大逃亡，7月偏股基金遭近万亿净赎回,-1
四大行有三大行创出本年度新高，中国银行接近高点，中信补涨强烈。,1
明天来个涨停我过年消费一台4000块电脑,1
雄起，港股已经涨4个点了。你也学学吧,1
应该要来一波填权行情了,1
建行交行中信，已探出历史性的最低点！,1
最新策略,0
交通银行积极推进新型农业经营主体金融服务,1
股市两次探底，2500大底已经基本形成，12月25日、26日两次拉升苦于无炒作性,0
就是一件爬满虱子的华丽袍子[大笑],-1
民生银行(600016)融资融券信息(01-07),0
主力一直出货还有一波回调吗哪位大仙看看,0
现在的3000点极大可能是今年余下时间的最高点。6.66,-1
华夏银行(600015)融资融券信息(03-30),0
买入，7.5出货，打个短线,1
我已全仓了，尽了我所有力量，后面几个月看好银行，在不拉一波，今年都要过去了。,1
直接突破15，一支穿云箭，千军万马来相见。,1
持有8年，30万股。每年分红。从来没有税。,1
周K没起色，继续跌。,-1
002523放量上功,1
银行行行行行，银行不行行行不行，就买银行。,1
民生银行埋那么多地雷，至今都没有被银保监会，存款保险机构接管。依我看就哑雷，假雷,-1
建设银行明日（2023年01月10日）股价预测,0
如银行定下每年利润80%之上分红给股民政策就可救银行股。但.....,0
社保一说踏空,-1
明天就买它，但必须是跌才买，买了就有分红了，涨就等分红后买。,1
蒲发有个习惯，开盘硬收盘软,0
今天要是能在四元以上站稳就行了,1
除权后今天主力开始抢筹，目标16.5,1
中行，机构出货，小散买入，资金流出!,-1
存款准备金率下调1%，释放290亿资金，由于民生超额存款，等于没用，不发生什么作,-1
坚定持有银行就是套住了兴风作浪的投机主力！！！,-1
人生最大的悲哀就是大盘点大涨兴业银行招商银行大涨它不跟涨，跌下来跟爹，这就是所谓,-1
引曹植诗词,0
$招商银行(SH600036)$留下的发财我尾盘再看看要不要接盘,0
阵痛和修复矫正之后,0
今年爆火的可转债，配置窗口再现,1
两分钱玩一天[加仓][加仓][加仓][加仓],1
再不上船来不及了，大船即将出海打鱼,1
别卖了，就让他上20呗,1
你们买平安银行还不如买中国平安,-1
300211--,0
明天工商银行至少跌3个点,-1
5日线没有突破极限，诱多~,-1
银行“补血”创新工具扩容 多地“试水”转股协议存款,1
今天继续慢慢刀子割肉,-1
高开高走，昨天加仓加对了，加油涨,1
31.50等了一天，居然一单都没有接到手！垃圾主力,-1
一拉，做差价的就砸下来，永远涨不上去，4.7就像宇宙那么遥远[大笑],-1
持有建行10年。出来没担心过。业绩稳定，盘子小。,1
分一毛跌6毛，明天红股到账还有一跌,-1
最差的银行！,-1
周易算盘：美元指数暴跌带来的投资机会,1
开始拉稀了，这么快行情就结束了？,-1
顶流基金经理的一季报作业,0
小秘还活着？我一直在惦记你,1
华夏基金管理有限公司公告,0
今天没戏，资金都去平安，招商了，各位洗洗睡吧,-1
1毛怎么那么多人卖,-1
我要是有1000亿，全资买入北京银行,1
下午分红够到10.3,1
轩辕老师我这幢楼同事，光大银行成本价3.10元！我可是4.20元咋办！！！,-1
北京银行西单支行在康得新财务造假案件中扮演的角色与应负的责任,0
熄火了。,-1
北向今天买了5.6亿，啥也不说了[呲牙],1
板块垫底哦[大笑],-1
看这图，涨停了似的。哈哈,1
行长空缺两年将将落地 不上市的北京农商行或失资产规模老二地位 | 银行,0
行行好！涨吧！,1
来个主力放点拖单啊,0
民生每年赚了5百多亿，股价为什么不涨？,-1
搞得要崩盘一样 赶紧砸 卖出一股算我输,-1
以为兴业银行不给机会了，还是给了一点机会加仓的，再加了一点仓。再跌到18就直接满,1
大股东太自私了,-1
机会！机会！道森股份！！！！,1
没有一点节操,-1
哈哈，昨天本打算买平安银行，后来看资料基本面显示广发证券比平安银行强。最后选择买,1
这导致指数难有大行情；第二,0
弱鸡,-1
52等你！,1
为什么兴业大涨，就有人坐不住？本次兴业上涨，只不过是价值的回归，是补赏性质的上涨,1
银行、地产异动！,1
今天没有大宗交易吗？看来可以啦[鼓掌][鼓掌][鼓掌],1
兴业银行就,0
明天继续看好南好！,1
增持的公司执行董事林复胡昇荣汤哲新职工监事吕冬阳朱峰江志纯高级管理人员周小祺童建束行农朱钢周文凯、刘恩奇以及公司重要岗位等风险金,0
工商银行走了三年半的熊市，最近一周明显感觉有资金在低吸。现在介入，比走牛几年在高,1
一看大盘涨得过快，马上大力直线砸下去。,-1
明天额来买个十万股，不知道你们欢不欢迎,1
兄弟稳住不能涨，涨了韭菜们就赚钱了！等我回来。,-1
探索价值投资真谛——挖掘招商南京宁波银行5年涨5倍的投资逻辑,1
花这么点钱就拉起来了？？？,-1
突破8.8，站稳得洗一洗！,0
北京银行分红前小拉升一波，虽然没涨，却也没跌。部分投资者分红款到手后在12日直接,0
别再抱怨，看看贵阳银行上海银行你就会感激兴业银行的！,1
现两市好低洼地已不多民生算一个，珍惜之！,1
11元成本被套，请教高手抛还是不拋？,-1
热烈庆祝华夏银行走上俢复破净道路！！！,1
即将启动，短线出击！,1
出来了的，再别进了，平安都跌了7个多点了,-1
今天不破4.35，下周就是狂砸，每周一的必备菜,-1
民生银行10月18日被沪股通减持898.36万股,-1
今天想补一点都捞不到低价的，看来要过完年才有的买,-1
怎么感觉买建设银行好点，买建设银行我现在已经有收益了，这家伙现在还是绿的,1
上市银行人力资源大PK：薪酬、增减员、员工结构变化,0
你的兄弟招商证券今天被骂惨了，你也不争气！,-1
买入京威股份，来钱快，一天100万,1
涨二天，爹二天，涨涨爹爹，不涨不爹是休息日。,0
领跌,-1
过万亿的坏账,-1
大单的方向……往往就是您买卖的方向……,0
上波牛市收尾兴业银行涨到77元，这波牛市收尾北京银行将涨到80元同意的点赞吧！,1
今年外资北向和中银的关系有点像，2015年宝能抄底万科，估计外资要被骂野蛮人了,0
下跌中继后继续下跌,-1
起帆、三角、濮耐转债申购、中装转2上市分析,0
这货这几天有点不正常，闹肚子拉稀,-1
两市、最不要、面皮的上市银行！愧对“北京”两字！,-1
兴业银行主升浪来了！！三季度业绩环比回升！,1
大盘打破了世纪魔咒，雄气冲天,1
招商银行太让人受不了，走了不陪她玩了，让她自娱自乐吧！,-1
民生！！！回家吃饭！不玩了,-1
再给你们推荐个板块，山东黄金。为什么选黄金不选军工，散户慢慢想去，哈哈。,1
周一跌。很简单。股吧看涨的太多,-1
转发,0
真心说 当时康得2.6 买进 现在赚多少,1
$平安银行(SZ000001)$有几个机构相约打压股价，收集筹码，散户路只有一条,-1
活捉一只断章取义误导大众的妖精---正J妹！,-1
唉，老乡别跑啊！15.49不考虑来一下嘛？吃点俺们家的单子~,-1
大盘可以跌，兴业必须涨！,1
今天再次垫底，转战大金融,-1
好垃圾，垃圾分类中的干垃圾，可回收垃圾,-1
翻倍吗？,0
珍爱生命，远离股市。,-1
已经年内新低了,-1
601398:工商银行H股公告(固定利率中期票据),0
平安银行明天必涨，因为美国银行类股票上涨了，要跟潮流！,1
来吧新高,1
工商银行：融资净买入2653.7万元，融资余额37.09亿元（11-22）,0
这个33.33最低价出现好多回，是不是有什么猫腻啊？还是机构之间的什么暗号,0
财神看市换个视角看民生银行的上涨,1
交通银行(601328)融资融券信息(01-29),0
中行全体股东听好了： 从目前行情的演变性质观查~就是一个寻找莽子的接盘行情~打起,-1
平安银行：12.46亿元拿地 用于建设平安汽车金融大厦,1
近今年的地量！没有卖盘了！题材股挣的钱都来吧,1
糟糕了，港股尾盘再大跌到5.04，周一又是大幅低开，a股会不会直接跌倒5.10以,-1
建议银行股狠狠砸盘，吃的是草，拉的是磨，最后被吃肉,-1
垃圾就是垃圾,-1
银行股若不回调，就只有等疯狂后的爆跌！,-1
高价股换低价股等于送股，买进建设银行,1
买什么都不要买贱行，亏大了！贫分红，贪得块10%,-1
601998:中信银行独立非执行董事关于公司对外担保的专项说明及独立意见,0
证券才护盘，银行没动静,-1
证金也玩利好出货这招，呵呵,-1
粵港澳大湾区，金融行业尤其银行行业是最受惠，关注粤港澳大湾区的平安银行，股价在净,1
其实，美帝言行，更促使我国加大促进一带一路经济一体化互惠互利的进程，让众多国家更加主动与中国经济触合,1
又发大盘股，基金还是减持银行股才有钱申购,-1
跑了,-1
我连韭菜都算不上，顶多算个韭菜籽。哈哈今天终于盈利了,1
北京银行为什么不公布个消息为武汉捐助了多少多少的药品,0
对未来有信心还是继续套，呵呵,0
请问目前股东人数有多少？,0
短期最好不要再涨了，涨多了不稳定，先回调几毛钱休息一下，慢慢蓄好实力，再发展。,0
建设银行：融资净买入838.04万元，融资余额22.17亿元（08-04）,0
北上资金逆市抢筹，今年首次大笔买入近300亿元，看中多个“稳增长”行业，4股获十一周连续加仓,1
宁波银行(002142)融资融券信息(09-14),0
记入史册的一天：大盘跌8%外资净买200亿,-1
银行如果不涨一波，对得起国家降准吗？,-1
抄底抄底抄底。历史大底。高管增持。,1
股指期货一边倒的做空，做空期指躺着获暴利。,-1
交通银行(601328)融资融券信息(07-31),0
“17”时代第十五天，20天交易均价：17.82元,0
南行底仓就是赚钱的机器，跌呢就往下做，涨呢就往上做，以前做的量太少，往后可以适当,1
高开喊走吧，让昨天下车的不能上来，哈哈哈,1
终于要奔着3.9去了，加油,1
采菊看分红,1
价值投资 不会错,1
招行的股东数量，已经从前两年的20万增到47万了，别再高位接盘了，兄弟们,-1
继续跌吧，我在下方的44.2缺口等着你。中间会有震荡。但是我有耐心。最好一步到位,0
$平安银行(SZ000001)$什么时候分红？,0
今日这股收盘价5.84,0
今早刚买入就亏，明天还跌么[哭][哭],-1
弱鸡一个赚了5个点跑了买入大鸡鸡,1
暂时离开了 大盘启动而招商都不怎么动 看来这波大盘补涨 没招商什么事了,-1
泼掉脏水留住小孩,0
存量问题持续出清，零售转型逐步见效,1
啥时候能到50啊？,0
石油魔咒上演,-1
曾经最有活力，最有希望的银行，沦落至此，一声叹息,-1
分红吧，心好痛,-1
财经早班车：2019.4.1星期一,0
南京银行每股收益实际可以达到1.47元,1
浦发银行：连续6日融资净偿还累计4亿元（04-29）,-1
常熟银行算不算它的子公司，交行是它第一大股东呀,0
今天银行股都绿,-1
除了银行股和煤炭股外，目前这种价格的所有板块难言有整体投资价值。如：茅台等酒饮料,-1
服了工行，每天开盘即巅峰,-1
说北向资金买了银行股特别是招商银行，跟风的来了，北向资金跑了，跟风的找不到北了。,-1
分红率太低  赚再多不分都是虚的,-1
一片看空中就是买入良机,1
配置这玩意为了财富增值？老子是怕跌的时候出不了，买个公司业绩涨跌都不大，等分点红,-1
很多人又开始心里痒痒，,0
安邦的操盘手是干什么吃的 会操盘吗,-1
民生银行08月03日被沪股通减持737.31万股,-1
大家还记得一句话吗？珍惜现在14的平安银行，以后很难看到了[大笑][大笑][大笑,1
招商证券，有病吧，一次又一次，真恶心，系统又不能登录。,-1
600015:华夏银行第七届监事会第二十八次会议决议公告,0
5.44元刚才委托买入3.6万股。下午能成交吗？[摊手],0
机构只关心兴业银行三季报中一点.,0
"大底已现卖的是大傻瓜,,",-1
完了！新增贷款为负数！下周又得跌,-1
今天卖了君正集团，这几天把中信银行做回来！,1
当你们对讽刺莫衷一是时，我知道问题比想象更严重！！！,-1
就这贱股价还想搞什么增发,-1
我33.8的成本但愿明天再大涨一天就回本了[拜神][拜神][拜神],1
神经病,-1
先上甜点，正餐总在后头才开始,0
浦发大佬快唱多，大佬们个个几千万资金快让浦发庄给你们抬轿子。,1
为什么银行都跌的这么凶，比涨之前跌的还厉害,-1
000687华讯方舟[抄底][抄底][买入],1
快跑啊！拉银行大市见顶了。哈，哈，哈。,-1
你还要跌多久？,-1
一串骊珠,0
这么好的趋势还抛货？,-1
中信银行啊！！,0
$招商银行(SH600036)$ah价差在，不会跌，最终肯定会拉平,1
以服务质量为本，锻造首都金融名片；以资产质量为要，保持上市银行领先。,1
打压为筹码，目的是获配转债。,0
此股可买～～～！！！！此股可买～～～！！！！,1
收盘看量3.52亿，估计是证金也爆澡了，加速离开这垃圾，今天蛇宝证金最少投入十亿,-1
利好出货，明天不会跌停吧？,-1
指数的守护神,1
银行股怎么了,-1
拉起银行， 下午砸 ！,-1
财务报表的利润技术性手段处理的非常准确！高手！！暨隐瞒了利润，又保证了金融安全。,0
个人觉得这几年银行业绩增速较缓，浦发银行今年若是为了补充资本金，宁可适当少分些红,0
明年第一天开盘可能是银行股集体长阳领涨，因为新年新气象，今年表现不好的股可能爆发,1
转来资金了,1
今天一改颓势，晚上见增发消息,1
明天能够涨停我B任你,1
主力在不知不觉中已经撤退完毕,-1
什么时候能不这么下贱——老外的话就当是放屁,-1
用益-银行理财前沿：银行现金管理类理财更替加速！,0
有庄的就是厉害，招行今天大涨！民生拉一分钱都是反反复复，很吃力！,1
新高雄起,1
不是N年不涨，是N年下跌！为什么不涨还用问吗？像同期上市宁波和南京业绩增长率都是,-1
$华夏银行(SH600015)$研报目标价七块，冲呀！,1
浦发半年报提前，第二季营收305~315亿元,1
这些年莫名凌驾在浦发头上的耻辱一并还给你们,-1
利好就是利空,-1
停止无抵押放贷 回购严重低估的自家股票或战略投资严重低估的别家股权远远胜过无抵押,0
工商银行(601398)融资融券信息(03-16),0
理财又到期，源源不断转过来！,1
请看周线 月线 kdj,0
只要破了5.25这股就完了,-1
都觉得要护盘，大主力就是护盘也去拉中国银河呀，七夕快到了么[胜利],1
要是砸到6元多的话,-1
。。,0
天天说净资产，天天跌,-1
诱多出货，没看明白吗？真要拉升怎么可能这么早,-1
投中交易 | 冰鉴科技完成约2亿元C1轮融资，国鑫创投领投，投中资本担任独家财务顾问,0
$中国银行(SH601988)$有我这散户搅棍在这。你们基构就撤了吧。去赚大钱,1
坚持[大笑][大笑][大笑][大笑][大笑][大笑],1
中国银行本周主力净流出1.16亿元，居银行板块第十,-1
换谁也改变不了交行的垃圾形象，交行要从零开始，股民要求交行高管们减持自己的工资，,-1
不要很国行,0
6.95可以大量买入,1
交银庄家，你妈被搞了！,-1
弘讯科技603015可少量参与，头注公司发展,1
收购分心了今年9月,-1
季未又是月未还是年未，谁去炒超大大流通盘股！！！！,-1
问下，今天买的能享受分红吗,0
无锡银行又涨停了,1
感觉盘面总是受压，哪位能说说是何原因？,-1
宁波银行：融资净买入4936.63万元，融资余额14.84亿元（11-20）,1
国家都说整治银行，为何要当做耳旁风？,-1
招行这个垃圾，我34进的，还有比我高的吗？,-1
招行再来个涨停，帮这劣质股涨2个点我就清仓,1
反正要到明天才有现金了！算哒！,0
恭喜你超过兴业银行这个。兴业十连阴,1
月线大盘没有止跌的迹象，个人观点，仅供参考.交行，是很好的避风港。明年分红，加仓,1
顶住！！！,1
管它狗咬狗骨，总之能帮俺抬轿子的就是好狗。,1
50.19要跑吗,0
一红就崩出几个隐藏水底的家伙哈哈，都赚翻了吧。,1
有利于非公开增发，增发价13元,1
我打地铁，我去[大笑],1
这年头，还好持有银行来对冲[撇嘴],0
幸亏重仓买的是中国银行，元旦以来亏10%，买的别的都亏30%以上了,-1
笔越撕越大,-1
什么时候补6.7到6.5的空档缺口？？,0
不争气的样子……该打,-1
温水煮青蛙,-1
李大霄说“建行要跌到3元”,-1
招行11.28至少大跌2％以上,-1
银行股暴跌为哪般？,-1
干脆点,0
宁宜华生活红木资源第一股，红木资源日渐枯竭，比黄金还值钱，600978绝对优质白,1
阳线三兵,1
等你下来,0
人多力量大，散户抗大旗，[赞][赞][大笑][大笑],1
现在是外资买啥啥跌,-1
1，问：今天准备好资金买入510880红利ETF，今天价格2.857，能买入？答,0
6.18 早盘建仓牛股涨6%,1
民生银行有望成为大盘反攻带头大哥！,1
卢哥拿40亿收购600811,1
外围跌了，大A明天也跟跌。7.92,-1
大盘跌破2000了,-1
小编就会发不利浦发银行的消息。根本就不是,-1
浦发这是怎么了？,-1
北美原油暴跌！国际资金涌入A股！,1
$平安银行(SZ000001)$不敢看，不敢看，16的本只想回本，懒得补了，跌破,-1
今天最想成交的买单卖单都没成交做T好难,-1
否极泰来送给乐视和兴业,1
南京银行55日均线明日出现向上拐点！,1
中国银行11月20日资金揭秘,0
服了服了，怎么变成妖股了？？,-1
今天打算跌几个点？,-1
8月21日此板块形态完美，有望暴力拉升！,1
不洗洗涨不动呀。,-1
今天至少应该冲8.7元了吧。当定期存款，准备加仓。[赞],1
与国家队同在！我心依旧！,1
永远不买银行股,-1
改叫废品回收商行,-1
上不来下不去！不过敢这样控盘证明还是估值偏低！,0
【A股主流ETF】银行ETF7.10最新单日资金净流入高达1.67亿元，最新基金规模达61.38亿元！,1
业绩增速亮眼，资产质量总体平稳,1
最后一跌，拭目以待,0
你能不能红一下啊，我的锂电股又涨停了价值投资，[笑哭],1
大胆买了一下,1
大家打证监会电话12386投诉兴业银行。,-1
银行股早盘拉起,1
一开盘428就挂出一百多万股卖盘,-1
ipo上市就套现。谈何支持实体。只是个别人的暴富,-1
请问我倒下了吗，我现在资产是2014年的几十倍，箱体就是个头大无脑之人,1
外资与中资决战北京银行，QFII外资战胜中资。,1
买华厦现价买入最小持股2个月定有收获,1
涨一天跌半个月真是个奇葩回本了白折腾半个月,-1
今天至少又要跌5个点以上了。,-1
美股在复制上世纪大萧条前走势,-1
没必要对中国经济过于悲观，贸易就是买卖，不一定就是买方是老大，卖房也一定提供了什,0
头部已显现,0
成交低迷,-1
大家自己看，美国国家队高盛集团Goldman Sachs和股神巴菲特会中资银行股吗？那根本就是不可能的事，只有不明真相的广大中小散户才会相信什么股神巴菲特低估值,-1
康粉你们割不割,0
这价位睡觉都不用担心的。,1
获利清仓民生5.25，建仓5.20，5.15，昨天最高一笔5.24成交，完美。,1
要理性看待市场，大盘见顶了还得回到2800点去,-1
朵到银行股里来了，外面太可怕了[亏大了],-1
国家战略---决定中国银行的未来,1
干啥啥不行，砸盘第一名,-1
道德都丧失了还评为好人，谁是评委，谁给他的评委权力,-1
有点T飞的意味哈[大笑][大笑]前天挂单12.30昨天和今天都是挂到12.58卖,1
几年不见史玉柱！广发证券他来了！券商是个大蛋糕！,1
买了就后悔,-1
宁波银行：主力资金净流入343.5万元，净占比0.28%（12-04）,0
新任浦发银行行长也胆战心惊。。。。！,-1
宣布破产倒闭民生银行,-1
要套死很多人了[滴汗],-1
手中留了6万多现金，建行分完红共8万多,1
31.5等你,0
交通银行10月21日大宗交易成交1544.98万元,0
"心足了,走了,为大家能卖更高价祝福",1
不管你怎么吹，PB跌到0.9附近是肯定的,-1
冲啊，27,1
300435黑牛,0
平安银行系统整合本周末全部完成,1
刚进了一百股怎么没动静啊,-1
估计涨停板！,1
赶紧拉啊！我艹触发我的平仓了！,-1
加息利空银行股，降准利好银行股,0
同样一个三乌鸦 意义完全不同了  t,0
主力机构与散户和平安银行不友好？于股价和大家的利益有利吗？,-1
持有中行的11个理由！,1
资源股活跃 宁波韵升融资盘小幅流入,1
打回原形,-1
上19怎么这么费劲,-1
下来补缺口，等着进货,0
中国股市为什么不能反映经济发展状况，大家来说说,0
买！,1
浦发已经是鸡肋 的垃圾...兴业而是对散户虎视眈眈,-1
以前是主力在高位派筹码给散户，今天轮到我小散先派筹码了。随便拉升，今年不碰平安银,-1
最多就是考验20天线支撑！今年怎么也得解套,0
市场风云变幻！一觉醒来，上来一看，我用闲钱在兴业银行手机银行上购买的积存金，目前,0
谁知道这个公司有哪些雷呢？晃晃悠悠地从25.3一路走到了15.8，再砸2块多就腰,-1
这个人气飙升的太快了，从1600上到第390位了。,1
拉高出货了！,-1
平安银行作为前方没有套牢筹码的银行股，以后怎么走都是自己随性而已，好股难求，但求,0
安邦入驻民生银行，谁与争锋？,1
保持对大盘不乐观，虽然今天港股很夸张。,-1
第十届全国人大常委会副委员长顾秀莲： 内地已出现经济过度金融化的倾向 当局仍要认真研究金融领域的深层次矛盾及改革难题，不能忽视经济金融风险隐患。融资环境方面需要,0
你凭什么不跌？,-1
"涨给大家看看,说你连兴业银行都不如,涨停给大家证明",1
601998:中信银行信息披露暂缓及豁免管理办法(试行),0
还好今天没被骗 没割肉,1
重庆农商行（03618）：一座被挖掘的金矿,1
利率上浮52%   浦发银行北京分行大额存单业务受关注,1
中报赔钱了吗？？怎么拉稀了,-1
北京银行正处在爆发的前夜,1
大盘涨他不涨，大盘跌比大盘跌的还快，清仓走人了，留下的发财,-1
这么多利好，股民用脚投票吗,-1
601166:兴业银行2015年年度报告摘要,0
民生银行：第六届监事会第七次会议决议公告,0
我觉得其实空方主要是通过砸大盘股达到恐慌，大盘股只要不跌，空方就翻不起多大浪花。,0
如果能保持这个星期这样的行情也是很不错的,1
昨天减仓。。。,-1
此地无银二百两……,-1
跌五分，加五千,1
买银行得了！,1
我又一波神操作。。。,1
个人也持有招行，因为持有成本低，所以不太关心短期的涨跌，对于组合投资来说，招行是,1
大霄：基金气长 放长线 钓大鱼,1
丛容已经被南京银行磨傻。,-1
中信银行：第二届董事会第二十七次会议决议公告,0
题材相关主要有光伏组件概念、海上风电概念、折叠手机概念等,0
[大笑][大笑]我在张裕A看着你又绿了，等15.5左右再回来打点底仓。等看你的底,0
赶紧跑阿 银行股全体量价背离 拉高割韭菜 机构就是要割斯尼个韭菜才能赚大钱,-1
终于涨到3.83-3.84箱体[摊手][摊手][摊手],1
明天涨停天疯已经疯了让小舔舔能买包泡面吧，这毒瘤十几年连包盐都没有回报股民了，涨,-1
吧规。2021年3月5日21点20时起，严禁任何人在此吧唱空唱多！否则，人人皆可,0
北上资金买进去是为了股息。散户就不要玩银行股了,-1
怎么下的，今就怎么上来,0
建设银行(601939)融资融券信息(01-29),0
宁波银行:2021年11月17日投资者关系活动记录表,0
净资产17.50的绩优垃圾货！！！,-1
我的宇宙第一行还跌！？你涨涨呀！,-1
[想一下][想一下][想一下][想一下][想一下],0
这股是商行里面拖后腿的,-1
短线市场乏力，谨慎为上！,-1
一天成交不足3亿，牛,-1
大牛股，拿稳了，别被洗出去了,1
加油干，赶超苟安[大笑],1
补涨行情，不可异动,0
抄股不是看运气，是靠清醒的头脑冷静的思维、独到的眼光果赶的决定、信息多元化筹就你,1
资金连续5日净流出41股！,-1
超级权重股该拉的都拉了接下来该个么办,0
价格合理，拿住就赚钱,1
【吸芳不动手的话】，今年gdp大概率增长十个点以上,1
融资额度用完了，9.07元的民生会怎样呢？亏钱吗？,-1
建行怎么回事，牛市呢？,-1
40见！,1
哈哈东施涨今天又被绿了[大笑][大笑][大笑],-1
价值投资才是股市的长期生存之道。,1
宁波银行融资融券信息(8/8),0
非传统投资仅适合于有进取心的投资者。,0
中报这个月底披露完，6月30到8月31号，有2个月时间，股东可以进进出出N次，所,0
不对劲，一下打下来，大单压住……,-1
$兴业银行(SH601166)$技术调整不要怕,1
深港通开通在即的节奏，最后一波吃肉行情,1
这股短期长期都不错。[俏皮],1
死垃圾涨每你份，跌比谁都跌得凶,-1
现在没有一分钱玩一天了，只玩半天,-1
3860 3680,0
张一个月不够一天跌的 狗屎,-1
有脾气跌停,-1
兴业银行名副其实绿色银行，三张骗子,-1
招行 VS 平安：银行金融科技最全对比,0
深发展Ａ融资融券信息(4/25),0
这个价位可以入，慢慢等等27号中报。,1
我以后打死不弄银行股了，13的本要很久很久很久很久，今天一分，明天一毛，不亏是玩,-1
麻利涨停，,1
这个今天又不行了,-1
10家银行获准开展投贷联动试点,1
41.13回本[鼓掌],1
价值投资有一百种，九十九种是懦夫,0
601169:北京银行与力勤投资有限公司关联交易事项的公告,0
#指数播报#12月20日指数涨跌播报,0
"002371七星电子,航天专用电子供应商,盘小业绩优良成长高",1
中行用的k线技术在15年里波动太大～是一个不好判断指标。中行实用于用15年来的分,-1
7.03的本，何时回本,-1
多头反攻，碰到一鼻子灰，无功而返。,-1
$招商银行(SH600036)$港股的跟班也混不上,-1
zhu又在护盘了,0
现在的社会入微利时代，从2023年开始的3年内必须做好以下三点,0
只能依靠补涨走势时才脉冲一下。,0
无作为的下去吧！,-1
张大牛命里无财,-1
在这点位还想低吸啊？庄,-1
看不懂,0
牛B,1
这走势，明天肯定雨夹雪！,-1
星期一打版建设银行,0
浦发可转债适合参与么？股友们评论一下呀,0
早盘一度跌停 南京银行回应：目前经营一切正常,-1
买中国中铁——江西铜业,1
拿什么拯救你,-1
珈木科技：区块链技术为商品打造专属身份证,1
民生银行(600016)融资融券信息(04-29),0
前两天5.12都收不上来，今天5.09没人要[傲][傲][傲],-1
601169:北京银行股份有限公司与京能集团关联交易事项的公告,0
真的险，昨天正准备抄几双，犹豫了下，不然今天就被埋了[撇嘴],-1
真是无语了！重仓你了一一一,-1
601398你退市吧,-1
本周一定拉爆空头 冲上去！,1
601166:兴业银行2017年度业绩快报公告,0
今天怕是要凉，周五看业绩如何,-1
指数震荡有几天 雄安概念上涨可持续,1
你怎么也跟着凉凉,-1
今日华夏占不上11.4元，必回调构造小双底形态,-1
港股工商银行今天又大升了6.14元了，估计又是提前得到好消息了[牛][献花],1
平安银行04月27日获深股通资金净卖出1931.02万元，持股量减少190.96万股,-1
我还是觉得它贵,-1
指数拉的很漂亮，个股跌成屎了,-1
一季报，中央汇金减持的49663.9万股到哪里去了？,-1
招行给力,1
千万别买地产股,-1
废物废物你就是个废物,-1
停发新股会是利好么？,0
看看平安银行9.83净资产，16.7的增发价,-1
我从招行来，看看大家，哈哈哈,1
贵州茅台好但股价太高我认为也好不到那里去,-1
我，一,0
保3000点要靠银行股。,1
满仓银行等暴跌，银行股的行情一定是建立在中小创崩盘的基础上的,-1
中长期走跌，长期反弹，短期波段,0
几分几又几分w,0
不想多说，看图！！！明天如果不涨，主力机构就是恶意做空,-1
没有道德.没有人格的职业.股评家,-1
今天一鼓作气把大盘打到10个250,1
银行上涨都拉不起来了。说明什么……¨………,-1
中石油大涨2%，掩护指数假象为新股重启准备,1
639加了,1
又是你这个货在底部垫底,-1
股市将面临着大洗牌，你准备好了吗！,-1
9.33买了，放到过年吧，外面太乱,0
上午没有卖我好坑,-1
工行涨停？,1
买不买进来看看。,0
前3大股东持股比例非常接近，都没有绝对控股，只有增持才有话语权，等着看好戏：）,0
$平安银行(SZ000001)$低部起动[牛][牛][赚大了][赚大了],1
机构预计春节前降准概率大增,1
$民生银行(SH600016)$散户没力量，只能表个态,-1
大涨时不追涨，大跌时提前埋伏，今天9.75埋伏~,1
目前的情况能T吗,0
今天盘面，压力2945，支撑2900，2850，本周周线,0
满and 买,1
小心！你手中严重低于净资产的带血筹码，正在被蓄意唱空的忽悠！试问一下自己，你会到,-1
一叶落而知天下秋,0
你什么时候开始啊？,0
交行已是上升趋势，在二十线附丘低吸。,1
今天大跌，明天继续跌，垃圾银行,-1
割肉的时候到了,-1
$平安银行(SZ000001)$成都银行实在是太猛了，这样让平安银行实在没面子,-1
拿色打新股,0
现在是熊市第二波，千万不能抓反弹,-1
抄底啊啊啊啊啊啊啊啊！不要,-1
江苏省上半年城商行利润增长24%多，南京银行增长多少？,0
资产是净资产或市值数倍杠杆！通胀下数倍大利！,1
丝绸之路必将走向世界,1
今天满仓梭哈了，老铁们能祝我好运吗？,1
营收增长稳健、不良生成压力下降,1
我赞同你的说法,1
看工商银行起来了,1
民生董事会入选资格，前十，一名国家认命，其余提名全部按照股权来提名，3%可提议案,0
银行不涨说明熊市依旧，现在我只提醒各位散户坚决不去当炮灰了,-1
民生银行：2004年度利润分配方案实施公告,0
华夏银行创新融资模式服务“三农”,1
1分钟和5分钟k线进入上涨通道，没上车的赶快,1
加油砸赶上h股的价就好了,0
民生银行，。我今年炒股唯一亏损的一只票。眼瞎掉了，幸亏4.2全部割了,-1
浦发股价下跌，吓得小散们越来越悲观。8.51,-1
在谈投资变得越来越没有意义的时候,-1
7月底强势洗盘，增加换手，机构潜入，只为火红的8月,1
几大行中就交行象个傻X样，不减你减谁，连社保都看不上，丢人,-1
烂货，破净退市的烂货,-1
绝对反击！,1
午后个股成跳水楼台！近500多只股票瞬间跌5%,-1
竞猜：机构今后如果重点炒蓝筹，建行的股价会怎么样,0
突破性上涨已经开始，先回归十倍市盈率,1
优质的待涨股，,1
我方愿玩退市股，也不玩民生银行。这啥玩艺吗？长期老年痴呆症！,-1
故意打压，还要探底！,-1
601328:交通银行关于高管任职资格获监管机构核准的公告(2020/07/10),0
横有多长、竖有鸟高,0
起不来的，大家散了吧，可转债6.98转股，总共400亿，6年期限，可转债利息那么,-1
银行砸盘谁接的着？,-1
等你回到45,0
证金来祸害兴业了，没办法了，和招商同质地也没用。,-1
为啥压单卖14000手 13.34的这个价格，庄家压盘？？底部十字星看看明天是否,0
你们倒是卖呀散户不卖怎么大涨[大笑][大笑][大笑][大笑],1
什么意思,0
这级别的大盘权重股等基金进场了,1
我的股票池,0
昨天加了4万股仓,1
多空激战,0
放量砸盘，放量杀跌呀,-1
辞工作、卖房炒股的死托都去哪了？,-1
扎心了我的老铁,-1
又套牢了，这毒瘤不要让俺天天来啊！看不起你,-1
炒股要关心长期收益,1
18.6卖的我目瞪口呆,-1
如何看王亚伟--是真正神话吗？,0
转战次新股啦，再见。怕怕了。,-1
周四真是法定的砸盘日啊,-1
快跑啊，明天补跌了,-1
又砸了,-1
民生银行该怎样操作？,0
一次20天的预测已经来到眼前还有2天准备,0
全国性股份制商业银行里...第一个涨停板的应该是601328,1
烂泥扶不上墙，扶不起的阿斗,-1
一个巨大的阴谋,-1
北京银行还是很好的，我持有五万一千股，唯一让人感到恶心的就是有一批像审计之流的二,0
今天10.89买入，准备放两个月，看看春节前能到20不,1
此股明后天反弹一下,1
这货连跌三天，一山比一山低，恒大影响短期大利空明天仍然不容乐观,-1
三胞集团 三胞集团有限公司（简称“三胞集团”，英文简称“Sanpower Gro,0
低开是肯定了，但不畏恐惧继续买入上去就走,1
逃命要紧,-1
6.35是压力位，突破就可以上6.4,1
截至中午收市，兴业的买卖量数差额是银行板块最小的！！,1
?,0
今天开始建底仓，等他砸下来再慢慢搞。,0
$平安银行(SZ000001)$今天就帮我解套吗？？？有点不好意思了,-1
拉胯拉胯,-1
今天卖银行明天卖房子天天麦国政策,-1
以客观事实以事论事,0
赶紧增持吧,1
后悔9.6没卖吧，我9等着,-1
上涨时，头重脚轻，跌跌撞撞；下跌时，飞刀滚石，制作恐慌！,-1
定海神针早晚也是孙悟空手里的玩物,0
国家队再三说自己一股没卖！那肯定是傻叉散户在卖呗,-1
六部委齐发声！地产、基建、医药领涨，价值ETF（510030）涨近2%强势连阳,1
先闪了，主要是大盘下得快。,-1
今天50.6都不让跑 明天接着杀,-1
开拉！100万,1
有没有希望涨到13呢？,0
招商银行，区块链龙头,1
电动汽车与“双碳”战略,1
定海神针,0
"十八连阳带来的对牛市憧憬还在目,害人精呀",0
熊时忍住不买，牛时忍住不卖。看似简单，却很难做到，包括我，一点蝇头小利就一会一,-1
靠！！！恶庄家的狗宝晚上也不休息对我狂叫。没谁了！兄弟们我有多难，一说穿恶庄意图,-1
宁波银行：2012年年度股东大会之法律意见书,0
李嘉诚爱穿啥？,0
邮储银行向你我走开，估计明天又要补缺口了。,-1
这么少的流出股价就有这么多的下跌，可见主力没有任何作为！,-1
刀锋｜疯了，新股民大举入市！,1
当然有各种形形色色的事情在发生,0
市值不大不小狠尴尬,0
建设银行本周融资净偿还4898.53万元，居银行板块第三,0
宁波银行:2014年第一季度报告全文,0
既然今年GDP定了5.5%目标就要拼命完成的，疫情反复经济停摆的现状，靠什么完成,-1
JuanBenet和VitalikButerin聊了聊对去中心化社交媒体的思考,0
分红已完毕庄家在拉高撤离散户还在买,-1
轻仓银行，空仓神创，短线操作中小盘,0
这还差不多，主力资金开始翻红了。,1
Youreallysuck!,-1
11块的净资产.每股1.77的利润,0
看看港股民生银行都跌成什么样了，A股民生银行明显没跌够,-1
富勒烯龙头最有发展前途的行业是不是要启动了很快粘板,1
又是老二 改不了了,-1
今天可以出吗,0
朋友们，今日市场强势上攻，中小创指数涨幅均超3%！明天上午，我们将精选择优稳健票分享，所有朋友们，对于每只个股及时重点关注！上攻行情还将延续！把握良机！！！今日 [text omitted],1
坚定买入工行股票，价值投资，必有厚报！,1
增持超过5%为何不公告啊,-1
600000 : 浦发银行内部控制审计报告,0
龙头就是龙头啊招商牛,1
中信银行(601998)融资融券信息(12-25),0
买了你，成功地避开了一波又一波行情。,1
开盘涨停，行不？,1
下周涨停！,1
是谁制造了恐慌。期指结算日？基金抱团撤？,-1
快来我君正集团共富贵明天派现10派3元,1
来个光头阳线。,1
这货还得沉沦下去,-1
小散千态,0
看来年底完成不了增发，好还是不好？,0
放个鞭炮庆祝工商银行怒涨1分钱 TMD,-1
抄底，尾盘买入,1
银行股长线可以持有,1
股性呆滞，只有站上20才能打开……,-1
5.26准备一直拿到等分红。,1
昨天38.2卖了招商银行，是不是该哭晕，周一是涨还是跌,-1
赶紧涨，套老子好几天了,-1
不准册贴,0
10.55进的10000会站岗吗？,-1
干啥啥不行，跌幅第一名。,-1
最“差钱”：民生银行(600016) 　　经营活动现金流量净额：-3677.52,-1
感恩南京银行！,1
短期依然持下跌观点,-1
$招商银行(SH600036)$希望招行再跌10个点，让我涨涨见识,-1
22元的招行比11元的南行更有价值,1
不承认股灾，就应该无期限停止新股发行和注册制！,-1
后悔买入民生股,-1
浦发星期一复牌，兴业会高开吗？,0
我后悔了，昨天一股也没卖。[微笑][微笑][献花][献花][献花],-1
请问：公司高管能否也像中国平安、招商银行高管一样增持本公司的股票，以实际行动表达,0
垃圾桶,-1
持有,1
博主多大？,0
有本事涨停一个月,1
现在不管是唱多还是唱空者，本质上都是看好交行的。唱多者是已经完成建仓了，自然希望,1
肯定又崩盘啦 崩盘了 跌停无疑了!!!!!!!!!!!!!!!!!!!!!!!!!!!!!!!!肯定又崩盘啦 崩盘了 跌停了啊!!!!!!!!!!!!!!!!!,-1
促进其品牌效应的释放，寻找新的盈利增长点。,1
中国银行融资融券信息(5/3),0
中报地雷,-1
请问下大神银行股里还有比兴业差的吗,-1
房贷集中度新规出台 对银行和购房者影响几何,0
北京银行出现新的涨停板！！！净值10.6元之上！！！,1
今日股市吐槽：别提3300，你爹套在5500,-1
工商银行十日净流入5亿，每天阴跌！必有蹊跷！,-1
跌的象,-1
机构明天开始拉升，下周新高！年报遍预期，一季报更加出彩,1
九阳神功是牛市开始？这论调有点扯淡！,-1
厉害了我的招行,1
连续跌7天，很好，价值投资典范。真是不该摸银行股。就是调节指数用的。,-1
教训深刻回不了头了,-1
补缺口21.77,0
央行开出1号罚单！中信银行被罚2890万，连续4年收巨额罚单,-1
主力在对倒，不要着急，让它自己玩,0
最好的办法就是散户不交易,-1
诱多东没力,-1
历史就是规律！$上证指数(SH000001)$$深证成指(SZ399001)$,0
交通银行09月04日资金揭秘,0
淫行股里面只有平安等几只还算正常思维，其他的都是短路的，逆行的,-1
担心回调，出仓了，主力还是在进入中，如果能真的回调，准备再进。,0
中信银行是私企，是打造世界级投行的国家龙头。,1
"拉中石油其它都没有动,赶紧跑",-1
主力拉起来,1
扶不起的阿斗？,-1
天天刷增持，是有什么雷吗？,-1
跟据中国股巿特点，改革现金分红强制除息，把除息的权利交给巿场，利国又利民,1
转发,0
转发,0
降息踏空者别灰心，满仓者也不容易，大家互相鼓励！,1
明日大涨,1
股指没有大幅上涨理由！午后冲高是最佳减磅机会,-1
完了周一大跌。现在银行股连最基本的防御功能都没了。周一很危险。,-1
垃圾中的龙头品种，潜力很大。,1
不着急等翻倍，天天盯着几分钱累不累，哈哈哈!,0
刚才看了一下，我用闲钱在兴业银行手机银行买的那点积存钱，目前账面盈利10361.,1
股吧里唱空的开始多了,-1
出，明天要跌停了，惨了！,-1
你赚钱还少吗？这么打压A股的股价。一点中国人的志气都没有,-1
转发,0
明天估计会红一分钱,1
飘红我吃了,1
中国银行(601988)融资融券信息(03-13),0
蓝筹资金全面突袭,1
看着样子今天有希望攻击年线，加油冲,1
每天做1毛钱的T，稳赚,1
这些机构是有多恨银行股呀，这么不喜欢，当时为什么要买呢？,-1
投资者诉ST天成（600112）判赔4000万,-1
#南南学理财# 我们常说的沪股通、深股通、港股通到底是什么？,0
搞点玩玩,0
$北京银行(SH601169)$收购好多优质资产可持续发展资产。,1
妹子已把002107最后1000股，换成中行了。,1
中国恒大都反弹了！做回人吧！反弹一个点就行！,1
天量后见天价，地量后见地价，看看这次准不准？,0
中国银行，底部形态已形成,1
双11成交再次刷新新纪录，电商概念股下周或将起爆,1
按季分红,1
为什么个股一地鸡毛？？？。,-1
荷兰银行大跌6%,-1
质疑声中，A股三大意见领袖一致看多：4月迎最佳买点，赶紧上车,1
明天就该珍惜11的平安了[大笑][大笑][大笑],1
只有胜利才能生存，只有成功才有代价，只有耕耘才有收获。,1
建设银行换一半去601997贵阳银行点看?,0
今天炒的就是预期,0
如果大机构进驻、那浦发银行这个股价会涨得你透不出气、哈哈哈！,1
你知道我在等你吗？,0
红利ETF成分股点评工商银行已经发布了2020年年报，ROE下降了8%，工商银行,-1
广发证券维持兴业银行买入评级 目标价32.3元,1
你惦记着分红！机构割你的本金！哈哈哈,-1
最可怕的是工商银行和中国平安！它俩带头下跌，整个股都会遭殃！,-1
交通银行一年赚八百亿，为啥不回购股票，维持正常的价值，这么便宜的回购，公司也赚了,-1
感谢民生银行！！！今天真是太高兴了，民生银行又创历史新低，机会难得，又加仓800,-1
特大户就来个一日游，真他妈的差劲,-1
民生银行已经不是2015年之前的强主力，上方连续的2200手抛单就是大利空,-1
摩根士丹利看空四大行背后，自己的优质资产别让外资捡了便宜！,-1
$浦发银行(SH600000)$克服恐惧，大胆买入，坚定信心，长期持有，必有厚报,1
上午假跌，下午大涨，站上6.85元,1
全体注意，14.85元平安银行顶背离了，有差价来了。,0
重点关注 牛股的基因永远是：业绩暴增 盘小 成长 行业（高科技、有色和军工） 低估值股价低 多题材能讲故事,1
热烈祝贺中石油带领大盘进入股灾4.0,-1
有懂的可以看看券商股,0
平安银行这是可倒闭吗？？,-1
民生银行的坏账是很值得怀疑的。因为我明确的知道，有许多银行的放贷款人与贷款人相互,-1
关键时刻银行金融能否担当重任？重点关注！,0
习惯空闲看看东菜，老熟人都不在冒泡了，想你们了！,0
利多反假利空打压，筹码右集中，盘口轻，随时有垃升！,1
"周未再不降准就完了,坚持不？",-1
做价值投资 捡大便宜 赢在未来,1
A股比H股高出60%，这个水分太大了，说明价格还是虚高。,-1
又出什么鸟大事了？英国脱不脱欧跟你有半毛钱关系吗？,0
银行的理财产品竞争不过余额宝、陆金所、P2P等理财产品，它存在原因是几十年建立起,-1
民生银行港股所谓配售的股票究竟给了谁？,-1
招行今天表现太差！,-1
终于见到回头钱儿了[哭],1
300股指期货恶意作空，以100亿的成交量导致大盘几万亿流失，不守住股指期货，再,-1
T早了，唉,-1
龙头到底是你还是张家港,0
股价已经被工商银行成功超越。你还要沉沦到何时！！！,-1
几位大仙请用力，快把股价吹上去！,1
资金杠杆的投资者，,0
兴业，拿了8个月，说是业绩好，价值投资，麻痹，就是垃圾，拿着折寿,-1
一坨,-1
我今天不该走一半,-1
msci能否加入的悬念,0
走了，留下的发财[献花],1
明天中信要爆发,1
还好跑了，上午跑还不至于亏[大笑][大笑][大笑],1
快跑，反正我跑了,1
这一次终于帮助那些机构使劲拉拉到他们，增发的时候了年015年的时候，那个。终于可,0
浦发的颓势不但包括走势，最重要的是基本面变了！,-1
北京银行：连续3日融资净偿还累计1171.44万元（03-03）,0
回调应再买，定会好回报。预8月份业绩公告后有2o%回报。,1
民生银行到了还债的时候了,-1
这边一休市，港股暴涨,1
业绩好不如獐子岛,-1
小散进场闯码头呀~有钱就往里面丢~抢权的号角每股有呀~有钱使劲往里丢。不是哥哥不,1
深圳发展银行1996年年度报告(摘要),0
明天-5%妥妥的,-1
明白人早说过:云梦莲花,0
下跌时，风险变大了么？,0
赶紧告吧把这B事解决了,-1
破净股尽量选分红率高的。分红是对我买到的打折净资产套现的途径之一。,1
！洗盘开快抢！,1
妖精,0
炒银行能累死，蹦不起来,-1
银行是国家调整中要减少利润的部门，向企业靠拢,-1
$北京银行(SH601169)$昨天晚上下单成交了,1
宁波银行牛逼,1
一撤就撤光了，一买就买光了，高度控盘，六元见,-1
狗基金经理又开始打压绩优股浦发银行,-1
厚颜无耻,-1
14:45分瞬间流入28亿,1
分享图片,0
现价买入16.06元是净资产17.80元的0.9折.,1
中国的国情，城市化建设决定，道路市政维养绝对是个大蓝海。森远股份300210是雄安股中的潜力大黑马 深沪两市唯一的道路市政维养股 把握点,1
有本事别撤单,0
大家一起举报信雅达有人操纵股票,-1
银行股今天都跌呢,-1
现在，该不该增持工行？,0
$北京银行(SH601169)$北京银行承销全国首单新能源领域科创票据,1
平安银行是做空指数工具,-1
金融强省      刘士余广东之行后      广东金融刊文广发证券战略       广州金融业正在经济中发挥越来越重要的作用，上市公司总市值逼近2万亿,1
死中金！,-1
29.75挂单买的，底仓。,0
平安银行一季度净利润同比增8.12%,1
我对工商银行的理解,0
一分钱就可以压的死死的，牛逼,-1
粤式早茶，鼓乐，来喝茶,0
进仓等涨停板,1
浦发银行股中跌得最多,-1
股票的价值是做出来的，不是写出来的，更不是说出来的，哈哈,1
轿子已经准备好了，请各位主子上座，我马上吆喝基金经理们来起轿~~~,1
银行股盘子大，一步一趋不可怕。,0
切记！牛市捂股发大财！北京银行巳结束了长达七年的熊市，已开始迈入长期的牛市，牛市,1
闲说股市之箴言一,0
600162，002797，要启动了,1
重仓平安银行40万股，成本12.35，中长线，目标一年18块，大家怎么看？,1
下半年整顿地产！银行恐怕要受牵连，不敢抄忍住观望吧！,-1
长江电力比兴业还高0.6元,0
我的天啊！这是哪位天使大姐在拉上去，又砸下来，又拉上去啊？简直就是让人小心脏扑通,-1
股东是真的多,0
今天很关键，尾盘发力,1
盘尾区块链炸板，炒作结束了吗？区块链还会再起行情吗？,0
师傅,0
钱少人也傻的市场,-1
好了好了卸载软件一年后再来,-1
跌到两块钱，满仓杀入,1
都想等更低，可就等不到,-1
担心,-1
这个九月，基金圈流行这10个热词,0
大资管时代财富管理智能升级 浦发银行打造“资管+零售+数字化”生态圈,1
风水轮转，该到了银行股上涨的时候了！,1
转发,0
涨时不见影跌时跑得快这就是价值投资?,-1
起航！,1
银行股都成僵尸股了吧，一天成交量都没一个小盘多,-1
开始稳大盘了？,0
$招商银行(SH600036)$2022年低估值的蓝筹股与白马股，高分红高股息，,1
建议：短期券商、银行、保险等逢低逐步介入,1
4块多钱的建行，还天天分析来分析去，猪都笑了,-1
国有股百分之十划转社保充值养老金,0
人民币今天贬值0.27%本周贬值0.9%,-1
乐视万科复牌之日就是工行跌停之时！,-1
娃哈哈,0
宁波银行，心高来。,1
死股，割肉走人,-1
北银如果换个董事长，暴露真买不良可能3千亿都不止,-1
昨天大跌竟然来不及操作.10.63,-1
时下，股市自15年5178高点，已经有40%左右的跌幅,-1
传闻级的假黑天鹅越多，行情的级别就越大，好事,1
大佬们，我现在买入等到分红我会不会交税赔钱啊,-1
天堂湖 5月16日的神分析 预判大盘这两周走势,0
下有支撑上有压力,0
还特么的抱怨散户多，银行股暴跌，这是散户操纵得了的？,-1
黄金坑3150点，买买买！,1
重磅消息---招商蛇口,1
大盘上涨，你又来这手，砸盘,-1
天天不是控房贷就是弄贷款利率。就是让利实体经济。反正银行就是后娘养的。没意思。,-1
601169:北京银行关于非公开发行优先股申请获得中国证券监督管理委员会核准的公告,0
你们压根不知道民生藏了多少坏账,-1
涨1天跌3天[想一下],-1
李白乘舟将欲行,0
[大笑][大笑][大笑][买入][买入][买入][买入]满上,1
平安银行快6个点了！,1
别上了唱空的当,-1
虽半年报业绩好，但大市银行股跌，华厦随银行板块盘跌，大市转好相信华厦会带头升。持,1
你最好不是骗炮,-1
宁波银行(002142)融资融券信息(04-10),0
华夏成长！大喝一声！自己看看！八个四分位排名七个不佳一个一般！人要脸树要皮！你们,-1
干一场,0
转发,0
$民生银行(SH600016)$3.5的民生银行也不是没有人买到过,1
平安又没事急什么,0
这么大一个上市公司今年A股什么时候分红也不出来个公告什情况呢,-1
其实hk早在去年1201开始就沿着五日线走了，看看hk能不能填权,0
股息赶不上跌的损失，吸血鬼！,-1
又涨停了 牛,1
今天就帮帮庄家们，我就不高抛了,1
北行和四大行差不多呆啊！！！,-1
年报快报的逻辑是真混乱，利润215亿，股本不到160亿，怎么算出每股收益1.2元,-1
兴业尾盘24万手什么情况。哪位大神解答一下,0
这织布机织的挺漂亮的[笑哭][笑哭][笑哭],1
虚假大蓝筹超级黑天鹅，坏帐一大堆千万别再追,-1
低价增发就是掠夺小股东和广大股民的财产，股价不到招商的一半就是报应，还没结束呢！,-1
价值投资者遇上了黑天鹅,-1
4.21的成本，解套了就卖了，俺是农村的攒钱不容易，全家的钱俺都炒股了，几十万啊,-1
哈哈哈哈抄底的可好？,1
滑下阴行，金玉其表败絮其中，没有大资金关注是有原因的,-1
织布机,0
看来，北银就要下地狱了！,-1
就没见过哪天你不拉稀，开盘卖一点都没错,-1
业绩还不错哎。,1
国网英大增持戏才足,1
122875给力！76元成本还得了分红一次！！！,1
大盘最近的每次下跌都是，和银行股有关，有人在故意打压国有四大银行股，使其银行股长,-1
按目前分红节奏，十年，一个万亿级公司，白送你,1
毛利高业绩好  今年的高转送妖股成长股  先锋电子   目标价168,1
民生银行08月22日资金揭秘,0
停牌才是硬道理，同意的点赞！,1
这个股表现太弱了,-1
"目前区域都属于风险地带, 实盘减至半仓 ★★★★★",-1
超级重磅！东财为首的大券商将掀起涨停狂潮！！！从估值角度来看，截至2020年4月,1
中国银行正能量！加油！,1
交通银行07月09日获沪股通加仓672.94万股,1
天阿们上小和尚洗头,0
招商银行05月10日资金揭秘,0
真他妈坑人,-1
沪深股通十大成交活跃股（05-10）,0
银行股机构不停的放充逃命  这里面到底有什么..,-1
同比二季报营收分别是77亿，和86亿。,0
涨！接着涨！给看空银行者一个响亮的耳光！哈哈,1
先涨银行再拉券商！广发证券封板涨！,1
股吧里的人真是傻得居多，利好利空分不清，散播不良信息的地方,-1
为啥跌这么多？,-1
我发起了一个投票，【#建设银行#建行股票的近五日平均涨跌幅度】，快来参与投票吧~,0
现在看量不看价 在上升趋势中，量能需要逐步放大，回调缩量但不能太小，说明关注度没,0
港股中国银行平盘收盘价有点不舒服,-1
小小说续（8）：缺口下收小阴星，主力你想干什。,-1
$中国银行(SH601988)$2007年的6124.04点见顶到目前的大盘～一,-1
持续加大科技与业务联动,1
招商银行：第七届监事会第十次会议决议公告,0
恶心垃圾,-1
别激动，别生气，民生该咋走？,0
个股涨停家数全面增加 保持上升通道个股遇盘口压制带来低吸机会,1
兴业银行在2020年Q1前，15.5块买入，不到这个价位，不要出手。,1
银行有个屁的利空，主力就是想分红钱多拿点低价筹码[大笑],1
虽然没有银行股，不可否认的是银行的确最有投资价值。,1
跌到9元，把所有其它的都换南京银行。目前只占六成。,0
工商银行是垃圾！,-1
北向天天卖，唉,-1
江苏股东生猛增持,1
几大行，偏偏杀建行？何解？,-1
中信银行上半年实现净利润257亿元，同比增7.12%,1
趋势预判和重要信息梳理,0
今天的回调很正常,0
康得新告北京银行，原告负举证责任，但是康得新什么证据都拿不出来，因为本来就是耍赖,-1
记住2018年11月16日——垃圾股的末日，大牛市的起点！,1
一路补到10.8，哎…………,-1
转发,0
发行价，30.82(301151),0
涨起来磨磨唧唧，往下掉但是一骑绝尘，引领我的自选板块,-1
一家正规的上市银行，居然敢多次开出122亿的虚假存款函证，这个国际笑话有点大哦,-1
今天挂21.46的有几个，举个手,0
明天又要暴跌,-1
传闻高层对周五的暴跌非常震怒,-1
彻底完了，已经不是以前的招行了，内部问题太多[傲][傲][傲],-1
意难平，连续两天尾盘压盘。gou东西。,-1
牛市消灭了4元以下，消灭了破净股，接着是不是消灭市盈率10倍以下,1
庐茨溪、马岭古道风景。,0
什么时候能回本,-1
看现在的成交量确实涨不起来，不过也有时间慢慢在该价位慢慢吸纳了！有了钱继续买！,1
今日会有迷幻，是有些惨了。 兴奋过度必有后患，会向5线的3050附近坠？ 能给自,-1
银行真的不行了,-1
板脸色，不要定时。,0
于6月份行情是不看好的，因为历年来6月份市场行,-1
超在半山腰了,0
在垃圾股面前，就问你们服不服！,-1
17年17块没买现在后悔3生,-1
止跌了嘛……,0
科迪乳业,0
鸡苟拼命打压银行，拉低市场泡沫，年终驱小散接盘高位股,-1
今天会跌倒6.75吗？猜猜,-1
跌路漫长,-1
彻头彻尾沦为做空工具！,-1
先跑再说,-1
600000：就惜尔大涨,1
有你哭的时候。,-1
证监会副主席方星海：目前中国股市状况不同于2015年 我们非常放心 2018年0,0
十三年挣了7628亿，股价又新低了，谁操控股市，出来我保证不打扰你,-1
我现在成本6.7元，套的我没脾气了，十年不卖，涨百分之五十应该没问题吧。,1
可怜的散户每人亏41万，还要感激他们,-1
涨停了啊！这毒瘤天天涨停了啊！,1
中国最赚钱第12名的公司，轮为三、四流公司的股价，你像中国神华将80%的净利润分,-1
北京银行的股价增长1倍没有问题！！！,1
51没问题,1
50指数确实调整了，但50指数依然是被低估了，银行为首的低价低市盈率高分红股依然,1
打下来价格，准备救股市命了用了！,0
WEMONEY研究室朝闻：华夏银行2020年净利润下降2.88%；汇付天下3月底退市,-1
工商银行：H股公告,0
什么玩意,-1
大象不会飞？,-1
为啥破净股越来越多？,-1
狗肉的护大盘,-1
「云淡风轻」股票市场风云变幻，股票价格走势事与愿违，是家常便饭的事。[献花],0
说散户是韭菜，错。确切说应该是草，散户吃的是草，挤出来的是牛奶。主力、大股东都是,-1
高台跳水比赛开始,-1
依然看好房地产、汽车两驾马车拉动经济增长！,1
看来建行不给我买入了。。。,-1
一定高过外资平安银行的股价,1
谣言也是调控市场一种手段，造谣者也是奉旨，何,0
大盘跌中行打冲锋，大盘升中行跟屁虫！[不赞],-1
权重股集体互助最后减仓出货,-1
这个好像和指数同步,0
知道你一定会涨，可这一天到底在哪里，遥遥无期啊，拿着就是煎熬，已经亏了12个点了,-1
小波波要见顶了吗,0
错过天源迪科快上高伟达300465,0
友情提示:有市值的，别忘了申购新股。,1
当作存款。,0
@白忙呼 老白，北元集团你中签了吗？,0
"不许涨,跌个3个月 4.2我再补仓,然后拉平开始新行情",-1
现在持有什么股票后市可大涨,1
"这种害人的股票干脆不要上市,大涨下,连续跌",-1
当牛市时,1
个别银行理财产品整改“重形式轻实质”,-1
兴业银行这么多年一直收益领先，二季度真的会低吗?,-1
垃圾银行，银行只有招平兴宁。,-1
买了点,1
央行周四大幅回笼资金短期投放仍克制 本月或将大幅超量续做MLF,0
建设银行非执行董事辞任,-1
有本事砸到我的成本价！,-1
小散还再买，纯属找死……,-1
投机垃圾题材概念股的韭菜和游资们赚钱是偶然，亏钱是常态，可以说大部分韭菜靠这两个,-1
光大银行起涨了.它是银行股中领头羊.是下轮的风向标.,1
银行股领涨吧！,1
牛逼,1
$宁波银行(SZ002142)$波波跟平安银行成了跷跷板了,0
【沪港深低估值原子弹】你想了解的价值基金！,1
$宁波银行(SZ002142)$宁波银行月线M头。,0
龙头大涨小回调，买进，目标30元。复制白酒走势银行中的茅台。,1
《乌龙指》想的是加仓工行，买单打成卖单了，一看持股数少了，赶紧再买！调整市值配置,-1
看看国庆旅游数据就知道了，救希腊不是买希腊国债，而是开辟希腊旅游路线，商谈人民币结算事宜,0
工行盘了这么久了，可以加仓了,1
艹，大户在高抛低吸,-1
北京银行高管涉内幕交易 信披制度性漏洞凸显,-1
"买申万宏源，民生银行，宁波银行,又可以分红，又可以打新股，股票也不会下跌太多，资",1
龙头,1
“银行让我明年再来！”一线城市房贷额度全面告急，个别银行暂停二手房贷,-1
公司高管的耻辱！,-1
十六年过去了，京行从12.5岁出生，至今活到了4.57岁，却越来越年轻帅气了，吾,1
现在的行情不可能转势，只有一个可能，就是做上影线[大笑],0
小跌小买大跌大买[滴汗]至少补上缺口，自我安慰下,0
平安银行，这次回调，奔着15元去的.逢高就抛。,0
昨天下午9.00又买入，随你折腾去,0
"腾讯股价再创历史新高,13年,涨311倍",1
这样的绩优股要是每季度分红就好了。,1
看来国家队又开始炒开板新股护盘发新股,0
各种抄底，没钱了,0
又是高开低走的套路[好困惑],-1
【主流ETF资金动态】 医疗ETF最近3日均实现资金净流入，最新规模达10.17亿元！,1
平安爸爸吃肉儿子喝汤,0
平安银行利润增速创近7年最高！开年以来涨幅第一，银行成行业ETF大赢家,1
$民生银行(SH600016)$短视的人终究赚不到钱。,-1
转发,0
$工商银行(SH601398)$工行今年是不是就不填权了,0
江苏银行业绩快报：上半年净利同比增31.20%,1
工商银行：连续5日融资净买入累计1.27亿元（01-21）,1
请问股价这么低，早就跌破市值，是不是和贵公司留存利润太多有关呢？,0
唉！！！！玩的好好的今天这是咋了？难道是主力在科创板处讲完故事不小心擦枪走火啦，,-1
中信银行：连续4日融资净买入累计6050.03万元（11-30）,1
安邦系不符合银行持股新规，要减持到5%以下，居然有人当利好看。,-1
股市不炒预期了？畸变成这样！我为天下苍生大哭！,-1
建设银行：连续3日融资净买入累计1.08亿元（04-21）,1
招商银行和兴业银行快报对比,0
建设银行今年有可能会涨到25元！,1
卖出13亿[捂脸],0
粉饰太平[不赞],-1
反弹回购潮！63股发布回购预案，8股最高回购超10亿元,1
杀敌三百，自伤九万！,0
6666666666,0
降龙十八涨,1
三季赚0.54元。四季报0.7元以上。哈哈哈，哈哈哈，哈哈哈。,1
大金融，大蓝筹，T+0风险可控，持续盈利能力那么好，可惜还是蜗牛的步伐。,0
该不该走,0
史大闲人本想获增发，没想到未成，只好在股市上粗暴买，2%的时候民生股价已经缓慢涨,0
再一次上轿机会看你识货不,1
做T降成本！,1
暂时,0
赶紧清除手中银行，估计银行要开刀了,-1
被宁波银行拖累死了,-1
今天开始建仓！[微笑],1
持有到3月31日必有收获！,1
今天又是打酱油的一天。,0
浦发银行应该向兴业银行学习。两年前，二者股价相差约3元，现在相差13元了！,1
贵行2020年中报显示计提金融投资减值损失66.79亿元，同比增加56.57亿元,-1
前2天还可以，这2天又回到解放前，白忙活,-1
借拉升持续减仓,0
别跌了，地底都漏了。,-1
要大涨，不知感觉如何,1
不要下车，还要涨的。,1
浦发银行,0
大家一定要珍惜13呀，否则13也保不住,-1
再压也就是一天，没有多大闹。,0
招行拟和摩根大通成立投资公司,1
兴业银行与福建投资集团签署战略合作协议,1
深发展Ａ：非公开发行A股股票发行情况报告暨上市公告书,0
估计是凉凉了，没得玩了,-1
打压指数消化中移动上市消息,0
利好，2个涨停！！,1
大单对倒诱多,-1
过来凑个热闹,0
平安银行融资融券信息(9/3),0
大盘下跌努力抗，大盘上涨基本不相关！—北银日记,0
怎么突然都在加仓银行？,0
瘟股市,-1
金融割韭菜会议之后，胶市上影亡命狂奔大戏。,-1
为啥老发绿色债券，不知道股民就怕绿吗，！,0
明天兴业银行一季度业绩公布。,1
垃圾就是垃圾,-1
金荣股不涨，A股永远看不到10000点,-1
1号还有的玩吗？！套死了,-1
卷入违约风波业绩明显滑坡 ，广州农商行高管被查回A之路堪忧,-1
不抽烟不喝酒还净干好事的，活23岁——雷峰,0
中信银行合理价位在15元,0
我还是在观望一下。,0
开机,0
有没有老头，老太太在银行的宣传下当理财买原油宝？,-1
条码支付规范刚发布，支付机构客户备付金交存比例又调整了。近日人民银行下发文件，2,0
平安现在涨跌幅排名垫底已是常态,-1
内地银行与同板块反向暴跌。不多见。个人大资金投银行股吃分红和姑息。加上银行浮筹比,0
翻倍成长低价业绩优小盘军工股票通达股份目前股价严重低估正式最佳介入时机,1
牛市因何而来？一种驱动力是上市公司盈利的持续增长。这个是很靠谱的，大概可以提供年,1
唉，知道跌的差不多了该涨了，奈何手里没子弹,-1
立即买买呀买买买买买买买买买买买买买买买买买买买买买买买买买买买买买买买买买买买买买买买买买买买买买买买买买买买买买买买买,1
一带一路”国际合作高峰论坛成果清单（全文） 2017年05月16日 08:30 新华社,0
喂，不是吧，这就开始见绿了？还是在洗盘啊？[滴汗],-1
8月又现15名银行高管考试“挂科”，任职资格被否！,0
伪巴擅长的是下三路，痞性十足,-1
地球人都知道国际无耻,-1
涨多了，回调下不行啊,-1
流入这么多资金，却涨了几分，太坑爹,-1
不要脸,-1
北京银行发行优先股的好处。此次发行130亿资金，占原净资产10%。 北京银行20,0
AB低于民生银行净资产转让所持股权都属于贱卖。,-1
护盘股哪去了，出来,0
全力买入银行股票，等待降低存款准备金率特大利好,1
将供应链融资线上化数字化上升到公司战略高度，这个还不错,1
成都银行为什么这么强之二,0
呦，跌的一地鸡毛。,-1
16.8应该买,1
现在想想前面那些人说的推到重来终于明白啦  这个重来不是方法重来啊  是要散户重,-1
601988:中国银行境外优先股股息派发实施公告,0
中国很行，怎么不行了,0
250线早破了，下面一堆获利盘等韭菜接盘呢，机构想着你接盘，你想着机构解套，都想,-1
早盘这个冲高忽悠进去一批人吧,-1
从央行办公厅走出来的金融高管们,0
四大行真是亲兄弟，一致行动,0
北京银行肯定没行情！空头太多！,0
今天肯定跌到7.6，目标6.98,-1
这波的高点会在哪？,0
割肉走了,-1
跌破净资产了我无语,-1
什么情况[滴汗],0
垃圾,-1
不上二十日线,-1
华夏银行牛逼了控股股东参股国民保险华夏也参股是不是以后要改名华夏人民保险[得意],1
我也不磨了，没意思。,-1
禿废不死，坚瑞难起！,0
你们去炒创板、我座收此股息……,1
"扎堆，抱团取暖破了,看谁跑的快!",-1
啊，哈哈！老狗，还记得吗？ 三金：601668——你不知道大哥说过我比你重要？,0
A股回调就是机会！,1
成交如此诡异，有内鬼,-1
平安银行这波下跌24个工作日，牛牛牛,-1
上涨乏力留10000股等跌下来加仓,0
浦东狮吼！！,1
一个月三天五个点，你你能长点心吗,-1
那么多人喊空？嘿，好事坏事一目了然了吧,1
这股真不行，反弹也是很慢的，银行龙头是招商而不是这垃圾,-1
快跑,-1
民生银行将借助直销金融网络,0
秒杀所有题材，上海未来十年成为超越香港东京的国际金融中心是大概率事件，浦发井喷！,1
北京银行创新发展文化金融特色品牌 为近万家文创企业提供信贷超3700亿,1
宁波银行:关于公司信贷作业中心运行情况的评估报告,0
显示,0
我也来学恶庄割平安银行股东的韭菜,-1
今日割肉，希望不会后悔亏了十个点,-1
你追我赶,0
今天出货明天大跌,-1
配合大资金吃货啊？,0
笨笨熊，兴业熊！,-1
今年70大庆砸盘就靠浦发银行了！,0
万华化学发布《2021年年度利润分配方案公告》称，每股派发现金红利人民币2.5元,0
工银租赁获标普穆迪首肯,1
史无前例！可转债募资首超IPO，总额超2500亿，下半年近乎,1
韩国联合参谋本部上周日5月21日下午透露，,0
学习巴菲持是机构的首选，大多数个人投资者只能学习他长期持股，其它的你基本无条件满,0
好银行在南京,0
注意中信银行的不良贷款,-1
业绩快报：宁波银行2021年净利润195.15亿 同比增长29.67%,1
喋喋不休,-1
为何少算收益！109亿净利润除15.39亿股，每股收益0.7元！,0
高收益买入返售少，12年息差更平稳,0
蔡定创： 股市改革的主要方向在那？,0
烂银行，好股票,0
净息差环比回升，业绩保持高增,1
你也睁开眼睛看看上面的招商！都爬上4.了！你还在这里睡觉呢？？？大哥？,-1
分红太吝啬！比以前差远啦！,0
四大行网点去年再减538个 六大行平均薪酬涨一成,1
给你半天高位卖出的机会.....,0
没睡醒，等两年再来,-1
"有5万不多了,已到1万的韭菜苗,看来钱紧得慌",-1
别瞧不起今天涨4分钱，这可不会跌回去的4分钱。最后的日线调整已经结束了。,1
什么叫做实力,0
张江高科(600895) 投资的科创公司众多，全是独角兽企业 蚂蚁金服、七牛云、,1
$平安银行(SZ000001)$即买即套银行[捂脸],-1
上海今再现地王 楼板价85512元,0
热点不在 逃命 是主题词,-1
国家队也于事无补,-1
心电图一分钱一天，工商银行比它强很多，同是四大行，差别太大，可能中行是野仔，工行,0
你知道什么是龙头股吗？其实，所谓的龙头股，就是在一个相对好的板块里，找一个没多少,0
中资银行首次在伦敦发行英镑债券,1
欢迎交出银行股筹码的同学,0
等到山花烂了时……我在丛中笑……,1
养老金入市吃相太难看,-1
跟着浦发定增,0
今天 05:57 东方财富Android版 阅兵军工年，买银行股的皆是傻逼！ 提,-1
建设银行06月02日被沪股通减持679.04万股,-1
炒股随心，旁观者迷，当事者清！,0
涨的时候不乐观，跌的时候也不要有恐慌的心态！,1
600016,0
SDR的现实意义，,0
上周五手真贱，把建仓的给丢了，今天涨六个点后再次上车。也不亏。,0
垃圾啊！,-1
没有实质性的经济措施，继续下探到2500点220427,-1
唐山港10送8股派1.5元18号股权登记日 19日除权,0
你要它的利息，它要你本金。,-1
凉了,-1
继续清仓平安银行股,-1
如果，要是，该多好,0
奉劝一下散户，最好不立危墙之下。本应公告的事拖着不发。信批算违规吗,-1
*ST广夏(000557)股票交易异常波动公告,-1
刷新31.38元后再想逢高T出来。,0
平安明天跌停！看看中国平安增持否？董秘人呢？[不屑][不赞][不屑][不赞],-1
建行，中国最好的银行,1
超级大盘股，涨也难受跌也难受,-1
安邦介入招行和民生的动机-黑暗！本散户曾经认为：安邦就是为了在本轮行情中拉升赚个,-1
国家队掘金:地产称霸南京，医美雄冠亚洲,0
集中竞价和集合竞价的区别是啥,0
请问哪天分红？？？？,0
理应看多！,1
主升浪，过后不跌去50%以上不能碰。,-1
加仓干就是了,1
$北京银行(SH601169)$虽然说高管增持，都是并没有改变心电图模式。,-1
兴业高点下跌已有28%了，硬生生走出了个熊市。,-1
金融报道｜7月银行罚单梳理：涉房贷款高压持续 理财业务违规收亿元罚单,-1
按说今天应该拉根长阳,1
兴业银行    银行终于不跌了,1
明日大涨,1
建行涨停都见识过的，这一点没什么,0
中国银行前三季度净利1202亿 同比增13%,1
冲啊，小宁都涨停了,1
今天低开,-1
"平银8,32元才值得买入",0
今天不敢T了,-1
宁波银行:关于公司非公开发行优先股申请文件反馈意见的回复,0
601398:工商银行关于马尼拉分行开业的公告,0
老阴终于见红了!,1
现在卖出不扣税，分红完，在买入不仅比扣税，说不准还能赚个分红后下跌的差价,0
跌到21.5就是送钱了,0
还会大跌吗,-1
杀融资盘？？？,-1
贱货，,-1
真是扶不起的阿斗,-1
上海银保监局再出手！因黄金租赁业务违规 两家银行被罚百万,-1
我把7万分红都买了银行，没钱了，我还能怎么办。不填权，我连银行利息都弥补不了,-1
去13,-1
7.7的市盈。。。价值投资，每股亏1块。。。坚守价值投资,0
坑爹啊，,-1
大涨性质及周五盯盘要点——7月9日盘后日记,0
亏了2个点，大家心慌了？预计明天最多跌2个点，然后就反弹，因为大盘不可能破250,0
有什么理由大跌绩优股,-1
小和尚问为什么一样的东西一个人卖六块多，一个人卖14块，买的人却买了14块，是他,0
买的都是什么垃圾，,-1
歪嘴和尚说利率市场化利空银行，你信吗？不赚钱时银行会往外借钱吗？又不是第一次降息,0
5000万要买别的就好了，银行该表现了吧…,0
华夏银行(600015)融资融券信息(07-01),0
支持国企和国行，就是支持自己！,1
今天要大涨,1
北行的第一大股东荷兰银行可以继续买了 以前是没办法买,1
4月12日上证指数日K线趋势形态走势图解,0
对李大霄先生的地球顶言论的探讨(散户研究),0
太平洋捡了芝麻，中行t飞了西瓜。好在是八月份3.67入的底仓。没那么心疼。,0
马上6谢谢,0
一定要在大盘下跌才这么干？,0
可转债发行加速 借道工银瑞信可转债布局良机,0
供参考,0
我为什么只持有大股东是财政部的银行股，放心。其他暂时不参与。,1
今天的T太难了，第二波反弹高点出了，小赚1500。。没想到砸盘这么狠。兴业是期指,0
今天又加了85手[捂脸]真要当股东了,1
下午开始主力在试探，拉高后股价再下跌，而后在2点多的时候再次拉升到至少五个点,0
巨量开盘成交冲暴软件！,0
补缺口去喽,0
你就算是一个死鱼也动一下!,0
都别买了，让主力砸吧，砸到10块，谁都不买看他们卖给谁,-1
我们要把融券的干到爆仓,1
等待跌破净值,-1
平安银行:2017年年度权益分派实施公告,0
我怎么买了这个垃圾,-1
目前出现的房地产坏账只是冰山一角……小招接下来的路线图是：急跌至30附近，然后急,-1
真调皮，主力挂了个跌停,-1
浦发银行(600000)融资融券信息(06-04),0
晚节不保。跌跌不休,-1
平安银行你个垃圾每天倒数第一，带头做空股市，以后什么业务都不会在你家办了,-1
民生换董事会，先撇坏账，打压股价，我理解董事会还是想做好的。现在股价已到最低，如,1
A股 停了  港股还在涨,1
想拉就一口气拉上去，像机构炒作某只股票一样，90度直飞冲天，奔上3350。想一步,1
业绩增长我们今天开始买进,1
$招商银行(SH600036)$跟宁波银行这哥俩儿是比着跌啊,-1
去尼玛的垃圾，清仓了。留下的发财,-1
股市和银行股漫谈。,0
要追兴业银行[愉快],1
中国银行融资融券信息(7/18),0
再跌就到成本线啦。,0
信达地产收购淮矿地产,0
如果是前一阶段算正常调整的话，最近明显有些恶意做空的嫌疑！,1
看样子今晚业绩不咋滴,-1
满仓5.5的本今年能回本吗？,0
妈的死浦发银行，业绩做假的。骗了那么多人，要跌到何时啊。,-1
还有18.61%的跌幅,0
中行的广大小散听好了； 自觉高举真善美大旗，自觉守住破净股与市盈率在全市场低下及,0
哎！散户还是喜欢不断的冲，每次都在帮主力出货！真是无语！,0
三只黑乌鸦，昨天尾盘有机构跑路！,0
我买的民生银行H股分红一直没到账怎么回事？,0
打开沪市大盘详细一看，哇噻~！,0
今天运气好,1
昨天看到盈利变多了，怎么今天一看又变回去了？股数也没变多啊，钱去哪了？哪里查得到,0
600000:上海浦东发展银行股份有限公司第七届监事会第四十二次会议决议公告,0
等你跌等到花儿都谢了，何时能来个痛快的下跌，送点年货给我们！,0
建行涨4个点指数基本不动国检涨一分指数就回暖,0
估计年报增长率就百分之4.5左右，已经被四大行甩很远了，就不说招商邮政这些了,-1
这公司垃圾涨幅倒数第几名，甚至最后一名。买交通银行的痛苦十几年。,-1
浦发银行今日超大单流出排名第3名(10-08),0
这是要崩盘的节奏啊,-1
华夏银行：融资净偿还636.54万元，融资余额18.02亿元（09-30）,0
我自己弄了一周，微亏。我老婆她早上一买~就起来了[捂脸][捂脸]她买的股票基金全,1
今天你有一万个理由可以跌，赶紧的[俏皮],-1
兴业银行2013～2021年九年间平均市盈率是6倍，其中2018年熊市为5.1倍,0
万手哥出现了,0
银行股不良再次出现双升 全面破净——完蛋了！,-1
酒股要不得，祸害各行业!,-1
"下跌空间几乎没有,缓慢碎步向前走.",1
指数平衡器,0
和民生银行比估值的话，宁波银行真的是让人瑟瑟发抖啊！,-1
求你再低点，拜托了。,-1
6.18   关注：大盘巨震调整，5500是近期目标,0
北行在演阿庆嫂,0
采雷了，不是业绩雷，而是信誉雷。最稳的股票之一也可能有雷。,-1
银行股跌破净资产才能见底,-1
北京银行、用不了多长时间会破净资产！,-1
三光小狗,0
会员开盘积极建仓智能医疗300290荣科科技必将大幅拉升5%以上,1
MSCI“调仓”，都涉及了谁？机构预计5月A股仍有外资净流入,0
偶见不平事，不该骂吗？有人在这里蛊惑跟它炒短线能不骂吗？,-1
卖飞了,0
人民币国际化又进一步,1
浦发：船大难掉头，天上还有蓝天,1
大金融天天给煤炭石油化工让路吗？真。。。,-1
简述币Shib的前世今生：它是一场“关于零的社会实验”,0
哈哈哈哈，珍惜12元的平安银行吧，过段时间再珍惜11元的，下个月好好珍惜10元以,-1
民生银行这个背锅侠吖……,-1
主力资金今日净流入额为13.52亿(附净流入净流出比例最大的30只股),1
真是奇葩，股价竟然不到未分配利润的60%！,0
等大家从区块链概念股赚翻几番再来买低估值高分红银行股。,1
北向买了多少招行,0
利好银行股！央行11月13日公告称，为维护银行体系流动性合理充裕，今日央行以利率,1
竞争不过4大行的,-1
"建设银行年报公布前股价翻一倍,别踏空了",1
交行居然能够连续的跌，为什么？,-1
，被我加到100手，资金占了大半，好慌,-1
太弱了哎,-1
虽然今天震荡，但不影响我对你的持有。相信自己的分析。加油，宁波银行,1
平安银行副行长姚贵平赴任平安信托党委书记,0
格外恶心,-1
$南京银行(SH601009)$很好，增资了,1
民生银行04月03日获沪股通加仓512.34万股,1
转发,0
买入债券，抵押，然后再买入股票，股票必须也要抵押！所以，只有银行、大中字号的篮筹,0
狗屎垃圾，有种就拉升，别再这里浪费时间,-1
a光刻胶容大感光连续上涨！强力新材接力！,1
中国黑市,0
特么的价值投资股价不涨有啥用！？[怒],-1
我的成本就这么多，随便你涨跌,0
兴业的业绩出来了，跟浦发没的比！,-1
半价净资产，这是要破产的节奏吗？,-1
5月以来，公开市场已连续14个工作日开展百亿逆回购操作,0
太平洋广发华泰三券齐发     券商迅速拉升有好戏！聪明的券商是不会错过今天表现机会……强拉就吸资金关注       谁拉谁受益          刘士余概念股,1
用一种平淡的心境去生活，一切也就豁然开朗,1
转发,0
为啥5.0买不到，已经到5.0了。不成交,0
影视大跌,-1
送钱行情！我喜欢！,1
可喜可贺大涨1分钱[滴汗],0
这光棍什么意思？,0
今日涨停4.47,1
忠告浦发大庄家：请像个男人样做浦发,0
驴还钱吗,0
平安银行去年实现净利润134亿元,1
我连个卖字都不敢说你说做波段？这叫唱空自己还不知道傻子呀,-1
雷打不动的外资，内地机构如何对决？,0
公告：上午办理商品期货账户。期指要十天后。,0
提醒大家，凡是唱空的，无非是想拿到便宜的筹码，要有自己的判断！！！,0
关于银行股,0
$北京银行(SH601169)$这么高的分红没人买吗，股票不太好吗，还是看不上分,0
不下，那就上吧,0
这个垃圾咋每天都是绿的,-1
看看人家南京银行，涨停！那才叫爷们！那才叫价值！滑下？哼，垃圾！,0
除了招宁，所有银行股都折价，,-1
难道我这么厉害的吗，就看中我这几千块钱，一进就跌，过分了啊[摊手],-1
人家是横久必跌，横久能涨，这玩意是横久继续横。横到天荒地老。,0
大家评选上证吧优秀选手现在开始！,0
不太妙，有走弱的迹象,-1
涨停,1
继续压，别涨，下周我还能买,0
周线必须破这个平台才会有周线级别的上涨！,1
现在卖是要扣百分之20的税钱的，很困惑为什么还有人要卖，难道不能在给北行15天时,0
分红后再买进,0
48卖,0
民生银行(600016)大宗交易数据一览(7/9),0
现在进去的先套10%，以后再起来呵呵,-1
银行券商达成协议，今天上涨百点,1
银行在酝酿一波春季行情，话放着。,1
业绩暴雷,-1
很规范的一份年报，与预期的一样，每股净资产14.34，每股红利0.30元，收入增,0
猜猜华夏今年送不送股，我猜远三排四元。,0
买北京银行股票不如把钱存银行安全！,-1
分红哪天开始算,0
我和投资团继续在3.9元以下大量买入民生银行。,1
好垃圾,-1
工商银行融资融券信息(10/29),0
600000 红利到账了！,1
这是几个意思？,0
看看,0
要爆大雷明天跌停拭目以待,-1
创历史新高只是新起点，勿恐高,1
这波估计要套半年,-1
你不吞并几个小银行？,0
这就是个垃圾，纯的,-1
去其它股吧推荐，酒香还怕巷子深哈。,0
短短2月 ST猛狮涨幅2.5倍 科技股也没它亮眼,1
P2P资金由银行存管正成趋势,0
新增47亿坏账，直接抹杀了分红，股价不跌才怪！,-1
有可能要临时停牌啊！,-1
风险是一样的，上涨空间却不一祥。买南京高科吧，无风险，高收益！！值得换！,1
倒在黎明前,-1
交行 不给力 娘娘腔的感觉,-1
银行的基本面好像已经发生改变了,0
明天轮到601668了吧,0
业绩肯定没问题，明天会否高开4-5点吗,1
即将被H股超越,-1
股价比未每股分配利润还低的公司没几家，将来必定价格回归。抄。。。,1
不要怕是技术调整！12.2元处有大单护盘！,1
实业不好做，股市大家都来赚快钱了，好或不好！,0
1777,0
半年线即将有支撑,1
卖出了或被甩了也没什么好后悔的。,0
下午拼命买进建设银行10元以下只有买进！恭喜发财,1
澳洲容家猪，已经，被，气疯，啦！嘿嘿嘿嘿,-1
本周工行连续大涨，价值投资，最赚钱的银行！,1
永远做不了龙头，凤尾也没你份，中信银行只是垃圾,-1
这么一堆人还以为分红真的要分钱了？？？韭菜太多了,-1
呼叫万手哥,0
看来浦发近三年的高点不会超过9元了。,-1
工伤银行涨五分，相当于涨停啦！！！！！！,1
期待分红前杀到6块，分完红直接在6以下偷吃,-1
浦发银行：融资余额38.25亿元，创近一年新低（04-15）,-1
现在3点大家同意吗[想一下][想一下][想一下],0
不拉银行股，市场不可能翻身,-1
昨天和今早，我好心提醒大家开盘就跑，结果一堆人骂我，把周五利润全部赔完爽不爽？长,-1
有本事工商银行不要跌。现在就是在讲所谓的价值投资。让散户去接盘。好在大多数散户有,-1
"这股我看很好！本事最大！我不说你跌到3.8了，有本事跌涨到3.9,干嘛涨这么多！",-1
$中信银行(SH601998)$摸6望7，指日可待！,1
又出大额罚单！6银行被银保监会共罚没逾1.5亿元,-1
民生银行2020年录得“史上最差表现”，可比同业已至队末,-1
每到银行股齐涨时，代表什么？,0
范思哲的奢侈帝国 中国也有匹敌者,0
二次回踩定到20,-1
我赌明天下跌,-1
目前行情下卖了银行买什么，都是高位股,-1
6月7日后建仓至今成本40.15，大家多少？吃肉还是吃面？30分钟线显示D买点，,1
怪不得不回购，因为他们自己知道不行了，多亏没有继续加仓！,-1
金融股后市堪忧！,-1
下跌第一猛,-1
但银行混业有了证券牌照就是最大的利好。资金回流于银行促进复合增长速度。,1
$兴业银行(SH601166)$出了怎么多的研报，5天出了20多份，还没收复情绪,-1
一只看不到一点希望的股票：601988中国银行,-1
大盘不好了,-1
我来了,0
又开始了,0
今天股市大跌原因？,0
南京银行，融资客爆仓,-1
就这价位开盘还恐慌性抛盘有必要吗？,-1
1.38万亿大象起舞，谁在爆炒招商银行？,0
邮政银行涨4点多。建设银行,1
看来这个狗庄是不会认散户赚一分钱的，令人心寒，原赌服输，撤,-1
我想问一下，到底是牛市吗？,0
去年一年账户没有大起大落，利润回吐，总资产还是有所减少。希望今年继续努力。,0
今天市场杀跌极为惨烈! ! !,-1
央行开展100亿元7天期逆回购操作、净投放100亿元！,1
000505京粮借壳概念，雄安概念，明天二次反馈最后日期，待涨可期,1
某老板投资几百亿入股银行,1
交通银行(601328)融资融券信息(04-20),0
我们认为人保还会增持，各路神马还会举牌。,1
对于此股的分析研究,0
今天 上当了,-1
中行天津市分行与天津市国资委达成千亿元规模授信意向 助力国企混改,1
大盘保持3000多点，腊鸡股全部跌，业绩蓝筹全部翻倍，这样才健康，应该就是这样走,1
短期在这个位置我也看不准，我选择继续持仓,0
又要跌,-1
工商银行融资融券信息(4/19),0
大主力调仓还在继续！,0
做空着就看中了30多亿融资盘，八天融资盘利息了不少！继续做空吧！,-1
各位股友可否知道这股还增发不？增发有无时间表？,0
离60天线15.36，还有0.28元,0
北银如何与康得新股民无关，你们只要安心等退市就行了，走好不送,-1
这么低的位置，这么好的大盘走势，居然还能这么坚决的抛盘，内盘一直保持外盘的两倍，,-1
今天猪肉3元一斤太便宜,0
$南京银行(SH601009)$大资金轮流砸单，这些狗到底砸到何时。,-1
现在的净资产已经是4.7元。,0
只能说风险转移,0
下周起飞,1
华发还有100亿资金等待出货，还需要阴跌1年，慢慢等吧,-1
本散已买入平安银行！,1
上半年银监系统开出超1600张罚单罚没超10亿元！ 这家银行收到的罚单“最奇葩”、也最重！,-1
大智慧阿思达克通讯社8月16日讯， 乐视网晚间公告，公司控股子公司乐视致新收到执,0
非常感谢巴菲特1991： 上证来到了3000点，三半年本小散80%的利润在握 [,1
招商银行业绩好于预期，靴子落地,1
又买到只死弱的股,-1
银行证券，杀猪盘严重。注意风险,-1
中签了，中式打新持有半个月的工行，坚持早晚中，加油股友们！,1
兴业真瘟，它一涨其他银行都废了,-1
中国 已经没有了 善良和血性...起因是 房地产..相反娱乐是 婊子 更情深,-1
明天晚上分红，哈哈哈,1
涨停是必须！,1
民生银行出现绝佳的买进机会,1
投资需谨慎,0
有港股的票都不买了,-1
割点小菜,0
华夏要涨停了,1
招商银行36元这个位置拿着分红不香吗？,1
放量下跌,-1
沸腾了,1
北京银行今年是不是要计提122亿康得新存款了,0
领头羊就是领头羊羊年来了更是领头羊，这次知道我发哪个贴的内涵了把,0
我是不是在做梦？工行今天竟然如此威猛,1
601169收购北京证券.北京信托.天津银行天津信托天津证券.河北银行河北信托河北证券.,1
工商太没劲，你看建行涨的样子！工伤,-1
大家晚安，明天继续高抛低吸引？,0
成都银行每股收益0.94兴业每股1.79元，,0
开战？1w手,0
抛盘太重，看看pdi 还在低位,-1
凉凉！,-1
今天银行板块里面中国银行跌的最多，这个事件里面如果中国银行自己贴钱维护客户的利益,-1
永不落幕，,0
都千股跌停了，你还不护盘[大笑],-1
猪拉,0
放量站上多条短期均线之上后市有机会，持有为上。,1
中国银行04月17日资金揭秘,0
$招商银行(SH600036)$以为银行股稳妥一点，结果始料不及，傻乎乎被市场毒,-1
跟跌不跟涨。,-1
每季度分红派现一次，每次不少于利润的三成，才称得上回报股东,1
兴业银行本周沪股通持股市值增加5.13亿元，居银行板块第二,1
可怜[好逊][好逊][好逊][好逊][好逊][好逊] 涨停板大盘还是绿色的[好逊,-1
12月市值亏损3.6%，不过如果以建行未标的赚了300股建行!,0
这价格脱手兴业，老壳有包！,0
这股票就当存款了,0
满仓踏空，唯有加仓才能以后出口气，虽然跟持有的比较只是九牛一毛。$南京银行(SH,0
解套了，我先跑了，留下的兄弟发财,1
跌起来像狗一样,-1
低估值之上证50仍然是稳定市场之中流砥柱！,1
跟招行差太远,-1
"真够垃圾的,还是低价,小票好啊,天天大涨.",-1
多与否,0
交行12年没有超过发行价。这是什么管理水平？,-1
央企对上海国企三爱富进行资产重组,0
我想请问下我早上挂的18.41怎么成交了？我看没有到这个价位呀？怎么就成交了。求,0
第二十八届中国金鸡百花电影节开幕式在厦门举行[鼓掌]雄鸡起舞，全民互动[胜利],1
留着刚够打新的，至于分红还没经历过。有没大佬科普下工行分红后股价跟持仓成本是不是,0
底在哪[想一下],0
垃圾银行还砸盘，拖后腿的东西,-1
妈逼没有一次痛痛快快的涨一回！,-1
建行行长刘桂平：以三个能力建设支撑金融高水平开放中国行长刘桂平30日在2019论坛年会上表示,0
看看好,0
3季度报日期10.28。,0
明天补跌，必须来个封板！,-1
谁拉高了江苏银行？果佳队好像没有那么聪明。,-1
老是跟不上银行板块的涨幅，你到底是个什么垃圾呢,-1
等跳水，老套路了。。,-1
投资者的分红回报也将达到5%以上,1
持股待涨,1
哈哈，害人！,-1
本星期大盘回调3000,-1
银行股再便宜也不是谁都买的起抱的住的，买了银行股也不是阿猫阿狗就能吓唬的了的。哈,0
在银行系统，兴业就是个垃圾。有人去办业务吗？每天经过它门口，发现里面都没顾客。,-1
$招商银行(SH600036)$腰斩,-1
招商银行的超级主力，下午启动券商，先打到3000点上方。加上消费升级。,1
，封死啊！,-1
浦发，600668尖峰集团（一颗巨大的红宝石） 600668尖峰集团进军生物制药,0
平安银行无论从市盈率上还是从市净率上低于其他的一些个小些的银行，应该还有一定的上,1
最阴,-1
5年期，干啥干不出3.9%的年利息，等于白赚,1
这么恶心的混改消息还天天发，从这消息开始发布，交通银行就跌跌不休。越改越完。,-1
看市场,0
什么时候分红啊,0
新银行长上台，火日的夏天带了绿意,0
60天主力只抛了42亿，主力还有很多筹码需要出货。耐心等待。18见,-1
我发起了一个投票，【#兴业银行#今天兴业银行的股价走势】，快来参与投票吧~,0
牛人买牛股,1
看业绩可再高一线,1
沪股通继续抢购底部区域兴业银行，净流入1637.52万股，约合3.7亿。机构继续,1
成交量则是继续萎缩,-1
这拉几是怎么回事？,-1
这两个月赚钱效应都很差,-1
浦发银行融资融券信息(10/25),0
阴阳人，你它MA说点实际的行吗,-1
浦发我觉得已经快破产了，快抛,-1
这盘砸的！！！,-1
请问董秘，今年平安银行是否还有增发项目？现在银行股大涨，公司14年业绩要增长多少,0
实打实大声道,0
主力资金回流，技术回档后，将继续暴涨！！,1
持有建设银行一年最低收益多少？,0
大家好，喔哦最近是忙装修房子，不是被消灭了哈。,0
宁波银行股份有限公司公告,0
持仓这么久，最后盈利只剩下分红…,-1
中国银行：主力资金净流入843.23万元，净占比3.95%（12-24）,1
什么情况 宇宙行居然跌破5.6了，5.54帮你站岗,-1
$圣泉集团(SH605589)$$工商银行(SH601398)$$招商银行(SH,0
看看人家华夏，招商，你好意思吗?[困顿],-1
华夏银行执行国家和监管的要求，加大金融扶持中小微的力度,1
弹、弹、弹！,0
本波几步入4.118元，就显示获利盘与套牢盘解套的重要窗口。,1
正常下跌,-1
不管你跌，就不卖，不信你不上7块5。,1
兄弟们，准备抄家伙！干！,1
平安银行：手续费增速提升拉动业绩增长，资产质量优于同业平均水平,1
民生银行股价估计二年后才能启动,0
趋势上涨的时候要克服卖的冲动，趋势下跌的时候要克服买的冲动。,1
建行A股空头反扑非常迅速。,-1
1-6月印花税1299亿元,0
风险一直可控 就是没有风险可言 大跌可以继续,0
高抛低吸，缠着不放手,1
这波银行反弹结束了,-1
垃圾工行,-1
他们簇拥在我身边，那些貌美如花娇艳无比的银行们，竞相献上他们的溢美之词，但是他在,0
中信银行(601998)大宗交易数据一览(11/23),0
卖的都是猪,-1
一个人的成长经历中，通过自己的不懈追求与努力，可以实现梦想。人生道路上，是不平坦,1
明天大跌吗,-1
上升三连阳，后市挣钱忙!!,1
这优先股是不是要变成债转股抛售？,-1
区块链扰动市场，还需稍安勿躁，谨慎追高！,0
2,0
华夏今天吃药了么?,-1
银行股都跌到这个位置了，你还跑？,-1
建议持有建行的散户，以后少用支付宝！生活缴费，交电费，交电话费，使用信用卡等等都,-1
你们看好的，一定要坚定信心，把房卖了买入北京银行！,1
自从买了银行股，觉睡得好了，饭吃得香了，上楼也不费劲儿了，也有心情笑看云卷云舒了,1
香港人不会听故事,-1
这是什么意思？,0
老子只要卖了，必涨，这就是规律,0
华夏银行筹码最集中,0
银行做空，散户做多。高，实在是高。骗子也就骗钱，这得要命啊！,-1
X日的，39压着1个多亿,0
银行还不出来护盘？是要抱着一起死的节奏啊！,-1
上升周期启动,1
套住不少人,-1
畅想@汇金还会任性吗？,0
贵州茅台市值突破9000亿，兴业银行3200亿。市值是兴业银行3倍。利润贵州茅台,0
$平安银行(SZ000001)$再跌一点，我要再次进入了。,1
骗子公司,-1
人民币升值,1
息差环比走阔，信贷增长强劲,1
起,0
中行“原油宝”案二审上诉被驳回 维持原判,-1
以资本公积再转增股本每10股转增2股,1
$兴业银行(SH601166)$银行，保险，中字头全部破净。中国股票高于净资产的,-1
放心跌吧，大盘用不着你来护![捂脸][捂脸][捂脸],-1
加仓,1
买了三傻都是泪,-1
平安银行09月11日获深股通资金净卖出6935.86万元，持股量减少699.78万股,-1
小明是谁？,0
今年银行板块的高分红已经是妥妥的了，感谢工商银行的领导。,1
中国建筑的市值都要超过兴业银行了，哈哈,0
交通银行06月22日被沪股通减持2495.43万股,-1
工商银行一季度净利同比增长3%,1
看到韭菜跑真开心[大笑][大笑][大笑],-1
涨得好萎缩,-1
证监会这次,0
服了,-1
这种走法是故意的？,0
光大银行它是银行股中领头羊.更是大盘是下轮的风向标，要么不涨，一涨吃十年！写于2012年1月19日周,1
他娘的，股票价格亏了，还得交税！,-1
好消息，今天晚上会降准！~,1
拉一拉啊！不管是拉升还是拉稀！,0
你的名字应该是工伤环保！,-1
今天庄家不计成本争先抛盘，好险，我早一点出来。,1
有几个空头碰壁，嗡嗡叫。没穿裤子满街跑。,0
毛发银行没有控股股东没有管理层虚无银行,-1
这傻缺这个时候来拼命唱空，作为个人他真的是个傻缺，作为一个信号，我觉得这非常好，,1
为何国人素质世界排名倒数第二呢？,0
兴业银行股价在1元以下还有点贵，合理价在一角左右，,-1
工商银行盘前回顾(12-24),0
建议华夏银行不超过净资产回购股份用作股权激励！,1
年底了  看来银行烂账不少啊   喋喋不休,-1
彻底完了，估计庄家也没办法了,-1
华夏银行2013年净资产至少12.75元以上.你说有没有价值？,1
二季报明明减持了7亿多股，现在公告说未减持，应该是看到股价砸下来了又悉数买回来了,0
耻骨反向指标，我在12以上，看到耻骨拼命唱多，我立马清空，十块看他唱空，我立马买,0
很快交通银行就要把上涨接力棒交给中国银行的日子,1
民生啊民生，你连招商的零头都没有了！,-1
广州五银行提首套房贷利率 深发展最高上浮40%,-1
我的贴呢,0
印度通讯巨头破产，中国国开行、工行面临上百亿债务追索,-1
"工商银行 ,下个交易日,压力位 4.38 ,支撑位 4.20 ",0
庄家在卖出怎么休息了？,0
浦发涨停后的感受,1
走了，躲2天，谢谢,0
要是银行股按利润的70%分红而不是低于30%分红，市场反映和未来经营会更好！,1
这股差不多了！差不多是差哪里？差的就是限售解禁日！关键就是你们现在手里筹码还没有,0
一直看好建行。上10元,1
北向资金应该很早就布局，昨天和今天出跳多少呢，只是借银行股下跌加一把火，只有兴业,0
马上就要探6.6元了,-1
千股跌停！,-1
与国家队同在！我心依旧！,1
昨天跌两个点，今天又跌一两个点，在上涨途中，这样最容易第二天来个涨停,1
原油期货人民币结算多大利好，你就是不懂！,1
购入超值，高过定期息70％,1
2天白跌了，今天直接高开7个点,1
，要跌停了[哭][哭][哭],-1
忽悠 接着忽悠 即使不是托你的做法也会拖长股票。,-1
今天卖出一部分，买入奥克股份,0
股市谁先觉，平生我自知。华堂冬睡足，股市天天跌！,-1
两个十来个点，真是,0
上市银行存款竞争力比拼,0
真啊,0
尤其是业绩亏损或业绩大幅下滑公司的高送转,-1
蚂蚁财富上市带来的投资机会（三只可转债申购）,1
16.95增仓1百万股16.9增仓2百万股爱涨不涨我旅游去了！,0
为啥北银不跌停？这不是脱离群众路线啊,0
满仓了~,1
发力啊！起码第二名！,1
操做参考,0
，新年大家一帆风顺，新年买俩面针，去年做的三江购物，因为错过了四川双马，大家五谷,1
垃圾,-1
择机增持啥意思,0
不分红，大家不喜欢,-1
平安银行背靠中国平安这棵参天大树，在银行股中表现极差，大幅度破净，为市值管理，强,-1
美国银行ＰＥ都是11-15倍，差距啊，哈哈,1
要留一世？连续3年分红16.14两年10送三股,1
要不要买，银行数字货币会不会带动银行，要不要买[微笑],0
周一高开清洗浮筹，月底利空  伞型信托，QF收税，年报见光死，牌照没那莫快，不良,-1
@@@@@@@@@@浦发时刻已经到来!,1
举举牌热闹一下,0
早就说了   要清仓满仓来回割主力，,0
7.8，砸穿吧，别骗韭菜了,-1
吴江都涨疯了,1
价值回归必须的,1
股价走势能反应公司负责态度，转战南京银行！,-1
优先股永远不需要偿还本金送钱600亿给建设银行。特大利好！三个板,1
兴业，银行股的新龙头！第一步目标价20，,1
没有兴业(银行业)就没有宁德，有泡沫化宁德新可能没有了兴业(被欠债放反收购）,0
忍不住回来骂一句！守了近两年亏了十几个点，昨天跑了，换了广汇汽车，今天就给我基本,-1
市场还有一些低价、绩优、高分红蓝筹股等着我们去认同,1
涨翻倍也不到净资产牛币银行股,-1
王八蛋,-1
上市公司之所以选择送红股而不是以资本公积转增股本，一方面是考虑纳税态度问题，另一,0
过20的话，肯定往30去，有点意思,1
麻溜下来吧,-1
高管持续减持，现在买入的不是傻子就是SB。h,-1
交易所：4月14日至17日不提供港股通服务,0
居然跌破20日均线，不可理喻！,-1
浦发公司是垃圾当中的战斗机,-1
中国银行在低位会走进二退一的模式,0
大盘不是谁能够左右的了，这次不是挠痒痒，不是闹着玩的，平安可能要回到2020年1,-1
防补跌。,0
看20，应该问题不大。,1
什么利空都没有，开始反杀[大笑][大笑][大笑][大笑][大笑],1
可入手不？,0
祝贺宝能城花园拍卖顺利！,1
换中国人寿,0
怎么又绿啦？,-1
全吐么完了,-1
注册会计师怒斥银行监督管理部门,-1
南京银行的价值分析,0
院长的北美原油高空低多双向交易其乐融融！,1
涨一天还不够2天跌,-1
银行总损失吸收管理办法，要扩张吸收风险额度，总体来说利好地产，勉强让地产缓一口气,1
下阶段炒大盘股，让你赚指数不赚钱。。。,-1
半年线压制明显，兴业银行尚能饭否？？[献花],0
权威人士还在犹豫，疑误战机，到底听那个砖家YY？,0
北京银行只能高分红  别想有新机构来抬轿  原因是,0
别和我说就涨一天。。。。。,-1
再加点,0
你只要有建设银行这个股票，这个价位买入就不会亏，因为建设银行股票是可以生蛋的优质,1
再不上车就没机会了果断入手,1
今天被南京银行带下,-1
内资够鼠目寸光，外资越跌越买，股价上涨外资出货内资接盘！大之所以这个熊样不都,-1
忘乎所以，不是his1963的风格。,0
我的另一个观点 压力理论,0
平安银行本周股价可到11.65元，如量能配合较好，下周突破12.15元，温和拉升,1
市场资金极为充裕，利空将尽，实实在在的利润和分红为未来主线。,1
冲年线？,0
三千万处罚对中信银行五百亿净利来说也就是毛毛雨，难道就是中信银行存在问题吗。中信,-1
商业银行法修订！32项新规、八方面内容值得关注，保留分业经营要求，不得从事证券经营业务,1
哎！卖早了多拿一天都有几个点浮盈,0
建设银行的流通盘比交通银行中信银行都小业绩也好应该上涨,1
最后一秒大跌是不是周一要大跌？头部成立了？,-1
说好的24买结果错过了，果然拉起来了,0
为破净到净值的二十一只点守望,0
nmlb每次垫底,-1
垃圾放一个,-1
昨天终于下决心把这货给踢了，太垃圾了,-1
北京银行咋这么不值钱？,-1
所有银行股应该用每年会部利润回购注销股票不用三年连十大股东也没有持股,0
连续一周低走，太难了！,-1
小三角突破，后市可期！,1
每天跌二分。,-1
永续债发行凸显银行资本压力,-1
快买具备连续涨停板603117！,1
"招商银行,渣打银行.外资超级主力叔叔,在方大炭素快扛不住了，大家去帮忙啊，谢谢",0
民生银行优质客户有限，扩大规模等于增加坏账。提升估值的唯一途径就是把分红提升到5,-1
先到先得,0
涨了一轮也该轮到银行板块了,1
超级烂货,-1
涨也好，跌也好，投资股票正常现象,0
暴跌吧。我的北京银行！,-1
是直接买招行还是买中证银行指数ETF？,0
就不能护个盘,-1
招伤银行,-1
6.2以下横盘两周以上才可能是底。半年没行情，看就好了。,-1
今天开盘就是暴跌！,-1
社保减持情况是不是该再公告一下了，如果减持完了，股价应该能上五块,0
元宇宙支付王者，数字人民币龙头南行目标18,1
做空的又在融券了！哈哈！爹要上场了！,1
谁把我的7.64的8200股买了[鼓掌][鼓掌]感谢,1
观几千年历史，银行（银庄、镖局等）之类没有不赚钱的！,1
今天满仓融资买的你，千万不要让我失望，赚十个点就走,1
中信！还得查！,0
截至收盘,0
垃圾中的推土机，极品辣鸡,-1
好像有人静静静的接………,0
我们只会坐轿,0
华夏银行(600015)融资融券信息(09-30),0
超级大盘股中国银行工商银行领头羊,1
低于市场平均价格的定增、就是利益输送、大家坚决反对！,-1
以少胜多，以弱胜强！,1
这点量也太少了吧,-1
降息对银行短期利润有影响长期无碍。关键是经营方式的转便？[大笑],0
从抢大米，到抢基金！,0
还是解禁害了你啊，今天你本来应该涨的，哎！,-1
交通银行(601328)融资融券信息(04-08),0
几个做T的又霸屏忽悠虎年最后一天！,0
有人知道发生了什么事吗？其他银行也没这样的跌啊,0
中国银行是干大事的银行看好你噢,1
转发,0
快  快  快！,0
工业能源煤铁贵金属大棕品全线败退.怎犒经济,-1
我从他的营业部退出来了，再不去他哪里开户，害。,-1
500强交行排名41位，收盘价541，惊人巧合,0
兴业年报2.79,0
601166买入提示：装备自2011 年以来市场占有率均为行业第一·宁波精达603088,1
全球十大顶尖基金经理人的排名,0
拜拜，回头再来,0
今天能28吗？,0
独角秀最先出现在读 者 传 媒！北大教授要注意了！2004年以来北大来往邮件会部,0
$平安银行(SZ000001)$谁能解释一下最后的3.3万啥意思,0
学学招商银行吧！虽然下跌都差不多，但是上涨的时候，人家可是爆发力比你强多了。,0
平安持有持有,0
工行金融科技高位输出，投入238.19亿元，科技人员达3.54万人,1
这个股为何一直下跌？明明看上涨的呢。K线走的这么好。还是一步步阴跌,-1
大家勿碰了 书大盘了 大盘在跌回去 今天可能大跌,-1
长线拿民生摸奘中新股，联翔股份估计获利超过2万元，哈哈，上次合富中国差不多2万，,1
纯涨停的话就是全A第一名了！,1
越跌越买,0
拉银行股，真是TM的不要脸。,-1
真是垃圾，大盘涨，你就定格了，大盘跌，你狂泻,-1
$交通银行(SH601328)$还是你厉害啊！坚守到幸福[拜神],1
今天庄家开恩了!难得收红!,1
真特马的不要必脸，你缺钱今年可以不分红啊，来这初,-1
16.5进踩雷了吗？,0
这么多年，这股真的从来不套人，每次下跌都能短时间解套，A股不发套大王,0
看了这么多的评论，我也看不懂，总之600万入市，一年还有360万了，当初听哥哥们,-1
买来打新的，跌成狗,-1
民生银行一旦反弹就是大行情，理由底部严重超卖，反弹就是一个日线级别大底背离，估值,1
A股反应慢半拍，明天才暴跌,-1
宁波银行10月31日被深股通减持347.32万股,-1
今天再次验证银行板块是多么安全，跌无可跌，今天是本轮最后上车机会了，后面上涨是肯,1
民生银行(600016)融资融券信息(11-09),0
交行的业绩肯定好不了多少？业绩反映在股价上的道理,0
午后建议关注,0
发一大串公告，然后跌成狗屎,-1
可以抄底吗？拿到40卖,0
想不到中国银行是今天亏的最少的。,0
平安银行:董事会决议公告,0
xx的手:今天给我收在49.9不准高也不准低,0
浦发银行二天填权完毕。中行加油！！,1
$民生银行(SH600016)$请教一个问题，各路大神进来解答2020年买入民生,0
平安银行06月13日获深股通减仓373.09万股,-1
离岸人民币越跌越跌越凶了。明天银行保险继续大跌,-1
维护退市制度严肃性,0
3，老师，我想配置一个账户的打新门票股，买哪些好?谢谢答:沪市个人推荐持有工商银,0
松仔认为，大盘经过了上周的连续调整，整体人气较为涣散，而且大盘经过连续3日运行在,-1
你为什么赔钱？因为不会算账，分红5%存在么？入资1万，分红500元，跌30000,-1
吃面,-1
今天4.78全部卖出了，这个价卖的比较满意，跌下来再买进来，估计大盘现在不稳还会,0
虽然我买了，但是请跌的更多一些，我好加仓[鼓掌],1
有股指期货，沪，深指数已成为傀儡，可以废除了，举国上下可参照股指期货买卖股票！,-1
周五的时候后悔周四卖了，周一再看看，不后悔了。,0
697、698埋单全部成交,0
这个钱会不会白送给房地产开发商[呲牙]民生银行的胆子不小啊。,-1
建设银行：融资余额18.29亿元，创近一年新低（01-17）,-1
不来个涨停没有意思啊,0
寡妇的孩子,-1
明天开盘跌2分[困顿],-1
交行管理层国家支持大家为维护股价而进行回购  了 希望你们行动起来 对得起价值投,1
开个贴，吐吐槽，骂就骂，不进行人身攻击！,0
牛骨头你应该回家看恐怖片，，哈哈哈,0
两市第一个公布中报的股票 拓维信息即将拉升！,1
浦发银行02月21日被沪股通减持163.33万股,-1
四大行终成七大行？央行已经标注，其中一家银行，很多人都没见过,0
1700000万！,0
南京银行融资融券信息(11/8),0
中行与建行签订村镇银行股权转让协议,0
交通银行05月17日被沪股通减持763.91万股,-1
招商银行融资融券信息(10/21),0
什么时候能回本,0
看看浙伤，长得我扯单都扯不赢,-1
华夏银行也别搞什么分红了，直接拿出钱来先回购一半股份，也就四百多亿，估计两年利润,1
$交通银行(SH601328)$苏州银行请各位大佬抬一手[微笑],0
大胆预测，今天涨的，明天会加倍跌回去,-1
看看民生，就知道北银的走式了。,-1
$交通银行(SH601328)$NN的都发现金矿了，都来抢了，能的我还没建完仓就,-1
收盘5.81,0
大家听我一句劝，政策机构主力都在做空银行，大家赶紧撤吧还是。,-1
大咖谈节后顺周期板块,0
企稳没？,0
中创板像孩子一样调皮一点不要紧的，何必一下搞到位呢！,0
典型的高开低走，出货行情，以绿盘报收。,-1
买，放开了干[微笑],1
昨天没有涨，今天跟着跌！！！,-1
CDMA显示抛压太重，尾盘卖了2000股，等待周一低开接回，高手评论一哈！,0
银行也暴雷，A股没得玩了,-1
这些庄像国足一样窝囊。,-1
民生银行：第三届董事会第二十四次会议决议公告,0
601169:北京银行关于信用卡中心开业的公告,0
交通银行(601328)融资融券信息(02-19),0
真晦气，19.60我就会买，抄底，结果。。。。你不跌下来给我点筹码就这么走了，！,-1
砸盘一触即发   拭目以待    该来的总会来   尾盘杀不香吗,0
宁波银行、杭州银行、平安银行，先卖哪个好？,0
$招商银行(SH600036)$上证指数最大贡献,0
中国建筑得其它主要资产,0
拼命拉大盘股有意思么？,0
银行，优秀的股票预期能更优秀吗？！毕竟炒的是预期！,0
$平安银行(SZ000001)$搞了半年，玩了个寂寞，一动不动，你太顽强了,0
沪股通活跃股揭秘资金动向 工行等完胜本轮大跌,1
明天低开闷杀套人了……套人了,-1
看看平安。都来平安吧。成长性而言高一些,1
换手率太低了，被套是自己没本事。,-1
恒生银行20年度净利润166.87亿港币(1.1+0.8+0.8+2.8)一年四,1
今天量有点大啊，好像有事情要发生，机会在恐惧中诞生！,1
养老金布局完成才是宣布深港通良机,1
北京银行融资融券信息(11/27),0
看看股指期货是如何祸害大盘的！,-1
转发,0
工行龙头英雄本色不改,1
卖掉林蛙油加仓民生,0
中行未来投资银行标的，现价大胆买入，中银证券是交易平台,1
华夏基金管理有限公司关于旗下证券投资基金估值调整情况的公告,0
看来民生银行已经烂了 否则怎么大股东 人兽 新希望 还有巨人也说要退出呢 我们只,-1
我7月13股权登记日,0
中信银行本月28号推出薪金宝 余额宝真正敌人登场,0
平安和三星医疗比，怎么样？市盈率一样，盘子大小差别大，成长性三星前景美好，分红率,1
李健携手岳云鹏演唱「唐僧抒怀」这个看似戏谑的表演也是颠覆三部曲：分别颠覆了唐僧的,0
刚好计过康得新上市后总利润除去分红剩下的也不够122亿元,-1
昨晚看了一篇报道，平安银行发行了华夏幸福系列投资信托，涉及敞口约1000亿，而且,-1
各位兄弟，还有什么打新票推荐？,0
刷屏狗的号不会被封 博弈的最高境界就是一切为我所用,0
庄家拉肚子了!!!,-1
$中信银行(SH601998)$为什么一下子要融这么多资金，分配的红利才有多少，,-1
这是不知道是几日游了,-1
梦的最深处，只有微笑不累。,1
所以大家现在需要的就是多一点耐心,1
平安银行每股分红0.218元，股价18元，浦发每股分红0.6元，股价9元，什么是,0
炒股要听的话,0
价值投资：建发股份,1
加快上市速度是真的么？？？？？？？,-1
带头做空601818,-1
快跑工商要倒闭了,-1
有些董秘回复的比较现实，价格那么高你去买，巳亏损了你去买，要退市了你还买，这能没,-1
明天能跌多少？,-1
真的四大行最弱,-1
5.5买入,1
名投资者清空浦发融资盘,-1
国家的战略意图大家明白了吗？散户坚决做空银行股，自从股指期货推出后5年历史向大家,-1
底部红三兵,1
工商银行(601398)大宗交易数据一览(04-07),0
11.87元的净资产，华夏银行破产吧，破产了还少亏点,-1
今明两夭赶超H股，会否?,0
[图片],0
北京银行聘任曹卓为董事会秘书,0
心电图，你快死了,-1
为什么H股大涨而A股猛跌,-1
上午拉升下午跳水，这就是招行最近的走势,-1
天天倒数，你这是怎么肥事[哭],-1
好好的端午节，造、成恐慌的人有罪,-1
《连续320手 这样整齐的卖出数字 啥意思?》,0
宁波银行与浦发银行2017年前三季度业绩一样,0
渡过黑夜就是黎明,1
大盘调整壹千点不知股价调到什么价位？,-1
护盘！护盘！,1
6.06收盘,0
16间上市银行中北京银行日K线也不是好好。只是好看一点点。,0
还有个下蹲动作,-1
上市银行提出多途径化解不良资产风险,0
银行股里垫底的碎催股就是它了,-1
三年倍增你乐意吗？假设浦发由7元到14元是明确。7.06,1
10.60是不会接回的,-1
一拖八散伙之日就是南京银行上涨之时,1
4.20入手，希望不会拖累大家。以往买啥傻跌,-1
常熟银行跌超3%、平安银行跌超2%！为何北向资金仍爆买锁定银行板块？,0
垃圾股怎么样 没说错吧,-1
新股破发快了,-1
宝宝爸爸不爱[鼓掌],-1
请向H股好好学习学习,0
今天就靠宇宙行护盘了,0
坚定加仓。今天的亏就是明天的辉煌！,1
刚买了小票做补涨，现在就是翘翘板,0
涨停吧,1
北京银行06月05日资金揭秘,0
误入此股,-1
601169:北京银行2018年年度股东大会的法律意见书,0
最后收阳一分二分。,1
要发挥定海神针作用，别跌，哥周五全仓买入，期望你救市,1
后悔7.9没走了,-1
明天开盘4.53，相信华为的事件会改变汇丰银行局势扭转乾坤，交通银行最近几年被汇,0
兄弟们顶住啊！,1
600036:招商银行2018年度报告补充公告,0
下午银行护盘,0
中信典型的空军一号 兄弟们千万别碰此股 哥被套10年了,-1
核心内参泄露：(安德利)要爆涨!!!,1
成立理财公司，经营多元化,1
【193】结束空仓的仓促一仓,1
北京银行(601169)融资融券信息(05-12),0
是真不要脸啊。今晚就公布业绩了。不说有多好，但是比起。一般企业一定强的多，块八毛,-1
局部性行情将持续演绎,1
[爱心]支持工行[爱心]000982[爱心][爱心]黑凤凰显世中银绒业摘帽,1
明天中考。,0
人生需要信仰，投资需要信仰，价值投资更需要信仰银行股我从13年持有至今，全仓,1
改革开放40年来，中国高铁实现了飞速发展，成为一张闪亮的‘国家名片’！各位兴业银,1
华夏银行~~，你把老子套住了~~~,-1
优质股就是耐心中蕴藏机遇，持续不断创造收益,1
公司半年度会不会送转？,0
600016，今天当老大………,0
其他银行股都是几个点几个点的涨，民生，别看民生涨起来慢，跌起来可是嗖嗖的,-1
601009:南京银行股份有限公司关于可转债转股结果暨股份变动公告,0
毛了，就是看空后市，让事实说话！,1
创业板或面临进一步调整,-1
人均消费十万多好啊。。看看十大股东是银行啊！？银行还有钱吗？看了啊真是够了服了。,-1
新能源汽车产业链利好不断 　　年报披露期，挖掘绩优成长板块无疑也是投资者规避风险,1
泄了，泻了，谢了,-1
看了令人毛骨悚然的股价走势图-2019年4月19日价值漫步指数基金估值,-1
泡沫的典型代表,-1
双一券商持双牌照即将收购城商行股权上会，大家等好公布吧,1
17.52不能再低了。主力都拉不回去了。大家都坐稳扶好，等待一飞冲天。,1
从2008年最低价1块钱，到如今29元，今年如果破30元，11年30倍的妖王。为,1
不知道买哪个银行股，所以这半个月里，不断买入了银行基，免盯盘！,1
现在银行风波传闻宁波银行涨幅第一。,1
上面为啥要任由人民币升值？？？,-1
现在已经进满货了，下一步就是卖货。价格5.02。空头们加油呀。我在5:02等你们,-1
6.43機構開始拋售，小心小心!,-1
南行被人拿来做空头工具,-1
大实话，兴业银行这价是上帝送钱给你，信不信由你！,1
新三年，未来值得期待,1
外资一直在买进！守住好筹码！,1
AH股反了背道而驰同股同权不同治理,0
工行帮助成暴长暴跌模式,-1
发射吧 银行股，护住大盘,1
可以买了,1
浦发银行刘信义落子关键“一棋” 曾坦言“压力较大”,-1
银行的收入怎么来的？银行的本钱是谁出的？  老百姓把钱存在银行，银行放贷跟开发商,-1
六污东莞被抓！到现在还没有出来！,0
大盘在创新高，中信银行在创新低！,1
垃圾兴,-1
本股之前走的是园弧底型态.昨天冲出轨后今开修复回耒而已,0
疯狂甩锅者,-1
招商银行(600036)融资融券信息(08-03),0
估值2172亿净利113亿ROE5.2%极低！向下空间巨大！泡沫卖出,-1
给你蒙对一次 也就50% 不代表你多能。,-1
这还是银行股吗？,-1
银行股大动作要来了，洗盘后元宇宙金融数字货币龙头国家队南行有涨停,1
猜老牛今天丅4分,-1
狗庄拉起来,0
今天开始，本人戒酒，为了杀跌白酒泡沫！恨白酒泡泡的，开始戒酒三年！,0
公司管理层，我觉得华为每年招聘的天才计划挺好的，公司是否也考虑在全世界招聘天才少,0
中行市场流通的股份约在4%左右，大部份在国资控股。今天成交量占0.5%，结合近一,0
广告世界里的金属激光切割机,0
今天20元以上买入的傻缺举个爪,-1
你以为几个报告有用吗？,-1
工行你终于硬了一把,1
浦发银行5月18日大宗交易成交1635.20万元,0
平安银行情人节开年报发布会，谢永林亲述三个走心故事,1
垃圾民生银行今天百分百大暴跌[大笑][大笑][大笑][大笑][大笑],-1
垃圾股,-1
当我接到问我要不要贷款的电话，我知道,-1
宁波银行是个好银行，个人感觉大概率是个可以长持的股票。我个人是因为本金量问题，加,1
全球第一行，真牛,1
8月公报定增200亿！卖了80亿，还有120亿定增没买！卖不掉吧！！！,0
大盘破位下行的趋势性下跌，可能会加速下滑,-1
"拉细的,掩护大的出货?",-1
12.2封顶。,0
可恶券商股率先唱空做空?,-1
建行如期调整了，还好，我让获利的止盈了,1
路过观景，看似西拉里，实为特朗普？？？,0
a股生存法则质优股等破位买入每次赚钱,1
散了吧，没资金,-1
平安银行01月07日获深股通资金净买入5744.88万元，持股量增加591.25万股,1
等着15以下建仓,0
昨天砸盘今天护盘，什么鬼,0
挂盘逗你玩。,-1
今天能过15吗,0
我们不一样,0
股票操盘手每天就是这么买来买去的累不累啊,-1
怎么感觉根本没人关注啊,-1
南京银行比这只扯蛋的北京银行强多了，可能是被雾霾搞的成了弱智！,0
尾盘拉升，北上资金看真要北上噢！,0
股民不是傻瓜，看人还是很准的！,1
重阳投资举牌掉队的燕京啤酒,1
应该要分红了吧,1
尾盘拉有个屁用,-1
我还在[大笑][大笑]吃了几个月的鸡，今天回本了,1
这个庄太坏了[滴汗],-1
衣带渐宽终不悔！,1
这就是拒不股改的601系股票的下场--欠中国股民百分之三十的对价,-1
要疯了,-1
赶快退市，你那么挣钱来这干嘛？要概念没概念，要题材没题材。既不是5G，也不种植大,-1
每次犯疯都是逃跑的机会,0
浦发银行：科远智慧收到的银行存款询证函回函非我行出具,-1
AH股、国企改革、昨日涨停、上证180_、沪股通等概念相对高资金流向,1
牛逼啊,1
天天拉稀，尿性本色,-1
好票不涨是因为市场缺钱只能找热点了等成交量放大了才行啊,0
"23.20 为T埋棵种子 ,是很有必要的,",1
上个星期星期四20.42买了一千股，星期519.94买了500，今天19.48买,0
赚不过几百。亏就亏大几千[大哭][大哭][大哭],-1
新增投资者11个月超百万！机构账户却下滑，什么信号,0
应该不会比五元在低了，现在是加仓的时机。,1
看看H股价格就知道4.14元是合理价格,0
呵呵，幸运今天跑了,0
招行 现在价格 最少 跌百分30...买银行股要分清楚,-1
$平安银行(SZ000001)$终于有压单了[大笑],1
就玩创业板，银行不要玩，涨起来没他的份，一分钱两分钱，跌起来往死里跌,-1
今天割肉的举个手吧！我10.1元割的肉,-1
弱鸡,-1
可转债是不会发了，唉，都走了吧,-1
看到没有，散户的单稍微堆积一点，就一口吃了。,0
浦发最具移动移动金融银行龙头地位.谁能代替??,1
什么开股东大会，速度分红，把分红的股票卖了,0
转发,0
所有烂中字头都翻倍了，绩优银行倒涨幅小了。,-1
股金鹰眼：美元升值的步伐不会就此停止,0
$工商银行(SH601398)$稳住吧，别又跌下去了，我的成本4.76，每天在我,-1
拿自己的钱给自己分红，再交点儿税。怎么说呢？只能说 tmd.nnd.,-1
社保0成本不断卖出，等卖完了，财政部又转个一百亿股给它，不用钱的，任它怎么卖都行,-1
年内首次！两家农商行评级被下调，或有更多在路上,-1
这个银行踩雷同洲电子了，能不跌吗？主力都在跑路了,-1
别搬起石头砸自己的脚,0
北京银行上周获沪股通增持3.75亿元！！！,1
不跑等死,-1
明天看到3.62年前3.61买的到,0
怪不得银行股会跌，辉山乳业借了20多家银行的钱，浦发也有份。,-1
发散贴不固,0
中国移动（600941）49倍的天然杠杆属性 决定它将成为调控指数的最佳工具,0
中行被罚5050万！“原油宝”事件处理结果来了 认定存在四大违法违规行为,-1
打压银行股/国企权重股为社保养老基金入市创造条件.,-1
一些业绩亏损或业绩大幅下滑的公司也成了高送转的常客,0
南京银行融资融券信息(12/14),0
高开低走，非奸即盗,-1
工行引领大盘反弹！,1
加杠杆增仓，还没成交，再跌再加[微笑],1
华夏银行永远那么低迷,-1
这个股没人看好了,-1
这样的走势完全是在抢畴,-1
北京银行05月22日沪股通减持727.96万股,-1
哈哈破30铁定的这还有啥怀疑的,1
[哭],-1
到底有妖精吗，又回到几年前。,0
看不懂的中国银行股票吗？,0
宁波银行是我的幸运股每次买都能赚钱再次买入！,1
熊气漫漫，反抽而已,-1
指数稳稳工商银行涨一点点，几秒钟回原点！！！,0
你咋盘,0
真正的价值投资是钻石底买入股票。而不是4000点以上买入银行股,-1
再加把劲[牛][牛][牛],1
上次4.81清仓了，今天再次来挂个号，希主力送红包过年。,0
到尾盘了[哭][哭][哭],-1
银行股看来没人炒,-1
感觉现在这个价就是在抢钱，比较老农就懂了。,0
哈哈这个卖4手的实在是死的差不多了，,-1
廊坊银行邵丽萍：迎难攻坚，筑新致远,1
补仓二十多万，看好你。,1
南京银行定增获批后股价大概率会站在9元以上，因此定增价格也会高于净资产价，定增价,0
这事上北淫完全站不住理所以洗白水军发的贴子也就显得那么无知可笑！苍白无力！毫无说,-1
可以买了！长期分红！,1
A股最怕过山车，一般涨点就会跌，不会让你赚的,-1
有我这145横刀立马，鬼军不敢冲[大笑][大笑][大笑][大笑][大笑][大笑],0
长得差，因为不得发行优先股。,-1
释放风险,0
民生银行提早赎回200亿人币可转换公司债券,0
看空的贴评论不了 ,-1
中国最佳医院排行榜出炉,0
开始你的高台跳水表演了。,-1
傻瓜才卖[大笑],1
某神贴跟不了图，自己开个~,0
民生银行百分之三十的分红，没有了，,-1
注意！造谣说分配方案不好的是网络骗子！庄托！,0
北京银行经营模式多样化，取得骄人的成绩理所应当,1
养老金入市 深港通有望落地 券商板块大发展：东,1
今天买进可以分红呢！,1
华夏，交行，南行，大家会选哪个？,0
浦发庄家，你也太没有水平了，你自己妈都不放过呀？,-1
尾市抢筹,0
虽然没有兴业银行，但我有几十张债券[大笑][大笑],0
感觉融资盘，下降了好多。现在南行这个价格融资买可不可行？感觉现价，一年20%问题,0
汇金公司的解植春在大牛市叫国有银行贬值，罪该万死,-1
不,0
现在卖了中行，然后买农行。划算,0
实战纪录第二十八天，挑战半年回本15万！,0
这么搞这个市场的话，就一直不接国家队股票。可以一辈子不做。等股市恢复赚钱效应。,-1
我观察了好久了，华夏银行的主力建仓行为吃像很难看。让可怜的华夏银行其他的持有人，,-1
兴业太垃圾了，呵呵,-1
$平安银行(SZ000001)$平安不平走了,-1
对 对 对 揍是这样涨下去~,1
招商银行获沪股通连续8日净买入 累计净买入64.57亿元,1
浦发银行盘中大涨 银行股集体拉升,1
浙商证券给予南京银行买入评级 股东开始行动 吹响反攻号角,1
买点连起来绕地球一圈。。。凭实力当韭菜,-1
哈哈,0
涨停清了半仓，明天再接回来,0
聊聊中芯国际和下周的加仓计划,0
难到拉高是为了小散赚钱？机构总是有理！公布季报时！业绩增涨，他说见光死。业绩下降,-1
看看就想吐,-1
别拉了，往下跌三,-1
垃圾股不给炒了，报团的作鸟兽散，这些出来的资金往那里去？打压最狠的板块就是它们建,-1
"兴业银行统一授信管理信息化项目上线,整体银行建设稳步推进!兴业银行集团统一授信管",1
南京银行去年十月买的，5个月了，回报马马虎虎，想在南行赚钱，得能守的住寂寞才行。,0
后悔啊！早知道早盘抛了,-1
建行混改计划引入大型民企,0
银行要蹦盘了,-1
招商银行11月25日资金揭秘,0
什么票都是一买就跌，这股市还有什么投资价值?本来想买银行股赚点利息，没想到还是被,-1
$招商银行(SH600036)$原油价格已突破120美元，新能源汽车何去何从？,0
今天买了一点贵阳银行 看到南京银行慢慢从底部走了出来，备受鼓舞，就买了一点贵阳银,0
该涨的都会涨！该跌的都会跌~！因果循环，阿弥陀佛！,0
瞎b蛋扯了,-1
为什么港股价格比内地还低？有人知道吗,0
11.1进了20000股！准备当理财,0
今天下午的量明显不行 突,-1
利润稳步增长的南京银行、兴业银行、泸州老窖。$兴业银行(SH601166)$$泸,1
大股东没有为员工持股计划参与员工的本金及收益i,0
下午创业板大跌，银行大涨。,0
马云会参股兴业不？  形成一参（兴业）一控（网商）银行系……！兴业银行关,0
买买买！买入1000万！,0
管它呢，散户抛售银行10000%不会错,1
$招商银行(SH600036)$今天你成了丧气鬼，人家都反弹。[大哭][大哭],-1
主力资金几个月都是流出的，都让那些要分红的接去了么？,-1
首批养老金委托投资资金正在划拨中,0
"上去了一定要舍得卖,才能主动",1
哪天分红除权？,0
南京银行(601009)融资融券信息(02-02),0
北美原油已三次到0.382处就因不同原因强烈反弹！,1
银行一直阴跌，要跌到多少算头啊,-1
气的老子今天没上班，基本没涨过,-1
周一不跌停，我切丁丁1111111111111111111111111111111111111111111111111111111111111111111111,-1
华夏银行(600015)大宗交易数据一览(7/9),0
"香港股市十年新高！今天这一幕让1.3亿A股人心寒！都是中国股票,差别为何那么大?????????",-1
买了银行股躺着挣大钱,1
*今天转仓285万元买入002122天马股份*,1
论每股收入量和增长性.兴业应比浦发股价高.平安股价低估三成,1
机会几号分红,0
南高一股没有减持，我被误导，把自己南京银行股票都卖了悲哀呀,-1
"马蔚华人比傅育宁好的多,至少人家不来犯人.你他妈的叫人乱砸盘",-1
一触即发         高层欲推资金全方位入市 券商大涨     必然性！美难加息英难脱欧……深港必通沪伦加速       关注广发证券业绩第一,1
幸好早上卖了[呲牙][呲牙],1
我是不是买高了？,0
可笑空头不自量力，螳臂当车自取灭亡！,1
"买了工行半年多来,心情真好",1
南京银行的增发价格已经是很厚道了，对认购机构来说不但做出了很大的现实牺牲，而且面,1
当龙头当上瘾了，坐等一天掉下来。,-1
小散不骂，中银就涨了！,0
坚决相信科技中国，而非金融,1
传火山小视频借壳,0
最后一个星期了,0
说14元的平安银行咋好咋好，呵呵呵。,-1
跌了就抛，做T,0
盘后绝对有政策利空,-1
以合理的价格买入有价值的资产，这就是价值投资者需要做的，其它的没关系！！！,1
中小创垃圾股还有70%的下跌空间,-1
推荐大家买房地产股 买 万业企业600641+华联控股000036 求转发,1
来回荡，证监会管的是什么东西。这资不行，那钱不可以，这个不可以控股那个不可以超5,-1
华夏天天死在这。,-1
周一不买的是傻瓜。,1
今天下午国家出政策平安银行亮灯涨停[奸笑][吃瓜],1
中国银行：主力资金连续10天净流出累计7.03亿元（12-15）,-1
空港看你拉涨停不哈？拭目以待！,1
该你表演了，睡醒了,0
以当下茅台的基本面，满打满算股价估值不会超过,0
本人再次呼吁，存了几年了也不要在乎再存几天，放放吧！,1
中国银行获南向资金连续5天净买入,1
[大笑][大笑]我数123……,0
可怜的假巴菲特，新股收益为零,-1
证券涨的离谱，银行凑什么热闹,-1
即然决定吃利息就不考虑涨跌。三年都等了也不差在等三年,1
这股有啥坏事发生，,-1
《卖掉了招行 买进了温氏股份》,0
怎么看都觉得50股有一波大幅度拉升,1
北京银行涨一点就有基金跑路。,-1
1500万美元买了这么一大块地,0
就不能好好涨一下？,-1
给个龙虎榜看看行吗,0
浦发银行,0
拼的就是运气，早上5.53全卖，5.51在买回来哈哈哈[拜神],1
你妹的,-1
$平安银行(SZ000001)$还不切等什么？,-1
招商银行走势预测,0
交通银行收盘5.06元注意买进,1
大盘涨时你僵尸，大盘跌时你垃圾，尼玛的,-1
像今天这样跌法34都不安全，大盘现在行情走坏了，,-1
6.7年都没看到赚钱，股票真是服了,-1
僵尸股一个,-1
宁波银行(002142)融资融券信息(03-06),0
4.27民生银行，收盘4.74，建议分批介入,1
下周将现蜂拥买入潮 庄要有思想准备哦,1
幸好在13.86时全跑了！买这个股的小散下半年大部分是亏的！！,-1
这垃圾跟涨都不会了,-1
周线和月线走势挺好的，就是不知道靠不靠谱,0
大家初三好，多吃青菜减肥啊，要初10年才能开盘了,0
抓紧跑啊，买入建行,-1
所有银行股都涨了，只有中国银行涨的点数最少，分红前能涨到多少钱啊,0
买入分红除权后成4.35不爽吗？,1
该起银行啦[献花][献花][献花][献花][献花][献花][满仓][满仓][满仓,1
北京银行中期净利78亿 同比增22%,1
很久不见的大宗交易又连续出现，希望应该不远！,1
深刻理解价值内涵的，洗也没有用！,0
昨天忍痛割了一半的肉，今天就来这一出，已经拿了快一个月了，,-1
有支SB主力一直在打压,-1
大盘震荡整理，为上攻作准备。,0
工商银行明日（2023年01月03日）股价预测,0
民生银行都跌成狗了，北京银行怎么还不跌？,-1
[图片],0
从中弘股份到ST长生，一个崭新的赚钱模式出现,0
估值计确定市价ROE与欠确定成长预测为准！,0
"有多少卖多少,不计成本的卖出。我们以后在这里做股东了，因为没钱所以中国建筑的现价可能会到.",-1
淡定 等高潮,0
看样子是在故意打压股价让大家保险低价割肉第一大股东筹码。,-1
券商股 消费股 垃圾股价格虚高 已经没有什么价值,-1
满仓干，不要怂，就是干！国家又支持房地产了！第一目标看到15，第二目标18,1
实事求是,0
还是那句话，随时暴跌。就是为了发新股圈钱的。不赚钱。,-1
空头大佬继续打压兴业银行,-1
一个是很厉害的，让散户在三块09分割肉离场,-1
北京银行还会涨,1
今年各家银行如果按正常拔备的话，年中净利都可以有两位数的增长，怪不得银监会坐不住了,1
看谁跑得快,0
今年35000股中国银行已经中了2签了……还拿了6000分红。所以我真的很奇怪为,0
宁波银行昨天跌势吓人，今天涨势喜人。,0
越是市场非理性波动的时候，越需要保持清醒的头脑！ 每人见解不同，考虑因素不同，对,0
挣三分就抛！,0
宁波招行把银行跌喷了，平安兴业加油,0
跌吧！在6.20，等着,-1
尾盘杀不香吗    黑色星期四就在眼前   乐此不疲,-1
这个套下得完美,0
刚卖了半导体，换个傻大白！[兴奋],1
天天这样一毛钱能玩一整天！,0
地产股引领“银地保”，A股规模最大银行ETF续涨1%！国盛证券：大级别政策宽松周期,1
我服了,-1
兴业银行荣获《亚洲货币》“最佳供应链融资银行”大奖,1
就是不让红，就是不让你们赚，就是不让你们回本,-1
交通银行低价是金，高价是纸,0
投资者联合起来,0
中国银行融资融券信息(6/21),0
建设银行(601939)融资融券信息(06-29),0
山只乌鸦要小心,-1
今天中国股市厉害了，全市上涨个股百分之十，下跌个股百分之九十！！！最假的股票市场,-1
10:00开始挂11.23卖出，卖不掉。,-1
快买！,1
招行已经涨至今天最高点、兴业离19．61元远着呢！,0
哈哈～厉害收在最低点,-1
判断：肯定涨停涨停了一一一一一一一一一判断：肯定涨停涨停一一一一一一一一一,1
郎里咯郎.背着书包去投票,0
靠，一不小心就中埋伏！[偷笑],0
净资产10点多，市盈率三点多，有什么理由还要下。,0
这水跳的,-1
5分钟变15分钟数量级而已，是很上加很意思,0
期待银行出现南北双雄。,1
（10-20）中国银行连续三日收于年线之上,1
管鸡毛！我不管阿普股价！,0
重回六元[好逊],-1
三天内有一个中阴线,-1
智选基金！精选基金重仓股值得关注[21/11/02],1
新华联正在抛票,-1
真正市场底要破2100点到2080点正负17点范围内！！！,0
招商银行向上有跳空缺口不是什么好事,-1
多跌点,-1
离谱,-1
我们为什么要来A股找抽?,0
谁能融给我5万股招商银行,0
北京银行今日热门盘点,0
全线挖掘还没开始起飞的石墨、碳纤维等炭素新材,0
招商银行是一生的朋友，我买招商未亏过，持有十多年,1
久盘必跌。,-1
今天最好,1
如000759,0
本庄反复强调了建行不具备持续上涨的逻辑支撑，相反基本面持续恶化理应继续杀估值。考,-1
马上可以看到由招商银行，招商证卷，中国人保合并成的中国招商成立。,1
浦发银行  喜看今日头条 蓝筹起舞！,1
哎，在也不买银行股了,-1
股市现在不是奔小康，现在大多数变成贫困户了，,-1
$招商银行(SH600036)$你就告诉我明天还砸不,-1
【资讯早知道】普华永道：去年城商行和农商行净息差、净利差降幅较大,-1
扶我起来，我~~,-1
今天要破33了,0
生气本来买浦发的尼玛的,-1
净资产12. 可以抢了,1
***判断：尾盘肯定又是暴跌收大阴线了啦 尾盘肯定又是暴跌收大阴线了  尾盘肯定又暴跌收大阴了啊 尾盘肯定又是暴跌收大阴线了,-1
希望601818第一个倒闭,-1
今天加仓138手,1
3.98清仓了,-1
趋势看涨,1
其实筹码够了 只差大盘上攻的机会了！！,1
平安银行真应该查查那些博客大咖，有没有操纵嫌疑！先自己买进然后不遗余力的推荐分析,-1
不拉了,-1
注 现在市场风向变了 大资金喜欢次新绩优股 因为老银行股层层套牢盘很多 重点关注江苏银行,0
最弱的银行股,-1
资金撤离去搞资源了…哎…,-1
多看少动  获利多的跟着机构高位减仓 现在买入风险太大  这种高位阴棒 少不了阴,-1
冲。。,0
就是要保障每一个人都能住有所居,1
挣一点分红跌光了,-1
有资深股友连去年南行8元买进也搞不懂,-1
我更不想和你磨嘴皮子，你继续唱你的空，我继续唱多就是。,0
买到底,1
银行股的净利润平均为营业收入的35-42％之间。,0
何况即便预测不准确也不用承诺任何责任。,0
拉个屁,-1
北银以一个几近完美的跳水动作迎接新年的到来，是不是预示着什么？,-1
区块链+供应链金融，直击中小企业融资难问题,1
13元以下砸盘！就相当于拿金条来砸盘！抢进啊！,1
江苏银行不跌破发行价，必须拉抬华夏银行！,1
为什么有关股指期货的贴都要删?,0
重庆农商行：倾力打造绿色金融“靓名片”,1
一分也是爱,0
昨天建行涨得急了，今天觉得不过瘾。,0
明天补缺，短期底部15元。,1
先有染料飞天再有地量连板：浙江龙盛间二苯胺饱和产能达9万吨！每吨赚15一23万元,1
以前券商保险抢了银行的业务，现在银行要抢他们的饭碗了,0
交通银行： 自诩有百年历史，但却没有什么像样的传承； 自诩为第五大国有行，但规模,-1
交行首席经济学家连平：货币政策已不宜进一步收,-1
回复,0
两大技术因素看空大盘 谨慎抄底！,0
21.07.31：又路过,0
热天买啤酒。不过，洋河股份那个坏人，小明还没准备好，就开始红青蛙拉升。,-1
建设银行(601939)融资融券信息(04-19),0
你想过如何对付量化交易？9.24,0
银行真弱，下周拉吧／今天先买点等待,1
短线将走强 周一急跌是低吸机会,1
给破2500出把力，小招快砸,-1
困境反转的银行板块,1
兴业银行：融资净买入1.04亿元，两市排名第11（02-25）,1
大盘涨你不跟，刚下跌你就跌过大盘。买你得是前世造下多大的孽。,-1
$宁波银行(SZ002142)$加仓,1
我已经听不见“致富”好多年！,0
还是昨天那句话 手上有平安的都卖出吧,-1
4.4元买,0
今天开始逢高出局了反手做空,-1
天天尾盘搞事,-1
天天红盘 天天向上,1
交易所批发价 大量优惠！,0
只要有人说真话！就有罗鑫立马窜出来咬谁！警犬都没它反应快,-1
中华大地第一波涛运行,0
民生信托波罗的海干散货项416、333、275全部逾期，拒还本金和利息，民生信托,-1
农行和工行,0
以四大功能为支撑 武汉加快建成国家中心城市 2017年01月26日中国广播网 国家发改委网站公布,1
华夏银行盘前回顾(01-14),0
“四大发明有遗篇”——北银,0
放量下跌……清仓,-1
十字星的含义,0
尾盘买了 明天能涨停吗,1
平开，低开。下杀破7.23。。[鼓掌][鼓掌][鼓掌],-1
請問還換行長嗎?,0
呼叫富实罗素,0
工商银行(601398)融资融券信息(01-25),0
明天会有25亿资金来高位接盘吗，今天追进去，明天能保本出来，不要给机构接盘了。,-1
真金白银给你分红了，涨跌只是市场行为，到底值多少钱大家心里有数的。品牌估值800,1
另人震惊；交行上半年呆坏账余额和不良率都保持大幅上升势头，不良率为1.35%。,-1
民生银行说是要轻装上阵，你这哪是轻装，简直是裸装哟,-1
中信银行03月31日获沪股通增持139.08万股,1
粤宏远雄起,1
$平安银行(SZ000001)$骗子银行,-1
如果你做中长线，现在的北京银行，到了贪婪时分，五元以下股息率六以上，稳稳的增长率,1
今天保底5.3，立帖为据,0
机构在抛售银行股,-1
下周依然美丽,1
叶檀：若楼市像股市大幅下挫 中产阶级将大幅缩水,-1
银行股不能拿了，赶紧调仓券商,-1
一定会有几只银行股，过百元。,1
工行台州开发区支行筑牢廉政建设“防火墙”,1
中信银行：对外投资暨关联交易公告,0
博傻，就像2016年前的房子,-1
北京银行中国银行农业银行浦发银行工商银行兴业银行华夏银行的散户们,0
银保监会通报兴业银行侵害消费者权益情况：搭售人身意外险、超基准费率收取保费,-1
大盘创新高，银行股还在意淫,-1
开局这么吓人[微笑],-1
又拉你吗的尾盘，MLGB,-1
开盘又倒数第一！永远是垫底货！[大笑],-1
6.92出5000给庄哥，每涨两毛出5000，直到998[微笑],0
天天涨1分涨个半年也算大牛股,1
谁能告诉我浦发DR是什么意思？,0
实在无法坚持了～平安银行,-1
平安银行汽融：“隐形冠军”领跑市场,1
不值这个价，虚高,-1
这垃圾公司多嚣张呀，搞的和美国式的，压制这好企业，压制那好企业。,-1
现在股市风险在于：,0
开年牛就回头,0
等待，17.20进仓,0
银行这么不继续砸了,-1
平安银行三季报净利增13% 证金汇金持股超4%,1
大宗交易平台俨然沦为信息误导的帮凶！,0
按照安全边际来说，此垃圾股价应低于农行！！事实会说明一切！,-1
6月17日左右兴业银行分红，兴业银行股拿稳了。,1
证监会依法治市，首先解决交易规则平等，否则谁相信？,-1
这犊子  今天涨一下  完全是大银行带起来的   瘪犊子,-1
浅谈几句：现在的行情很疯狂，抱团抱成了一种病态。当然了，到了年底，为了拿个好名次,0
北京银行的负责人些，我想把你们狗头铡伺候,-1
港股走势就知道业绩可惜，等后面一口气了,0
比赛,0
今年年初，我买入100股五粮液，纯属好奇。目前持有300股五粮液，账面盈利227,0
新的一年开门红,1
工商银行无论从市净率，市盈率都不应该是这个价，第一目标位应该净资产5.462元，,0
分析盘口的必杀技巧,0
又可以做T了，今天392-393卖掉,0
以后不再在银行吧讨论业绩，讨论分红等这些低级问题了，如果有人真搞不懂这些，劝你们,-1
青山遮不住，毕竟东流去,0
明天还会更低吗,0
希望北京银行越做越好，继续做城商行的领头羊！,1
买银行股总该没人说恶意炒作吧？,0
象征性的涨点！以表歉意,0
流在江湖就是散户的害人精,-1
股权争夺战序幕已经拉开，港资是有备而来呢？还是虚晃一枪？或还是蓄势待发。主力机构,0
六十年来，河钢承钢不断发展和完善钒钛磁铁矿的,0
龙头？,0
中华人民共和国反不正当竞争法 《中华人民共和国反不正当竞争法》是为保障社会主义市,0
强制贷款给民营企业。就是今天大跌的原因。,-1
收448,0
我已经割肉了，猪力你可以拉升了,-1
阴阳人教真龙aaa往我们最不喜欢的说,-1
中国赌市30年，真谛归根结蒂就是一句话中小盘股炒作，就这么简单！,0
建设银行再度新高，很多人觉得建设银行是个超级大盘股，其实仔细看一下。他的流通市值,0
5.72入手2000股,0
买买买,1
是明确的短线止跌信号,1
工行台州开发区商业街支行成功举办理财沙龙活动,0
瑞丰银行是什么鬼居然涨停了?,0
兴业银行行长：资本以内生积累为主 外源补充为辅,0
没有人愿意投资慢慢变富，总有人想买股票一夜暴富。,0
垃圾收盘终于涨了1分钱。,-1
银行股真是不能买，牛市不涨，熊市微跌！,-1
招行的各位股东们，我发现一个问题，历史上使用招行作为工资卡的单位，非常喜欢跟征信,0
应该卖出！明天还下跌！！！！！,0
[胜利][胜利][胜利][胜利][胜利][胜利]涨涨涨[赞][赞][赞],1
20年老股民：蛇年春节后，股票怎操作？（附最新一览）,0
妈的，卖了就拉！。,-1
汇金是四大行大股东!,0
咯咯咯 年年业绩翻今年4倍 今年净资增55亿25% 市值仅270亿 可暴涨5倍。,1
研报显示，北行经营日趋向好,1
有一个朋友曾经回贴问我,0
报复性反弹之后，需关注两类股,0
弹药已经打完了，就看战后有战利品没有,0
成功的做一波T,1
银行一把手年薪面临大缩水 建行董事长将降薪100万,-1
如果今日成交十亿，可能会收复所有短期均线,1
招商银行10月31日资金揭秘,0
兴业银行风险管理部邹积敏：信用卡和消费信贷资产质量下行波动在预期可控范围之内,1
买了三百万股,1
6.45能顶住吗？[牛][牛][牛][牛][牛][牛][牛][牛],0
宁波银行什么时候变成妖股了？？,0
[不说了]总理确认债转股了 银行等金融机构不良率将明显改观！,1
如果2点还不拉升，我准备尾盘在进10000股,0
今天护盘股拉的太早，下午14点以后怎么办呢？,0
一天都在红盘，想逢低买入都买不到，前期没熬住割肉换股，两头亏亏大了,-1
大家不要看兴业的估值，看外资什么时候减完。,0
这市场就是砸这些传统产业，又都在吸筹成长股，你们可以翻看看,0
业绩符合预期，V型洗盘走势。,1
为国接盘我买最后100股！老百姓用实际行动支持一下。,1
平开就跑了,-1
这破玩意要把上证指数带回绿盘,-1
破位了，卖出，低点再入。,-1
垃圾,-1
不管今天股价涨跌，民生银行今天又要挣个一亿多。,1
真服了这个垃圾庄，别的银行股都大涨，就这货不涨,-1
银行股里的弱鸡啊[大笑]，走人,-1
每一次放量下跌都会再连续下跌两三天，估计这个星期就以下跌为主，4.3有机会看得到,-1
222222222222,0
建行开盘银行板块倒数第一也是醉了,-1
大盘要保三千点，后面就看工行的表现了[大笑],0
可转债午间复盘，华阳转债和佳力转债今日上市。,0
银行股今天表现都不错，就北京银行牛奶！,1
平安银行巨龙腾飞！,1
2月19到3月7日，4月7日到4月16日，有兴趣的关注一下,0
招商，宁波，江苏，平安，南京中报全部大跌！兴业明天如果跌幅超过8个点，就买点留着,-1
高看30,1
跑得快[牛],0
王良股价跌成这样，你30万股呢，不着急吗,-1
净资产打了3～4折的，等着大佬们来增持。。。,0
买不了美股 买不了茅台，低价酒成了散户首选,1
基金代销营收数据背后：公募代销迎来黄金时代，从拼产品到拼服务,1
最垃圾的银行股没有之一,-1
真的要涨停了？,0
平安银行他妈的到底啥时后分红,-1
今天得红,1
似隐似现的超级上等法术,0
一天换手率超1000%！可转债又遭爆炒，交易所再出手，这三只被重点监控，谁在追高？,0
浦发银行携手汇添富开启银基生态合作新模式,1
怎么感觉600000浦发是以兴业银行为标的似的！,0
我以为平安银行已到地狱，却忘了地狱有十八层,-1
机构一边拉抬地产股，一边说银行会因为地产贷款导致利润下降，根本就不能自圆其说,-1
民生银行要看大盘走势，虽然持续净流入，但主力也不敢随便发力.如果日K线出现收复3,0
我的200万理财昨天(12月21号)到期，银行却告诉我流动性紧张无法按期赎回，什,-1
19新华EB持有人完成北京银行可交换债换股,0
现在买进南京银行放3年肯定能赚钱,1
牛啊，闷不做声，一直憋着吧,0
银行股告一段落,-1
突破15的可能性极大，突破16的可能性很大，突破18，20的可能性大，当然了，不,1
警察，出来护航了,0
工商银行：融资余额31.18亿元，创近一年新低（04-19）,-1
真想实现保供稳价，应该直接在二级市场买股票。,0
反正才八万多块钱，跌一万问题不大。23岁熬的起，每个月发工资定期买5000看你能,-1
30位银行高管离职谋求新路，因为银行没有自主权，仅为国家钱袋子，经济下行，银行没,-1
请问一下，这是坑吗,0
起诉是可以，只是浪费了起诉费和律师费。因为北银何得正站得稳。只是康得新起初乱发了,0
货,0
可怜的华夏,-1
庄送礼了,1
$宁波银行(SZ002142)$不服输32抄底,0
20家上市银行发业绩快报， 仅浦发银行一家净利润下降,-1
G 民  生：关于召开2006年第四次临时股东大会的公告,0
为何现时不能唱空浦发？10.61,0
拉银行出货了,-1
这啥玩意的垃圾股啊。大涨没你份 ,-1
[惊讶][惊讶][惊讶],0
16.18好吉利啊。说明这是最低价。我今天准备建仓。,1
1月21日净值播报,0
是不是生不如死啊哈哈，买错股不可怕，可怕的是执迷不悟，阿Q精神自我安慰哈哈。今天,-1
盘子大，跌不动[想一下],0
宁德时代市值突破1.5万亿了，工行排名又要往下掉了[滴汗],-1
今天4.79到4.83之间振荡,0
怀疑工行的庄家是痴呆，降准的知道不？一起再告诉他一遍！,0
说一个鬼故事，银行业要登记为非盈利性机构,-1
大空头,-1
北京银行19日复牌 终止筹划定增事项,0
宁波银行:2014年11月2日投资者关系活动记录表,0
换未来科技：中科曙光，电魂网络，那个都好,1
银行股地产不领头，中国股市想成为大国？1000年以后再说吧,-1
巴菲特表示，如果你打了半小时牌，仍然不知道谁是菜鸟，那么你就是。[献花][献花],0
平安银行：2012年度独立董事述职报告,0
一天绣了一两棉,0
比你弟弟华域汽车走的差多了K,-1
猛拉建设银行连续2周，看大盘能稳住不！听到了没有买进,1
今天没有时间看盘，不知有这么好机会。13.06,0
Ok卖出了，等它慢慢跑吧，涨停也无所谓，起码有一万元过年了,1
皇上已经跌停了，大家小心,-1
干嘛跳水,-1
还是拿住交通银行股票！稳妥！睡得着！！,1
AH差价史无前例，A股开盘后奋起直追，大陆的基金经理应该知耻后勇！,1
早上没有冲高，今天有希望,1
业绩无意外，补跌一下，因为其他股大跌过了,-1
怂样!,-1
[想一下]你们都疯狂的时候，我谨慎点！没办法小本生意！,0
别慌，国家会救我们的,1
半年报点评：轻型银行特征更加鲜明,0
大盘无风险，后市坚持看多,1
能不能搞个平均值啊,0
民生银行：融资余额46.21亿元，创近一年新低（02-22）,-1
明日登记 注意抛弃!如此股市 交税大忌！,0
上方压力较大，可能有所回调。,-1
错过了……,-1
赢了！输了下海干活！,0
$招商银行(SH600036)$补了缺口我才安心[下跌],-1
为什么银行股暴涨？,0
继续持有，，下周一，周二有中阳线的可能。,1
赌半年报的死得惨！,-1
褪色的百年交行！,-1
就是这么悲催，跟跌不跟涨。,-1
搞了6天了，到看看还有多少筹码可抛 ：）,0
都说工行必除权，今年不除权呢？你怎么办？,0
南行除权价格比浦发还高,0
这次分红后，怎么股价没出权呢！,-1
交通银行01月03日资金揭秘,0
存款帐实一致,0
走为上策,1
央视正在筹建中国国际电视台CGTN,0
招行主力，你给我们扛住大盘，满仓融资买了创业板，跪拜～～,1
上海商业天堂 九百翻倍的理由不需要再说了 在香港上市的联华超市发布公告称，股东上海易果电子商务，拟将所持有的联华超市18%的内资股WER,0
招商银行现在的趋势还能安心持有吗，接下来怎么操作,0
青山遮不住，毕竟东流去。朋友们，今晚的庆功宴会，想必你们想知道个好消息，主力非常,1
远离 民生 开启牛市赚钱 新篇章,1
没有人愿意通过你丑陋的外表去发现你内心的美,-1
震荡市高抛是关健,0
下跌，底部盘整，穿越20ma！,-1
600755厦门国贸我相信你会涨的,1
民生银行4元以下可以看看。,1
不畏浮云遮望眼。被清扫出局，还是长期生存，全靠认知。良莠不分，是非莫辨，必入歧途,-1
银保监会被告上法庭！男子被贷款2239万向华夏银行维权4年未果,-1
这庄太狠毒，吃人不吐骨头！,-1
北京银行最近开启绿色贷款通道，极速审批，放款，真是给小微企业的福利。,1
比弱,-1
600016:民生银行2017年年度股东大会、2018年第二次A股类别股东大会和2018年第二次H股类别股东大会会议文件,0
浦发银行手机银行持续突破惠及客户 率先全面适配苹果iOS9,1
兴业银行等8股获融资净买入超亿元,1
感觉要上啊，5.3补少了,1
加仓,1
2440必破！,0
$民生银行(SH600016)$跑,-1
继续砸呗把大盘砸破3000点,-1
民生银行未来会一鸣惊人???,0
很不错,1
建行去年的股权登记日是6.30元。,0
为什么我们这没见过平安银行，四大行倒是都有，浦发也有，连成都银行，攀枝花银行都有,0
后悔5.5买少了,-1
我表示我看不懂了，这种走势，明天要么就是还有一根，要么就是高开.,0
我不说话 自己猜。,0
平安银行股份有限公司2018年年度股东大会决议公告,0
阳年就买建设银行，买进了 是大阳年,1
3.51的卖盘，你不能3.50卖啊，天天倒的sp,-1
不要肥死就到6元,0
祝贺交通银行追平工商[鼓掌][鼓掌],1
今天，北京银行可以大胆买进了,1
不会护盘.上了-次当.不会再有人上二次当.这种股市就是国家玩火找的,-1
伤害全体投资者的新股发行应当再一次暂停,-1
见好就收吧，后面的钱不是能看到的了，这到底是大盘股，能涨这么多不错了。,1
工商银行(601398)融资融券信息(04-09),0
$兴业银行(SH601166)$阳包阴，明天必涨[大笑],1
悔不该，昨天卖,-1
涨爬珠峰，跌跳水[不赞]价值在哪里[为什么],-1
这不是个平安的银行，这是个危险的银行,-1
用益-信托市场简报：信托代销等不给力 平安银行、招行财富管理手续费下滑,-1
》俺是中国一行股东,0
15年分红至少0.30元/股，等于开银行,1
为什么这几家QFII机构12月13日会抛售平安银行呢？,-1
62家城商行，综合排名，北京银行是第一名啊。多大的利好啊，明天可以放心的跌了。,-1
中午饭吐出来了,-1
明天恢复正常，低开高走，或者震荡,0
收盘后来看看招商银行的三季报,0
己经做好了陪你干到一块以下的决心！,-1
看看招行，大涨迎接蚂蚁金服，反观交通做跌，你们连最简单做人都不懂，没前途了，以后,-1
我看空头今天有没有狗蛋现在融券卖出！,-1
方大炭素不错,1
他妈的垃圾,-1
美股这次来真的爆跌，估计跌个上万点也可能,-1
哈哈.比大盘还牛要求收购资产，,0
浙江股别去碰，别想占浙江商人的钱。,-1
跌过40日线就可以买了，,1
高估值杀手逼近？！聪明钱紧急换股，国际大鳄已经在行动……,0
不要抬杠，买入计划是一个很严格的事,0
600016:民生银行2016年第一次临时股东大会、2016年第一次A股类别股东大会和2016年第一次H股类别股东大会决议公告,0
农商行备战IPO 股权质押比例成监管重点,0
怎样看是哪个证券公司的交易席位在买卖？,0
去年被庄家收割，今年我来收割庄家,1
财富直通车，今天可能是末班车哈，抓紧上车。,1
坚决不申购债券！！,-1
拿五毛钱买价值一块钱的东西，难道这不是故事么,1
明天，迎来普涨格局，珍惜手中筹码,1
宁波银行:关于宁行转债赎回实施的第十四次公告,0
到底是央企，制定规则的，我们亏损是必须的，,-1
跌七天？无能啊？吹牛自己强？无能，我呸,-1
买了兴业银行一点高兴不起来。现在兴业就是没热点，超平庸。银行明星是招商和宁波。兴,-1
各位同志持有交行都有多少股？,0
$华夏银行(SH600015)$每股分红5.60元支持吗？,1
$平安银行(SZ000001)$平安银行原来跟的是创业板，怪不得跌多涨少。。。,-1
今天民生银行盘子很轻，不像以往卖一卖二动辄几万手,0
四击必过,0
工商银行十年无一涨停，不够刺激,-1
兴业大盘跌50一60点才16.5哪跌35点自能16.43,-1
明天高开,1
私募已经说了，大盘不上9000点絶不收兵！到时中行也会翻翻！,1
今天张裕资金回流，又加在了建行上，不涨就是好股！！！,1
今年上半年国际版推出前要解决B股，A股已经没有洼地了,0
看来我这次小量建仓真的是买套了！,-1
股票的本质最终还要看什么？每股带来的盈利，每股的净资产，这是千古不变的。,0
社保和保险在买，谁在卖哩？。,0
兴业银行，现在是5倍市盈率，意味着5年回本，有投资价值,1
中国银行好点，还是农行适合买些？大家怎么看,0
下个星期五左右才会涨,0
卖出一单，再挂一单买回,0
加油加油吧！,1
"狂拉,发疯狂拉!庄家删贴啦!剧毒哈药连续狂涨!三精造假创造几翻暴利机会最后的疯狂!哈",-1
再跌也没人卖，狗主力你自己卖自己买。,-1
为什么不投资银行股？,0
上一波a股强，h股差，这一波相反，，我开始小仓来回折腾，最后没有下决心重仓倒去h,0
为何这个银行股最近这么撇？,0
我还能天天上你的当？,-1
换懂事长了，可一年烂，以后体现业绩。,-1
外资大哥666,1
不谁知道新华联的成本,0
茅台总市值都2.6万亿了，上点儿火吧。,0
$工商银行(SH601398)$今天破4.7,0
建设银行三季度不良率下降至1.56%,1
明天怎么走？18的本今年没戏了。,-1
12.95准备买一点吧,0
上市银行股28家2018年中报业绩,0
建行，我后半生就靠你了。,0
交行现有贷款总额7.2万亿，按不良贷款率1.41%计算，现在就有一千亿不良贷款。,-1
这还不涨停，等啥呢[滴汗],-1
顶你个肺,-1
注册制后，泡沫股死光光；5倍市盈率的兴业银行 飞上天。,1
散户福利社之亿晶光电股民抱团止损,0
建议多方放弃无谓的抵抗，直接在跌停板处挂单，看空头舍得卖不。,0
创业板还有200点跌幅。,-1
兴业银行：关于非公开发行境内优先股申请获得中国证券监督管理委员会核准的公告。何时,0
商业性住房是,0
请高手告诉我缺口补不补？,0
只有千股跌停，才能救交行,-1
601988:中国银行可转债转股结果暨股份变动公告,0
一只黑天鹅,0
垃圾股早日退市,-1
主力连续增持，看来工商银行还能涨一波啊[财力][财力],1
来川投吧看下，发现川投是个值得持续买入的好股，好收成的川投。,1
假期期间美国银行股就没怎么跌！中国银行资产怎么啦？国家队会不会出手？！,0
央企分红成利空垃圾大股东,-1
射保这只猪头这几天不减持了？[大笑],0
规范险资投资行为,0
"有一个人的评论点击82万多,谁知道是怎么回事?",0
太可怕了[捂脸],-1
民生银行：融资净买入62.95万元，融资余额47.58亿元（01-10）,0
你有无胆量骂街雄安板块股骂茅台呀？别太欺小了！,0
疤托底的砸成猪头,-1
现不别谈涨不涨，跌少就是幸福,0
今日开门红，建行仓位又提高了,1
券商股为何狠狠杀跌,-1
这种阴跌的行情持续了大半个月,-1
银行股分红是直接现金分红还是降股价？分完红账户市值不变？？,0
$工商银行(SH601398)$明天怎么搞,0
涨太少了，起码翻三倍行不行,0
不知道买入什么的可以买入广汽集团,0
这业绩支撑没有炒过.不存在下跌风险,1
每天用1亿拉，用2亿砸，胜利出逃1亿，哈哈,-1
就这样分红啊，中国特色啊,0
全球很快股灾，主力能挺住吗,-1
工行，我曾在5.50进的，都过去好多年了，现在还是亏的,-1
关于分红扣税,0
为什么散户不想买银行股，就因为这种装逼的走势，到一万点也还是这样。,-1
看管理层怎么一心两用,-1
一年不如一年了，走出了四大行的趋势,-1
兴业银行今晚同时公布2019年年报与2020年一季报，这是股东所期待的，今天终于,1
现在应该是近期历史最低位了，进200手玩玩，要进的速度啊,1
跌多涨少,-1
中国银行绝对的低点,-1
孚色纺：2016年净利同比,0
交给国家队慢慢玩吧 套死他 我在旁边看热闹,-1
北京银行大宗交易成交308.01万股 成交额1364.48万元,0
弃购，肯定赔钱，溢价率太高。,-1
浦发银行今日超大单流入排名第1名(05/08),1
两家股份制银行因资金违规流入楼市被罚,-1
我就弱弱的问一下有没有被洗下车的朋友？如果有现在买入还来的及，等真涨起来你就不敢,1
民生银行目前底部形态比较扎实，先锋仓建仓成功，已见肉（盈利）。,1
大单啊，大单！明年转科创板！,1
收盘9.65，大家猜猜看,0
看到一些在喊跌到3块4块建仓，你咋不说民生银行退市呢？民生银行股价确实垃圾，,-1
明天还往下不，还往下的话我明天开始接,0
10.9卖了，賺3%够了。,1
中信银行操作仅供参考。,0
0,0
满仓了干,1
黎明前的黑暗,-1
今天在不涨，就该撤退了,-1
明天招行凭借一己之力带崩银行板块，开盘就跑，别问为什么。,-1
明日跌停！我来救场,-1
养老金才开始筹建，过早急砸下来，如何善后,0
601998:中信银行董事辞任公告,0
牛B,1
罗 牛 山项目官宣时 一、有关罗牛赛马选址的简结：  有股友提出，能不能给个完整,0
嘿嘿嘿,1
最高的是今天破26,-1
有一个撒比股东不停的在减持。,-1
看看银行的服务就知道应该破产,-1
假股市，中国假股市,-1
每跌10个点，我仓翻一翻，我也不知道底在哪，子弹充足！,0
几大银行阶段头部，出来为上,-1
时间的玫瑰,0
招商银行：基本面改善政策向好，估值仍处于较低水平！,1
今天开始连续15天收盘在10.64元以上,1
现阶段唯一要做的就是筹钱加仓加仓再加仓。,1
伤害不高，侮辱性极强,-1
200多亿谁是卖出方,0
9.50等你,0
今天是咋啦？,0
3600点稳守需要证券股。4000点是起点。9.85,1
分红难产,-1
这两天割了北向资金韭菜连根都拔了,-1
平安银行上半年营收、拨备前利润两位数增长 打造“不一样的新三年”,1
违法,-1
新上任的行长在行业中没啥影响力，估计找个土著当个摆设罢了，唉何时才能解套,-1
媒体不可信,-1
中国工商银行值得拥有！高分红！,1
一阳穿四线,1
今天闷杀的节奏,-1
交行正在洗盘，明天有望站上7元,1
真不要脸,-1
2009年信达大股东中国信达增持价格为2元现价0.87信达国际有20多个国家和地区的交易通道有大陆大股东信达证券的支持,0
四大银行，就中行在跌，正常吗？死不死的就选择了它，剁手。,-1
千万别红，继续13阴,-1
我废寝忘食地工作了20多天10被骗我万万没有想到,-1
招商银行11月19日获沪股通增持474.41万股,1
老调重弹，股息率才是宁波银行的上涨动力,1
昨天我说大家都看好，就是该跑的时候，还有人跟我BB。呵呵，今天都自觉闭嘴了,-1
看见你又跌了我就放心了,-1
至少需二次探2640点,0
适者生存---机构与散户的十大区别,0
胶着有可能半年-一年阴跌,-1
十二号之前会涨么[拜神],0
明日建行股涨停板,1
靠它养老了，持股不动，分红加仓，看看能给30年后的自己存多少养老金,1
6.18买的，能够上来吗？,0
不要涨了我加仓的成本变高了那个好机构能走大宗交易把4.25元的价格还给我们散户,-1
工、农、中、建巨无霸，上涨时没能带动普涨，下跌时杀伤力这么大，和券商股一样，沦落,-1
深圳市钜盛华实业发展有限公司董事姚建买进600838上海九百 或许是宝能系布局东方明珠的开端。suhy,0
激战,0
国有化后太惹眼东江环保下午上演地天板秒涨封板：大湾区生态统筹区域协作！龙头东江环,1
绝对一个计划经济的产物，迟早会衰落，如果没有国家的扶持。,-1
韭菜们准备好了吗？2020年1月7日等你们,0
6万股，拿了一年，还亏9000多[哭][哭][哭],-1
中国资本市场的耻辱。,-1
工商银行融资融券信息(7/24),0
才饮长江水，又食武昌鱼,0
当你明白人生和自我都不是用来战胜而是用来相处的,1
北京银行吧,0
别装了，下来吧！,-1
浮盈不到6万，我减仓了,0
兴业银行好样的 为国护盘,1
华夏银行本周融资净偿还3844.88万元，居银行板块第十一,0
我还是太贪了[害羞羞],0
全体注意！坚持住，很快就会有大涨！,1
鲁信创投（600783）将是市场下一步的热门股，请重点关注,1
因为减持而跌，说明大多数股还是不值这个价！,-1
最后时刻又阳篓了,0
春天来了看看庄稼地里，长势喜人全是绿油油的一片[不说了],1
耽误的时间和行情都值2个涨停了，太不值了,-1
招行行长也不好当呀....,0
刚买的就被套要去T+0,-1
近期大盘3200一3300调整，走大二浪，小心大盘随时反水，个人观点，不喜勿喷！,-1
47的本，不知道5年后能回本哇,-1
分红不是坏事，只是分得太少了，好处不明显,-1
关于大盘后市两种走势的技术分析,0
否极泰来。已经没有主动买盘了，只看到主动抛盘。,-1
今天大涨0.8%，厉害，明天还要继续啊！,1
交通银行融资融券信息(8/9),0
今天反弹五个点,1
请问做T哪个银行股好做？,0
央行外汇占款增加的今天，跌是买入机会,1
半年报北京银行业绩增长肯定倒数第六左右，所以说北京银行的业绩不会大起大落，股价也,0
2638难说保住了，2400点见吧，悲哀的中国股市,-1
没人操纵。,0
你越是不涨，越是套不了别人银子！,-1
中信市值竟然高于浦发,0
稳常态,0
河钢股份重大利好！《关于河钢集团财务公司增资的议案》进行了充分审查，表示事前认可,1
哈哈哈,0
宁波银行最多也就值个10元钱，庄股而己,-1
尽快减仓！,-1
南京银行副行长朱钢升任行长 曾参与南京银行筹备,1
缺口悬念,0
兴业好还是这个好？打算建个仓,0
有星星科技的股民说也买过康得新，然后有股民跟说每次初选达1千股，却从没有这两票，,-1
仔细看了看年报，兴业银行2020年手续费及佣金净收入370多亿，同比增长百分之2,1
现在别买，等年线,-1
四家上市银行年报出炉 兴业银行拟每10股派5.7元,1
南行越是不涨，越不能卖。垃圾都上天了，是吹上天的。耐住性子。,-1
有机会快卖,-1
六大行前三季度日赚超35亿 不良率进一步改善,1
去你大爷的价投！$长沙银行(SH601577)$$平安银行(SZ000001)$,-1
建议把未分配利润分一分倒闭算了,-1
买银行股 吃嘛嘛香 睡觉踏实 赚钱稳当,1
银行股投资方法，,0
今天怎么没见耻骨明灯啊？我心里好慌,-1
"股价终于超过宁波银行了,不容易!",1
再涨三毛出,-1
这只股票真的是无语,-1
光大银行中国银行很强啊,1
"1.77元股收益,比北京平安都高一両成,还有大并购题财呀,哪抛了,买啥了?",1
记得前几天跌到4.32了，应该还能见到。,-1
超级垃圾的银行。建设银行大量贷款给问题楼开发商，有很多业主买了楼无法办理产权证。,-1
上市银行财务报告4,0
所有银行，只有你绿？,-1
7.25以上都撤单了,-1
出货高高在上的所谓大蓝筹品种！踩踏已经开始还将继续！,-1
废物啊,-1
强烈建议大家都去交通银行办储蓄卡，把证券的第三方存管办成交行的，为交行加点儿业绩,1
能级跃迁,0
交通银行融资融券信息(11/29),0
总感觉数字货币将来会给银行业带来一定的负面影响，不知有没有大神给解疑答惑一下？,-1
"分红后,顶还是顶,改变不了",0
专套中资与资本！灵活精准、合理适度！,1
【疫情中的券商股投资宝典】券商ETF丨联接基金甄选问答13则,0
这种ipo还msci呢。人家傻啊，来顶你们第一创业们。,-1
哦你妈卖家版,-1
别死扛了，跳水把,-1
是上涨还是出货，周一就知道了。,0
60万的散户在这里等什么，平安银行分红又少。,-1
另一个角度看白酒、互联网、金融地产,0
$平安银行(SZ000001)$股价腰斩，亏死了,-1
22.99还有个缺口？,0
鸡精终于出手了,1
看着美,1
大单卖，小单买，快不行了,-1
$招商银行(SH600036)$我那一万股不知道卖给了谁，45.62[微笑],0
谁在做空交行，要向证会举报。,-1
清仓买进000875,1
$平安银行(SZ000001)$七进七出平安银行[怒]每次赚几十块到几百块,1
垃圾就知道跌,-1
这就是主力，GJD厉害,0
宁波银行十年没大涨，今年绝对是金融元年，连工商银行这样的大象都启动了，不信宁波银行不大涨,1
什么玩意，是不是要分红了？,-1
中报每股收益预测0.48元。,0
吗的，烂这银行，一肚子气,-1
浦发银行，定增复牌，属于利好。,1
九亏一赚,-1
建设银行：上半年净利1470.27亿元人民币,1
[图片],0
跟跌不跟涨的尿性又来了,-1
尼玛要上天啊,-1
今日大涨3分，吃奶奶的劲使出了啊,1
以金融之弦奏响进博会“大合唱”——江苏中行服务进博再出发,1
宁波银行:2017年6月8日投资者关系活动记录表,0
经济数据利好超预期，经济底和股市底共底共振向上,1
兴业银行是《夺冠》独家银行合作伙伴，厉害啊！[财力],1
风险在银行股！创业板必须超过主板！,-1
明天还是业绩牛[大笑],1
下跌动能枯竭，近两天将出大反弹,1
借钱不还，把几级啃了哇？哈哈,-1
这位置买点仓位打新股用，涨跌随意。,0
8.8元，行权价在7.33元，拿去不谢!!!!姐帮你算好了!!!,1
让我们看看什么是领涨哦,0
▇▇▇ 星期一肯定暴跌收大阴线崩盘了 崩盘啦,-1
我上辈子遭了什么孽，先买贵阳又买兴业,-1
下跌第一勇士！,-1
小招，站起来,0
波动太底不能，输了三十元割了。,-1
每次放大量都不是好事。,-1
华夏银行11月04日被沪股通减持508.32万股,-1
你好公司董秘：请问兴业银行有哪些特别的竞争优势？疫情造成的影响对公司的资产质量影,0
谁4.63接我30手，感谢！,0
下面买的都是托,-1
加油！,1
3.15进来，草率了[可怜][可怜],-1
牛逼啊，跌幅排板块第一。厉害了,-1
我们滴银行股，现在比滴不是谁先跌破净值，而是谁先跌破面值,-1
南京银行领先银行股 将走出独立行情,1
打倒9883压盘者，,-1
中信银行行长方合英：今年以来累计为近2000户企业办理延期还本付息50多亿元,1
早盘被踢出来了，发个贴还被删了，我就在绿的那个地方等你，我要加仓。,-1
炒建设银行的是不是傻？华北制药十倍大牛股！,-1
美元又发疯了，很快应有一些小国承受不起。7.12,-1
开盘就砸，习惯了！,-1
非常优秀的北京银行不到0.7美元！！！,1
明年就不需要再让利一万亿了，年底银行股就要价值回归提前起飞了。,1
回踩60日线,0
目标80,1
不作为！被外资控股了！,-1
请大神指点一下，明天平安是大概率涨还是大概率跌？[鼓掌],0
招商银行本周融资净买入3.2亿元，两市排名第11,1
周滇     24458.21      新进  流通A股,0
意志不坚定的小散快逃命去吧!买个银行股都这么没定力，还是趁早退出股市，我把话撩这,-1
"ROE按10.5元计是几多,算了吗?",0
1,0
北行股息率就很高，股价低也是暂时与目前整体行情也分不开。,0
牛BB,0
银行股约好了的吗？开盘全部原地踏步。121,0
50以上的兄弟应该居多吧[笑哭],0
耻骨补洞，不会上你的当，给你晒个屁，你不要脸并不说明股吧的人都不要脸！,-1
什么时候取消重组就是中绒正身之时。,0
在上年质押后就出问题了，上边押得太多。都是一天或几天买入卖出一次。所以难以跟其它,-1
雄安新区全面实用新能源汽车充电桩已经规划。,1
不把股价拉上去证监会是不会批准增发的，这种违反经济规律的圈钱方法会有明白的专家反,-1
工商银行真差劲,-1
5.6买入的，现在心态不是很好。,-1
也有虚增利润的银行！,-1
华夏银行融资融券信息(5/20),0
招商银行11月12日资金揭秘,0
冲吧我的招商银行,1
瞄准资产证券化发展痛点 金融机构争相打造区块链ABS平台,0
砸盘的机构，额码,-1
南京银行(601009)融资融券信息(09-22),0
可以换股操作：奥飞动漫4.53元能看高160元长城动漫能有多高，你们自己定！,0
马拉戈壁的，今年要不是买了这个衰股，我的收益也应该有十几万了。,-1
宁波银行06月01日被深股通减持420.54万股,-1
风水轮流转，马上到低估值银行和保险。,1
请教大家一个问题，都说沪深300指数基金年化收益超过10%，那么大家为什么不去买,0
交行今天为什么不放大卖单？应该继续砸大卖单，大盘砸废了也就安宁了,-1
可以放心跌了[好困惑][好困惑],-1
000001垃圾股票，银行金融20只股票涨停都没有你。,-1
5.91买的，今天应该不会亏吧。明天下跌5分钱再买,0
18以下，多买点，拿一年，亏钱的概率几乎没有，难道18是长线的顶吗，肯定不是。,1
$北京银行(SH601169)$满仓满融北京银行，把老康亏的赚回来,1
主力，我,0
节后可转债成交量迅速放大，行情要来了？,1
有色力挽狂澜，后期看资源+地产,1
这货是跌上瘾了，有机会涨你也不动，看来是随你老爹中国平安了，再也不敢补仓了,-1
本周可以出来做T,0
四百万资金全仓银行，一大半工行，剩下的全部中行。全仓杀进去！银行就是钱的生意，哪,1
交行又比工行拉近了3分钱距离，努力奋战吧，挣取3元目标,1
希望600000上涨一角钱,1
挂跌停价卖，给大众一个说法。[怒][怒][怒],-1
明天开在33.75附近[想一下],0
您好！董秘：提请董事会一定赶快发布2022年报快报。有利于市场稳定预期。董事会应,1
今天雄安概念股怎么样？,0
铁皮石斛--明天补缺！,1
杀了乐视，招行自损八百！就这套路，成不了顶尖银行！明年业绩一定下降！,-1
我清仓了，这两天银行股成了避风港，涨幅可以。大盘企稳后估计要补跌，先落袋为安，资,1
今天顶多一分钱，涨得厉害了都跑了，主力谁接盘？大趋势不好啊。,-1
昨天费那大劲涨的一点点，今天轻轻松松就跌完了，的，涨起慢，跌起像放洪水一样,-1
肯定有什么事实被隐藏了，不然怎么会一直跌这么惨！,-1
相比较其他同类银行价位低，优势明显,1
民生银行这点位没人唱多，我来唱多！,1
这K线，强的一批,1
每天都是这个吊样了，败兴。,-1
浦发银行10月26日获沪股通减仓80.64万股,-1
兴业就是垃圾，招商和你差一倍了,-1
全民抢银行股时代来临！哈哈！,1
14.8万我晕！盘尾！,0
招商银行=14.74元！！,0
开盘拉银行坑爹,-1
场外交易的1.20分4.60进的货5.11元卖出一笔大单 挣了一笔,1
暴风雨就要来了！,-1
形态已坏得够呛,-1
什么时候分红啊,0
漂亮,1
当一个股票处于长期上升趋势的时候做t的早晚被甩,0
千古大跌,-1
很多人被套了，只能说成持有股票是有一种幸福感，然后就是竭力推销书籍，拉拢新来的韭,0
华夏银行：融资净偿还243.52万元，融资余额18.95亿元（02-26）,0
东方网力、威龙股份、安通控股等违规担保案件，法院是这样判的,0
下周银行板块搭台唱戏。招行加油,1
反弹到下跌趋势通道最高点，10.8跑了！,0
咔咔咔，我已8成仓位，最安全的,1
果然大盘一软，大金融就护盘了,1
民生银行都不到4倍了，真它的无语了。,-1
下周解禁啊朋友们，赶紧卖出你们手中的筹码,-1
感觉被套了，好坑啊,-1
继续跌，我照单全收。,1
5.1国庆元旦春节前有几何是上涨的,0
操纵市场,-1
不要脸了,-1
南街股东都炒古玩了,-1
看看宁波银行在干什么,0
我靠，这他妈要给接货的机会的话，说明这段行情到头了,-1
股吧已废，全是唱空机器人,-1
中信银行在砸盘,-1
601988:中国银行H股公告(股份发行人的证券变动月报表),0
小散们没别的本事，装死会不会？装死几个月包你赚到睡觉都笑醒了！,1
明天又要大跌了，信吗！,-1
这操作是真狗,-1
该你护盘了，小垃圾,-1
天天拿外资做借口，跟外资一点关系没有！,-1
-15卖的，能不能追回损失啊,0
某保今年利润锁定了，当来日不及预期时，就拉重仓股锁定利润，所以收益率比存款还稳定,1
昨天美银大涨，难不成今天你想搞个大跌来张扬你的控盘能力，天天喊坏账，老子耳朵都听,-1
工行为中阿核电项目融资51亿美元,1
停止任何交易，,0
这个涨幅是正常的，大盘也涨了1个多点，毕竟有概念在，兴业在用自贸区特权倒闭政策落,1
$建设银行(SH601939)$人家2014投资30万买建设银行！光分红就是6万,1
股市从来就没有在底部站岗吃套的,-1
$兴业银行(SH601166)$牛逼，我一买就崩,-1
狗肉的要死硬挺,-1
一月之内必到五元以下,-1
最终顽强翻红,1
据说这波跌到15.08,0
下午卖。拜拜。销户。再不碰股票。,-1
周末利好出现，星期一高开逃命。,1
打死做空的,-1
中行山西省分行办理全省首笔“跨境人民币资金池”业务,1
交行空头势力好强大,-1
闭眼睛买浦发看看乐视东方市值吧,0
601009:南京银行关于副行长辞任的公告,0
国家托底，并且再拼命出，A股任何一只股票对机构来说都是赚钱。一千多点上来，也涨了,1
$平安银行(SZ000001)$坐等踩踏[吃瓜],-1
9.08.10000,0
原油期货上市第一受益股中国中期000996必将5个涨停板,1
你们都别着急，买股票就是投资，买好了放个2，3十年，哪一天想起了再看看，说不定涨,1
工商银行新疆分行与新疆疆纳矿业有限公司举行战略合作签约仪式,1
兴业银行低价增发严重损害投资者合法权益，可以举报,-1
专做主升浪,1
无暈的上涨，骗多，不参加与。,-1
又跌啦,-1
明天再不飞我就割肉了，浪费时间。,-1
新的利好 华夏银行在自贸区内设立了自己的机构，而且还没有被炒,1
你这个死样，是没见过钱么。。。,-1
渐精了基民！拉指数高估值高价炒题才就赎回！,-1
$中国银行(SH601988)$风向标。,0
600036:招商银行股份有限公司关于2021年第二期小型微型企业贷款专项金融债券发行完毕的公告,1
华夏银行股价己经5.63元，民生银行还在这里半死不活的样子，前一段股价差不多，现,0
主力你什么意思，一直跌，绿毛奴？[滴汗],-1
这就是社保的操盘水平！社保低价卖交行重仓长春高新！社保、公募基金扎堆长春高新！多,-1
$招商银行(SH600036)$大家来分析分析止跌了没,0
有这样的媒体人，真叫不务正业，树敌众多还恬不知耻,-1
中国银行06月22日资金揭秘,0
分析师都是大师？,-1
中小微企业贷款难的“堵”点到底在哪？,0
别的银行才5倍市盈率，你10几倍,0
茅台跌去80%，茅台的资金就不是主力了！！又想问了，汇金在茅台赚钱了吗？,-1
等我啊，等我，一定要等我,0
"宝钢股份____大盘股照样能涨,流通市值大不大?低价绩优为王. 5元股涨到10元还是低,50元股涨到100元股价太吓晕你",1
奌赞,1
形势基本明朗，开一帖来谈谈复牌后的走势。,1
机构操盘的，入肉尔妈,-1
601988:中国银行关于拟议资产重组的进展公告,0
最近会有两次涨停,1
没劲！,-1
小b庄在拉高出货.要小心了,-1
4.41刚进的，收益了,1
时光沙漏2014做好自己，不要在疯狂中迷失。,0
这个垃圾完全是败类，它的任务就是永远在熊途！！,-1
真后悔3.75买了你个垃圾,-1
“这一头血脉力惊人啊！”,0
业绩是命，量能是运，景气周期是大运，当年局势是流年。股票说白了也就是这么回事。,0
$平安银行(SZ000001)$现在买到收盘还可以赚3个点哦,1
"三天之内,必破2900点，今尾追高者很麻烦……。",-1
竞价4.86买的，4.82卖了，借同事的钱做了个负T，钱借了一天就还上了，成本高,0
601328 : 交通银行H股公告（董事會會議通告）,0
买卖股票是一个具有十分大风险的事情，指不定哪天你会从中受益，而说不定哪天你还会输,0
转发,0
都现在了还在死抗银行骨,-1
北银归集大法，122亿人民币,0
投资南京银行不要那么恐惧，没必要天天8小时唱多，我就10.76买了，我就继续唱空,0
兴业是发展最好的上市银行兴业银行取得了靓丽的业绩作为贵行的股票的长期投资者希望公,1
外资也不过是韭菜而已，高盛肯定给折磨的受不了了才大规模减仓[大笑],-1
指数最终还是按我所想的非要到2132点处,0
港股银行股都是涨的,1
能买了吗,0
民生银行：重现狼性文化，激发内在能量，实现加速发展。,1
看看招商银行还有平安银行涨成啥了？民生银行主力着急吸筹吗，现在是吃筹大战，比耐力,0
亏损酒业升上天业绩技术虾扯蛋,-1
新日股份603787小盘绩优次新！即将井喷大涨！,1
差不多了可以买点建仓了,1
线看是不错的，铁建,1
我真是个大聪明买了招商,1
『快乐投资，快乐生活』,1
孔子曰：事大架不住绕，金砖也可绕指柔,0
频收百万罚单，民生银行年内累计被罚逾千万！,-1
跌也不能杀银行啊,-1
熔断，熔断，熔断，哈哈哈。[大笑][大笑][胜利],0
这个公告开盘后，必板,1
降准消息公布后，A股期货新华富时A50指数暴涨700点。今天卖出的明天捡回来吧，不然你,1
工商银行H股比A股低，到底那个市场价格更反应价值?,0
幸亏坚持住了不然就亏了,1
江苏银行“破局”私行业务：深化数字化转型、提升客户服务质效,1
注意！大盘透露一个危险信号,-1
601166:兴业银行关于A股可转换公司债券2022年跟踪评级结果公告,0
中国银行“公司金融特色融资平台”在澳门揭牌,1
瘦死的骆驼比牛大,0
601169:北京银行股份有限公司监事会决议公告,0
这个时候在银行里的，都是韭菜，包括老韭菜[大笑]电子、芯片、云计算、在线教育、五,-1
人民币升值利好银行,1
浦发银行12月10日资金揭秘,0
股票市场应该规定低于净资产20%公司就应该回购股票，低于40%回购股票没有变化，,0
中信银行：融资净买入127.17万元，融资余额5.37亿元（07-01）,1
在潜在利好或利空可能发生时总会有些先知先觉，在实际交易中，总会或多或少得留落到盘,0
781值得们拥有[献花][献花][献花][献花][献花][献花][献花][献花],1
招商银行也是极好举牌标的,1
该银行股盘子太大，现在趋势是不涨停，涨不停。每天会延着五天线上涨几分钱的。和大盘,0
美对冲基金大佬承认做空中国和沙特,-1
我们的中华百姓收入：不及日本8分之一，上海凤凰～明日涨停继续涨停～,1
是否有人知道消息先逃跑,0
够吓人的，啥事都没,-1
长线的老铁们，如果现在买完持有长线比如拿个几年不卖，每年分红是不是都是股息，然后,1
银行股中泡沫最大的招商银行，大跌很正常，银行中的中石油,-1
放量下跌！下周还要跌，真草丹,-1
春暖花开，二季度经济先行指数露出笑容,1
跌倒18再买50000,0
雅戈尔减持宁波银行，银行想涨，难于上青天。,-1
逐步买入时机到来,1
看看，今天浏览排名能不能到300名,0
这垃圾股建议全抛,-1
二大利空,-1
工商银行明天盘整？,0
银行股逆势上扬，资金开始大量流入！,1
这波下跌是国家队打压银行造成的。,-1
下周袖珍盘股南京证券IPO，凤凰股份持有两亿股南京证券。影子股行情上周60020,0
直销银行来袭，招商银行涨近4%！银行止跌，白酒又成香饽饽？,1
民生银行大股东会是哪个大公司?安邦己变大家保险了，我等这个题材良久了,0
来了几个千手哥啊难得啊[大笑][大笑],1
三倍与股价增发，可曾想过市值管理？,0
有个好朋友真好,1
还是买港股去了,0
主力在偷偷地建仓，散户别再割肉了。再跌可能要m,-1
这是倒手，吸引散户博傻。买了直接直接在阳台撒钱,-1
招行这么猛小心扯到弹,0
中国银行在香港挂牌上市价是3.57，我感觉中国银行A股还要跌,-1
哈哈！汇金没有钱啊！和外资一起挖国家的墙角！！,-1
大家看看中国联通怎样套人的,-1
看到中国银行我觉得交通银行还不错,0
南京银行融资融券信息(9/12),0
背影归集贵州茅台，这货真牛,1
601998:中信银行2019年年度资本充足率信息披露报告,0
全球大趋势,0
[图片],0
国家队开始入场了,1
沪股通是不是又是净流出？不会错的，全都是实证的数据，多次检验了,0
恶庄砸完就开抢！！！注意别追高，砸完就抢看自己手速。,1
看到都喊买，吓得一个激灵,0
长期的机会,1
建议高管立即增持,0
“职业羊毛党”盯上信用卡积分 银行“阻击”,0
新日股份603787小盘绩优次新！即将井喷大涨！,1
昨天已出，准备看情况再进感觉招行要进入调整阶段了，小波动，长线看应该还是会向上，,1
走了！4.83元！赔了5.5万，买银行股没有下次。,-1
创业板暴跌或将又要开始了,-1
凤凰网邓文迪与默多克与离婚，邓文迪获得的一套位于故宫东面的四合院，2014年2月据媒体报道价值1亿元。,0
【老银观市8.27】中报密集披露、机构观点争锋，盘中折溢价互现，考验时刻到来？,0
$平安银行(SZ000001)$短线客不适合这种票，你根本熬不过长线主力，这样会,-1
工商银行本周沪股通持股市值增加4.06亿元，居银行板块第四,1
北银调整是必然的，不调反倒成意外了，但调整不影响后续第二波的上涨,1
乐,1
业绩大幅下滑，明天得几个点的大面？,-1
300506,0
这两天银行放量补跌，就像15年股灾时一样，银行先救市，然后补跌。这是一个中级调整,-1
中行保本理财和存量待整改的表外理财产品共1.15万亿,0
成交量量量看100元不是梦，资金够大，只要报团稳住，大家都不卖,1
银行拉指标了,0
庄家在对敲压盘。,-1
【九泰科创视点】科创板再迎上会高峰，纳入MSCI或将带来增量资金,1
7.09的本啥时候才能回本啊，回本就跑,-1
厉害，大盘向上，你向下。大盘向下，你直接暴跌,-1
70多的假巴菲特浅薄无知,-1
6.98能给么,0
这个银行股怎么这么牛。,1
应从高位银行股出来，重新布局低位破净银行股！,0
民生应该继续跌，这样才能具有历史意义的价值投资。,-1
帐号之一，争取两年之内南京银行单股盈利一千万元,1
13元……会在本周见到吗？,0
在银行板块始终排名靠最后几名，什么没有主力资金运作。长线投资者需要耐心,0
业绩持续增长，股价还要等多久呢。,0
广大民众资金套在房产，发财只能是极少数人！,-1
中国股市能挣钱的都是大神！大神！原来以为自己是大神！到头来却是一颗韭菜！[哭][,-1
让我回本，再也不碰你了，太害怕了，这个票,-1
好大的量哟。,0
我想哭，昨天只有半仓买入，一半没买到。好后悔，多填1分就全买了。,-1
明天跌停了，房贷被叫停！,-1
现在的任务是彻底整死创业板和中小板，决不能死而不僵。,-1
坚决长期持有600036直到它倒闭或不存在！,1
有58本的吗？,0
$工商银行(SH601398)$不用猜了，量化交易,0
横盘折腾4，5个月再说,0
每日一笑，两天没看，居然怒长11分，不得了啦[大笑]长线首选……相信你能跑得过余,1
加息前混乱，技术只能看看，不一定准,-1
今日果然练成九阴真经,0
银行板里面工商银行和交通银行跌得最惨，想不明白我们的基金经理为什么选择他们，天天,-1
你可以说你买入的股好，但是你不能说南行没有价值,0
14.01卖了明天跌回去在买。,0
阿斗，快起来,0
买了上证股票实在亏大了，要是深证早就超过去年了,-1
南京银行(601009)融资融券信息(02-26),0
大胆抄底，新董事会确认后还会大涨,1
快走人了,-1
留下8万股了 今天冲高卖出,1
明天一根长阳？,1
盈利增速好于可比同业，资产质量反映真实,1
2015年证金，汇金用5元多成本救中行，工行，如今工行己解套，中行还在半山腰，中,0
真不知你们还呆在银行股里干什么？,-1
个人对A股大盘的一点看法。近期看起来好像A股是受外围影响特别是美股的影响大幅下跌,-1
涨多了就要跌，跌倒你们心凉割肉了，就开始涨了,-1
看到消息还不跑啊,-1
为什么每次感觉是利好的消息,0
老弟，还是你比较稳。,1
老乡别跑！[哭]不要怂，就是干！,1
同时重仓浦大娘和宁波，一个地狱一个天堂，冰与火之歌[想一下][想一下][想一下],0
中国股市何时才能成为真正的投资市场！,0
订单大增利润翻倍！四季度是纺织旺季！今年产能扩大预估年利润5亿！利润及营收增200%的台华新材还有15个涨停么,1
暴涨,1
天狗食月，股市暴跌？,-1
沪农商行净资产收益都没北京银行高，价格7块多，想想也是醉了！北银能否吃个伟哥上5,-1
主力知道烂业绩了，明天一字跌停。,-1
孙大圣出来走几步，忍心看到你的粉丝受折磨？,-1
缺德的股市！ 大盘要跌到1849以下,-1
养老保险进入三级风险区（最高风险评级是四级）,-1
上面全是出货盘，QFLL大量出货中。一会儿跳水！,-1
大盘一跌银行股主力就装的和人似的，实则是忽悠人！,-1
明天结束调整,1
银行获得证券拍照我的分析,0
居然还有人买中国银行，一月给员工发2000，精英都走了，留下的全是关系户和养老院,-1
交通银行融资融券信息(9/11),0
银行揠苗助长的结果，必然导致不可承受之痛,-1
这量缩的真够der儿的了[大笑],0
"卖出民生的单怎么这么多,这么集中一起卖出?",0
谁实施低于净值增发，将被钉在道德法庭的耻辱柱上干夫所指！,-1
溢价大幅拉升！银行ETF（512800）盘中净申购资金超2.5亿元,1
恒大事件影响最大的就是银行了吧，周一低开,-1
选择错了，招行才是首选,-1
跟据中国股巿特点改革现金除权利国又利民,1
基金机构砸中老年饭碗还要我们去买他们新能源车，买白酒。,-1
太shuai啦！,1
周一高开，平安银行借机洗盘今天很成功……,1
避风港,1
打压的太狠了,-1
一个银行股，从来没涨过，今天又领跌自选。。[滴汗],-1
上车了，持股待涨[呲牙],1
争气，抓紧机遇，加油涨！,1
织布机，让人放心，不用看着，每天一分钱上下,1
平安银行在砸人气，人气股不能走强大盘没戏~,-1
工商银行与招商银行的比较,0
能不能抄底呀大神们,0
建设银行04月11日资金揭秘,0
2017年国家对同业加强了监管，公司也在缩减同业规模，加大了揽储力度，请问上半年,0
明天3.17,0
H股强平，公司高层难道没有责任吗？,-1
那几个狗托不出来叫唤了啊！快出来就快涨停了,1
轩辕老师我这幢楼同事，光大成本价3.10元！我可是4.20元咋办！！！,-1
银行业经营业，从业绩来看，受经济增长艰难寻底、,-1
看看主力资金连续多日净流岀7个多亿元了！！,-1
招商就这么看不上吗？真的是大烂臭吗？,-1
大盘上涨它安静的睡大觉！,-1
小招，求你今天站上3450！,1
同时挂两个5.53与5.49，同时撤。居然成交了5.53，5.49不成交。草。,-1
看着架势，要去5.1啊,-1
从今天的心电图看:中国很行很健康，一时半会死不了。建议大家都洗洗睡去吧。,0
可以进了，明天再补点。,1
[加油][不说了][好困惑],0
5、10、25三线共振，明天涨5个点[大笑],1
招商银行(SH600036)$预期未来两年业绩增速17%，16%，目前的市盈率1,1
这是故意让大家猜不透，故意抖机灵啊,0
4块钱的平安银行要珍惜”,1
安邦到底想干什么？,0
招商银行每次买进都站岗我也是服了[好困惑],-1
601398:工商银行关于金融服务乡村振兴的公告,0
全世界银行股市盈率都不高，只是北行也太低估了吧？要到花旗的市盈率、股息率得长多少,-1
冲高回落啊，还好卖了[鼓掌],0
深度解读 | 美债利率对资产配置策略的影响,0
5.26收盘，飞起来,1
希望自己能怀揣5万手601988退休 四大行才是真正价值投资 选601988因为,1
"含金量高：每股公积金＋净利润就5.26元, 股价是4.04元★★★★★",1
守住北行，稳赚不赔，你奈我何,1
17.35的本,0
汇金给银行准备棉衣棉裤，你买点内衣就行,0
炒股首选美的集团。不怕跌，盘子大，适合新手，老手赚钱更轻松。,1
浮动亏损1万多，知足吧,0
牛市己结束！,-1
抄底,1
我看19年一季度每股净资产已经是21.97元，到19年二季度每股净资产还变成21,0
$平安银行(SZ000001)$最高价27，按腰斩算13.5左右。,-1
这个垃圾跌浮第一呀。,-1
梅骨人是要钱不要命,0
银行行业是专业做放贷生意，开银行就一定迟早会或多或少会碰到象辉山的企业，除非你不,0
城商行龙头，就是好！建仓正当时[赞],1
6.28艹买在山顶上了。看风景[亏大了],-1
中韩中澳自贸区生效关注港口股,0
突发！这些公司发布利好公告，可能出涨停板，重点关注,1
假银行,-1
几千亿资金出动,0
个月的成交,0
工行除权后，股价4.5元，4.3元准备买。,1
毫无亮点，普普通通的一股份行，被吹成了神行！,-1
存银行实在不服气，所以买了你、我只要年息百分之六的分红，行吗？,1
起诉呀,-1
该走就走吧,0
市盈率投资,0
2点45分开始，国家队将出手把工行、建行等乱涨股打回原地,-1
涨就是别人的一半，跌就是别人的两倍，买这支股已的不是毅力问题了，纯粹就是,0
阿弥陀佛，保佑股民小散们做股票能不亏钱。,1
大屁股股集体被锤,-1
请问浙江证券买了多少股？,0
注1 在国家经济研究局指导下所进行的精心统计和研究表明,0
北京银行11月12日被沪股通减持192.74万股,-1
图片说明了一切！排名250！,0
14.88的本哥进来了，别叫我失望,0
宁波银行12月25日资金揭秘,0
看来外资出货非常坚决，非正常,-1
平安当你举起屠刀的那一刻起，你就该知道自己必。,-1
民生H股6月30日登记股息日？,0
垃圾,-1
你这个混帐行说了半天也没说清，到底哪天，一句话的事，看看你这逼股价有没有脸？,-1
机构调仓6,0
$浦发银行(SH600000)$拉稀！关键时刻拉稀！,-1
何时才能解套啊。主力啊,-1
打压地价大盘蓝筹，投机疯狂炒作小盘股，认为制造慢牛，谁在操纵股市！,-1
深发展Ａ：董事会公告,0
也许明天就跌回来呢！也未可知！,0
各位大神，今天买能分红吗？,0
昨天6.5没接上，今天挂6.37,0
涨久必跌，跌久必涨，8元等你哦[胜利],1
今日股市观察，2017年11月22日,0
$民生银行(SH600016)$低价银行股紫金银行垫底倒数第一，民生银行倒数第二,-1
601328:交通银行股东监事辞任公告,0
今天这样的涨势才是你该有的风格。,1
买银行完美错过这波啊……,-1
配债都到账了吗？,0
王敬伊：9.22美联储加息不定黄金白银能否下跌，空单被套解套思路。,0
还买的不[想一下][想一下][想一下],0
我都说了25上方！别怕,1
招行也得罪哪个江湖大佬了，给多少钱都不涨,-1
回抽不到五日线，感觉还要往下走,-1
大盘又跳水了。,-1
按四大行估值能到多少，想都不敢想。,0
还是茅台牛,1
今日收盘竞猜,0
这不是底吗？还能跌多少？,-1
刚站上新高，接着就挨“千刀”？比特币一度跌破17000美元，分析师说…,-1
反弹仅仅是反弹,-1
谁死了,-1
民生年报看不见的利润显示了务实经营,1
春节后，这票就一直跌跌不休,-1
600016:民生银行:对中国民生银行股份有限公司募集资金存放与实际使用情况专项报告的鉴证报告,0
$招商银行(SH600036)$跌四天了,-1
银行已经偏离基本面太多···,-1
招商银行现在拉升1%你这木头一样的兴业银行却丝毫不动。这这舍意思？不想干就回购退,-1
国内基金狂砸银行，买入白酒，北向资金却反手做多，鹿死谁手，周五见。,0
"短线逢高适当减持,中线仍无忧!",0
民生阳包阴，如果出上影线将拖累整个银行板块,-1
真他娘的丢脸,-1
收益0.48，明天涨停吗,1
中国银行：监事会2013年第二次会议决议公告,0
刚才看看工商银行以前的分红缺口都是补上的，今年的分红缺口到明年分红前能补上，不会,1
投资团将重拳打压交行。,-1
经营现金流一般来说越高越好，为什么贵行却是负数，小股东的疑问，请解答一下，谢谢,0
$招商银行(SH600036)$钱挣多了，不懂人情世故,0
你是疯了吧？,-1
看见工行老大不畏空袭，奋力冲击，俺被彻底感动了,1
显然是弱势方在买银行股，盘面显示得一目了然,0
社保基金每天卖一亿股，天天跌。,-1
股市人生没有如果，只有后果和结果,0
连续几天都是几亿几亿的出货，这是要破17的征兆吗？,-1
既然大家都认输割肉，那么，4.99主动买的又是什么人,0
平安银行:2016年半年度报告,0
601939最新大利好！,1
查账户总资产，今天缩水300元！,-1
大哥大姐们，国庆快乐，我想问一下：除了东方财富，另外还有哪些常用股票交易平台？,0
出货了……果然是恶庄出货……开盘5分钟内……大单瞬间出货了……资金疯狂出逃……净,-1
000589黔轮胎，看好这股的理由：1，持有银行股3亿股，2，旧厂区政府补贴款还,1
两个核大国之间不会打仗，放心吧，继续分析股票，数字钱包未来前景无限，那么对VCS,1
跌自己的，别管大盘怎么反弹,-1
守位成功，北京银行继续维稳4.3,1
小荷才露尖尖角，早有股民握不牢！,0
平安银行违反征信业管理条例 公司及责任人遭央行处罚,-1
有大佬帮忙算下我的佣金费率是多少？,0
明天大盘涨一天,1
今天什么情况？跌这么多，求解?[哭][哭][哭],-1
"龙虎榜解读（05-07）:交大昂立区间上涨,实力资金1356万元出货",1
给广大群众普及一下什么叫结算行。,0
两年前中国银行股吧里有个铁多头叫王若谷，不知道现在去哪里了？,0
银行股走向拐点 期待后市,1
我们为什么自己要心虚？,0
养老金此时不用等到何时？,0
自导自演，还有散户交易没？,-1
南京银行拟与法国巴黎银行共同增资南银法巴消金44亿元 持股分别升至65%、30.08%,1
服不服气，就是这么稳,1
极思考造成积极人生，消极思考造成消极人,1
周末重大财经消息汇总,0
20万手哥,0
7月初，牛市时进来的今年能解套吗？5.8的本,0
给孩子喂奶吗？尊重市场好吗？,0
一则消息就把市场带崩了，可为啥低估的银行跌的这么狠？在低位为啥还这么大的成交量？,-1
赔了康得新股民，北京银行市盈率能到1，市值到250不？,-1
浦发银行：连续4日融资净偿还累计4361.29万元（07-26）,-1
砸到地上都不动，没人敢抄底了。,-1
尾盘内资砸盘外资拉了一下看明天了,0
尼玛，要被套了,-1
平安银行未分配利润1393亿，市值4479亿,1
就问你们慌不慌？,0
暴跌一个板作死大盘,-1
利润和农行差太多，股价和农合要颠倒，,-1
这是准备把北向资金洗出去才涨吗？,-1
投研观点追寻产业成长的步伐，做产业链关键企业,1
我说明天涨停，谁他娘的有不同意见？,1
601998 : 中信银行关于召开2013年度股东大会的通知,0
2017年银行上市公司盈利排名。招商银行第一，浦发银行第二,1
明天复盘么？,0
"招商银行一季报什么时候出,看看什么机构能把招行拉到15元,怎么牛 哈哈.",0
……跌破4.2……弄个破3倍速市盈率的……给我们长长眼……,-1
1月30日净值播报,0
民生，还没有看清楚吗民生行情就是小涨大跌多。1.行长还没有出来，2.人寿,-1
细品@义庄永不凋零 实力主播,0
稍等即将7.3元回购;捂稳了,1
中信银行，买一次套我一次,-1
简直就是一个二求，涨上一个点，跌上两个点,-1
咱没人气了。今天追进的明天比赛看谁跑得快。今天不收在6.45以上我看是没多大机会,-1
兴业银行暂时别买,-1
老板去打工还是老板，打工的侵占老板财产想成为老板是不现实的,0
北上资金自一季度末不断增持北银，已达到6亿，增持了2亿股！各位还在讨论什么？,1
消息面中国央行宣布，自2016年3月1日起，普遍下调金融机构人民币存款准备金率0.5个百分点,1
熊市还是买银行吧，赚点利息,1
开盘闷杀！,-1
完蛋了，受骗了，妈的又破位啊，大家不要进了啊！等下有可能要跌停了啊,-1
抛！供给侧改革消产能去库存势必增加银行呆坏帐,-1
$招商银行(SH600036)$$平安银行(SZ000001)$我来告诉你为什么,0
银行一个星期连跌,-1
去别的地方再去试验,0
说好的护盘呢？,-1
四只st国企退市股能否起死回生，是国企改革能否e,0
历史大底，大胆买入。,1
中行会不会是一日游？,0
你不买点它不会跌。,-1
还有两日市就分红了，若不拉的话，感觉分后还会继续跌下去,-1
大家试想调整的目的为了什么？,0
看不懂，大盘一涨，他就杀跌[为什么],-1
你好董秘，我也是公司老股东，已持股多年，今天才发现这里可以要纸质版年报。能给我一,0
中信银行：2012年第三季度报告,0
压单吃货，太放肆了。,-1
601398 : 工商银行H股公告(股份发人的证券变动月报表),0
a审计评估谁都不相信，只相信康得新。,-1
慢涨急跌，得小心了，先走为敬,-1
银行股是风险最大的垃圾股,-1
一滩屎，谁之作？,-1
商品本位 　GDP本位 　国民生产总值 　等值全民医保养老 　比啥金本位没钱养老,0
这货看来涨1~2分都非常困难，即使涨了第二天必跌回原位。,-1
银行业己近乎零增长，今后几年负增长不可避免，市净率降至0.2-0.3也未可知。,-1
精神病长老是在吧里辛苦折腾，看来也没有达到财务自由呀。,-1
退市吧别恶心人了！,-1
大盘已经跌惨了，我们买北京银行的算幸运了。股价不涨马上会有很多资金来买便宜价，后,1
这里多头挺多的，过2天让你叫声大哥.我们到不相信你们那么牛比了。~~,-1
华夏银行中长线上涨趋势，大胆买入持股待涨！！！,1
大陆基金有病叫人家买进建设银行以后年年分红,-1
开始了呼yI,0
大湾区规划倒计时！深圳板块强势爆发“农产品”首选股！,1
又在划线了，强拉工行，大A指数已失真。,-1
这声明，绝不能信，有钱的感觉取,-1
你们牛市来了，我的熊市来了，亏惨不忍睹了,-1
注 现在市场风向变了 大资金喜欢次新绩优银行股便于大资金运作 因为老牌股套牢盘一层层太多并且不便于大资金操控 重点关注江苏银行,0
大家猜一猜今天的收盘价！！我猜9.51！,0
关于换手的问题贴,0
民生港股做空已经影响到整个银行股，外资集中兵力攻击民生港股，我们要团结一致对敌，,1
工行：拟对工银投资增资不超过300亿元,1
不要被空头和假北上误导！！！试问，此价卖了，还有比它更便宜的高分红股吗？持有长电,1
昨天进的抛出时机来了,0
百分之六的股息，主撑民生的估值底。民银已公告，安利润的30%分红，今年分0.34,1
说到底122亿就是北京银行一年的利润而已，好好想想吧。,0
怎么就涨不起来呢,-1
没有发业绩预亏预降的报告，最起码应该不会亏损了，就看预提多少了。,1
就这走势，进去送死吧,-1
丧家队这个大妖孽还在打砸银行股票，还想引导大家去赌创业板，太无良无耻了。,-1
十月---开门红,1
$兴业银行(SH601166)$被严重低估的优质银行，股价低得让人对证券化资产的,1
亲们，天天挂涨停板卖出噢。这垃圾只有等那个大佬也来个乌龙指普度众生啦！,-1
低位唱空的都是庄托，目的就是不想让散户买,-1
我喜欢贵金属流动仓做超短期交易！固定底仓除外！,1
$兴业银行(SH601166)$今天能翻红的话，我将从此不离不弃,1
民生银行明天一定要涨啊 我今天买了,1
【5月13日短线涨停龙头解析】：地产个股掀罕见涨停潮,1
求问，减持结束了吗？,0
关于交行被减持的几点疑问？第一。减的是港股还是a股？港股那天根本就没有这么多的成,0
谁有办法吧中国银行封板[滴汗][滴汗],0
但是拉动2016年经济增长的房地产投资,0
服了已减仓换股，散户太多无资金进驻，虽然不会跌到那也不会涨到那，在里面就是浪费时,-1
$民生银行(SH600016)$跌一天又回到解放前。,-1
为多头做了一梦,0
小微货风险太大越贷多亏越多，民生高管不知道？？？利益输送？,-1
交通银行老夫七灯挺你，业绩座谈会我一定要去董事会喝杯茶，投上五票。明天5股挂跌停,1
工商银行看看你大哥，是你100多倍了，跌停吧，跌不是错，没业绩？,-1
光大银行拆分上市！！银行股将集体暴动！大盘长虹！！,1
一分钱玩一天[大笑],0
公募基金上半年盈利创五年新高 新基金发行规模已突破2万亿,1
交通银行啥时st交通啊,0
建设银行盐池支行违法存贷挂钩,-1
比亚迪要红了，这个破市场资金说了算。,1
看看那些退市的天天跌停板拿银行股票安心多了至少不会亏一无所有,1
中国银行03月07日获沪股通减仓954.15万股,-1
押着不能让外资收割股东，押着慢慢收割不香吗？,0
王八蛋管理会管得好。,-1
得银行者，得天下,1
跌停就可怕了,-1
今天第一次预测涨幅大概4-5个点以上，最高价13.2-13.4居然，大涨超2%以,1
10万亿打新资金回来抢601988,1
那堆看戏的黑嘴sx，看到竞价的价格又呆了，呵呵,0
空头大本营浙商银行连续融券砸盘做空第29个交易日.下跌刚刚开始。,-1
养老金什么时候进入都会套牢,-1
平安是否拿到14块就会回调？,0
强者恒强个股关注,1
尾盘回调，明日低开可以补,0
14.88的压力位？,0
业绩符合预期，规模增速放缓，息差环比回落,0
一个说明公告之后没下文了，继续装哑巴，牛逼,-1
炒股风险：杭州男子炒股亏三千万楼顶醉酒,-1
兴业银行披露半年报：总资产近9万亿元，旗下兴业消金营收净利润实现两位数增长,1
银行分红是咋分的？总市值是不变的吗？,0
垃圾股，只有用分红来安慰自己了,-1
北京银行作为银行的一员，是个不好的选择标的！但是！但是！跟同板块的城商行，跟宁波,0
兴业银行(601166)融资融券信息(01-15),0
建设银行融资融券信息(12/26),0
投资绩优股的下场很惨啊！！,-1
5周线抬头，下周继续飞,1
中国银行融资融券信息(6/18),0
俩市涨停潮就是建立在银行下跌的情况下吗[旺柴],0
浦发银行(600000)融资融券信息(04-20),0
被严重低估的中小银行股。,1
2点半以后跌得你不认识，周一跌得你找不到北！！！,-1
头肩顶,0
为国护盘，侠之大者[鼓掌],1
我吐了,-1
抢筹开始！,1
我追涨了。8.77,0
[大笑][大笑][大笑][大笑][空仓][空仓][空仓][空仓]卖！,0
大盘股，买了就不要经常去看了,1
窝囊废啊这股,-1
9.03分买入10000股！[鼓掌][鼓掌][鼓掌],1
什么时候退市清算？涨一个点就开始割韭菜，你涨的很多？,-1
南京银行01月16日获沪股通加仓173.09万股,1
希望央行加强金融管控力度，加强金融资本尤其是保险业资本参与资本市场的行为管控，倡,0
华夏银行净资15.65元，未分配利润6.71元，二季度每股收益0.56元，业绩是,1
看看H股兄弟,0
逢低买入好时机,1
废物一样,-1
开盘即收盘！散了吧！,-1
有仁德的圣人将自已合法赚来的钱捐给社会大众有需要的困难人土,1
北京银行这一波要去4.76,0
优先股业内说,0
银行股小幅回调，北向资金最新增持榜出炉：银行股居第一！玄机何在？,0
300498怎么回事？,0
重大消息：民生即将停牌！,0
工商银行11月23日资金揭秘,0
跌去百分之二十。买入都是对。庄家已经说了算。开心涨几块。不，就下跌几块。选你。做,-1
凡人：止跌过程中做事要当断则断，不能犹豫不决。,1
如此股市散户能赚钱是天方夜谭！,-1
工商银行：2010年半年度报告,0
你妈的，你还不如农业银行。,-1
福星股份：董事长及核心高管累计增持公司股份约800万元来源：中国证券报中证网福星,1
我就知道，大盘好你就好不了，放着回头再说`,-1
顺势而为,1
冲上5.64,1
看着操作下午应该要突破一下了,1
市值被低估！南京银行再获国资股东大手笔增持,1
坑,-1
工行为何不停的漲？,0
民生银行本周沪股通持股市值减少6972.6万元，居银行板块第八,-1
昨天说过，银行股必然大幅补涨！,1
xxxxxxxxxxxxxxxxxxxxxxxxxxxxxxxxxxxxxxxxxxx,0
16.80元10.3万股，牙牙亏3万了,-1
招商银行走势跟07年10月份高点一摸一样，炒作严重，不久将连续暴跌，拭目以待！,-1
今天才第四天，还有3天才能赶上4/9,0
各位我是七灯师傅，紧急通知周一做一个肠道手术，2021开年不顺，股票大亏已经很惨,-1
[强壮][牛]招商银行股份有限公司1987年成立于中国改革开放的最前沿——深圳蛇,1
兴业银行是中国的还是法国的？,0
那个传说中的猪呢，出来一下，唱多还是唱空,0
早盘跌停买上没[俏皮],0
浦发越不涨，时间会说话！,1
皮海洲：让投资不迷失方向 还需客观评价A股股票的估值水平,1
根本不要慌张，分红在那里。,1
昨天去御膳房应酬，遇见一服务生，据说以前是操盘手！,0
按当前的政策连贯性，对于大金融与地产还有一系列的政策出台，招商银行股价处于严重低,-1
浦发银行：融资净买入210.58万元，融资余额33.03亿元（01-10）,1
丢人，关闭股市得了,-1
银行股不能拿了，赶紧调仓中信证券,-1
四大行都涨了2%，这货竟然一动不动！,-1
大盘想周五涨比登天还难，主力是不会让大盘周五,-1
买浦发实在不如买招行和宁波,-1
年底了远离银行票,-1
哇欧，4.66补的仓，这是补山顶上了，真是难受,-1
今天介绍一只000829，买入机会。,1
要不来个涨停吧,1
中一签亏5000，还搞银行股？,-1
中信银行融资融券信息(6/7),0
涨时慢趺时跳岩,-1
这个位置明显可加仓,1
广生堂（300436）股吧出了非常奇怪的事，快去看看!,0
利好，今天涨停,1
我来了.招商银行,1
JG 就是一个笑话。,-1
欧洲银行股昨夜普涨,1
行情属于勇者！要敢，才有赏,1
在所有人都维稳之际 大发国难财 其心可诛 坚决抵制刘氏家族,-1
我来了！Mark,0
看这走势也知道年报一季报很差，估计和上海银行差不多,-1
高抛低吸爽歪歪！,1
你们都看跌说明快启动了，你们都不是啥好人，炒股就是各种骗,-1
我一直搞不懂。。。,0
5.2出了，进了威孚，谈红，威更红,1
哈哈，有这家砸盘，还怕你指数不跌？,-1
厉害，和成银7月21日有得一拼,0
南行填权的价位也快到了  10元左右买不到别逞强  注意风险  银行股有的是 还有好几只8倍以下的银行股啦,0
我在9.23为什么撤单不成工，坑啊，难道我开盘就要飞吗,-1
$兴业银行(SH601166)$这就很符合兴业作风，别人使劲涨的时候它就硬跌，就,-1
再不要浪费子弹了，准备現金，准备收建没银行。[微笑][微笑][献花][献花][献,0
别接了，这是要爆融资和质押盘的节奏,-1
位置不好,-1
收盘日记：最弱的港股都异动了，A股为什么不跟？,-1
"03月07日，港资(北上资金)买入工商银行177,012,573元",1
躺平了，你们呢,0
下星期希望能涨20%,1
应该修改证券法,0
“时间的玫瑰”盛开了？各大银行交出亮眼成绩单，外资还狂买227亿,1
银行股这么这么软,-1
散户接盘侠,-1
我觉得就一个数字货币发行，就能支撑中国银行到5.53，后市可期。,1
别装了你不行的北京银行，快点下来到5元我给你满上[大笑],-1
充值手机卡,0
今年银行股业绩可能负增长,-1
美联储和欧银或“非常规紧缩” 如何撼动汇市？,0
蹄疾步稳做小微 工商银行普惠金融增速快结构好质量优,1
洗洗洗筛筛筛小的垃圾都甩掉它，我就安安静静等分红,1
这走势和昨天一样的套路,0
这走势真他妈的操蛋,-1
跌停跌停跌停,-1
交通银行：海外监管公告,0
大盘不涨时，证金公司救市低价买入的股票公布，应意欲何为，心知肚明,-1
我就想知道它哪里不行,0
国家队误判点火时间真不对，利空出尽？NO,-1
钱的资产，,0
中信银行尾盘大笔卖单砸盘。为啥啊？看不懂。求高人指点。,-1
泛海大额几百亿的贷款，要追责,-1
万科牛X，野蛮人就是好啊,1
1905只个股连续下跌超过三日,-1
67亿主力资金一头扎进价值蓝筹！A股规模最大银行ETF（512800）五连阳！宁王2日市值跌去1400亿…,-1
快上车，否则没机会了[大笑][大笑][大笑],0
平安银行：因为我被罚45我，所以只能16.45收盘，谢谢大家,0
快砸盘，地产银行双杀,-1
指数需要你，拉起来好看点,0
有意思吗，拉台指数,0
跳水冠军 我们不怕  总有上岸的时候[俏皮][俏皮][傲][俏皮],1
还拿2个月，8月公布中报。,0
远离股市是上策,1
有点突然，虽然板块都涨了,0
垃圾股跳水真是厉害,-1
华夏基金管理有限公司关于旗下证券投资基金估值调整情况的公告(2015/8/25),0
杨百万哪个死货，上哪儿去了,-1
美国8月未季调CPI同比增长8.3%！美国衰退尽显。小心金融危机？,-1
举起正义之剑，坚持价值投资,1
今天割肉走路，没有任何投资价值，还不如etf.,-1
要脸不？平安妹妹[怒][怒][怒],-1
看到你们喷了就知道该买入了[胜利],1
还有四个点才回本，应该问题不大，毕竟拿了你半年多了[怒]，不差这点时间，关键你今,0
一个群里50个人有49个托，韭菜就一个。,-1
铁律实盘(392)穿越珠峰,0
进场收尸:地产称霸南京，医美雄冠亚洲,0
8月11号差1毛2跌到位，后面连拉12根阳线，咋就差那么点,0
快跑,-1
13，98俺没有走！难道13，2俺走了回家老婆骂不死俺。说俺为啥不配合庄家锁仓！,0
给-伯克希尔·哈撒韦公司和比尔和梅琳达·盖茨基金会的一封公开信,0
你是有多垃圾,-1
平安银行今天成色五年九，即9999,1
以阴跌为主，及早逃走,-1
真便宜。,1
又有一分钱可以玩一天了。,0
关于对近期股票市场个股的现状分析之二,0
5.47怎么办啊[哭][哭],-1
炒工商银行有价值吗？,0
研究女侠“碧浪”在怎么说建设银行也跌不到4元气死你,-1
大盘收3588.78——15088.88数字大吉都是控制的非常棒的。,1
601838给予成都银行45元评级展望是受科大迅飞的影响！一年到头炒垃圾科大迅飞不如炒成都银行好！,0
明天3000亿保不住了,-1
深发展Ａ：《深圳发展银行股份有限公司章程》修订明细,0
国家提出今年的那个GDP是6.5％～全社会升工资是6.5％～那么一定是拉动消费和,1
作为一个银行股，10元多的净资产，5元多的股价。真是不可思议啊,0
破十是要的,0
互联网存款“打补丁”,0
管理层也不出来讲两句？,-1
大盘新高了。招行平行杭行兴行都新高了。最有实力最赚钱的工行却,-1
这个业绩快报就这么难产吗？,-1
$兴业银行(SH601166)$加仓！！！,1
$北京银行(SH601169)$扛木头，扛多久？君不见，申能当初扛木头，撑了多久,0
明天大盘回调，苏美达还会跌吗？,0
大家说说，大盘2850点能否到？,0
还是要做时间的朋友，不涨十个点，别轻易出手,1
好的,0
持股关注下一只涨停股:冀中能源（000937）或者（000552），现在就看，最,0
大鳄入市纽约金价瞬间暴涨 市场停止交易10秒钟,0
中国银行：拟于7月15日除权 派发A股现金红利约465.79亿元,0
垃圾平安银行垃圾平安银行垃圾平安银行,-1
涨2个点现在都绿了，靠,-1
今天银行护盘,0
主力拉升前的一个小热身，定增之后还会有更大的拉升动作,1
央行调整金融机构存贷款口径 保证金计入存款,0
这个垃圾涨没有看到，大盘跌他更加下跌,-1
新成果,0
分批撤离800万股,0
此轮下跌已经是情绪面失控了，技术面基本面没用,-1
好弱是不是与增发有关系吗？,0
100pe有必要恐高，7pe你恐个鬼啊，人家涨停时你涨停过吗？  人家赚了两倍,1
大跌迎大会？主力牛逼,1
明日猜想,0
秋天来了，该割韭菜了。,-1
这几天中证500，中证1000指数上涨，不是风格切换，是行情到达尾声的信号！因为,0
主力狠狠的砸,-1
招商基金李崟：好公司还需好价格,1
招商银行获沪股通连续4日净买入 累计净买入9.64亿元,1
这股价是有多废，直接私有化退市吧,-1
破11吧,-1
今天仓位又增加了,1
监管发现的问题屡查屡犯等31项违规 浦发银行被罚6920万,-1
"死活都不会涨,就是这么无赖",-1
不在乎该股上上下下几分钱的涨跌，耐得住性子，作为压舱石就等股息分红吧。,1
明日最看好的六只金股 你要不要？l,1
死拿。不赚钱不卖。别想着做韭菜。加油,1
继续昨日站位15.43为阵地，继续上攻15.68，,1
平安银行：融资净偿还2070.23万元，融资余额36.71亿元（05-18）,0
[买入][买入][买入],0
防止股市大起大落，今天算不算,0
别装，下来点我接你,0
银行股昨日救市任务光荣完成，今日大撒退,0
邦邦低调了，民生就火不了,-1
交通银行融资融券信息(8/5),0
今天收盘我做功课到现在，得到了结论，来发帖表示我的看法，以工行等国有大行上涨到现,0
金融服务科技是第一生产力,1
各位高人，想问一下，建行这3月30日预案出来了，但是看往年需要7或者8月才能派发,0
大盘涨也跌，大盘跌也跌，这是个什么玩意,-1
低位时候买少了，真的是拍断大腿，发财与我无缘[哼][哼],-1
大盘拖累明天会大补涨行情已经不错了建仓良机怕什么,1
流通只有95.9亿股？,0
今天跌少了都不是我大唉股性格,0
南方系资金领先沪系，浙系，沪系，,0
下跌趋势，还要跌,-1
对倒压盘恶意做空没人管，恶庄意在长远，优质股票不能割，庄家最怕你不动,-1
这次人民币贬值到了一比七，就可以全仓买入工行。除非工行倒闭！,0
降下来降下来……郁闷郁闷,-1
这不是一个人的世界.,0
绝杀，尾盘,0
雄狮终于醒，大象终于开始跳舞了,1
兴业银行为什么不涨？从1月9日到1月19日，银行指数涨幅超过12%，而且兴业在大,0
黑天鹅，当心,-1
20200604上证综指进入元典周期-21大循环,0
啥时候能回本啊，遥遥无期,-1
否掉转债，股票也跌了,-1
机构拉的都是你下不了手的板块,0
跌吧老子今天割肉了亏了14500元清仓了,-1
不要比脸,0
交通银行10月12日获沪股通增持1904.63万股,1
招商银行2018年净利同比增15%,1
看来空头们齐出动评论了，股市必将随空头所愿暴跌！！！,-1
接下来3天会发生什么？敬请期待！,0
点错了加了10万真的是无语哦,0
合理,0
中银证券维持宁波银行买入评级：零售转型升级时 夯本固基稳经营,1
40出39.3进，不知道还有没有肉吃,0
投资的快与慢,0
杀杀杀。把所有的实业资金全部套死,-1
估计银行和保险好像内部出现系统性的风险！民生银行造假事件估计只是冰山一角！大主力,-1
银行业“集体降薪”传闻调查：行业薪酬机制或将调整，不同岗位面临薪酬分化,0
32的成本我人麻了,-1
收盘也是3.04,0
中国银行股份有限公司,0
今天胆子变大了，居然融券5万股！越来越大胆！,0
$招商银行(SH600036)$明天必涨！,1
明德生物(002932.SZ)11月14日在投资者互动平台表示，公司干式血气分析,0
电饭锅,0
强烈要求华夏银行破产清算！,-1
说好的4.99呢,0
银行补跌，大盘回到解放前。,-1
股票000816翻倍很容易，股票000001想翻倍很难。,0
新华联与中金达成合作 将快速推进引入战投化解资金危机,1
$北京银行(SH601169)$北银向交行看齐，年报分红超35％，每股0.38元,1
浓眉大眼的你也崩了,-1
大盘暴跌一下也好,0
端午节，端午节跌三个点,-1
"6000点,突破确立长牛靠它了",1
完犊子了，今天还等北银破4元8角建点仓呢，看来今天不行了[捂脸][捂脸],-1
要像招商银行那样十连跌吗,-1
南京银行(601009)融资融券信息(11-30),0
工商银行(601398)融资融券信息(06-16),0
今天工行要跌不停工行所有股东表演,-1
原来比中信高一元多，现在却低了不少，是该补涨了,1
中国银行，你在等什么,0
起来！护盘时间到了,1
浦发银行2017年报过后净资产每股13.87元,1
$建设银行(SH601939)$这轮下跌后，资金肯定会进行重新配置！！远离民企股,-1
浦发抖一抖，再回首往事已不堪回首。,-1
2.88万亿总资产北京银行排在世界银行第62位！！！,1
跌比涨好越跌越安全,0
$招商银行(SH600036)$30以下见吧！大势已去。老美暴涨，都不涨。,-1
银行板块指数还会下跌50点,-1
19.8元安心坐轿，兴业银行有走强的可能性，PE比较好。,1
抛盘太大！！,-1
中报点评：不良核销加速，零售业务转型有成果,1
已经不合理了，南车市值都跟浦发相当了，哎！[哭][哭],-1
32.00元，多空激烈交锋……大家顶住别卖，跌不下去多少的……,0
交行处于上海，疫情之下能好吗,-1
起来,1
用户4386094098198776创建了模拟组合,0
规律，创日线高点，后两日盘整，再创高点再调整,0
向下破位了！行长事件威力太大了！,-1
世界上最坚定是一个价值投资者永不动摇的坚硬之心！唱空终有终了时，勇者无惧永不休！,1
金融行业反腐重点银行业,0
下周不出意外上11元，银行间有个对比！！,1
$招商银行(SH600036)$建仓，跟着谷大大走,1
大盘会不会一直跌啊,-1
==狠狠地跌==,-1
目标75,0
全是散户在,0
明天中秋,0
ST康得新的问题，钟玉最清楚，证监会一查便知。,0
20200707！自己去看一下就明白了！主力不是菩萨！,-1
不捉公基大老虎，上面的日子也不好过。,-1
一分钱玩了一天。给套的死死的。,-1
主力在拼命洗盘。大家只要有定力就好。招行是要么手速快每天做T，要么长期拿稳。,1
撤退撤退,-1
建行中期不良贷款大幅上升,-1
中国银行融资融券信息(1/2),0
北京证券交易所合作伙伴、北京冬奥会合作伙伴、巜长津湖》投资人，今年还有北京银行热,1
套人的花招,-1
涨声一片！纳指和标普500指数续创收盘新高，静待今日A股表现……,1
赶紧吃了,0
南京银行朦胧利多：祥和实业已上市正式交易，按时间顺序与祥和实业相差7天江苏金融租,1
真牛逼啊,1
现在卖会划算吗？这几天掉了那么多，卖了还要扣百分之20的红利税，就不能多给中行点,-1
诱多后接盘侠子弹已打光。,-1
10：3配股融资，准备卖血筹钱吧！！！,-1
为建行打个广告： 炒黄金，炒原油的都可以用建设银行的平台，其它的最好别去！,0
涨一分多难,-1
2018年2月7日耻骨说：农行今年6元，速度跟上,0
$平安银行(SZ000001)$本月实际上就涨了3天，最大涨幅2.75%真是厉害,-1
为何2000点买的股票，3000点套牢。来了吗？明白了吗？,-1
还不如去买000552……,-1
新增贷款超预期，新增存款更可喜可贺！,1
北向资金手上有足够的筹码砸盘,-1
兴业一无是处，唯一点就是给人的想象空间大！,-1
$民生银行(SH600016)$年报要有心理准备及承受压力，如果年报与三季度业相,0
50虹光,0
猜猜今天的低点？我先来，破29,-1
北美原油1509暴跌！空单再次发威！,-1
招行告别马蔚华时代 田惠宇有望接任,0
北银现在还卖牛奶吗,0
当下的股票市场“供过于求”，股票池资金需求增速大于股票投资资金池的供应，从而形成,0
为什么交行股价有时候不到4元，有时候5元，现在又是6元呢？能不能便宜卖点？现在价,0
跌幅百分之五超千家！,-1
明年不看好银行地产的比较多，本来还想入手保利和万科的,-1
$北京银行(SH601169)$大家看到了吗？天天尾盘给砸掉一分有时二分，这是什,-1
紧急通知 9.58以上卖出华夏银行 反弹结束出货,-1
又有7~8分差价了，机构还会捞吗？,0
涨幅前三的擂台兴业永远无份，现在连前10的排位都不见踪影。倒数第一-三到是常客。,-1
3.03进了，今天一要红,1
利好之下银行股价自巍然不动？股东高管却频频增持，更有外资不断抢筹，如何解读？,1
银监会批得怎么样了？,0
底部启动，吃肉喝汤，兄弟们,1
真阳痿这主力！,-1
12月25日那根跌幅2%的阴线是哪些机构在做空啊？不支持低估值价值投资？,-1
招商还能跌,-1
覆盖全国超过150万公里国省干线公路。 公司产品与服务处于行业领先地位  中公高,1
就是这尿性。,0
入摩资本拥有浦发银行，也就享受了中国金融发展的未来。,1
天枫投资不知道坑死多少人呢，他们9月份开会推荐北京银行，已经快腰斩了。,-1
南京银行今日历史以来算是天量了，基金机构，游资全方位买入，明天仍然是银行股的龙头,1
密密麻麻的线，好像来到了纺织公司。,0
请大家猜一个谜语,0
10月9日，整个A股就看你的脸色了,0
只要收盘4.70以上，你懂的,1
放量下跌，9.50成本啥时候能回来？两年吗？,-1
自己争口气，别让招行和宁波银行看不起你,1
非常想念千股停板的日子,0
向上打开大门了,1
行了。明天再长。,1
民生，我死在你手里了，,-1
5.37战略性减仓，持股217天，中间坐过一回电梯！,0
2个账户各中一个上海银行，蚊子腿也有肉,1
华夏银行先小步慢行，然后完成一个小波段，月末公布中报，延续一季报业绩增长，不良减,1
亚投行扩围博鳌论坛临近 “一带一路”酝酿再起航　　继英国宣布有意成为亚洲基础,1
银行既然90天以上逾期全部记为不量了，以后就可以轻装上阵了,1
昨天投票的大机构哪去了，为国护盘,1
601998:中信银行董事会会议决议公告,0
民生，安邦，华富合并邦生富银行！,0
往往比较隐蔽,0
外面风大浪大，小心翻船，还是工行可靠。,1
银行 保险 证券赚的多，还没跌，感觉怎么走啊？,0
换股华录百纳了,0
我曾经拿得最久的股票，吃分红确实不错。,1
兴业银行与浙江省政府签订1000亿。 贷款合同！重大利好！,1
大盘暴跌不影响兴业银行上升的强势，明日将大幅上涨。,1
四季度坚定看好银行地产,1
明年如果还是分红3毛，以现价买入的话股息率将高达6.5%，如果明年分红超过3毛，,1
看买单越买越跌,-1
民生银行：重要股东质押5903.5万股，累计质押占其持股66.31%,0
废物，看得老子血压都比你涨的快，草,-1
50上升3该股升幅1,0
王若谷有眼光，大力支持！,1
蒙牛酸辣哥呢？好久没见到了，看他评论也都删了。,0
明天你们敢跑，我就敢接....低吸....[大笑],1
控股全去…………艹,-1
华夏从沒涨过三个点,-1
护盘的来了，看来大事不好,-1
热烈庆祝中国公商银行在京成立！,1
跌到前期低点11.91位置，就可以入了。,1
所有股票都有起落，就你一路下跌，彻底放弃你,-1
我只能说民生银行的管理层是大有问题的，根本不是换几个高管可以解决问题的，因为它是,-1
明天兴业涨2%，兴业的融券做空机构就会慌张失措，被迫追涨买了还券给劵商。,1
其实银行混改又能如何，交行狗屎改为鸡屎，仅此。,-1
建设银行本周融资净买入2298.01万元，居银行板块第五,0
此时不买，更待何时,1
北京银行真杨威 早上假冲锋 下午软啪啪,-1
为什么说北京银行能够涨到47.60元！！？,0
收盘竞价会有近万手买入试目以待,1
$交通银行(SH601328)$分红除权不知道是哪个大聪明想出来的，就跟你10块,-1
有报道称吉利入股戴姆勒的资金来源于兴业银行和摩根斯坦利，请问这个报道的真实性？如,0
兴业银行2012年度利润分配,0
600000:浦发银行优先股二期股息发放实施公告,0
中国银行06月11日资金揭秘,0
等中报出来看看,0
南京银行定增程序,0
净资产以下，你慌什么？,1
市盈率3.88，市净率0.54[大笑],1
关注凤凰股份,0
腥液你还我血汗钱[哭][哭][哭][哭]为什么我买什么跌什么，买氦气又买了个杭氧,-1
银保监会决定开展银行保险机构“巩固治乱象成果 促进合规建设”工作 2小时前,0
豪掷50亿成深圳农商行第一大股东，星展银行意欲何为？,0
招商银行今天跌成这样，大家都很着急，很多人都哭了。,-1
》》中办、国办：严格核查证券投资资金来源合法性 严控杠杆率 2021年07月06,0
这垃圾银行，真垃圾。,-1
与工行共存亡，倾尽所有持续买入工行，直到把那群砸盘的人渣手里的股票耗尽。,1
【A股主流ETF】A股规模最大银行ETF1.5最新单日资金净流入高达6.15亿元，最新基金规模创新高100.72亿元！,1
$招商银行(SH600036)$放量大跌你们还真信有别的安排啊，机构早就跑路了,-1
全世界两率最低的票,-1
今天准备跌几个点,-1
平安银行：融资净买入3384.69万元，融资余额30.44亿元（03-31）,0
至少还能维系股指短线反弹的走势,1
现在就是比拼耐心和心性的时候,1
在说敦煌...只可短炒 主升在2月猴,0
兴业前期跌的最多今天也没怎么反弹，到底出了什么利空的消息被主力和机构提前知道了,-1
刘士余主席投资者信任人！不舍得您离开证券会！,1
知道你烂，但也没必要每次都这样吧是不是,-1
银行板块年度分红提高至可分配年净利润50%以上，增加分红次数，转赠红股，可以实现,1
沒有那只股票可比建设银行好.,1
吓死胆小的、撑死胆大的！现在就是这样一个特殊而荣幸的历史时刻。下注吧，朋友。,1
成交额100个亿了,0
民生银行：连续4日融资净买入累计2.27亿元（09-14）,1
全部清光招商银行买题材股，明天又要大跌了，哈哈！,-1
【热讯】银行ETF今日单日成交额达2.17亿元，高居国内所有行业ETF第二！,1
目前帐上还有30多万资金，不知买什么,0
交通银行，继续5元下方震荡蓄势，国有大银行补涨！,1
空腔是大滑头。多头踏实在做事。后市坚定看好。,1
又没希望了，[傲],-1
还得是酒好啊,0
股价不上涨就是耍流氓,-1
==买平安银行为了市值得不偿失==,-1
泛海老卢，出来走两步，让大家看看你长啥样？能在民生银行搞到这么多贷款，还不上，还,0
有人说经过这轮大涨后，平安银行要回调到12元，也有人说要跌到10元，更有人说要回到8元，大家莫衷一是，究竟大涨后就是大跌,-1
工商银行现在随随便便给客户发垃圾短信，打扰个人生活。,-1
$南京银行(SH601009)$下午涨停就太滑稽了,0
大金融都不涨，看来没打算上3000点,-1
这也是个烂屁股票坑人,-1
中信银行盘前回顾(10-26),0
会不会回踩50这价位呢！,0
快跑吧.小b庄出货了,-1
放弃低价股工商银行选择高价股贵州茅台。[胜利][胜利][胜利],1
刚收到财政部信息 同花顺上面的 删什么贴！日,0
兴业银行本人今年预测每股收益3.65元，什么意思呢？你只要持有一股兴业银行那么等,1
为了不让指数疯长，就死命压中行，主力也好在创业板出货！,-1
要回12了,0
先买三千股底仓,0
$中国银行(SH601988)$来吧，又多挣了一盒华子,1
$平安银行(SZ000001)$这中建搞砸盘太坏了,-1
今天工行才跌这么一点，操。,-1
今天是工行表现的时候了,1
今天不低于5个点,1
要成神仙了，唉，天天都是五洲交通。。市盈率确实低，价格也低,0
明天开买,1
宁波银行2019年业绩很好！大家稳住！,1
同股同权 向港股看齐---2.6元。不对港币还要便宜好多,1
希望送股加分红,1
是不是又要调息差了，这就是我不敢全仓持有银行的原因,-1
砸继续，使劲点。,-1
独家银保监会,0
北京银行07月06日获沪股通加仓359.75万股,1
啥时候能解套啊[笑哭],0
写给人保财险公司：首先恭喜你顺利回归A股市场，并希望加大对重仓持有的兴业银行与华,1
证监会不能把疯牛变慢牛，但可将其变成大熊！,-1
满仓踏空牛市我认，这垃圾反跌几块谁受得了？,-1
年报预测2.88元,0
再次融资全部干了,1
民生银行融资融券信息(8/27),0
交行如果拿到券商牌照的话，能不能涨到六块？,0
股权争夺战啤酒板块,0
银行大佬开会，陶以平先生还是有话语权的。兴业还有希望。,1
不要脸的银行权重股直奔6000点，热烈祝贺！你可别跌下来，否则大盘2000点见！,-1
按日期算,0
现在股票价格是底部放量，还是高处放量？老股民都知道该怎么办！,1
楚江新材控股股东楚江集团以大宗交易方式减持43。,-1
你应该拉起来了,1
抄底兴业银行了，爽！！！,1
下周高开。,1
平安银行肯定会慢慢涨起来，但是新手也不需要追进，让主力慢慢拉高，如果新手想赚快钱,1
这厮到底是属于哪个板块的,0
满仓中国银行等牛市结束了还在这里还亏钱,-1
打破清规戒律：今年工行不除权。,0
大家注意了，去年业绩好，今年一季报中报都会很差，宁波中小企业复工但工人很少，据老,-1
3.71吃进3.71卖出？狗东西,-1
各位大佬这个吃分红比银行定期比哪个好,0
贱行周一跌3个点,-1
什么时候分红啊,0
平安懂事爹中疯了,-1
不要好了伤疤忘了疼，穿13.5正常,0
还是招行最好了 小招永远的爱,1
[财神][财神][财神][赞][赞][赞][赞][大笑][大笑][上涨][上涨],1
练成九阴真经再说,0
中国银行有那么差吗？,0
落袋为安大赢家。。。,1
真的是服了，没了北向，招行就不行了，国内的基金都是摆设啊,-1
南京银行本周融资净偿还3058.64万元，居银行板块第四,0
要si了,-1
利好,1
买了怎么办？,0
明天北向资金可以交易了，开始砸盘吧。,-1
看来银行股真不行啊！,-1
糕成绿豆的了,-1
Hello？这一波又是谁的盛宴？,0
看来华夏银行的问题很严重，与其它银行股价差的太多呀，天天跌！,-1
证监会批准定増不低于10.26,0
不温不火倒像大战前的宁静,0
金融命脉启能跌,-1
今天7.15出了一半[鼓掌]明天会怎样,0
不愧为是 空头尖兵 跌起来比鬼都快,-1
建行与万科A相较，建行A股:95.9亿，净资产，4.92元，每股收益，（一）0.,0
最便宜的煤炭资源股600652，000552一飞冲天，还有一个伏在地的,0
2/7收评：大盘再次暴跌，权重蓝筹为何带头砸盘？,-1
鸡狗杂盘够狠，为了节前做一把，杂出一个空,-1
民生银行：融资净偿还2503.84万元，融资余额57.81亿元（08-11）,0
只要年底守住6元，就是浦散的胜利！,1
指数全线红盘收盘,1
大盘今天收阴？,0
转发,0
东西两线拉响战争警报，欧美股市全线大跌,-1
有奖竞猜：2020年末民生银行股东人数增加多少万？,0
真他妈的垃圾，以后都别买中国银行和交通银行了！几分钱玩了好几天，大盘跌它跌，大盘,-1
业绩底部反转 不良大幅出清 实际好于预期的2020,1
震荡下行，你们没看出来吗？,0
百年交通银行被现在的管理层搞成了这个样子，对得起这个牌子吗？,-1
巴山投资基金日报,0
国家养老金投资买入兴业银行，福建财政厅增持十亿，这样的背景这样子的气魄，谁能砸下,1
套死平安银行多头亏死平安空头，平安银行给你们不平安哈哈哈，多头已死空头咽咽一息，,-1
交行的高管平均年龄都是60以上，改革阻力大，没戏，彭总搞不定，百年交行竟然混的最,-1
总市值才1800亿，宝能在哪？来收购它。,0
北行股价目标，超过中信银行，比肩交通银行！,1
大家货都动了，而且双雄动的很欢的！阻力资金变主力资金了！,1
宁波银行03月08日获深股通减仓91.70万股,0
这支垃圾会不会跌停。,-1
几个大股东不停的解押，再押，自己给自己授信额度，这样的民营企业没有前途。,-1
外面股票赚钱都没银行多，还是持有银行股安心,1
如果前次募资使用效率差,-1
拨备覆盖率估计到年底应该就不够了吧！股价不用张，市盈率开始涨！,-1
分红折股价等于什么都没有，此股从不填权。,-1
银行是用来分红的，不是让你们来炒作的,0
民生事件A股影响几何?！,0
$招商银行(SH600036)$最后四成清仓了，等待下一次机会,0
到顶了   估计得砸下来了,-1
666,0
分批账户拖拉机吃进1100万，明天停牌,0
今天南行已经下跌将近一毛和昨天预计差不多，明天继续下跌，一毛走起,-1
零和博弈，又称零和游戏，指参与博弈的各方，在严格竞争下，一方的收益必然意味着另一,0
上银晚报 2020年收官：沪指创2018年2月以来新高，创指全年大涨65%,1
＜银行：不必纠结，这就是利好！＞1.财政部《金融企业财务规则》这已是第二轮征求意,1
外资持续进货，股价有构筑双底的迹象。,1
浦发银行财务造假 浦发银行四川成都分行2018年烂账665亿 已经远超净利润了 ,-1
今天有一次解套的机会摆在我的面前，我没有好好把握。。。庄家如果能在给一次机会，我,0
601988真是是一泡臭狗屎！,-1
证监会17日消息，2019年，证监会依法查处违法行为，净化资本市场生态。重拳打击,1
套我几分钱了，如果不是我人生字典没有割肉二字，我早就把你宰了[怒],-1
什么时候分红啊,0
别的涨，银行下，护盘筹码,0
不要受机构的操作而悲观。如果兴业长期投资是让你失败，那个市场开与不开就不重要,0
工商港股都大涨3天了，你个垃圾,-1
几何时，垃圾概,-1
砸垃圾桶喽！猪力干的漂亮,-1
"支持楼主！最有价值的股票, 资产24亿的股票有8.5亿未分红，600398，好业绩，高送转高分红。",1
恐荒的结果是低价位失去筹码。我就想知道何为高位。：,0
讨厌的融资盘,-1
别人劝我别买银行股，买了五万亏了一万，呵呵,-1
关于价值投资我的认知,0
银行股还没疯狂前，大盘不会见顶，个人感觉，非喜勿喷,0
还不猛跌，看你能撑多久,-1
有一股洪荒之力推着建设上涨,1
小赚一点即跑，典型的散户心里[呲牙]，祝留下的发财！,1
一刀下去，看着飞流直下的鲜血，摸了摸裤裆，隐隐作痛。,-1
银行股就不该涨停吗？,0
前段时间投资团和M资在4.5元以下分批买交行，大家都觉得傻，结果如今全部在4.9,1
该股已死。清明了上点香吧！,-1
滚滚红尘——黑鸭子起初不经意的你和少年不经世的我红尘中的情缘只因那生命匆匆不语的,0
巴菲特割肉银行股了，伪巴地板你们咋看。,-1
银行券商要大涨,1
最后告知，要等到京东金融app增添销户功能后，才能自己销户！ 明明显示是工商银行,0
"法国巴黎银行偷偷地笑了,终于可以一举拿下南京银行了!",1
那么多只股中最差的一只,-1
消费白马股有望走出长牛行情,1
现在还有这么牛的银行,1
哈哈~我是每股给你加了3分5厘买的卖者股权~你是受益者~我是坚守者~各得其所,1
华夏银行，有很就来个乌龙球[大笑],0
除了融资功能以外,0
兴业银行：融资净偿还1.01亿元，融资余额130.6亿元（08-11）,0
"量跌营收滑,利溥息差收,跌未足",-1
某位专家唱空50要阴跌7个月按照前期他预测指数还挺准，到底要不要割了,-1
建设银行：2008年A股年度报告,0
就天晚上重新再造一个行长，现在的这个行长不行。,-1
浦发预提高达70亿的其他资产损失准备意预何为？,0
交通银行何时上20元？,0
在a股还有人价值投资，，全是骗散户的，,-1
可转债上市半年就可转股，25元的转股价指明了股价努力上涨的目标。,1
摧枯拉朽，剑锋所指，挡我者死！强,1
中国股市应该推到重来！前二，三十年白废了！,-1
这股废了[晕],-1
光护银行有球用，别的正好可以跌停，就跟皇帝的新衣一样,-1
大国的银行股票都很值钱，中国看建设银行10美圆,1
通过平台办理住房公积金异地转移接续业务,0
平安银行将发行100亿二级资本债,0
，做中国银行差价很靠谱，3.06买，3.09卖，来会做差价稳得很[鼓掌][鼓掌],1
利润下降10%是意料之中的事，关健的是不良贷款比一季度大幅度飙升到1.69%，这,-1
怯怯地问主力能否解套？,0
大丧神，骂人骂多了会烂狗嘴的哦,-1
说持股不骂人的，看看他帖子，都不指名的骂人傻冒。 孩子，很不幸的就是你一进来就碰,-1
和银行股朋友们交流,0
银行股带路，大盘进入反转！,1
4.57元在这，没填满权！,-1
完短线别买银行股！这种票很难熬,-1
东方集团为了扭转业绩会不会把国开东方开发的北京青龙湖国际文化会都和北京青龙湖文化,0
2018年，浦发利润750亿元。2015-----2017年计提的坏帐损失，因贷,0
再也不碰银行股了，割肉跑了[哭],-1
怎么看你都是垫底，融资盘逐渐增加，外资也增加，磨到差不多，又是一起砸，融券跟进，,-1
招商银行股价还是太高了，比年初涨了20个点，处于历史高点,0
早上砸银行股，根本就违反了自然规律，抽刀断水水更流，会大涨的。,1
通信公司Straight Path被收购暴涨150% 5G概念再,1
垃圾,-1
今天涨了1毛3，周一必定跌今天涨了1毛3，周一必定跌,-1
【0731盘前播报】七月收官平稳运行,0
什么时候配股,0
下午回升。,1
2017年的57万亿到现在的55万亿,0
41的本，一路加仓做t，今天终于回本了[大笑],1
为什么银行总是做不好“服务”？,-1
"28家银行增速,拨备,ROE看PE估值！欠公平,公正！有机会",0
你不要下来啊,-1
这个股分红吗？多少,0
建设银行没有上升空间了，换交通银行，,-1
今日收盘8.38元，持股待涨。,1
601169:北京银行股份有限公司2021年第三次临时股东大会会议文件,0
每天冒个泡？,0
为什么还有人用分红30%、40%骗人。过去三年明显只有23%，管理层在业绩说明会,-1
都在等康得的计提,-1
淡定，淡定,1
昨天人家银行全部红涨几个点你这没涨还绿了现在又跌一毛,-1
$平安银行(SZ000001)$上涨缺席，大跌不耽误,-1
12.18的净资产，7.36的股价，不到5倍的市盈率，就是不涨？,-1
这是有巨雷啊没消息的放量大跌啊,-1
如何理解早盘的猛力上冲?冲完之后又灭火了。如果是同一个庄家的话，这么来回折腾，那,0
股市里的故事真真假假谁都说不请，看空者不一定,0
行情好与坏与北京银行没关系！好坏都是跌、跌、跌！,-1
东财网，定向降准来了，特大利好银行股。为什么我昨天清仓？招商银行降准大利好，CD,1
不要怕,1
这才符合你的本性，一大清早犯病狂拉出货，4.7等你哦,-1
转发,0
主力已开始护盘,1
大量发行新股是造成经济持续下滑的重要原因之一！,-1
比亚迪与兴业银行的净资产收益率相当，二者净资产收益率都是大约13%！比亚迪市价是,0
南京银行:2009年第一季度报告,0
尾盘集合竞价一亿多,0
8块我就抄底了,1
又系第一名,1
调整基本到位，本周逢低吸纳。今年最后一波，珍惜！,1
银行业2019年利润继续向好,1
该到银行股出场了,0
真累,-1
昨天买的建设银行,0
《小屁散赔钱原因:涨到天上不嫌高，刚跌2分就全进！宁波银行:仨俩游资带着一群小屁,-1
爱将如潮汇成海。。,1
$建设银行(SH601939)$我就这么静静地等，一天又一天，一年又一年，不急不,1
民生银行(600016)融资融券信息(03-09),0
浦发银行本周融资净偿还2831.14万元，居银行板块第九,0
老大，邮政今天是不是忘记叫你起床啦？[呲牙][呲牙][呲牙],0
民生银行已经背离经营银行的本义。不断的公告中透露以让利亏损为荣的信号，不断加大高,-1
这尾盘拉的也太假了，明天继续大跌,-1
出货不顺利。继续引诱。,-1
浦发银行：融资余额42.78亿元，创近一年新低（11-11）,-1
高位很危险，不走等一年,-1
狗东西有进步了，学会挖历史搞人身攻击了。你尽管挖，怎么挖也改变不了你看好中信银行,-1
上市银行未来都是金融大鳄，未来的摩根汇丰,1
贵州茅台1600元每股分红17元！！！,1
尾盘逆转 民生转债强赎二度闯关成功,1
"如此房价;哪敢消费,结婚,生小孩;这社会完了",-1
兴业银行落地首笔防疫企业并购融资业务,1
交行境外银行机构资产逼近8000亿元,1
2:30大盘速崩！千股千古～银行股最后买入机会～,0
救救可怜的孩子吧，他没钱吃饭了,-1
这是准备调头继续向下啦,-1
兴业银行：目前绝大多数问题已整改到位 个别尚未完成的项目正按整改计划有序推进,1
给平安提夜湖不配。,-1
其它任何板块任何个股，一旦失去上涨的可能，拿在手中毫无意义！唯有银行，即便套在高,-1
今晚消息汇总:深交所：推进多层次资本市场建设,1
港股溢价10%了,1
恒生银行164.5,0
买垃圾股也不买平安银行,-1
卖出胜率百分之99,1
昨天在低位出去的今天就不让回来了，想回来就要出血,-1
持有银行股需要耐心,1
天天高开低走,-1
$宁波银行(SZ002142)$上涨时卖掉被别人骂，想做短线投资好难,-1
到9不成问题,1
中行下届分行经常出问题，内都管理不如工行,-1
不跑就玩完了,-1
银行股这么难买吗？我都挂两天了，3.07，愣是没成交。,-1
李大霄去哪了？,0
王炸利好！银行抢夺券商牌照，这类股有望涨上天！,1
买进200万，坐等20,1
得吃药了,-1
融卷有意思！,1
交行一支独秀，别的银行都没动，证明交行有利好动作,1
北京银行南京分行“风能贷”擦亮绿色金融新名片,1
阴跌模式，然后大阴线,-1
谈输记，明天守得住2500点吗？9.93,0
民生盈利再不济也比某台强！,1
不玩虚的，说到做到,1
珍惜13元的平安,1
分红分配方案，A股和H股一样吗？,0
预言:中信银行今天再次涨停板,1
我们不防减单化的理解中行运趋势：17年到18年的今天和7月分红前看着从2. 71,0
如果华夏银行不分红，而是全用来回购注销，股价涨到哪里,1
浦发行是上证指数风向标,1
没有本事别当大哥，回来小夏！,-1
慢慢涨也好，有机会加仓[大笑],1
闷杀闷杀,-1
我觉得建行这股优点是很稳，缺点是太稳了。[害羞羞],0
六只最正宗的量子通信核心概念股值得高度关注,1
[撇嘴][撇嘴][撇嘴][撇嘴][撇嘴],0
协助调查一下而已，当天已回行里。,0
交通银行蝉联2021上海服务业企业百强榜首交通银行今天近日，2021上海百强企业,1
怎么没跌停呢？破9块以下准备进,0
南京银行：融资净偿还1338.38万元，融资余额12.1亿元（10-28）,0
金叉画出来，我应该加仓的,1
最讨这样乱送股的，业绩跟的上股本扩张吗？卖掉了,-1
看好就行动，扯再多没用,1
当平安银行放量跌破16.00,-1
很好.[复盘][买入],1
我在等一个机会，我一定要把属于我的东西拿回来[牛],1
什么情况，香港，台湾，新加坡都红了,1
大盘:你的红了，正如我的依旧绿。我总是绿得比,-1
觉得人心向背还是向下,-1
我来看戏，，有好戏哟……接下来不要眨眼睛，会颠覆你的认知,0
芭比Q了,0
一季度增长百分之八,1
广发证券维持平安银行买入评级 目标价26.27元,1
芯片股高烧不退，只有等兴业银行预报了。,0
涨停，坐等二季度报,1
说一句实话喔，有很多资金等着补仓的朋友，心里一点都不害怕的，反而高兴……,1
南京银行(601009)融资融券信息(08-12),0
周一跟随大盘回调，今天跌的太少了,-1
交通银行07月04日获沪股通减仓222.72万股,-1
跑不了与大股东陪站向2飞去大股东零成本,-1
已滑到癌症的边缘，急需一剂猛药。,-1
2017年7月27日沪深股市交易提示,0
大脱单来了，完蛋了,-1
建行A股半天也撑不住。,-1
主力在吸筹，守住,1
吃过饭就睡觉，睡到2：40闹钟响，看看成交情况，再做调仓切换！炒股=躺着赚钱！,1
收红是个意外,0
外资既昨日大买之后今日又净流入11亿多,1
枯萎了，废了,-1
北京银行这八毛9业绩，四大银行都自叹不如，早晚一飞冲天,1
好了，今天2点30不跳水了!改成2点40了。,0
建设银行2015年净利润2289亿同比增长0.28%,1
阿西吧，早上33卖了[哭],-1
就短期来说，银行股应该是大资金选择的最好标的。,1
中信银行的股票可以长期持有，短期实现盈利的可能较小。拿这样的股票就要有存定期存款,0
每天竞技假都是1.6万手你想表达什么，控盘了吗,0
浦发银行融资融券信息(9/30),0
盘大好打压，有本事你打破15元！我等你！你懂的！,-1
电视昨天和今天早间都说了未来要几次降准呢,0
工商银行还是有炒作规律，提前上证见顶，然后提前见顶，这个工商银行护盘又要压住指数,0
酒鬼在唱歌，我们不受益和受难的，当然喝倒彩。,-1
唱多未必真多头 气急败坏才刷屏,-1
今天建行终于光辉了一把，最先涨起来。,1
全买了，被套认命16元的时候卖掉，现在买贱,-1
顺丰又玩逆天了！,0
今天依托30日线，制造下影线，看看明天怎么走,0
暗无天日,-1
诱多杀跌，关门打狗，恭喜各位小散,-1
从5，14元就大单压顶但又慢慢消化，步步为营，吸筹现象。持股等拉升走。,1
【人类震撼】超级牛股方队集结完毕，请你检阅!,0
还是要靠创业板才能救银行啊,0
银行股，就你死了在跌，亏死了，5.17的本,-1
一年赚几千亿股价不应该这么低啊？,1
安邦保险第三次举牌金融街.现在买入正当时,1
26元进的啥时候解套,-1
$招商银行(SH600036)$玛德卖飞了，腊鸡银行股！颓势了不玩了，一个反弹的,-1
银行股强庄进驻的顺序,0
吗个比，主力和高管吃一块,-1
真是奇怪一些人，一边骂它一边舍不得离开它，张家港行难道不比它好么,0
公布中报的时候就知道谁跑了，怀疑是大股东……因为美元加息,-1
上海，真得不用6年时间就建成国际金融城市？,0
明天危险了？,-1
$交通银行(SH601328)$不吃红利！不吃红利！看看H股！！,-1
跌了几个月没人出来给个说法，高高在上无法无天,-1
收盘是涨一分还是跌一分呢？打了半天还未见分晓。,0
银监会发布《商业银行股权管理暂行办法》配套文件,0
靠，刚才没出，现在又下来了，后悔了,-1
九块九,0
又跳水了，为什么呢，信心崩了！,-1
银行股市场定位图,0
郑州银行长沙银行终于跌破预期底部,-1
《大行报告》花旗：中信证券目标价至24元——评级「买入」,1
贷款及垫款2.122万亿！相对净利要100年回收！高危！,-1
谁能解释下净资产中消失的0.25元净利润去哪了,-1
谁将领取全年发行股票4333家的奥斯卡奖？,0
浓眉大眼的招行，竟然是跌的最凶的那一个,-1
一上午怒涨二分,1
是利好吗！！[微笑][微笑][微笑],0
"快买600000和600036,601166先风",1
下午会不会涨上去？,0
你说建行割肉赔钱谁舍得，扛着吧，9.5真不知道咋买的,-1
浦发就是一堆臭垃圾,-1
今天怎么走？,0
去年3.07买的，现在又3.07了，只不过成本变成2.85了[旺柴],0
五一快乐，我们没有想闹事，我们想了解122亿的事实而已，希望北京银行摆事实讲道理,0
都这个价了，还这样卖，砸吧砸吧！哈哈，再补,0
左手倒右手！有意思吗！自己玩吧！老孙去也！,-1
开炮开炮开炮！！！,1
哪有什么牛市，我们大A历来的传统就是结构性行情，只有牛股，不存在什么牛市的，大经,0
今天都买在了最低点，明天会更低么？,0
明天黑色星期四如果低开我买一点，我赌他星期五涨几个点反弹,1
看图不说话又来了,0
$华夏银行(SH600015)$远离机构抱团高价股，逢底买股息高的银行股,1
散民们:明天中信银行4.6元再见!,-1
建设银行：融资净偿还2757.43万元，融资余额15.26亿元（06-30）,0
工商银行03月22日获沪股通增持2095.38万股,1
让我4元补个仓，谢谢……,0
今天大盘将是一个原始帐篷起势。,0
牛逼牛逼，大A股真是厉害,1
本机构准备拉两毛钱就跑，3.95见,0
如果真觉得民生有价值，就抓紧准备钱在下面接，要让这些打压出去的廉价筹码有去无回，,1
"港股拉,a股砸:空头厉害",-1
高位十字星，已经全部砸盘了，留下的自己发财,-1
今天下午棺材板压不住了,-1
有毛病吧？动不动砸银行？,-1
重庆农商行：“下沉”金融服务 深耕县域金融业务“主阵地”,0
2020年的高点是5.72本来不想告诉你们,0
权威评论在战略上是对的，但也要必须解决眼前问题，不能忽视国家自身利益被侵蚀，不要,0
中国银行大跌！,-1
主力朋友我想和你说上几句话可以不可以,0
果断卖出，这里的狗托太多，还会一轮下跌,-1
降准和降税就那么难吗？真是一毛不拔吗？,-1
一泄千里，没有一丝抵抗,-1
平安银行拟发行300亿元永续债,0
打压机狗要股没有，要命一条,-1
别装了~小心强撸灰飞烟灭,-1
机构想靠拉兴业保2900点，能保住吗？,0
好样的,1
这才是真正的垃圾股,-1
挂银行吧，不然又要发生股灾了！,-1
勉强红盘，还是可以的,0
没实力自立门户开银行的人就拿0.84折的中信银行,0
这货是银行的风向标，它好银行好，它完银行完,0
尾市拉银行明天上3300吧,1
招行银行，持股待涨！,1
买入，坚决买入，下午涨停。,1
几个散户没事经常发帖，说什么罢免董事会，罢免大肠，我就想说，别YY了好么？是你能,-1
工商银行01月10日资金揭秘,0
预开盘输了半个点，不要紧，加油主力！,1
11月12日晨：华视传媒暴涨61%拉开了文化传媒反弹序幕！,1
如果击穿四年低点4.53。至少会有个反弹。现在4.57。不知道拼命跑的人想什么。,0
涨了一个星期不够一天跌的[捂脸],-1
招商银行：融资余额50.64亿元，创近一年新高（07-09）,1
三角轮胎，价值洼地，即将启动,1
银行股暴涨谁是神秘推手？,0
宁波大过北京,0
看不懂,0
要起飞了~,1
问问大家都是准备留着过年吗？,0
工商银行为什么股价不涨？4.78成本[哭][哭][哭],-1
很难发贴？？？,0
今天所有的大盘蓝筹股会一起砸盘？,-1
七号文刚出来的那一天，戚狗中行大声疾呼:“银行要涨了！”，结果呢？浦发又创了新低,-1
明天每股現金分紅0.291，尚未分紅，目前持有股价市值便快下跌0.291，若是此,-1
调整就是踏空者上车的机会,1
弄了点子老的新闻……,-1
全市场 最喜欢 搞低价增发的 就是这个货。,-1
所有银行都如同吸血鬼一样，实体经济如何活？,-1
今天刚买，怎么办,0
昨天建仓5.23，宣布，失败了。,-1
5.60,0
起量了啊，多空今天就定下来了,0
交通银行12月07日被沪股通减持857.94万股,-1
现在最好的操作就是持股不动,0
今天买入，明天领套,-1
散户们，韭菜们，股民们大家中午好啊,0
兴业银行有没有投资价值,0
关于兴业银行的崛起,1
今天开始十二大行大涨一场，有余款的快买入银行股。,1
以炒股之道论＂量化机器人＂存在的可能性,0
我在说一次以后不说了人保账面成本10.41元,0
严重被低估的华夏银行。A股银行板块市净值平均0.8，华夏银行0.46。华夏银行今,1
这增发价老高了，本人在12元多买的，赚了,1
没钱就得跌，硬撑没有用,-1
买它锁仓,1
[想一下]6.98居然还买贵了，还想捞一波短线走,-1
百炼为何不成钢？,0
这股高管一贯自以为是的傲慢！没业绩天天吹牛B。不丁点小事也要开会刷存在。,-1
直线上升,1
这货明天能行吗？,0
601166 : 兴业银行半年报摘要,0
CC奇葩央行;权大利更大,-1
周末电采都是唱空的，理由许多，其中有一个理由让俺觉得唐突无比。,-1
华夏是来占茅坑拉的吧。,-1
尾盘会不会又砸盘[俏皮],-1
上证综指今日进入元典-19周期下半场,0
去杠杆严控金融风险对哪些股票影响大,0
外资抄底？,0
601398:工商银行H股公告(海外监管公告),0
建行反转就在明年()月[哭],-1
涨不停垃级盘子大,1
QFⅠⅠ来了，HS300，MSC中国，最新市盈率排行：1兴业银行，2民生银行，3,1
巴菲特来或不来 银行股都在春天里（附股,1
银行清理“沉睡卡”引发用户担忧？银行卡被清理真的要担心吗？,-1
你太难了，护盘撑住[摊手],-1
还以为今天庄跌呀，没想到是庄自己折腾自己呢[捂脸],0
紫光集团溢价出售旗下股份，收益股北京银行，明天会大涨，以前的负资产，现在的高收益,1
可转债退市：永高转债退市,-1
这个股只适合长期持有，买了不看，它会慢慢往上走,1
吓唬谁呢？,-1
22:10 半年近300亿债券违约 震荡波冲击各方据统计，今年以来，截至7月18,-1
中信银行带领银行股涨停潮。,1
300059东方财富网垄断互联网站金融龙头老大，独特业绩爆增，独角兽企业，未来发,1
17.55强支撑，只要不破，安心持股。,1
今天，中信证券上涨、新华保险上涨，中信银行下午涨！,1
现在能建仓吗？？,0
别扛了，扛不住的，人心已经散了,-1
尾盘拉涨停，盘很轻,1
抱歉，我还有好多要买的资金！,1
浮亏9个点，加仓500股[大笑],0
还有目标25块钱，我曰，就是到了25，骂了隔壁的能赚多少！,0
上市银行四大“红包”值得期待,1
黄金文化与权利,0
今天正式加入兴业大家庭，不知道对错,0
民生不是东西，高管还拿高薪,-1
北京银行的租金保产品可以的，对我们帮助很大。,1
【7月26日亏损30733元】明天将迎来重要变盘窗口？所有人都来看！,0
牛逼了,1
大盘暴涨居然和你无缘[围观][围观][围观],-1
$华夏银行(SH600015)$A股的银行保险一般不会大涨！为养老保险类的资金入,0
都涨，就这不涨,-1
股市因工行砸盘而死直，难以正常化！,-1
千股跌停闹新年,-1
短期有回调需求，均线离的太远，短线可以考虑回抽到21介入，长线保持耐心安心持股,0
我清仓了，现在就坐山观虎斗,-1
牛皮吹的震天响 破发就是不涨,-1
36以下只买不卖,0
这样都能套我？主力你牛,-1
唉，什么情况啊？这样下去只能做交行股东了[抓狂][抓狂][抓狂][抓狂][抓狂],-1
东风汽车定增不超2.92亿股 募资30亿元,0
多少人的小目标？先挣它一个亿！！,1
今天9.6元就继续:加3成仓，9.5就加4成仓，越跌越加，加到没钱为止。[拜神],1
推出熔断制进一步放大做空工具，连续7%方式休市跌停,-1
最垃圾的股,-1
$平安银行(SZ000001)$淡定慌啥[俏皮],0
股市投资进阶——股票如何估值 看过的都收藏了,0
明天加仓,1
我们这里的青菜价钱都涨2倍了，青椒卖的都比你的股价高。,-1
下午追高买进了，白酒茅银行茅带头砸[看空],-1
后期影响北京银行的四大看点！,0
表现不错，现在还没有跌，17.65.比平安好,1
这个哦都,0
没人玩的。,-1
当前的股市属于完全扭曲的价值体系  伟大的中国神酒！干杯吧！,0
歪瓜裂枣你们进来就没好事,-1
【图解季报】北京银行2020年前三季度净利润166亿元 同比下降8.37%,-1
赶紧还钱……,-1
一天压盘，多熟悉的手法,-1
机构抱团取暖，导致少数股票越走越强！,0
平安银行今天触小底了,1
加大实体经济信贷支持 南京银行前三季度净利润同比增长21.28%,1
跌5毛6了，，再跌5毛6吧。,-1
2018上半年业绩“头尾”差距太悬殊！但10686家新三板企业倍增的研发投入显示未来增长新潜力,1
600000:上海浦东发展银行股份有限公司第七届董事会第三十五次会议决议公告,0
破10了破了破了破的好 继续破哈哈,-1
借利空打压了近4年，弹簧被压到极限！弹起来会怎样？,1
交通银行融资融券信息(6/8),0
拿好，一周之内有惊喜,1
招伤银行=11.44元！！,0
中信银行是个好银行，大家快买啊,1
关注江苏租赁两个后上市,0
这个图你们看不懂吗[想一下],0
今天涨停,1
招行做头了，明天就是大趺的开始，大家一定要小心，记住了风险两个字，风险来了。,-1
人气爆棚！人气爆棚！人气爆棚！,1
西部为甚现在不会一撮而就，是因为2次的停牌影响了均线，地心引力由不得西部短期内大,0
这分红一样的情况下，真应该买港股！估计外资进国内如果买进银行股，那肯定也第一就是,0
操纵民生银行违规的迟早老天会收拾你的,-1
再坚持坚持吧,1
社融超预期了.明天三个点吧？这几天都白跌了,1
民生好，好民生，坐等跌。,-1
兴业银行  散户打败机构的典范,1
我靠( ‵o′)凸农行10万手买,0
为什么有人看不懂股市？,0
我炒了12年股，从来没有见过港股这么跌。现在已经不能用常理来看待了，真的是太惨了,-1
跌得多，涨得少！还是不被市场认可，资金放里面都不放心；还是坚决销户了吧！,-1
平安银行:2015年度业绩预告,0
欢迎砸坑，最好狠点砸。,-1
H股金针探底，应该是跌到头了，有可能经过一段时间，还会碰这个底，但底部区域100,0
什么利空今天银行股大跌,-1
中国的土地资源正在快速消失,-1
银行2021年净利润现30%增速！为近年罕见！什么原因？2022年能持续吗？,1
坚定持有下个月分红[大笑],1
难道银行的净资产是假的吗？,-1
技术上，均线走平了,0
此时不买银行股，爱人会打你屁股。此时不买银行股，可能要受一点苦。,0
所有的低价银行股都在上涨，就只有你这种垃圾在下跌两分，像你这种垃圾股票早就应该退市了,-1
逆！！！,0
九牧王每年分红率100%，股息率在百分之七八，股价一直不涨，甚至贴权下跌，怎么看,0
整之后随时可望向上突破,1
成长性无忧，重点把握小银行重估机会,1
也算是加倉時機,1
建议关闭中证500股指期货,0
现在还买的你家开银行吗？,0
持股不满一年红利税费不一样，而社保是否免税？买1一n档，卖1至n档，几千万股摆在那，普通人摸不着也看不见,0
我正式+保证+承诺明天100%中国医药涨停。请大家再相信一次。 王海 2016年,1
新入市资金是不可能去接高位赛道股的盘的,0
$招商银行(SH600036)$港资没走多少，内资就它给割了。内资一走寸草不生。,-1
安邦的持股成本也就这价,0
时代终结的开端,-1
10.1开始加入sdr特别提款权，加入msci明晟指数,0
有多少是从茅台出来的避险资金。。。。。[牛],0
20天内三级跳！这座城市多家银行房贷利率上调 传递什么信号？,0
换跌百分之九十的360.换上市连跌四年，再近连续融券砸盘做空第35个交易日浙商银行,-1
一带一路最大的受益银行——龙头！！！,1
谢谢平银主力，昨天清仓了，留下的兄弟发财,0
又发债,-1
$兴业银行(SH601166)$十年前九块多拿的，一次十转八，一次十转五，分红高,1
无耻,-1
种种迹象表明接下来将有大动作 需要小心了！,0
华夏银行：第五届监事会第十五次会议决议公告,0
主板与创业板走势已出现分化，机构可能在深港通开通前调仓，深港通开通创业板很危险了,-1
T+O交易制度真是好！一天交易100笔都不设限啊,1
工商银行：融资余额28.23亿元，创近一年新低（10-12）,-1
真是想骂，这些管理层都是干啥的，丢人不？还有脸天天吹，赶快辞职吧，别占着毛子不拉,-1
如果把下跌看成是主力恶意打压，那你就是骗人，骗己，很危险的，基金，和中，大户的退出,-1
稳准狠！,0
他还说等他们小股东急死也好.让他们知道炒垃圾股的下场是怎样的,-1
五天涨不够一天跌,-1
反正16.55买的 来个跌停也好，你增发价也比我低不了多少。 不行你破增。,0
快护盘啊,0
今天要看容九数人民币了,0
今天行情这是套人,-1
13年炒创业板，14年炒中小板，重点关注底部个股、特斯拉上游供应商002355兴民钢圈利空,-1
真是恶心至极,-1
14块的平安我珍惜了，，，，,1
论融资买股,0
天天跌幅领先，一定有妖。,-1
祝连续高现金分红的公司领导们身体健康 万事如意…,1
中信银行：融资净偿还126.09万元，融资余额7.3亿元（12-02）,0
民生银行真的有这么差吗？我最近刚补办了一张民生银行的借记卡，看看理财产品都还不错,0
倒数第一太好啦,0
今天没看盘，怎么跌的这么厉害？早知道加点仓了。,-1
兄弟们，明天大家不要急得踩踏，大家要让股价上去在卖，不然容易践踏就不好了，股价下跌,0
鲁抗医药回光返照。,0
转发,0
终于涨了点,1
四大行股价与美银一比肯定耍发生什么大事了,0
任何文章有关深港通的文章一个字都没提到平安银行！,-1
中信期货可怜之人，必有可恨之处,-1
但是，建行会跌到5元4元3元吗？我不知道。但我知道建行一定会涨到7—8元9—11元,1
连续5天跌了，估计还会跌一周,-1
大家一起清仓民生银行！,-1
快进快出才是王道！,1
现在谈中国房地产泡沫破裂，实属已人忧！,-1
银行跌多少，空头说了算，我只是喜欢凑热闹。本来持有银行自己来唱空，就不劳骗子们咋呼,0
持股时间有比我长的吗？,0
牛逼哄哄,1
转发,0
『兴业银行五大线上品牌已焕新发布』「客户-业务-效益」是银行的基本经营逻辑，良好的客户体验是银行竞争的核心,1
悯惜：事实上，戏里的丫鬟金锁，也会成为范爷,0
宁波银行回到了2月10号的开盘价,0
破6.4加仓,1
纳指，道指都在创新高，看看我们的A股,-1
$平安银行(SZ000001)$追涨了,0
业绩这么好啊！现在银行都两位数增长了！不得了，今天买了两万明天有没有红包？,1
快砸要跌停,-1
乖乖，终于等到你大涨了，开心,1
你们真的倒霉了，我制造的模型本来自己每天两融套利的，但是被几个大的券商朋友，去推广了,0
假巴菲特那么喜欢显摆自己，实际就是白痴。另外，在下降通道中鼓动别人买股票，人品坏到极点,-1
19.80成交单！哈哈哈28号跌停板！,-1
地板是托，大家千万不要上当，追溯华夏几年前就知道了,-1
小宁超过了小招！,1
今天必涨停，立贴为证 如果不涨停，甘愿受罚吃大米饭三碗！,1
看了一下所有的股票，除新上市股票，除没有解禁的新股，市场上100%股票股东都有减持,-1
有站岗了啥时候才能解套？,-1
三爷来谈谈民生银行为何银行股最惨。,-1
卖飞了,-1
$交通银行(SH601328)$目标6元。,0
关注主力会不会提前出逃！ 2000元美元产品，要提高百分之二十五的税，9月5日是,0
领会国务院坚决淘汰传统行业和落后产能伟大战略意图，散户小伙伴们一起跟着国家超级机,1
2013年10月23曰，平安银行怎么走的？！[微笑],0
民生银行：关于获准吸收新加坡亚洲金融控股私人有限公司投资入股的公告,1
前天又白涨了,-1
浦发创新底？专家称：它还有1倍涨幅，风险依然很大,0
交行又到加仓时,1
我持有兴业5年了，怎样投反对票？,-1
莫得搞头！涨不高呀！,-1
民生银行里面的主力机构完全隔离了其它同行。早盘它一股独红，无人捧场！,-1
这都已经没有路子了，拉他！！！,0
工行搞不动了，换建行了，买买买，只要股指期货恢复就能让这些资金有逃出的机会，做空股指，卖银行,1
手机挖矿如何一天挖到一枚比特币 看懂这篇文章就能懂了,0
真心希望兴业银行退市,-1
这大单看着刺激，果然到550了...加油st工行,1
这个垃圾1手一手的,-1
外资在抄底大蓝筹银行！,1
招行你知道我们的钱来之不易吗？那都是我们卖命工作省吃俭用的血汗钱呀，你怎么忍心呢,-1
"只能高抛低吸了,哪有解套万几亿的势力呀,全球难找,逢高快(关健辙吧,善载南阿么坨佛",0
宁波银行：投资净收益拉动利润增长，资产质量持续优化,1
浦发银行多漂亮的大顶,-1
可以少发点工资，搞个员工激励了。都跌成啥鬼样了，等着反转好进入的。一直跌也不敢进,0
跪的久了，就站不起来了。,-1
现在这个价还能买吗 明天会不会跌？,0
房地产都放开限购了，银行应该有利才对,1
看到7元,0
已经全仓，坐等分红。,1
真很无耻，硬要说自己为市场经济,-1
民生银行融资融券信息(1/21),0
明天拉1个点[大笑],1
601169，进入随波逐流的状态,0
买一和卖一差几分钱，明显诱多,-1
银行房地产赚够钱，却把留给了实体经济,-1
$民生银行(SH600016)$民生只需要看全国有多少地产商是民生做的开发贷的，,0
四大行究竟选哪一只做长期价值投资呢？本人非常纠结。谢谢前辈的指导！,0
$平安银行(SZ000001)$看看今天能不能涨来个中大阳线，就能解套了。加油,1
今天跌2个点明天在跌2个点,-1
招商银行一季度净利润172亿 同比增长15%,1
调仓换股到军工600879，大盘走好了银行股会补跌的,0
这货长得贼慢，跌的特快,-1
华夏银行本周融资净偿还1152.29万元，居银行板块第十三,-1
净资产比股价高，每年分红比银行利息高,1
自从买了平安，这个夏天，凉快多了,1
$平安银行(SZ000001)$跳空，还得跌，11块就买入,-1
一季报公布会不会涨停，我得提前埋伏[大笑][大笑],1
本月战胜了89%股民工行不涨也不耽误赚钱好好好！,1
央行17日公布，中资全国性四家大型银行(工行、建行、农行、中行)6月底人民币贷款,0
上证调整到位,0
现在银行属农业银行最好 因为农业银行被河北信盈资产管理股份有限公司收购啦,1
黑吃黑内讧！鱼死网破，下周妖股们惨了！私募大V称还要捅18家,-1
工商银行垃圾，销卡还要收10块钱手续费，其他银行都没这个费用,-1
那个说防止暴涨暴跌的，出来吭个声！,0
涨停？,0
诱多特征明显，成交明细中一看就明白,-1
目前A股市场正处于底部区域，未来更多的机会将出现在估值合理、成长性较高的新兴行业。,1
明天五一九行情启动，大盘都要涨停,1
热烈祝贺新华保险H股破发-8.07％,-1
招商银行这个9900多亿，H股1万多亿，那么厉害？？,0
区块链应用再落地 京东金融保理ABS资产首次上链,1
终于回了点血了，今天尾盘还是比较弱，明天估计又是一波回踩，什么时候能好好的来一根,-1
骗子一来量就没了？,-1
宇宙第一行,0
九阳真经这次还会有,0
失望,-1
泛海！泛海！还钱！还钱！,-1
次新股涨得非常漂亮。建行已经有心无力了，再涨只会把自己带沟里去。市场参与资金虽然,0
完蛋了，今天不该追进来的，明天肯定又是一个低开低走！[想一下],-1
北银股价不高，继续买入。等分红。,1
虽然我买了2万股，但是我还是希望他继续跌。因为我还有子弹没打进去了。不给机会的话,-1
民生安全性太差，吸收存款2.8万亿，对外贷款2.8万亿，违反贷款不得超出存款75,-1
下午创新低，不然对不上垃圾中的战斗机,-1
要准确理解银行的拨备--略谈银行财务知识：,0
几十万成瀑布，这月工资进入赚了30元，有肉吃了。,1
死庄,-1
坚决反对银行股上涨，只准创业板、中小板股大涨！,-1
股评就是说书，听听，得了。,0
加仓,1
第1看,0
"有色板块大涨,机构推荐买入,铜陵有色 000630，交易非常活跃",1
银行一日游成为规律有钱也不会追!谁追套谁是必然,-1
生命是有人坑，现在就该有一报，出让股份给N国,0
平安空头最近融券卖的挺欢啊？下周当心,-1
地方融资平台的坏账风险和影子银行风险不容忽视，是超级机构做空银行股的主要直接原因,-1
囯务院定调让银行让利1.5万亿利润。但是，国务院也要加强力度查处谁在银行股股价上,0
"狂拉,狂拉!咯咯咯!剧毒哈药连续狂涨!三精造假创造几翻暴利机会最后的疯狂!哈药死挺意",-1
小散，你涨啊，狗庄，你卖啊，小散，你涨我就卖，狗庄你敢卖我就敢涨，小散，你涨了我,0
净资产4.42元，再怎么垃圾也应该上到净资产上面吧？,1
两点半，转折点,0
华夏银行融资融券信息(8/21),0
银行保险业绩年年增加，股价待遇却亏损股的待遇都赶不上！,-1
跑了，祝留下各位发财,-1
什么情况，新人求解释！,0
在中国，银行到底是个什么行业？公益行业？怪不得折价这么多，2020年，总算弄明白,0
兴业是不是放假了？,0
A股有意思！招商比兴业多4千亿市值，历史上从来没有过！,1
明天你能顶住吗？,0
食之无味，弃之可惜！,-1
《24个跌停》第17个0.19元。,-1
MSCI史上最大扩容下周生效，2200亿资金增量来袭，你的投资准备好了么?,1
半年报前目标价23[胜利]你不信我信[拜神]我猜,0
$兴业银行(SH601166)$这是肿么了[口罩],0
601998:中信银行2015年年度业绩发布会会议纪要,0
个人怀疑一直有险资在低吸北京银行，只低吸，不拉高,-1
外资，披着马甲的国家队而已.忽悠谁啊,-1
*ST博元将于28日起退市 料成重大违法退市第一案,-1
平安银行，上海宝山区4月20日开始全面解封。4月23日将全线解封了。别担心五一的,1
看来8还是争夺战啊，那我按兵不动,0
从价值角度讲，海康威视和大华股份股价比银行股还便宜。可以预见未来几年，银行业,1
感谢2018年 炒股持股仅一个多月的效益超过别人去年！,1
如今持有四大银行股就是在享受价值投资的乐趣,1
我喜欢这磨人的小妖精,1
5分钟macd不钝化不卖，很简单的防止卖飞的方法,1
"重新确认上市地,蓝筹股的春天到了?",1
兴业银行09月25日资金揭秘,0
民生银行最大的看点在于谁接盘大股东安邦保险,0
真是个死股，涨不动，鸡肋行情!,-1
据说 民生银行要突破年线了,1
概念追踪 | 四大行下调存款利率 息差收窄压力缓解 银行股投资机会来临(附概念股),1
$兴业银行(SH601166)$18.5左右使劲闭眼加，22左右，该清就清，兴业,0
下个月虽然是科技行情，不过我相信你休息休息还会起来的[大笑],1
时光银行，不负容颜!,1
最毒平安银行,-1
$南京银行(SH601009)$真牛,1
这个主力钱太多,0
招商银行(600036)大宗交易数据一览(07-31),0
日本要求中国撤除东海油气田开采设施,0
卖出尽管卖，空间不大了，自然有人买！,1
接着砸我也跟着进点。。。快呀。。,0
真是作死,-1
【收市点评】上证指数止步三连跌，创业板指涨0.77%,1
万亿市值跌的不到7000亿了，厉害了小招,-1
比招商银行差8块钱一股，真的差的出来啊！不好意思说自己买了兴业银行！,0
平安你怎么可一点都不平安了呀,-1
600036 招商银行：,0
经济复苏，工业复苏，首选利好工商银行,1
每次买这个垃圾都亏钱，下次改买其他的。,-1
***1分钟内清仓的中小散户都是股神，尾盘肯定暴跌收阴线无疑啦无疑了啊呀,-1
58的本啊,0
地方监管趋严，助贷走入绝路,-1
各路资金听清楚，都炒大盘银行股，以炒平安行为主，不听指示的，张家行就是你们的下场。,-1
“抄底”阴跌银行股的是最天真无知的韭菜,-1
站稳半年线呀！,0
兴源环境300266开启拉升模式 浙江余杭转型升级产业投资有限公司对公司控股股东,1
支盘走人,-1
4块的股价，买年赚1块多，还有人卖，韭菜真多,-1
今天一看吓一跳，这个银行太不要脸了，退市吧。,-1
谁又在尾盘搞一下？,0
国际原油来回巨震 空单多单自如转换！,0
$宁波银行(SZ002142)$宁波银行前几年是龙头，现在有点变为垃圾味道，为什,-1
争点气好吗,0
电脑复制粘贴快捷键,0
炸盘？,0
华夏银行融资融券信息(3/13),0
交通银行也是市值管理杀猪盘……周线这个造型，和那个家居在时间和空间上有什么区别？,-1
大盘反弹它不动，大盘回调它跌得比谁都欢，走了走了,-1
厉害,1
要做股东了,1
外面腥风血雨，这里波澜不惊，[大笑][大笑][大笑],0
只要上海第一个半小时成交量超过1500亿或者第一个小时成交量超过2500亿，大胆,1
今日收盘价，将是暴炸性的，可怕。,-1
5.34出的欢,1
位置越高的持仓比例越多，难道这个ETF是为了接盘？,-1
招商银行本周融资净买入2.99亿元，两市排名第六,1
想不到实战箱体如此仇恨我,-1
垃圾,-1
当我们感觉到底的时候，还有更下面的低。就像中石油一样，你永远在半山腰上。,-1
601169:北京银行2017年非公开发行普通股募集资金存放与实际使用情况专项报告,0
受加息影响，美国股指呈现加速破位势头,-1
宇宙银行都张3%了,1
卖了又买:他,0
今天最怂的银行股！,-1
一颗南京高科老鼠屎，坏了南京银行一锅汤,-1
mlb，昨天卖了。,-1
韭菜们终于进来了,1
银行股应该是调整到位了,1
狠狠跌下来套死郭嘉队，咱们再抄底,-1
早上卖了，去买了海螺水泥[赚大了],1
北向资金持股新高，未来估计会买爆北京银行，内资不识货,1
华科大质子重离子设备研发制造项目签约 9个重大项目集中签约落户武汉临空港 发布时,1
下来就买买，怕啥，可以继续下来[大笑],1
交通银行股票不上十块我绝撒手，对此我有信心，大家赞同吗？$交通银行(601328,1
建设银行：融资净买入1204.18万元，融资余额18.33亿元（01-25）,1
昨天是谁说今天复牌来着？站出来！。,-1
A股对外放开，私募机构转换思路布局金融，迎接全球资本推动的长牛,1
风里雨里29等你,0
1000万元大秦 年分红63万，还想天上月亮吗？,-1
只买大盘蓝筹的原因,0
$平安银行(SZ000001)$15.17减一万股14.97接回一万股，还可以,1
6.3拿你哦！分红骗人己让人失望，幸亏早盘卖了！不然亏大了！,-1
这么大的利空不跌对不起领导，加油啊[微笑],0
$招商银行(SH600036)$泡沫太严重了,-1
突然一下热闹起来,0
又白玩一天…,-1
@中国银行资讯：中国银行融资融券信息(7/1),0
没得几个卵子钱，天天叫卖,-1
主力在疯狂吃货，还有人卖[微笑],1
这个股只有等牛市了，疫情过后见真情。,0
巴菲特清仓沃尔玛重仓银行股,0
深发展Ａ融资融券信息(4/16),0
买银行也能亏炸天,-1
老美好像觉得世上只有他勇敢---我   呸！,-1
三兄弟快出来分析一下，现在又涨了，什么行情，应该出部赶机出货不？,0
300亿建行住房租赁基金落地 助力探索房地产发展新模式,1
今天的任务还是加仓，价格4.30。,1
限制搞棚户区改造，开发商就不赚钱，银行就银行就不赚钱。,-1
下周一买回来，期待平银三季报！,1
这个时候抛出不明智吧,-1
4.44那一天到来啊,0
大小非压力，跌是最好的途径，1%以后没人炒了,-1
您好！本行每股经营性现金流为一6.48元，是否有风险？,0
股民7年亏500万退市解脱 现身说法股市水太深,-1
准备在三0五价及以下慢慢买入中行，我喜欢更低价的优质资产，所以，没有被套的恐惧，,1
民生银行：关于获得香港金管局银行牌照的公告,1
垃圾,-1
一阴一阳……走向天堂,0
今天爆涨一分钱！诱多？,-1
要升了,1
这里得散户也是垃圾不涨就骂，天天喊价值投资，红一点踢得比谁都快，没资金入驻的情况,-1
这样下去发生股灾是必须的 资金可以短时间维持市梦率，长期来看必将回归。大家都心照,-1
转赠股呢怎么没显示？,0
年报暨一季报点评：定增落地资本解渴，不良可控关注负债端结构压力,1
追高,0
太垃圾了，这股从未大涨过,-1
又丛下来了,-1
"优先股派4.2,普通股也得派个0.4先!",1
股票己打到净资产了，还不让弟兄们喝口水。,-1
一张蓝图绘到底，以强大的战略执行赢得战略主动,1
无股可买了，只有买民生了,0
核心一级资本充足率到8%就达标，建行却要搞到13%,0
响力注册时长1年 今天 21:31 东方财富Android版 中信证券不要一错再,-1
这股下午基本不干事,-1
今天银行大涨[微笑],1
放心吧，不会再给你抄12的机会了，安心持股，跌了就补,1
每股8.23元内部发行 高于市场价,0
今天买入1万股，有没有汤喝,0
北京银行进一步夯实全面风险管理体系，完善风险防控策略,1
一把直尺打天下/招商银行 600036,0
兴业银行：融资净买入3145.1万元，融资余额113.03亿元（05-18）,1
管理层脸都不要了，还有脸拿那么高的薪水[滴汗],-1
今年大盘跟去年差不多！,0
中国银行融资融券信息(4/11),0
我们还研究基本面，假巴菲特只剩攻击。我不爱搭理它，它整天象苍蝇一样嗡嗡转，真是讨,-1
这股太弱了，,-1
大家好？有谁知道600808.是制造火车轮的吗.火车軸是大涨.,0
这好那好，就tm股价不好,-1
公司很好，股票也不会差,1
农行行长抓走了，中行领导怎么想？,0
江苏银行(600919)董事长先生：国外的银行股PE一般在15—20倍，PB在1,0
金钱桔,0
股价竟然比净资产少，这要是退市还能大赚一笔,-1
跑吧进来也没用,-1
今天兴业的表现只能用三个字形容：不要脸！,-1
跳水～！,-1
就想问一问是什么原因让那些人抛售,0
兴业转债来了，已退市银行股可转债数据统计！台 21 转债12月29日申购,0
这就是初心吗？我怎么看都不像啊,-1
5.56会不会站岗啊,0
银行要去补缺口。,0
尾盘跌停  跌停   跌停啦,-1
真是港韭低卖高买,-1
浦发银行2020年第4季度每股利润0.43元，比19年0.33元，增长30%。2,1
主力进1.6亿，股价涨1分！,0
懂的人看像不像,0
北上资金昨日净买入8.94亿 增持招商银行减持五粮液(附净买入净卖出金额前10个股),0
无语，就没见涨过,-1
哎……,-1
什么北上广房价还没有见顶呀！看看你的军力！简直就是个笑话！,-1
金路辉煌  3.1 日间现价喊单,0
无语,-1
数字化先行，北京银行创新纾困科创企业,1
招行：开放核心资源拥抱互联网金融,1
真是服了这么多人不停的122亿，我在财务干了多年告诉你们资金归集的任何材料我都能,0
降准传闻搅动 A股从百点长阳到翻绿仅45分钟,0
券商洪荒之力大爆发!广发证券冲击涨停!粤港澳大,1
[图片],0
真巴菲特88岁了，快死了，别指望他，谁都不可能抗拒自然规律,-1
中信银行：连续3日融资净买入累计2198.87万元（10-26）,1
中国银行(601988)大宗交易数据一览(03-10),0
主力准备提前发力跑路啊，好样的,-1
前几年国外绝大多数股市涨得欢，中国股市跌跌不休；最近世界上的股市跌跌不休，中国股,0
调整接近尾声，政策刺激阶段性结构行情，区块链概念股暴涨迎风口,1
招行2020年净利润增速为4.82%,0
套现这一制度漏洞之前我不看好这个,-1
与你一起仰望3000，缘分啊。10.51,1
中国人就值这个价,-1
中信银行的浮筹应该很少了,0
兴业银行第一季度0.78，浦发业绩0.75,0
$兴业银行(SH601166)$年报还是不错的，20以下的价格不贵，今年稳增长，,1
哈哈，招行不绿已经不习惯了，入股招行，如驻庙宇，善哉善哉。,0
民生银行控股公司民生加银多只纯债基金可能重仓地产公司美元债，暴雷！,-1
银行股的大牛市要来了！冲吧！6000点不是梦！是中国梦！,1
中国股市的奇葩600969郴电能长期盈利的区域垄断小盘股居然破净,-1
把东方财富卖飞的一半买了你,0
这在玩什么……,0
分红3。15。合理股价6。3元。现在股票是低估。大家惜售。,1
分析师：现在似乎是一个特别适合抛售推特的时机,-1
华夏银行是蚂蚁集团的战略合作伙伴，是蚂蚁的战略投资者之一,1
深市最新个股简评（周三（11.5）可参考）,0
有点耻辱，昨天强拉3，今天还3，但是不会卖的，等待分红填权吧,-1
123，加油,1
$建设银行(SH601939)$不割不涨,-1
招商银行：自11月28日起暂停记账式贵金属、个人贵金属代理延期交易,0
今天任务完成，挂单闪人！,0
炒个工行，能亏六个点！真醉了！,-1
3600拿不下？！  没有当大哥的样子,-1
华夏银行09月19日资金揭秘,0
转债能不破发就是大利好。今天那个上的债101,1
600789鲁抗医药，横盘调整，清洗不坚定的，看谁。,0
南京银行融资融券信息(4/23),0
楼市泡沫，会不会拖累银行呢？请专家回答。,-1
再使把劲就要绿了，别给大家留下遗憾，孙子呀,0
机构清一色做空，才是下跌的罪魁祸首,-1
转发,0
锅盖顶走式下午收阴，虽然小賺，还是打算出来等等,0
A股被正式纳入MSCI指数,1
5.86露头就打！哈哈这垃圾！压死这垃圾,-1
今天高管10.55增持失败，庄家够狠，既然不看好，为什么就不能把筹码卖给高管呢？,-1
兴业银行突然大涨?为什么不可以？,1
最新快递：今日上证综指全A和创业板下跌家数双创史上新高,-1
妖孽砸盘，愈低愈好，机会难得。,1
傻子都会知道今天7.91元收盘涨停。,1
这是下山借粮,0
风里雨里，5元以下等你，不见不散,-1
欢迎各种黑银行股 各种技术 财务 政策 黑银行 我满仓当丁子户，准备跌6块。,-1
$中国银行(SH601988)$都是我的我要买一千个亿，不要跟我抢！！！分红就可,1
今天到4.98又加仓了，不知是对是错时间会证明一切的,0
零伽壹浅谈：区块链技术在审计工作的应用,0
北银马上要被立案调查了,-1
今天必须翻红。,1
股市唱多唱空都有，可别走错方向哦。,0
宁波银行：融资净买入740.41万元，融资余额8.11亿元（04-13）,0
涨不动了 今天高开低走 下午可能暴跌 但是长期看好,-1
每天多一声正能量，多一手挂单，我们就能多一个板！天上不会掉免费的午餐，要想收益高,1
股市真的是国民经济的晴雨表，现在我全信了，你信了吗?,1
次标 底部股 今日正是抄底时,1
不高，最高还9元,0
因此判断市场是强势还是弱势是做股票最关键的因素,0
今天跟定你了f,0
还有人敢买北银！？,-1
《26只银行股怎么选？不如买银行ETF！》,1
跌最多的是你，涨最少的是你，你怎么不上天呢,-1
浦发银行主力关键风向！错过后悔！,-1
揭秘美股牛市背后最大玩家 A股能否复制 大消费概念即将必涨,1
大盘不好一定会拉银行,0
$华夏银行(SH600015)$卖了吧就是200股没够半瓶茅台酒,-1
000828东莞控股,0
招商银行10月8日发布公告称，根据 《商业银行理财业务监督管理办法》规定，计划自,0
分红到账了,1
又萎了！,-1
25的本，有同志吗？[微笑][微笑],0
明天下班就能看到社保到底减没减了，我先来猜下，最多减持10亿不能再多了,0
空头力歇了吧，合力抢货反弹！！,1
呵呵应该跌停,-1
平安银行，带领大盘走向死亡,-1
今年收5块4毛1，今年收5、41元”今年收五块四毛1”,0
支持明灯骨骨老师！下周内来一个深跌，就想看看浮虚的人还在自慰狂欢不？哈哈。,-1
建设银行12月11日获沪股通加仓312.37万股,1
各位兄弟姐妹们，我赚了1200清仓了，想着下午在T回来，没干回来，最近港资属于最,1
赞 2阅读 112举报本贴分级基金密集布局作为A股市场罕有的估值洼地，银行股,0
宁波银行会上20？,0
大盘又涨两次了，这货……呵呵呵呵呵呵,-1
[晕][晕][晕],0
坐等年终业绩及分红方案出炉！,1
此时此价只有越跌越买，实在不行就做长期股东拿分红了！4.60元把所剩子弹全部向你,1
我是在想，这次大金融板块会不会逆势上涨？,0
请问这支股票的庄家是不是巳死,-1
关于收到案件受理通知书的公告,0
这狗银行，成天吹业绩好有屁用，股价天天跌，举报这个垃圾银行造业绩,-1
感觉有人要杀庄,-1
差不多9连阳，不怕死的轻仓快进快出，[憨笑]胆小怕死的买个一手博博彩头[想一下],1
小盘绩优股估值在下降，银行保险还谈什么价值投资,-1
终于明白国外为什么机构多而散户少了，因为散户太弱了，纯大多数缺乏专业的分析能力与,0
升没有份。跌一马当先。北京银行真行,-1
大宗交易日期2016-12-20	600015	成交价格10.49成交数量1000成交金额10490,0
阴跌开始，大盘是否熊了？,-1
直接给我个最低价ok？我补仓目标10点分红股价跌就是给长线股东送钱,0
核酸检测做了吗,0
17元已经破不了了，年化跌幅超过民生银行列银行股倒数第一,-1
大奇迹日,1
效率与成本,0
601988:中国银行:中信证券股份有限公司和中银国际证券有限责任公司关于中国银行股份有,0
从5月23到6月1号，退出工行的资金约90亿共16亿股，占全部流通盘12%左右，,0
兴业银行涨幅小，股息率在银行业位居前列，大家计算一下,1
现在的科大智能300222就是将来的苹果和腾讯！机,1
招商银行盘前回顾(01-29),0
空头一时搅不了大局，创新高之后本周精彩仍将继续,1
用银行股护盘，说好听点是救市，说难听点是耍流氓。,-1
龙头今天可能涨停,1
这散户数量感觉拉不起来,-1
浦发银行价值13块,0
5178点后~中行股价没有再回到起动前的底部~就是步行在大牛市的起步階段~广大个,0
前海人寿表示不再增持格力电器股票,-1
东财已涨停，就看你了,0
发股猛如虎，再融资猛如虎，减持猛如虎,0
牛逼！！！尾盘重新站上10日线！！！明天兄弟们吃肉了！！！,1
从目前分析华夏5年不涨，是除前10大股东的其余18家小非在打架,0
帖子被删，再发一帖看能发成功？,0
无私无畏,1
今天停牌吗？为什么是0？？？,0
不谈股价只谈控股北京银行股权今后必有一争,0
熬小米粥,0
我又感觉到去年年底的爽快感觉了，大手笔，万手单子,1
上半年比光大高10%，现在却低20%，何解？,0
鸡店忽悠这么多年了！超级大垃圾，鸡店别的不会就是会亏损，把你亏滴精神失常为止,-1
早市：受公牛突破113元宁波板块三江购物高开5% 5天收获3涨停,1
不用脸的机构，压着割。,-1
浦发银行(600000)融资融券信息(09-14),0
使劲拉，看能不能把大盘拉动，顺便把其它股的货出了,0
砸盘大军,-1
明天清掉小股票，全仓回归中国银行,0
，前期的牛股，依然是那,0
你是银行中的孙子银行,-1
缺口回补了就离上涨不远了，大家别急。,1
银行股的黑马股！,1
“侨兴债”违约案余波未了  广发银行前高管被监管层追责 | 银行,-1
低价（石化油服600871）油改是否停牌资产注入？？？,0
永远看不到14元了,-1
全仓换进建设银行流通盘95亿，业绩好,1
看来这只股票没有人被套了，恭喜各位股东。,1
田换王，股价50多到30多,0
牛x吗，瞬间打压下来,-1
再跌两天可以买了,0
数据游戏 农 建 中 工真实可信 坚持价值取向不动摇！60,0
要崩盘啦!大家一起来:崩擦擦……………………………………崩擦擦………………………,-1
买入中信银行就是噩梦开始，两市三千多只股票这是阴跌王！,-1
此股已企稳，可以逢低买进,1
公司2015年亏损4.45亿元i,-1
反向指标,0
概念股机器人 双环传动 埃斯顿,0
于无声处听惊雷,0
南京银行(601009)融资融券信息(12-16),0
坚决满仓干,1
敢跌到17.8附近，考虑抢反弹,1
还有两家跌停没打开中信和民生,-1
今天4.11卖掉,0
机构砸权重股引股市爆跌 就是要你们交出优质的筹码,-1
$南京银行(SH601009)$不要脸啊，不停地砸,-1
工行比招商强多了,1
停牌了，估计利好一个涨停,1
央行降准降息释放资金，好像和被量化基金模型绑架的中国银行没有任何关系。继续一分钱,-1
不看我劝告，亏死活该,-1
山推股份2018年一季度海外订单大增，一带一路，雄安新区等区域工程预计推土机10,0
广州万隆指出,0
个个股神，都空观望，谁在股市,0
1月19号社保减持了,-1
终于有个板块涨幅第一，虽然只有二分钱！,1
色宝为什么这个时候大额减持交通银行？确实，是色宝自身资本运作的需要，但这种需要是,0
主力这点空间出了货,0
工商银行融资融券信息(3/21),0
唉，说银行股要大涨的人们，你们现在还好吗？,-1
一季度业绩只要增长百分之三十我是绝对不卖的,1
厉害啊，一天把一个星期涨的几分钱全跌回去了,-1
北上来就这个熊样，北上不来也是这个熊样，那么今天是谁在替北上资金买入？还是说北上,-1
周末大利空,-1
直接买茅，五，泸，白酒板块，不懂，小明可以教你们，哼,0
浦发银行11月29日被沪股通减持112.42万股,-1
要姓交，找交行,0
招商万岁,1
16.7铁底，北向砸不动了,1
难道有雷吗,-1
去年一年什么也没改变就是净资产暴增了6元,0
12.32补仓13000股，合计26000股，成本12.92元，11.50元会再,0
技术分析：京粮控股、中利集团、平安银行、拓新药业,0
"别卖,别给东方红赚钱,我在12.95这里等你筹码了.",0
从此不碰平安,-1
谁在操控市场呢？中证500期货狂跌8%，称不能开多单被限制,-1
银行5%的股息率，永远不上涨我更希望。我以吃股息养老为目标！,1
加仓,1
阿普已经丢了7年脸了，七年之痒也该结束的，好好涨，对得起上海人民，对得起股民。,1
走了，再见吧！,-1
民生银行(600016)融资融券信息(07-03),0
股市都治理不好，还能干嘛？,-1
不要指望兴业股价大涨，这是不可能的发生的事。跌幅榜常有名，上幅榜无份。黔驴技穷。,-1
交行会不会有什么利空，盘中抛重绵绵不尽,-1
四大行站上净资产,1
这股跌停比涨停容易的多啊,-1
又熔断了，哈哈,-1
妈的，宁波银行每天不搞两三毛钱的差价，不罢休,0
神秘的买家天天让浦发的股价穿上神秘的外套。,0
3月信贷社融超预期，中金：按揭仍有放松空间！策略首席看好这类风格,1
小招总是这样，遇到重要支撑就返出去，明儿接最好，就刚才那个砸法，恐慌，接的有点赌,0
白忙乎老大爷，别刷屏啦。放弃无谓的骂来骂去，毫无意义的抬杠吧。为大家干点正事，分,-1
17.68元到了，准备加仓一万股,1
想买中行农行的早埋单,0
只持仓南行，静观奇变,0
50块钱的支撑不小哦，再破不下去就要反涨,1
形态走的很好，主力还是普通做法，没特殊做盘手法，还在掌握之中[呲牙],1
康得违法北银违规股民同是收害者，北银股价还在低部共同买共同发。,0
国家队为了护盘，先出货了！过几天他就回来了！,0
完了,-1
每股净资产九元，每股未分配利润四元，股价才四块九,0
融资满仓，坐以待涨。,1
银行股集体大跌！万亿招行一度重挫12%地产冲击传闻不断风险真有那么大？？,-1
即将迎来短线重要变盘窗口,0
今天入手的好时机,1
这次关注华夏银行的资金实力不俗,1
的要么,0
涨幅为104%,1
『山涧水华水』原来在兴业银行股吧早有交集，相逢是缘。[握手][握手],1
56一路下来的，还有谁[哭],-1
民生银行厦门村镇银行获准开业,1
绩优基金最新重仓股出炉！一季度火速增配“稳增长”，三大行业最受青睐,1
000153会重组吗？,0
再怎么吆喝，也没人来抬轿,-1
贱行何时能哀思踢呢,-1
工商银行03月27日获沪股通加仓24.27万股,1
差三分今天就买到了，,0
投资者信心已经崩溃,-1
炒股这些年最后大亏损在银行。败给了价值投资。,-1
别看这么多唱空，一个红盘，孙子们全都得买入,1
自从和康德新结下梁子后，股价是一路下滑。[呲牙][呲牙][呲牙],-1
露出本性了g庄要砸盘了,-1
很快机会揭晓招商和兴业股价十分应该有9元之大， 正常应该在3元左右。,0
新浪新闻,0
中信银行(601998)融资融券信息(12-02),0
只要砸下来就别想反弹一分钱,-1
10:00-11:00，精准控盘。筹码极度集中了,0
求教各位大神,0
开辟健康文旅产业蓝海 以资源整合助力行业发展,1
三季报解读：大成中证红利,0
买进涨停板,1
拉大盘跌个股的任务就交给四大护法了，给力。,0
别太多幻想，中信银行港股在牛市状态下也只有0.58PB，熊市就、、、、、0.3。,-1
招商已经废了各位各回各家各找各妈,-1
招商银行融资融券信息(3/13),0
今天使使劲，能过480吗？,0
你爹让你创宇宙新高都没有问题，有个好爹我们就是不一样！,1
良性循环，中小股赚了就买银行！,1
终于解套了，该清仓还是继续拿着？,0
明天低开就进来，今天犹豫了半天也没进来。,0
还钱,0
港股比A股涨的好,1
砸盘的大哥真狠,-1
建行和工行目前好像还是填权走势,0
"经济危机源于供大于求，如果钱供过于求,对银行会怎样，从哪方面看?",0
干出一百亿的成交量,1
还有飙涨空间。。。,1
刚才吃进一单中国银行，反正我是3.75抛的，该补回来了。达达尼亚我又冲进来了。,1
【主流ETF】A股规模最大银行ETF1.4最近4日资金连续净流入合计达2.78亿元，最新基金规模达100.45亿元！,1
破位再探490一线,-1
银行今年太难了，还能解套吗？,-1
银行利润是倍倍增的， 按份额利润返回分红是不要任何理由的，谁名词解释下什么叫银行,1
北上资金仓位太重了。,0
发财,1
指数收红，周一跌,-1
一天涨个一两个点就好，不要涨太厉害,0
行业观｜监管再度引导银行减费让利 国有六大行纷纷发公告响应,1
601998:中信银行股份有限公司关于可转债转股结果暨股份变动的公告,0
九阴还差两阴,-1
宇宙第一行又开始年底红包行情了,1
最近人工智能银行，不知道那个做的好，将来人工智能应该竞争优势,1
通要宣布了,0
同业占比提升，净息差下降,-1
啦啦啦啦啦啦，开盘看谁跑得快,0
//@A财富宝典 :继续加大马力买入[买入][买入][买入][买入][买入],1
估计出大问题了,-1
能否将同花顺提供的标准模板做成windows窗体式，可大、可小可关闭，或者提供用,0
银行股业绩基本没有增长就说明业绩下降即将开始，因为房地产彻底见顶。,-1
我割了，庄家你随意吧，波行和招行差距真的太大了,-1
到底了吗？请教各位大神,0
技术分析：理论上讲1800点都保不住，利空因素太多，下星期会更惨，加速赶底，不信勿喷,-1
众多雄安概念鱼目混珠，到头来只能是昙花一现，而她就在雄安那里摆着，想不受益都难，,0
股市即将大涨，黎明就在眼前！大便你还删这样有正能量的帖你就不是东西，呵呵,1
今天头半小时就是最高点。也许是头一分钟就是。,-1
大家猜猜交行中报每股收益0.5元？,0
只给懂的人,0
全仓杀入兴业银行股，捡钱时候到了，谢谢脱手的股民！半辈子投资经验总结。,1
《上汽》,0
主力指标连续二天底背离产生了519井喷行情！,1
$中信银行(SH601998)$加油，冲啊,1
最大原因就是万科了,0
天理不容啊,-1
按照港股这几天的跌幅，估计工行周四直接低开2个点了。,-1
大家都在抛售银行股爆炒神创板,-1
像北京银行这么恶心，银行股还有什么希望，想来一波，见鬼去吧,-1
银行股的股价没有到净资产之上不能分红,0
这玩意儿为神马一直硬邦邦滴！[吃瓜],0
1849点作为奶妈底，在今后相当长的时间里将有重要的标杆意义。,1
民生银行：连续4日融资净偿还累计6765万元（02-26）,-1
这个价位卖了就买不回来,-1
荣晟环保603165即将大涨！次新龙头高成长！荣晟环保即将井喷大涨！,1
睡不着了,-1
我被洗出去了,-1
可想而知京津冀大规化的起动北京行所占的成份确实太大，这一概念非他莫属。中线持有北,0
如何把握明年金融股投资机会？,0
601169:北京银行2019年年度报告摘要,0
请问在哪里讲座呢？,0
习惯性暴跌或将继续。,-1
这只股很明显。有操纵股价的嫌疑哈。,-1
致我持股不动,0
南京市建邺区水西门大街418号，南京三十万 先仙人指路！南京必须雄起！！！,1
基金的避风港，必大涨！,1
今天你的表现真不错~,1
本轮反弹高点3235点，按0.618分割位应该调整位在2000点,-1
【老银观市】“聪明钱”连续8天跑步进场，创年内最长净买入纪录！板块放量反弹持续,1
有资金在吸纳，本周收盘至少应突破4.15元。,1
2.88万亿资产的北京银行严重低估市值不足1000亿！！！,1
漂亮牛在为下一场牛市中这类股暴涨起示范作用,1
（10-12）中国银行连续三日收于年线之上,1
平安银行：连续4日融资净偿还累计1.12亿元（11-09）,-1
建设银行不涨 大盘就会跌 哈哈,1
太明显了，对倒打压！！可能是打压指数。举报看看，谁干的！,-1
宁波银行，上海贝岭-成长中集成电路龙头中线之王-宁波银行忠诚粉丝。600171,1
看看成都银行，你是凤尾啊,-1
只要我们小散户不听低价买入，高价做空的空狗必须天价买入。,1
呵呵， 股价又回来了。这是必然的结果,1
民生银行2018年归母净利润503亿，本次分红每股0.345元，按照总股本437,1
招商银行(600036)融资融券信息(11-11),0
$招商银行(SH600036)$什么时候分红？,0
涨起来阻力真大，银行股跌起来容易，涨起来要时间啊,-1
巴菲特敢于大手笔增持银行股，试问我们有什么不敢的？本人预测下周银行股将迎来反转，,1
$工商银行(SH601398)$怎么有人已经得到了分红？不是说七月份才会做账吗？,-1
平安已死万事大吉。23以上的一个月后再看吧,-1
这就是一个骗钱的股市，没赚钱效应，新股满天飞。,-1
下周一，新股资金回场，四中全会发布后续公告，政策依旧偏暖,1
银行股涨幅区间50%-200%，分红最高，业绩两市最好,1
十优缠论：工商银行（SH601398）缠论技术分析,0
这个垃圾股，怎么看怎么不对！！！,-1
指数红盘，趁机出货中，哈哈哈。观看表演。,0
$华夏银行(SH600015)$一个没有投资逻辑的市场，啥奇闻怪事情都有可能发生,-1
拉稀了吗是,-1
谁知道这是什么情况？它还带头跌了.！,-1
投资业务是关键变量,0
滑下银行！,-1
明天大跌，人民币快跌停了,-1
银行股这么热闹，咋没涨停的,0
明天吃肉,1
招商银行：给予大家人寿内保外贷专项额度6.66亿欧元,0
这家大幅扣留股东利润的公司走不远,-1
应该把这两年的高薪吐出来！,-1
预测兴业除息价多少钱,0
A股大盘围攻10倍市盈率的攻坚战已打响。,1
垃圾中的极品，专治不服,-1
割肉有人,-1
到银行贷款，买银行股票！,0
快建仓吧，大盘年前上3800，华夏银行8.5见,1
中期分红也提振不了股价，唯有清盘退市才能提振股价！以净资产价钱回馈投资者！,-1
平安银行召开几大公募私会挺不错的,1
6666,0
财经观察家 | 张刚：民生银行分红股民竟然倒贴钱！,-1
建行不错啊，持仓套了一个星期赚了60块，今天终于解套了！！！！,1
这么多抢着买，不怕卖不掉，尾盘翻红,1
南行，！！！！！！,0
这下跌速度也太慢了吧！白酒都站不起来了，还那么慢！,-1
昨天8.88买入今天9.03卖出，挣就挣一点其他的亏出翔,1
都说了28，你们非要抢，上辈子难道是饿死鬼,-1
清早，我站在青青的牧场。,0
南京银行辟谣“爆雷”传闻 经营管理稳健良好,1
北京银行确实垃圾,-1
ST,0
跌破净资产的个股揭竿而起,1
"狂拉,狂拉!咯咯咯!剧毒哈药连续狂涨!三精造假创造几翻暴利机会最后的疯狂!哈药死挺意",1
挣点菜钱尾盘买，明天开盘卖,1
这几天的中行其实没跌，只是在不停挖坑而已。,-1
春节前我说过无数次，银行会成为控制大盘健康的工具，不是大资金在银行里追求不到好收,0
妈的。以为能瞬间发射呢,-1
民生现在可以重仓吗？,0
原来工商银行也是安邦保险持有的标的！,0
建设银行推进“助保贷”业务助力小微企业发展,1
macd60分钟金叉，15分钟底背离且放量，买点到了,1
我换了大连港,0
明天必涨，今天4.29全仓买入，看看我的预估对不对[摊手],1
宁波银行02月11日资金揭秘,0
下周火速买入创业板！,1
为什么主力减仓这么多？平安银行要坏事了，涨不了了。,-1
失望,-1
你有你的茅台，我有我的建设银行，你与茅台酒厂卖烧酒，我与财政部开银行，我的合作伙,0
会有人花几百亿来拉个涨停么？,0
"习惯性路过。伏爪冷观鱼虾斗，藏威静待风云来。养韬晦,志勿埋,休教初心随鬓白。守得",0
哪有什么乌龙指！都是主力故意而为之，不是送礼就是制造恐慌～[大笑][大笑][大笑,-1
「天下没有不散的宴席」我们的一生，会遇见很多人，认识很多人，也远离很多人；每个人,0
巴菲特：华尔街靠的是不断的交易来赚钱，你靠的是不去做买进卖出而赚钱。这间屋子里的,0
兴业银行已累计捐资超过3300万,1
快跑，估计大跌开始了,-1
托管一年，至少半年后才轮到考虑民银股权转让问题，也就是八月中报出来后了……短期戏,0
商务部：中国经济韧性强潜力大 对外资吸引力只增不减,1
死垃圾,-1
昨天期指空头大举加仓！,-1
浦发银行：连续5日融资净买入累计2亿元（01-26）,1
"明天就看工商银行了,其他的不要指望了.",-1
招行的分红挺高呀，比一年定期的利息还高,1
浦发银行(600000)融资融券信息(10-19),0
我走错了！这不是北京银行吗？怎么变康得新吧啦！没事，我只是来看一下我的存款还在不,0
银行股抗跌了吗，，，呵呵,-1
这样搞，还怎么又信心呢？,-1
平安银行稳住，等待机会进入,1
出早了，14.6买，14.86出，不知道有没有机会14.6接回来，刚才买了欣旺达,0
北上资金还算讲点股德,1
见个红也好啊,1
超25元没有问题。,1
今日大盘将红盘报收！,1
看着这个高的发行价，头都是晕的。c,0
"平常心36发贴说山东出版值30元,现在7.6元",0
太垃圾了吧！每天阴跌。。。,-1
亏损股倒霉了,-1
知不知羞~(@^_^@)~,0
7月23号可以跑了有分红吗,0
爱拉[成交],0
万能的吧友，问一个申购新股的问题！,0
宁波银行05月13日资金揭秘,0
股神送福利：卖了银行买漳州发展000753，赚大钱的机会众人富！行情不等人,1
命苦啊！本以为跑进来避一下难，没想到弱得没救了，大盘涨，你像蜗牛，大盘跌，你像瀑,-1
明曰如能下跌我将坚定买入，增加市值申购江苏租赁中签加入数板队伍,1
证监会：禁止股指期货卖空！特大利好！,1
抛抛抛，高空抛物，上汽股息5%股价12.40元，好好好。,1
去年卖了中杭买的北杭，本来赚7个点变成亏15个点，，，,-1
茅台说你不在前边太寂寞了,0
农工行两股昨天已割肉了，在手上两个月没赚到却亏大了！从此不再买银行股，保险股，中,-1
节前要回笼资金，没办法，都要考核，股价肯定要跌不少,-1
我买了两只银行股，一个倒数第一，一个倒数第三，你们说我是不是很会选股票[宝宝委屈,-1
"优惠股肯定是能之辈.，无非是到市场讨点钱，说白了就.乞丐.，没什么本事，有实力""",-1
港股怎么除权了,0
每日一骂，你给招商提鞋，配不配,-1
自从炒股以来，很累，涨也累，跌也累,-1
601398:工商银行监事会决议公告(2021/08/28),0
你演戲吧,-1
砸盘的领头羊  操,-1
不看好的人赶紧融券做空！！！祝发财猫,-1
多处于历史较低位,0
纳闷了，兴业银行这么好的业绩，咋个大家就看不上,-1
每股有0.7毛的分红。我今天进了2000股。再掉再买。,1
这市场真,0
17。97元买了2万股！,1
老规矩大盘股必须携带,0
每天一支砸盘银行股,-1
作为宁波人很自豪地方银行股一哥NB很行！,1
拿三年了都还是亏的。,-1
建行：将进行系统升级 善融商务的正常访问会受到影响,0
今天第一个小时低开低走，预判000750将带领券商板块逆转大盘，盲目割肉不可取。,0
你继续涨上天老子就是不买！,-1
北京银行3块左右是归属,0
中信银行调出上证50是好事。,1
跌啊你个，看底下有多少抄底你的,-1
南京银行(601009)融资融券信息(07-15),0
这娃跟中石油同个爹生的，但是是后妈生的每次都是跟中石油后面涨得永远比石油少,-1
宁波银行融资融券信息(3/28),0
跟着市场感觉走！,0
任你随便调整，我就拿着等分红和打新股用。等明年有行情再做别的股票。今年已经赚够了,1
蓝筹股绝不会沦为黑5类,1
把中国股市搞成这个样你不伤心吗？,-1
倒霉，拿了这垃圾股多年，亏得剩裤衩了,-1
浦发的涨停意义非凡，很简单的道理，浦发筹码未增加，但浦发上的资金今日多了50多亿,1
平安银行经营稳定！[献花]业绩增长较好！[献花]16.9元[买入]入,1
今天开始有点味道了,0
祖国啊母亲！您在哪里？,0
呼唤万手砸单，呼唤万手砸单，风雨欲来！,-1
大举出货，崩盘,-1
买了民生银行，感觉生活好难，连续3天大跌，涨就1分一分的涨，好郁闷,-1
有大神分析一下吗，什么情况呀[胜利],0
绿帽子王,-1
地产的出清基本接近尾声，现在已经进入注资和重组阶段，未来也会通过抬升股价回报参与,1
节前最后一个交易日，一般都上涨,1
明天大涨，立贴为证，干就完了，奥利给[兴奋],1
放量下跌，不好啊,-1
孙俪说邓超没劲，什么意思？,0
"负利率10多年，剥削存户利息以万亿计,还债吧",-1
楼下的说分红0.3元，扣税0.46元，差价0.16元到哪里扣，会有这种事情吗？求,-1
今天涨这么多我也不敢卖，因为离成本还太远[哭][哭][哭],-1
尾市谁砸的，真粗森,-1
601998 : 中信银行关于控股股东增持本行股份的公告,0
交通银行净资产9.5元，现在股价5.1元，分红10股3.15元。分红回报达到了百,1
补缺吧,0
没啥说的，招行这个价位我满上了,1
工商银行融资融券信息(11/1),0
银行只有主张扩大形象有自身强大的表现……股价向上才能走强行业兴旺……！！！唱多吧,1
农行1万亿流通盘融券卖出2亿，交行0.17万亿流通盘被融券砸盘8亿，谁干的？为什,-1
司马昭之心,-1
别拉我，别拉我,-1
浦发银行03月14日资金揭秘,0
开盘成交仅仅174手,0
银行指数601166今天创出历史新高,1
$招商银行(SH600036)$下周一吃面？,0
这货硬不起来啊,-1
天天拉指数传递的信号是，指数可以一直跌，但最好不要超过一个点，否则影响柳市余的前途,-1
兴业银行一般上午拉，下午跌！不做差价真不为价值投资啊，不多搞些股份怎么和大股东去,0
开玩笑吧，中石油蹦一下，整个银行股都蹦一下，牛,0
上引线，下周必跌,-1
中装建设：5.25亿元入股昆仑健康保险 持股14.95%,0
调整一下比较好，还是有很多人割了蓝筹去创业板抢反弹。这个是正常的事,1
大家都看好浦发，为啥不涨呢,0
创新低我们准备好 为什么,0
抄股四年打了个平手，浪费许多精子。,-1
3阳后必定跌大阴线……套人了,-1
巳率先走出底部，拾级而上。,1
中小散户注意控制投资风险,1
抢权配债不香吗？？,1
不创新低坚决不买,0
工行在砸盘,-1
民生银行周末跌破8.5元，套牢一大堆，民生银行H股只有7.2元,-1
早盘快讯。,0
21金融研究：银行零售业务“大洗澡” 谁主江湖,0
$平安银行(SZ000001)$这股真恶毒，天天砸盘几时连跌,-1
跃亭都不买乐视股票，散户有什么理由买,-1
新手，买了几手兴业银行，看下周能不能涨啊，上次买的海控亏了一万,0
这走势怎能走出好趋势,-1
大盘又恐慌了,-1
兴业银行涉及济南惊曝票证伪造大案！！！！！！,-1
$民生银行(SH600016)$走了，一点点买菜钱,-1
明天能出得掉吗[拜神][拜神][拜神],0
南京银行在本轮行情中涨幅仅几个点而已，牛市来了，都会轮涨的，静待花开就行,1
今天昌九有可能连续涨停吗,1
怎么不干到跌停,-1
股价不上净资产就投反对票,-1
新年打新开门红,1
交通银行最少也得上5.3才跟其他人还成正比,0
万年不动的破玩意,-1
本以为8毛8收盘，想祝福庄家和散户，今天都发财，可是，这庄的格局太小啦，哪怕你8,-1
中国银行，作为跨境支付的龙头，就这表现？,-1
放眼A股市场，有投资价值的股票也就剩银行股了,1
大家记住，股评天天说是底，拿就一定不是底，,-1
银行股这种盈利能力，结合现在的估值，再上涨一倍都不是问题,1
银行地产股再度引爆行情！A股规模最大银行ETF续涨2.1%！民生策略牟一凌：乘胜追击！,1
今年的防守可圈可点，自满一会儿,0
股票是投机么买股票的人是赌么真的有能预测趋势的人么大家都是韭菜么机构都不做人么普,-1
墙倒丛人推，树倒糊孙散，小散力量大，浦发打趴下！,-1
今日早评,0
长征火箭海上发射成功促进商业航天发展，两支军民融合概念股受益,1
抛了中信，转战三一重工7.57,0
不长大，注定被欺负,-1
一个股民的成长与蜕变（二）,0
$南京银行(SH601009)$你们怕什么？早盘发三条都被屏蔽了！难道说真话影响,-1
反正挣几个钱被银行那些人以各种明目发了。股东分不到几个。这个世道，开公司不是为了,-1
节前加仓/节后加仓，一分为二！,0
同志们，最关键的一天来了！！！,1
一会保护，一会又维护投资者利益的，这家一天给你们忙乎的,-1
大下跌趋势,-1
建行等待突破，需要有耐心，修心勿燥！,1
这股票与银行三年定期一样,0
宁波银行(002142)融资融券信息(11-06),0
来客疯,-1
建设银行08月30日被沪股通减持902.16万股,-1
这几天都没有多少成交量,-1
银监会说出了实话，银行弱势完全不是子虚乌有,-1
这么玩下去感觉收盘的是要绿呀,-1
中行那期原油宝如果当初开空仓到期买入平仓后银行还要倒给钱你！,-1
你们不出去接盘垃圾股我就是不涨哈,-1
公司什么时候正式转型成功？房地产这方面会,0
江苏银行止跌形态，有子弹的可以参与反弹,1
你敢跌我就敢买,1
別的股票都漲，就你跌，真特麼破股！操,-1
壞賬多，有陰跌！走先才是,-1
603328:依顿电子2017年第一次临时股东大会决议,0
这不能不说是再融资新政的一大短板,0
真的辣鸡，港股涨这么多了，你还装屎,-1
银行股最抗跌！,1
招商银行的主要收入是掌上生活的零售和个人信用卡。我期待33元低吸机会，满仓满融干,1
朋友们，主力，北向都在跑，你说它能涨多高,-1
财务造假？,-1
钱被盗了丢了就丢了。但是窃贼还大言不惭的告诉你，没完，还要再给他三倍的钱，要不然,-1
爹走了，这狗股庄不是东西,-1
今天盘中，还能涨5个点,1
还记得我说的吗？吃肉的香不香[胜利],1
太不像话了！华夏基金什么时候了净值还没出来！！！,-1
【一把直尺打天下】招商银行,0
认真看了一下2017美国三次加息，银行股就起来了。就等加息，机构来这里避险，本来,1
历史上每次大牛市，上涨10倍以上的超级大牛股，,1
庄家要的就是这个效果，融券借势砸盘,-1
中国工商银行正能量！正义雄师！值得拥有！,1
只用9亿就能拉动千亿市值涨停！控盘多么，随心所欲！我就是看看，看看你把套给谁,1
人民声音立即停止发新股害人,-1
每年的利润70%用来分红，股价会怎么走？,1
银行不行了要死了,-1
盈利和估值双轮驱动 北上资金抢筹银行股,1
算了 今天又凉了,-1
骗吧,-1
测试你适合玩股票吗？,0
大威天龙,0
浦发超作策略,0
中签就赚几十上百万，太牛了,1
该股2013年8月16日出现了一模一样的现象。,0
我都说了大盘要红起来的！全线抛出银行！  买入中小创！！,-1
浦发7元是合理价位，但是目前情况看，合理价位为3-6元。。。浦发应该继续跌。。。,-1
601009:南京银行:《南京银行股份有限公司股东大会议事规则》修订对照表,0
改革开放四十年，中国股市原地踏步,-1
崩盘吧，主力在做高抛低吸，出货几天了，是时候了,-1
去年工行除权价5.67元，今年工行除权价5.47元，哦！,0
银行股持续低位运行 北上资金悄悄增持,0
今天后低于4.71加仓，高于5减仓。,0
千万不要买三季度业绩大幅下滑的股票：建行割韭菜开始！[大笑],-1
"把握未来的2百元牛股，赛为智能300044,深沪两市独一无二的无人机正宗龙头！",1
终于补跌了,-1
浦发贷给瑞幸6000万暴雷，看戏[胜利],-1
这个要摇到1季报后才明朗？,0
2015.01.02寻找2015年股市绝美之地（之二）—“白菜价”优质,1
精确：6.82-7.26元横盘整理,0
转发,0
投资是愉快的事情，今年可以。,1
大胆预测：今天尾盘大盘将跳水！,-1
前面拉的一个多点啊，我以为会大涨了，一开盘就砸盘，我心中的小火苗，你还是吧(,-1
超过摩根大通，成为全球市值最大银行,1
我挂573怎么成交价575，显示成本价574，怎么回事？,0
刚才中办要求全面支持民企融资，并补充银行资本金，冥生明天涨5%？,1
请问与百度合作有什么实质进展？？,0
***判断：今天尾盘肯定又是暴跌收大阴线了啦呀啊 尾盘又是暴跌收大阴线了 尾盘肯定又是暴跌收大阴线了啦呀啊 尾盘肯定又是暴跌收大阴线了呀,-1
大盘反弹这么多，这支股反了1块钱，多想换啊，还是要忍住，忧郁的日子将会过去,-1
调整是为了更好的向上拓展,1
今天4月20日3兄弟只选两个选择(坚信不疑加仓)(坚信不疑不赎回)理由很简单沪指,0
今天兴业招行将再创历史新高！,1
$招商银行(SH600036)$,0
能有效地识别主力建仓,1
压单的是绝户!!!咒,-1
为什么第一个重仓贵州茅台的王亚伟却割肉离场,-1
美股要逆天，加速慢涨再加速不断创纪录,1
滑下淫行永远是滑下，涨不起来的,-1
继续减持啊蛇宝...超级主力 你可以 一直装逼,-1
今天买八十手试试，不中吐了，中就含着。,0
平安银行：主力控股跌宕起伏，隐藏利好逐渐显现，散户定要抓住机会！,1
没有操作性，[吃瓜][围观],0
看看Y蓝鲲鹏大家就知道北银是如何把价值投资者洗脑进化成一个SB的！,-1
涨的时候跟不了   跌的时候一定跟跌    因为我们在出货,-1
南京银行融资融券信息(11-11),0
市值有点大了，干不过杭州银行了,-1
妈蛋，国家队又来银行股堵路，真是操蛋,-1
真就在乎这0.3％呗,0
这股市要玩呀，每天半死不活的,-1
我就不敢做t了，太吓人了,-1
板块倒数第一，第一真牛,1
不忽悠你买银行股，但绝对不能买中小创等垃圾股！这一点我继续提醒大家,0
浦发,0
601998:中信银行2019年度利润分配方案公告,0
平安银行欲打通“全产业链”,1
1月5日主力边拉边出货,-1
大家来猜猜今天的收盘价,0
获利盘丰盛.剩下的全是残羹剩炙.,-1
坚持34的招商银行是便宜的！,1
601328:交通银行董事会人事薪酬委员会工作规则,0
[图片],0
弱弱问一句，北银会不会因为康得新爆雷？哪位大神分析一下？或可否问下董秘？,0
头顶都乌云滚滚（连续那么多阴线），狂风暴雨就在眼前,-1
看看我的农业银行，再看看南行,0
这个垃圾股，涨不跟，跌起来总是第一！,-1
二次探底，完成双底形态,0
中国石油明年到20元 大盘5000点！,1
今日正式买入宁波银行，完胜,1
外资也是追涨杀跌的，天天做短线，并不是真正长线投资的。,-1
浦发与垃圾股共进退,-1
为什么华夏银行总是跑不赢银行股，跌总是跌的前头,-1
周五17.80见,0
分红前该买进还是卖出？,0
今天又要完蛋了？？[为什么],-1
美股的心电图跟A股的心电图大致！,0
2017，无牛市，有牛股.！,1
打压股价！,-1
今天兴业要当带头大哥？,0
交通银行本周沪股通持股市值增加1.13亿元，居银行板块第十,0
5鸡算完蛋了,-1
绝对不可能敲错代码，仙人指路,0
沪股通强力加仓 说明看好交行 还亏1600 加油kf弟弟喊个麦吧[赞],1
有多远跑多远[大笑],-1
平安银行04月09日资金揭秘,0
浦发银行08月07日资金揭秘,0
买这个股有什么意思？,-1
中山说分红后会填权的,0
有啥猫膩？万科收购印力——,0
抄底买入,1
照之前公布的日期在运作---就是到6月15,0
今天，银行股将继续护盘。,1
诱多散户  解放自己,-1
应该作捞,0
今天看了下原来屏蔽的一些人，发现名字绝大部分都换了。换的是我从没见过的名字。因恩,0
工商银行：300亿元二级资本债券发行完毕,0
"超级垃圾,大盘反弹你不动,在盘下跌你跳水",-1
永远的垃圾,-1
从此不再碰银行股，极品垃圾,-1
收盘4.88是要发，发！,0
山东钢铁公告称..公司牵涉到与兴业银行,0
如能冲破15.7 反弹可期,1
中小创暴跌已经开始啦，明年大概率很快实施注册制，大量投机资金正有序转入主板的大盘,0
看看其它AH股比价再看中信银行AH股比价：截止到4月25日，S丅墨龙H股1.12,0
假如10万块钱，分红就是5200，比银行年利息还高？？？,1
回避主板权重股，在不需要它们维稳之后，它们就难有行情了,-1
$平安银行(SZ000001)$今天2.6万手15.0元的压单都压不住，明天要在,1
兴业,0
拉高出货卖，买将井喷无人驾驶重组第一股000921,-1
12月份估计会跌啊…然后年后估计就涨了，大家有分析吗？,0
我擦，你这是要干什么？[亏大了][亏大了][亏大了],-1
空仓，别上当，周线出于下跌中,-1
借金买银！,1
归集大法，法力无边！,0
银行股最后的疯狂,0
这段时间做点银行短线或许有利可图。,1
看看螺纹钢无敌了民生还真是无语,-1
美股创近3个月最大跌幅，A股这些行业被重点加仓,0
巧言乱德。小不忍，则乱大谋。花言巧语会败坏道德，小事不忍耐，就会坏了大事情。,-1
您爱涨不涨大爷留倒等分红[摊手],0
$建设银行(SH601939)$巴菲特己接到我的指令加仓买进了[大笑][大笑],1
18年底的估值，便宜到不好下手，现在不是赚不赚钱的问题，而是怎么样才能赚更多,1
北京银行的爆发期到了，抓紧上车是正道。,1
为什么临近分红却有大户砸盘，难道都知道分红后必跌吗？,-1
看过年线我才知道下跌才刚刚开始,-1
散户真坚强，就是不卖，而且接单，不跌行，可是怎么涨？,-1
"10,01是阳线10,62也是阳线",0
亿佰购物破产危局拖银行下水 中行启动先行赔付,-1
年内玩银行票的，感觉没接赚钱的,-1
涨跌都是境界，但截然相反。存在就是合理的,0
潜伏业绩预增的T+0可转债，投资收益还是不错的！,1
兴业银行vs杭州银行，增速谁将后来居上？,0
工商银行(601398)融资融券信息(01-22),0
乌龙指事件不单纯 希望证监会借此事件明白A股不涨的原因就是没有T+0对冲期指空头,0
没有一天不跌,-1
平安银行：2012年半年度报告,0
股市大涨三天，踏空了，只有买这个没怎涨的小招了。,-1
$民生银行(SH600016)$一分两分的，还不如一天跌的，没啥意思，再过过估计,-1
我就知道一群唱多的一来就没好事,-1
那么多未分配利润为什么不回购股份注销，这是股民都欢迎做的。,1
平安见底了,1
机构自己玩他们会这样自相残杀。,-1
宏观分析框架：1.就业2.经济增长3.物价水平4.国际收支平衡5.金融稳定。以上,0
大家扫货盘小绩优：华夏银行！带涨整个银行板块,1
北京银行本周融资净买入1876.48万元，居银行板块第十,0
不管怎么说招行还是给力的！,1
今天低开8元收盘7.99元。,0
一早回到3月13日,0
北京虽好，银行太多，炒不过来的！,-1
尾市必反弹,1
银行金库满满的金银升值了吧？,0
这几天涨的够后面跌一个星期了，这个星期要连续阴跌一个星期，具体跌到哪里俺也不清楚,-1
流动性红利,0
制造业贷款3466.85亿元，比上年末增长15.41%；普惠型小微企业贷款504,1
浦发银行(600000)融资融券信息(03-12),0
人民币贬值即将见底！自去年来人民币雪崩式的贬值，大大超出意料之外。人民币贬值因素,0
我对兴业今天的暴跌有“十足的信心”……,-1
强力打压，有老板要进场,0
乖乖，股吧热度上升一千多名，要怎么样,0
马乐老鼠仓一案完成调查 涉及70多只股票,0
提醒各位，现价的民生千万不要满仓或重仓,-1
价值投资的典范！,1
请改名,0
奇了怪，这也能飞起来？,0
银行不起大盘难有大戏。,-1
上市公司2017年报出炉 最新透视,0
趋势都走坏了，还是别抄底了，当心在腰部,-1
同志们注意，用实际行动支持注册制推出……下周万众瞩目的创业板20%涨跌幅，要横空,0
那个唱跌的高手怎么不说话了啊！5.8不到想买的，结果现在都6了。哎！一声长叹,0
宁波银行07月12日资金揭秘,0
就剩下爱国韭菜了，蔫了吧,-1
开始收割跌,-1
2021“创业长兴•筑梦长三角”第二届大学生创新创业大赛上海站落幕,0
远离平安，珍爱生命。,-1
让给他吧,0
为啥吹捧的文章这么多，你就是要做倒数第一呢？,-1
中信银行融资融券信息(7/23),0
哪位知道今天分红的钱什么时候到账？怎么查？谢谢拜托,0
交通银行吉林省分行2宗违法遭罚 未经同意查个人信息,-1
还有10分钟可以给个5.3吗,0
国家队的主力，牛，随便就可以缩量拉升大盘,1
不经意间,0
【主流ETF】A股流动性最大银行ETF9.10最新单日资金净流入达434万元，最新基金规模达84.76亿元！,1
完蛋了，跌停板，封死。,-1
成都银行西部大开发政策股,0
$工商银行(SH601398)$等你分红了，再来找你,0
上证指数、沪深300周线阳包阴，周级别反弹可期,1
老股民的退出、新股民断档、还独角兽、股市就各要关门了。,-1
波动这么小，散户几乎不可能有盈利。,-1
[拜神]先缓缓,0
说一千到一万，还是投机资金给我们给我们当轿夫了。虽说建行涨得不错，但依然坚守。那,0
华夏银行巨龙腾飞！,1
想要分红吗？,0
去年牛尾还爆亏，新年虎头变蛇尾，开局就来暴力爹，年中反弹套死人，年底个个亏套房，,-1
价值投资就是买更低价的资产，一定要忘记成本的，并且一直有钱买更低的资产，它的股价,1
预计中国银行2020年净利润2000亿以上，从银保会发出的大型商业银行利润看，全,1
神股开普云腾云驾雾。仙股锐电雾里放电。神仙股工行稳如泰山！,1
兴业银行本周沪股通持股市值增加1.8亿元，居银行板块第三,1
跌就那么快，涨却那么慢，垃圾,-1
跌下来买入，[鼓掌][鼓掌][鼓掌],1
同花顺的大战略软件是骗人的软件，交了6万8千买了这软件在大市升了几百点的时候半个,-1
昨天是场梦！,0
《股海觀潮》 沒有公告盼公告，有了公告不敢看？還是看不懂？還要別人科普？真搞笑！,0
4.99再买5万股。做长线，4.85再买了。,1
兴业还不错了，哈哈哈，至少没像哥儿,0
600015:华夏银行关于发行绿色金融债券获得中国人民银行批准的公告,1
坚持6元以下买入,1
尾盘指数会不会在读跳水？,0
请问董秘，贵司2019年是否有分红计划？,0
今天的织布行情太规距了。,0
请问各位大神，解禁对银行股的影响大吗？,0
以后发不了银行股了'囯家7PE都减持;其它新股发行必受害'利益输送该死;要深查,-1
哎，跌的这么凶猛！！！,-1
决定后市涨跌的关键因素,0
惊天长点，死扛到底？绝不割肉,1
越是看重你自己，你亏损的概率越大。把自己溶于。,-1
若明日大盘稳，平安银行会补涨！,1
入市一年实感,0
净资产9元多，就当拿当前的股价去折价投资9元多的资产，我们怕什么，是前面的人为我,1
民生银行紧急发声安抚投资者,1
耻骨就是一把夜壶,-1
日线低点一次比一次低，明显下跌趋势，每一次破低点都有个像样的反弹，这次能到32就,0
民生银行(600016)融资融券信息(11-06),0
本人是高军工的，让我告诉你：美国打不过 中国。,1
坐等六块钱！,0
南京银行杭州分行五宗违法遭罚款74万 遭央行警告,-1
银监会查处多起银行业违法违规案件，开出亿级罚单，大案处罚将成常态,0
中国式格斗，ko数秒，二次ko比赛结束，下一场,0
盘前日志2013 10 8,0
当招行存款大户不如招行股东,1
印花税纳税人: 对证券管理层不公开财产，表示最最强烈的抗议和最最极大愤慨！,-1
为了出货也真是拼了，加油，继续拉,1
归集大法，法力无边，利润保证，勇于创新，因果循环，迟早完蛋！,-1
这垃圾行！天天跌！天天倒数第一！,-1
不用急 6.16,0
唱多的这两天又出来了，大家小心点，别被他们忽悠了，他们是口是心非，居心不良。,-1
今天9.60大大加仓了,1
都看好这么吓人呢,0
看到了吧，骗钱的股市，只为发新股，完全没赚钱效应,-1
大盘仍要下跌两周，立贴为证！,-1
建设银行2018业绩稳步向好 普惠金融规模居行业首位,1
兴业银行融资融券信息(8/1),0
号外号外，民生特大利好！,1
券商股的那几个领头的都9连阳了，看来今天破2444有希望了！,1
平安银行零售条线启动降薪？或因业绩不达标奖金调降40％,-1
民生没有让我失望，最多的[滴汗],-1
占着茅坑不拉屎，无能！,-1
央行如期降准！A50由跌转涨强势呼应，释放流动性5500亿，本轮A股影响有多大？,1
今天有点强势，下午能保持住吗，只能说我卖早了,1
明天再涨一天，广大散户就该走了，后天可能还会涨，但不要侥幸主力会接盘，哪怕后面还,-1
兴业银行的股价应该和招商银行相当,0
赚了都不卖，不给我翻倍不痛快,0
今天大盘探底回升，整个市场继续分化，601116继,0
股民朋友们注意了      重大新闻,0
银行今年净利润为什么都大涨,1
为啥这么难看,-1
[图片],0
建行算股市的硬通货吧！你可以说你去年赚了多少钱，也可以说去年赚了多少建行股票！！,1
当你很坚挺的时候，民生银行已经走低，我就知道，肯定有这一天，终于到了[捂脸],-1
不是阿斗门陀螺大盘早上4千点了，翻倍股准备上了,1
明天跌T,-1
赚钱才加码赔钱不摊平,1
领教了招商银行，以后再不会买你了,-1
下周稳稳新高,1
浦发银行回到9元,0
今天卖的明天要买回来，分红到帐的明天要补仓，所以明天除权价买回，几乎不可能。,-1
同样是今天分红，永悦科技涨停，招行暴跌到底是什么操作。,-1
27号要出年报了，难道业绩很差？？,-1
13手，使劲的砸吧！爷正想低买呢，没见砸的效果,0
主力今天买明天卖看谁接盘,-1
砸，使劲砸，砸出片新天地来。不出血是换不回底部筹码的。不怕平仓你就砸，看谁的资金,-1
宁波银行:关于获准筹建绍兴分行的公告,1
小赚卖了,1
"未来的2百元牛股，赛为智能300044,深沪两市独一无二的无人机正宗龙头！把握",1
第一创业:股灾新龙头！,0
疯啦，刚出没几天呢,0
还亏几万[哭][哭],-1
这就是量化交易，你买我砸。,-1
市值一年内被兴业银行、平安银行超过，还号称是拥有十万亿资产的国有大行，真丢人！,-1
毕马威：上市银行生息资产增长推动利润上涨,1
V型反转！银行遭遇了什么？大家可能都错了……,0
净利润是不是人民币？,0
我来了，做一波行情,1
涨也爽滴也爽,1
嘿嘿嘿,0
$平安银行(SZ000001)$疫情高利贷的多了，断粮的多了,-1
低于净资产增发，法律上没有禁止吗？那就应该修订证券法！,-1
个人估计机会不多了，不管怎么样轿子迟早有人抬的,1
今天还有机会，快跑啦。,-1
"不仅只煤炭和钢铁,很多低价股都有上涨的理由___________",1
转发,0
【老银观市】超18亿主力资金涌入银行板块，银行ETF（512800）放量四连阳！三大券商齐喊话：下半年A股不悲观！,1
我买啥啥就跌，我已经杀进来，各位快跑,-1
已经无药可救，降准对于它来讲都是利空了，赶紧跌完退市去球。,-1
汗监在打压,-1
出来洗地啊，跌了一个星期了,-1
股指期货不除大盘好不了,-1
601988就市垃圾中的垃圾股,-1
1手拿的稳稳的，就可惜今上午没钱加仓，目前浮亏十几块[摊手],0
交通银行融资融券信息(10/31),0
你们发财，我不敢买,-1
建议2021年10股送10股，每10股派发现金12元！每股净资产太高了！,1
端午节大盘要大涨。全部翻红。,1
可恨，人心，不顺大势所趋，靠，走,-1
44的本，奉劝不加仓，不补仓，不做T耐心等。,0
601009:南京银行股份有限公司独立董事关于给予部分关联方2021年度日常关联交易预计额度的事前认可声明,0
外围发生了,0
继续跌，跌到7块加仓,-1
微创股份规避,0
不是翻不翻倍的问题是翻多少倍的概念！立贴为证,1
大盘有点逼空的感觉？,0
在中联，福田，南山处于低位时，我看到的股价走势以及股吧的托帖与现在民生是这么旳相,0
交通银行：连续7日融资净买入累计6387.71万元（06-23）,1
讨论中行有什么用？中行就是不涨,-1
敢到跌停去了吗？,-1
三支泪烛已上，心电图一字已证明此股已死！,-1
A股将像1980年代美股一样爆发,1
目前只有两种走势,0
中小创估计只一、二天行情、等它们息手的时候、也就是银行股暴涨的时候,1
重要的事情只说一遍：房价再涨！打仗的时候只有搬砖块砸外国鬼子！哈哈！,1
下午跌停[大笑][大笑][大笑],-1
大盘稳了，开始阴跌。,-1
不用银行板块护盘，高价股莫想出货！,-1
不破十五不买,0
民生银行：融资净偿还1573.71万元，融资余额53.01亿元（04-15）,0
高位放量滞涨。。。大家都懂。,-1
抢抢抢反弹新标杆业绩暴增之王：象屿股份杉杉股份广发证券 象屿粮仓第一股农业大龙头,1
股指不要太认性，银行股说了算,0
真够悲哀的，买大A一直是为了解套，,-1
华谊王董事长到底多说了什么？,0
蓝筹上涨是必然的，指数行情！今年个股灾难严重，必出现１元以下的角股分股(毛股仙股,-1
江苏租凭的二股东,0
好消息,1
今天就是谁跑得快咧,0
下午银行股跳水吗,0
我就不加仓了主力看你的，你吃肉我喝汤,0
2021年度报告点评：盈利增速逐季回升，四大布局稳步推进,1
终于还是补完缺口了,0
银监会等五部门联手支持商业银行资本工具创新,1
平安银行吧牛人集中扎营了，快来看看牛人观点,0
能不能别闹？,-1
股指期货不取消大盘站不住三千点,-1
看似回补了近期的缺口,0
600016:民生银行关于股东股份解押的公告,0
提前引爆杠杆资金对后续进入投资者祸害更少些,-1
明天大盘要跌了！,-1
买了一万股，打个卡留念一下，赚了以后回来回复，赔了以后也会回来打个卡说一下。,0
业绩真的是太好了，惊艳！然而，分红少的可怜？,-1
$上证指数(000001.SH)$ ,0
耐心持有！一定能震荡上行！,1
大盘大涨不跟，稍微回调一下，怕死一样，傻猪机构,-1
坑爹啊，买了就不涨了,-1
浦发银行啊对对对,0
海天就是牛逼！,1
为洗出去的朋友默哀！怀着沉痛的心，深深的、深深的默哀！,-1
招商银行，长安汽车2个月3倍，谢谢！坚定清仓。关注一些没有翻倍的内需消费蓝筹。,1
垃圾始终是垃圾,-1
【晨报】A股规模最大银行ETF1.5最新单日场内成交额高达7.54亿元，最新基金规模达99.71亿元！,1
今天表现不错，倒数第三！比平安牛逼,-1
FXP又开始有点见效了，昨晚美国做空，今天新加坡新华富时A50股指期货低开，估计今天银行股难道又要下跌？,-1
白春天来了，兴奋起来了，卖掉一半，等着你高潮来临全部出掉。,1
你们买过工行涨停板没？我买过[大笑],0
昨天百股跌停预示后市堪忧，最无奈的中国股民将会在这个炎热的夏天不得不被煎、蒸、煮,-1
中信银行：融资净买入592.57万元，融资余额7.5亿元（12-10）,0
千股涨停，明天,1
政局会议要求股市投资要鼓励价值投资，盈利企业可以有较高市盈率，有合理预期,1
冰川美酒！ 抢抓“一带一路”机遇！远销澳,1
呵呵，你们看着办！,-1
这佬千股快退市,-1
宁波银行盘前回顾(10-13),0
人民币中间价连续第八日下跌,-1
看看人家招行，你tm怎么回事，你也没人家涨的多呀，跌起来倒是很积极。,-1
在证监会引导下股市如期下跌,-1
横有多长竖有多高16、5以下有多少吃多少。,0
抛掉股票……轻松过节,0
$平安银行(SZ000001)$什么时候轮到你涨啊,0
昨天晚上没有走的，明天还有机会，明天越是高走就赶快跑，如果是平走或者是小度低走就,0
南京银行上半年信用减值损失43亿元 人均薪酬27万元,0
哪位大师讲一讲，这几天集中度有点高哟，请解,0
不站上2450点以上就不叫牛市哈哈去年最高点2450点,0
垃圾招行,-1
八成标的加杠杆，逾百股获加仓超20%,1
区区一个乙类病，万亿市值就轻松蒸发了。,-1
坚决不买耐心等待,0
唯一一家连跌两周的银行,-1
为了科创板推出，大盘护盘，一旦推出是大利空，分流主板资金,-1
北京银行已经是最便宜的银行！,1
跌吧，跌回原形[大笑],-1
涨停，涨停，涨停,1
$平安银行(SZ000001)$,0
中信银行(601998)融资融券信息(11-20),0
7.92:正是买入时，只赚五分线，所以到7.97一定卖出,1
昨天大盘需要你护盘，今天大盘走稳了，中国银行就得调整了,-1
十九快等你,0
大家看看前面有“中航”两个字的股票就知道中航老总是怎样维稳的！,0
17.42没敢补下午看看再说吧,0
平安银行大哥带飞,1
相对高位分红……即散户原来就有较大盈利，知道，要是让散户真挣走了，鸡狗该多难受啊,-1
浦发会复制万科的走势吗,0
恭喜兴业银行五连阴,-1
你一涨个股就完蛋,-1
这几天好几亿流出，股价迟迟不下，不会钓鱼吧。不砸下来不要接飞刀喔！,0
《置顶》还有16.50以上的吗?,0
几个跌停啊,-1
发垃圾,-1
浦发银行涨幅不如在浦东的房价。,0
中国建筑发的优先股有到期回购注销的条款！,1
庄家喜欢玩单阳不破,0
缩量调整，趋势不该，坚定看多,1
等待救赎,0
交通银行:节前行情让你目瞪口呆,0
可以卖了,0
建设银行02月09日获沪股通减仓324.74万股,-1
不喜欢中信银行的朋友们可以去找你们喜欢的标的,0
贱行，6.58卖了就涨，这一波又套了多少人了,-1
交通银行;建设银行,0
不到买的时候，主力出货明显。,-1
买吧！没风险 3月28日年报好消息连连,1
历史高点！解套大概了3个月左右吧,0
[大笑][大笑][大笑][大笑],0
中信银行国际业务领跑行业,1
计提了300亿信用，故意利润做低，让散户走。一季度肯定好。现在卖了就傻了。,0
民生银行业绩大利空，今天百分百大跌[大笑][大笑][大笑],-1
每涨一毛我抛1000股，每跌一毛我买1000股,0
加油，加油，换你没错,1
这股看来真得拿半年了，好在大部分前期小割肉出来了，留了5手，看看年底收益咋样,0
买个两百股占个位置,0
始终如一，我回来了,0
大家都来猜猜年报利润吧，我觉得应该有个220亿，上下不差2亿,0
加油！,1
外资持续买入最多的是招行，相信套是短期的。,1
散户。其实没别的要求。到7块4解套就走,0
拿着兴业银行的股票，你很幸福吗？,0
证监会如果再出一条政策，以后新股申购需持有三个月或以上才能申购就更完美了,0
昨天把3天的压单都卖完了，所以周四不压了，这次调整最少也得调到30线附近，不要着,0
退出股市宣言:下周我自愿退出股市，永不再进！,-1
H股疯了吗,0
宁波银行要32了。,0
我又来鼓掌了！还在迷信茅台，招行的，终将万劫不复。早点亏完休息吧，别在股市挣扎和,-1
多数银行股提前回调，下跌空间不再大。,1
$招商银行(SH600036)$利好还是利空啊,0
年线没有突破，大家为什么信心满满,-1
果然处高位开启七卖身行情[大笑][大笑][大笑],-1
券商牌照啊！大家明白吗？知道吗？拿好了！,1
中国银行：关于控股股东增持公司股份计划实施情况的公告,0
时间的牡丹，姐姐来啦。,0
今天卖了点，买了沪港通波司登0.6港币,0
要跑的敢快。庄家要拉升i,-1
民生银行想配股了！,-1
华夏的筹码不多,0
交行一分钱的纠结,0
明日收盘4.40,0
明天工商银行大涨5%！,1
机构肆无忌惮拿央行开涮，玩过火了，等着暴跌吧,-1
[图片],0
我准备战略性买入，投资,1
明天应该轮到创业板大涨了！,1
转发,0
大跌，ZJH说市场规律，大涨ZJH说严查杠杆。,-1
南行快涨停了,1
有进步，比昨天上涨翻了一番。,1
35.55出了，赚了一块多,1
不要骂，逢低分批买进，每跌一毛买2000股,1
利好出货！日狗,-1
明天涨8个点,1
$民生银行(SH600016)$比比不良率和拨备率，以及成长性，民生落后一大截。,-1
破48,0
王亚伟：当前是全面牛市 三类股将有10倍收益,1
他还是把大盘带崩了,-1
适时降准，明天银行几个点？,0
妥妥的起飞,1
"快护盘啊，道森股份603800,才能成妖",1
南京银行融资融券信息(9/18),0
一路向西,0
今天不会动了，今晚看社融数据，明天决定方向，向下看10。向上看16。明天竞价过后,0
六大银行股价都回到了启动点，会将指数拉下来吗，有点担忧；向好的方面去想，这些大权,0
今天谁也不能阻止我喂一片空白狗粮，喂了好让它唱多！,-1
今天大家都涨了，你不涨一下，对的起你的名字吗！,0
兴业银行从2007年2月上市以来每年最低的市净率是多少，发生在哪个月？,0
经鉴定，国家队来了,1
完了道琼斯指数周三收盘暴跌了522点！！招行不知道开盘会多少钱！完了道琼斯指数周,-1
告诉散户没有华行的大股东支持这帮猪狗是不敢这样的,-1
0.61元的除息缺口，后市应该会填满的。不过，下周只有三个交易日，股价维护窄幅波,1
今天开15.3元，收16.10元，,0
宁波银行2016年净利78.10亿 同比增19.35%,1
交行属于避险资产,0
都说了，一定又来高潮是自慰的,-1
中国的银行业一定会向混业经营迈进。,1
分分都是爱,1
快破发了！我看这周可以,-1
我跑了你们随意,-1
不跌是不礼貌的，呵呵,-1
平安银行净利润占营业收入的比例今后几年一定会达到银行股的平均水平40％,1
真他马烂,-1
大家好！,1
扎扎实实的优秀银行！,1
又让招行甩出几条街，买股还真是得买行业的龙头，别瞎买，不行有不行的道理。,1
出了，那里等你～回头见,0
快讯:航运及港口板块集体上涨 中远海能大涨近12%,1
大盘再跌，我只有涨停这一条路了[牛],1
怎么看民生银行中报？营收877亿，同比-10.53%，净利润265亿，同比-6.,-1
挂在四，能成交吗,0
$平安银行(SZ000001)$又一次15.05没卖，再一次吃瘪。这货真难赚钱，,-1
601166 : 兴业银行关于二级资本债券发行完毕的公告,0
卖一百股也被我打压一个点下来了,-1
这两天注意了，自贸概念股筹码松动了，浦发。。,0
白菜价的黄金！,1
巴菲特买兴业银行吗？肯定买！兴业银行就是中国的高盛，花旗，美林，黑石，千万不能成,1
银行股里怎么就你自己绿呢[大哭],-1
习惯上作为风向标。,0
$平安银行(SZ000001)$真不知道这个平安银行怎么弄得从去年10.27到现,-1
"强烈要求T+0,实现股市交易规则的公平",1
老乡快跑，主力拉高出货了,-1
应该实施重量级中国版农业振兴计划！,1
花钱买痛苦的地方601939,-1
等它破4，每差0.1元，加仓1万股。,0
今天北行日线难看罗。日线好像投篮球一样。周线还可以,-1
在300306的股吧里遭到禁言了，悲哀啊！,-1
平安银行融资融券信息(10-21),0
交通银行要大跌了,-1
对付银行的策略就不说了，逢低买入是唯一的策略,1
质问证监委：优先股可以在净资产以下发行吗？,0
2400点见,0
跑吧，每次拉高都是机会,-1
A股难道病入膏肓了吗？,-1
去深圳兴业文锦支行存款开户，兴业竟要你交社保记录，还用iPad像你贷信用货款一样,-1
或资产减值300亿！,-1
这么虎？,0
明天，浦发高层开庆功会，祝贺捞钱成功！,1
头疼医脚！现在说实体不好，让利，感觉挺有正义感！过几天发现，银行被了，然后再,-1
5%以上的红利年息  不够安心宁静？,1
能跑的快跑，不要看亏多少了,-1
还在瞎叫，你很快就会你看到自己是多么的无知,-1
机构在进货，满仓进场,1
$北京银行(SH601169)$为什么披露年报时间从3月30变成4月30了，发生,-1
再跌我也不抄底了[哭][哭][哭]，从20一路抄下来,-1
01月08日(周一)游资私募飙升牛股精选,0
今晚出业绩。。。,0
两市只有这个股是绿的了！神经病！国家队不要连!,-1
建行是好股，坚持持有。,1
华夏银行05月16日获沪股通减仓58.39万股,-1
够坑的,-1
小散买了就唱多绝对个韭菜。,-1
上去下来，上去下来，割韭菜,-1
不用交资源税！对比全球煤价大陆公司售价也最低得可怜！,-1
终于装不下去了！,-1
宁波银行：融资净偿还7562.6万元，融资余额8.4亿元（08-31）,0
收到这样一条评论：你说的是正确的废话顺便说下这句话吧，要我说投资成功就靠正确的废,0
每日收评丨沪指全天弱势震荡 黄金概念股领涨,0
[呲牙],0
今天开始全面开战银行股,1
浦发浦发，大家发！,1
请教大侠，原来有一万股超过一年，后又加仓五万股，持有不足一年，分红怎么扣税？,0
难得今天高开这么多，GJD就套现权重股，大盘不死才怪,-1
事实验证八月中旬有多家黑嘴称这波要到三千五：骗文化,-1
招银继续涨！是兴业价格的一倍！业绩一倍吗？[为什么][为什么][为什么][为什么,-1
8.88发发发，果然有一套[想一下],1
今天尾市出掉，看看明天11元能否接回。,0
$兴业银行(SH601166)$员工刚刚真金白银自持，跌下来就太损人了，这几天一,0
成都银行看盘面没这个好啊，为什么成都银行涨那么厉害，南京银行动都不动,0
传说中的国家队哪里去了？,0
601009:南京银行股份有限公司章程,0
专家去哪里了，快出来走两步。给我一个方向，到底抄底呢还是等待呢？,0
银行股大多股息率百分之4，民生银行涨到8元股息率4.3个点,1
豆腐干恼火给,0
大数据！沪深所有新股开盘股价都要除5除10的，什么样的大傻子在买新股呢？,-1
华夏从此败落，估计得退市,-1
该台哦整了,0
[大笑][偷笑]继续呀,0
成本4.5波澜不惊,0
“华龙一号”主设备实现中国制造 核电出海或加,0
给我猛砸！,-1
民生银行跌成狗了，还跌？,-1
请问：南京银行是不是上证50,0
主力资金知道康得新问题的利害了！出逃了！小散还在睡觉(＠＠),-1
又到磨耗时期,-1
跳空高开，缺口后补,0
散户都看多，一定涨不了，,-1
尾盘还跳水耍流氓,-1
近期股市确实震荡，不过北行稳得很啊,1
天量高折价大宗，难道你不害怕？,-1
民生银行的庄家钱多,0
[好困惑]不敢追,0
涨不见急先锋，砸盘很给力牛,-1
向浦发管理层以无以伦比的分红履行社会责任致敬！,1
23的本,0
向有研究的朋友请教一个问题,0
股东大会：交银国际上市我投赞成票,1
这是第二个狠狠狠打打，把赚的钱都让高管装口袋里去了,-1
写在江银和贵银将联袂上市前夕,0
昨天没卖，今天该补了，感觉不补仓不做T，永远也回不了本！大爷,0
看它能死扛到什么时候，破位是必然。,-1
建行流通盘在银行里第三小的优势应该发挥出来！,1
连续4天大单减仓，4.06元短期最后逃命机会,-1
卖掉股票理财，股民才能赚钱,-1
今天目标是遏制5日线的向上趋势,-1
明天怎么也会回到18.1吧,0
越减持越涨～真香,1
准备金率基本上是峰值了，没有神马可惧怕的了。,1
平安银行：连续3日融资净买入累计1.16亿元（10-22）,1
珍惜11元的平安,1
锁仓到10月上证6000点,1
